ISO-10303-21;
HEADER;
FILE_DESCRIPTION (('STEP'), '1');
FILE_NAME ('ilwolCaseFrameR.stp', '2026-07-09T21:54:28', ('Unknown'), ('Unknown'), 'HarmonyWare STEP v2.1.9', 'HarmonyWare Translators', '');
FILE_SCHEMA (('CONFIG_CONTROL_DESIGN'));
ENDSEC;

DATA;
#1 = (
   LENGTH_UNIT ()
   NAMED_UNIT (*)
   SI_UNIT ($, .METRE.)
);
#2 = (
   NAMED_UNIT (*)
   SI_UNIT ($, .STERADIAN.)
   SOLID_ANGLE_UNIT ()
);
#3 = (
   NAMED_UNIT (*)
   PLANE_ANGLE_UNIT ()
   SI_UNIT ($, .RADIAN.)
);
#4 = UNCERTAINTY_MEASURE_WITH_UNIT (LENGTH_MEASURE(0.001), #1, 'DISTANCE_ACCURACY_VALUE', '');
#5 = (
   GEOMETRIC_REPRESENTATION_CONTEXT (3)
   GLOBAL_UNCERTAINTY_ASSIGNED_CONTEXT ((#4))
   GLOBAL_UNIT_ASSIGNED_CONTEXT ((#1, #2, #3))
   REPRESENTATION_CONTEXT ('', '3D')
);
#6 = SHAPE_REPRESENTATION ('', (#10175), #5);
#7 = APPLICATION_CONTEXT ('configuration controlled 3D designs of mechanical parts and assemblies');
#8 = APPLICATION_PROTOCOL_DEFINITION ('International Standard', 'config_control_design', 1997, #7);
#9 = MECHANICAL_CONTEXT ('', #7, 'mechanical');
#10 = PRODUCT ('', '', '', (#9));
#11 = PERSON_AND_ORGANIZATION_ROLE ('design_owner');
#12 = PERSON ('#12', '', $, $, $, $);
#13 = ORGANIZATION ($, '', '');
#14 = PERSON_AND_ORGANIZATION (#12, #13);
#15 = CC_DESIGN_PERSON_AND_ORGANIZATION_ASSIGNMENT (#14, #11, (#10));
#16 = PRODUCT_RELATED_PRODUCT_CATEGORY ('detail', $, (#10));
#17 = PRODUCT_DEFINITION_FORMATION_WITH_SPECIFIED_SOURCE ('', '', #10, .NOT_KNOWN.);
#18 = APPROVAL_STATUS ('approved');
#19 = APPROVAL (#18, '');
#20 = CALENDAR_DATE (2026, 9, 7);
#21 = COORDINATED_UNIVERSAL_TIME_OFFSET (0, $, .AHEAD.);
#22 = LOCAL_TIME (21, 54, 28., #21);
#23 = DATE_AND_TIME (#20, #22);
#24 = APPROVAL_DATE_TIME (#23, #19);
#25 = APPROVAL_ROLE ('');
#26 = PERSON ('#26', '', $, $, $, $);
#27 = ORGANIZATION ($, '', '');
#28 = PERSON_AND_ORGANIZATION (#26, #27);
#29 = APPROVAL_PERSON_ORGANIZATION (#28, #19, #25);
#30 = CC_DESIGN_APPROVAL (#19, (#17));
#31 = PERSON_AND_ORGANIZATION_ROLE ('creator');
#32 = PERSON ('#32', '', $, $, $, $);
#33 = ORGANIZATION ($, '', '');
#34 = PERSON_AND_ORGANIZATION (#32, #33);
#35 = CC_DESIGN_PERSON_AND_ORGANIZATION_ASSIGNMENT (#34, #31, (#17));
#36 = PERSON_AND_ORGANIZATION_ROLE ('part_supplier');
#37 = PERSON ('#37', '', $, $, $, $);
#38 = ORGANIZATION ($, '', '');
#39 = PERSON_AND_ORGANIZATION (#37, #38);
#40 = CC_DESIGN_PERSON_AND_ORGANIZATION_ASSIGNMENT (#39, #36, (#17));
#41 = SECURITY_CLASSIFICATION_LEVEL ('unclassified');
#42 = SECURITY_CLASSIFICATION ('', '', #41);
#43 = APPROVAL_STATUS ('approved');
#44 = APPROVAL (#43, '');
#45 = CALENDAR_DATE (2026, 9, 7);
#46 = COORDINATED_UNIVERSAL_TIME_OFFSET (0, $, .AHEAD.);
#47 = LOCAL_TIME (21, 54, 28., #46);
#48 = DATE_AND_TIME (#45, #47);
#49 = APPROVAL_DATE_TIME (#48, #44);
#50 = APPROVAL_ROLE ('');
#51 = PERSON ('#51', '', $, $, $, $);
#52 = ORGANIZATION ($, '', '');
#53 = PERSON_AND_ORGANIZATION (#51, #52);
#54 = APPROVAL_PERSON_ORGANIZATION (#53, #44, #50);
#55 = CC_DESIGN_APPROVAL (#44, (#42));
#56 = DATE_TIME_ROLE ('classification_date');
#57 = CALENDAR_DATE (2026, 9, 7);
#58 = COORDINATED_UNIVERSAL_TIME_OFFSET (0, $, .AHEAD.);
#59 = LOCAL_TIME (21, 54, 28., #58);
#60 = DATE_AND_TIME (#57, #59);
#61 = CC_DESIGN_DATE_AND_TIME_ASSIGNMENT (#60, #56, (#42));
#62 = PERSON_AND_ORGANIZATION_ROLE ('classification_officer');
#63 = PERSON ('#63', '', $, $, $, $);
#64 = ORGANIZATION ($, '', '');
#65 = PERSON_AND_ORGANIZATION (#63, #64);
#66 = CC_DESIGN_PERSON_AND_ORGANIZATION_ASSIGNMENT (#65, #62, (#42));
#67 = CC_DESIGN_SECURITY_CLASSIFICATION (#42, (#17));
#68 = DESIGN_CONTEXT ('', #7, 'design');
#69 = APPROVAL_STATUS ('approved');
#70 = APPROVAL (#69, '');
#71 = CALENDAR_DATE (2026, 9, 7);
#72 = COORDINATED_UNIVERSAL_TIME_OFFSET (0, $, .AHEAD.);
#73 = LOCAL_TIME (21, 54, 28., #72);
#74 = DATE_AND_TIME (#71, #73);
#75 = APPROVAL_DATE_TIME (#74, #70);
#76 = APPROVAL_ROLE ('');
#77 = PERSON ('#77', '', $, $, $, $);
#78 = ORGANIZATION ($, '', '');
#79 = PERSON_AND_ORGANIZATION (#77, #78);
#80 = APPROVAL_PERSON_ORGANIZATION (#79, #70, #76);
#81 = CC_DESIGN_APPROVAL (#70, (*));
#82 = DATE_TIME_ROLE ('creation_date');
#83 = CALENDAR_DATE (2026, 9, 7);
#84 = COORDINATED_UNIVERSAL_TIME_OFFSET (0, $, .AHEAD.);
#85 = LOCAL_TIME (21, 54, 28., #84);
#86 = DATE_AND_TIME (#83, #85);
#87 = CC_DESIGN_DATE_AND_TIME_ASSIGNMENT (#86, #82, (*));
#88 = PERSON_AND_ORGANIZATION_ROLE ('creator');
#89 = PERSON ('#89', '', $, $, $, $);
#90 = ORGANIZATION ($, '', '');
#91 = PERSON_AND_ORGANIZATION (#89, #90);
#92 = CC_DESIGN_PERSON_AND_ORGANIZATION_ASSIGNMENT (#91, #88, (*));
#93 = PRODUCT_DEFINITION ('', '', #17, #68);
#94 = PRODUCT_DEFINITION_SHAPE ('', '', #93);
#95 = SHAPE_DEFINITION_REPRESENTATION (#94, #6);
#96 = CARTESIAN_POINT ('', (169.851313373375, 90.4551681065822, -10.3313661480882));
#97 = VERTEX_POINT ('', #96);
#98 = CARTESIAN_POINT ('', (173.78717165665, 88.4382336656177, -10.1549072494321));
#99 = VERTEX_POINT ('', #98);
#100 = CARTESIAN_POINT ('', (169.851313373375, 90.4551681065818, -10.3313661480881));
#101 = CARTESIAN_POINT ('', (173.78717165665, 88.4382336656177, -10.1549072494321));
#102 = B_SPLINE_CURVE_WITH_KNOTS ('', 1, (#100, #101), .UNSPECIFIED., .F., .U., (2, 2), (117.489750102095, 121.915825418681), .UNSPECIFIED.);
#103 = EDGE_CURVE ('', #97, #99, #102, .T.);
#104 = ORIENTED_EDGE ('', *, *, #103, .T.);
#105 = CARTESIAN_POINT ('', (175.768246612087, 86.6032668551061, -9.99436845556265));
#106 = VERTEX_POINT ('', #105);
#107 = CARTESIAN_POINT ('', (173.78717165665, 88.438233665618, -10.1549072494284));
#108 = CARTESIAN_POINT ('', (175.036493224179, 87.7980176019207, -10.0988956016479));
#109 = CARTESIAN_POINT ('', (175.768246612087, 86.6032668551061, -9.99436845556266));
#110 = (
   BOUNDED_CURVE ()
   B_SPLINE_CURVE (2, (#107, #108, #109), .UNSPECIFIED., .F., .U.)
   B_SPLINE_CURVE_WITH_KNOTS ((3, 3), (-0.547844251559105, 2.38697950294409E-14), .UNSPECIFIED.)
   CURVE ()
   GEOMETRIC_REPRESENTATION_ITEM ()
   RATIONAL_B_SPLINE_CURVE ((1., 0.926824661209265, 0.926824661209269))
   REPRESENTATION_ITEM ('')
);
#111 = EDGE_CURVE ('', #99, #106, #110, .T.);
#112 = ORIENTED_EDGE ('', *, *, #111, .T.);
#113 = CARTESIAN_POINT ('', (176.499999999994, 84.0089358410337, -9.76739390240326));
#114 = VERTEX_POINT ('', #113);
#115 = CARTESIAN_POINT ('', (175.768246612087, 86.6032668551061, -9.99436845556266));
#116 = CARTESIAN_POINT ('', (176.499999999994, 85.4085161082915, -9.8898413094774));
#117 = CARTESIAN_POINT ('', (176.499999999994, 84.0089358410342, -9.76739390239779));
#118 = (
   BOUNDED_CURVE ()
   B_SPLINE_CURVE (2, (#115, #116, #117), .UNSPECIFIED., .F., .U.)
   B_SPLINE_CURVE_WITH_KNOTS ((3, 3), (2.38697950294409E-14, 0.5478442515591), .UNSPECIFIED.)
   CURVE ()
   GEOMETRIC_REPRESENTATION_ITEM ()
   RATIONAL_B_SPLINE_CURVE ((0.926824661209269, 0.926824661209273, 1.))
   REPRESENTATION_ITEM ('')
);
#119 = EDGE_CURVE ('', #106, #114, #118, .T.);
#120 = ORIENTED_EDGE ('', *, *, #119, .T.);
#121 = CARTESIAN_POINT ('', (176.499999999995, 91.4507966862136, -10.4184723618956));
#122 = VERTEX_POINT ('', #121);
#123 = CARTESIAN_POINT ('', (176.499999999994, 91.4507966862136, -10.4184723618962));
#124 = CARTESIAN_POINT ('', (176.499999999994, 84.0089358410335, -9.76739390240519));
#125 = B_SPLINE_CURVE_WITH_KNOTS ('', 1, (#123, #124), .UNSPECIFIED., .F., .U., (2, 2), (0.507076907524423, 1.33658386144916), .UNSPECIFIED.);
#126 = EDGE_CURVE ('', #122, #114, #125, .T.);
#127 = ORIENTED_EDGE ('', *, *, #126, .F.);
#128 = CARTESIAN_POINT ('', (176.499999999996, 95.9999999999982, -10.8164760799258));
#129 = VERTEX_POINT ('', #128);
#130 = CARTESIAN_POINT ('', (176.499999999994, 91.4507966862132, -10.4184723618956));
#131 = CARTESIAN_POINT ('', (176.499999999994, 95.9999999999977, -10.8164760799258));
#132 = B_SPLINE_CURVE_WITH_KNOTS ('', 1, (#130, #131), .UNSPECIFIED., .F., .U., (2, 2), (-0.26376261582573, 0.49733413940586), .UNSPECIFIED.);
#133 = EDGE_CURVE ('', #122, #129, #132, .T.);
#134 = ORIENTED_EDGE ('', *, *, #133, .T.);
#135 = CARTESIAN_POINT ('', (179.499999999999, 95.9999999999982, -10.8164760799258));
#136 = VERTEX_POINT ('', #135);
#137 = CARTESIAN_POINT ('', (176.499999999994, 95.9999999999974, -10.8164760799257));
#138 = CARTESIAN_POINT ('', (179.499999999997, 95.9999999999974, -10.8164760799257));
#139 = B_SPLINE_CURVE_WITH_KNOTS ('', 1, (#137, #138), .UNSPECIFIED., .F., .U., (2, 2), (0., 1.), .UNSPECIFIED.);
#140 = EDGE_CURVE ('', #129, #136, #139, .T.);
#141 = ORIENTED_EDGE ('', *, *, #140, .T.);
#142 = CARTESIAN_POINT ('', (179.499999999999, 98.0976880051371, -10.9999999999895));
#143 = VERTEX_POINT ('', #142);
#144 = CARTESIAN_POINT ('', (179.499999999998, 98.0976880051364, -10.9999999999894));
#145 = CARTESIAN_POINT ('', (179.499999999998, 95.9999999999974, -10.8164760799257));
#146 = B_SPLINE_CURVE_WITH_KNOTS ('', 1, (#144, #145), .UNSPECIFIED., .F., .U., (2, 2), (12.9102943310475, 15.0159951635827), .UNSPECIFIED.);
#147 = EDGE_CURVE ('', #143, #136, #146, .T.);
#148 = ORIENTED_EDGE ('', *, *, #147, .F.);
#149 = CARTESIAN_POINT ('', (176.499999999996, 98.097688005137, -10.9999999999895));
#150 = VERTEX_POINT ('', #149);
#151 = CARTESIAN_POINT ('', (179.499999999998, 98.0976880051364, -10.9999999999895));
#152 = CARTESIAN_POINT ('', (176.499999999994, 98.0976880051364, -10.9999999999895));
#153 = B_SPLINE_CURVE_WITH_KNOTS ('', 1, (#151, #152), .UNSPECIFIED., .F., .U., (2, 2), (0., 1.), .UNSPECIFIED.);
#154 = EDGE_CURVE ('', #143, #150, #153, .T.);
#155 = ORIENTED_EDGE ('', *, *, #154, .T.);
#156 = CARTESIAN_POINT ('', (176.499999999995, 100.581071908059, -11.2172679386777));
#157 = VERTEX_POINT ('', #156);
#158 = CARTESIAN_POINT ('', (176.499999999994, 98.0976880051365, -10.9999999999895));
#159 = CARTESIAN_POINT ('', (176.499999999994, 100.581071908059, -11.2172679386776));
#160 = B_SPLINE_CURVE_WITH_KNOTS ('', 1, (#158, #159), .UNSPECIFIED., .F., .U., (2, 2), (0.8482842781613, 1.2637626158257), .UNSPECIFIED.);
#161 = EDGE_CURVE ('', #150, #157, #160, .T.);
#162 = ORIENTED_EDGE ('', *, *, #161, .T.);
#163 = CARTESIAN_POINT ('', (176.499999999996, 112.025615293967, -12.2185357441713));
#164 = VERTEX_POINT ('', #163);
#165 = CARTESIAN_POINT ('', (176.499999999994, 112.025615293966, -12.2185357441775));
#166 = CARTESIAN_POINT ('', (176.499999999994, 100.581071908059, -11.2172679386796));
#167 = B_SPLINE_CURVE_WITH_KNOTS ('', 1, (#165, #166), .UNSPECIFIED., .F., .U., (2, 2), (0.514060347102617, 0.913355757337633), .UNSPECIFIED.);
#168 = EDGE_CURVE ('', #164, #157, #167, .T.);
#169 = ORIENTED_EDGE ('', *, *, #168, .F.);
#170 = CARTESIAN_POINT ('', (176.499999999996, 126.999999999999, -13.5286246492232));
#171 = VERTEX_POINT ('', #170);
#172 = CARTESIAN_POINT ('', (176.499999999994, 112.025615293966, -12.2185357441711));
#173 = CARTESIAN_POINT ('', (176.499999999994, 126.999999999997, -13.528624649223));
#174 = B_SPLINE_CURVE_WITH_KNOTS ('', 1, (#172, #173), .UNSPECIFIED., .F., .U., (2, 2), (-0.467729655123845, 0.999999999999991), .UNSPECIFIED.);
#175 = EDGE_CURVE ('', #164, #171, #174, .T.);
#176 = ORIENTED_EDGE ('', *, *, #175, .T.);
#177 = CARTESIAN_POINT ('', (172.222312665141, 133.772495927502, -14.1211412666544));
#178 = VERTEX_POINT ('', #177);
#179 = CARTESIAN_POINT ('', (176.499999999994, 126.999999999997, -13.528624649223));
#180 = CARTESIAN_POINT ('', (176.499999999994, 127.064460379753, -13.5342642016983));
#181 = CARTESIAN_POINT ('', (176.499151309416, 127.129941525893, -13.5399930596602));
#182 = CARTESIAN_POINT ('', (176.495809848646, 127.258825586741, -13.5512689538935));
#183 = CARTESIAN_POINT ('', (176.493265638192, 127.324231569185, -13.5569912358841));
#184 = CARTESIAN_POINT ('', (176.486584572056, 127.452999206195, -13.5682569443516));
#185 = CARTESIAN_POINT ('', (176.482348273241, 127.518286850129, -13.5739688730641));
#186 = CARTESIAN_POINT ('', (176.472331639955, 127.646852065837, -13.5852168719623));
#187 = CARTESIAN_POINT ('', (176.466407755581, 127.711978305576, -13.5909146796375));
#188 = CARTESIAN_POINT ('', (176.453061773213, 127.840255239686, -13.602137457164));
#189 = CARTESIAN_POINT ('', (176.445455875274, 127.905177143825, -13.6078173877907));
#190 = CARTESIAN_POINT ('', (176.428788937766, 128.033080125321, -13.6190074487027));
#191 = CARTESIAN_POINT ('', (176.419507664858, 128.097754921906, -13.6246657602197));
#192 = CARTESIAN_POINT ('', (176.399530337024, 128.225198521109, -13.6358156303889));
#193 = CARTESIAN_POINT ('', (176.38858139125, 128.289583622817, -13.6414485968883));
#194 = CARTESIAN_POINT ('', (176.365306402743, 128.416482703403, -13.6525508278514));
#195 = CARTESIAN_POINT ('', (176.352698546103, 128.480535732736, -13.6581547417826));
#196 = CARTESIAN_POINT ('', (176.326140784359, 128.606805503689, -13.669201915287));
#197 = CARTESIAN_POINT ('', (176.311883834622, 128.670484318186, -13.6747730896622));
#198 = CARTESIAN_POINT ('', (176.282060336746, 128.796040385698, -13.6857578222063));
#199 = CARTESIAN_POINT ('', (176.266165162801, 128.85930310315, -13.6912925928073));
#200 = CARTESIAN_POINT ('', (176.23309510641, 128.984061522452, -13.7022075401756));
#201 = CARTESIAN_POINT ('', (176.215573623073, 129.046866546138, -13.7077022677606));
#202 = CARTESIAN_POINT ('', (176.17927831607, 129.170743873255, -13.7185401295512));
#203 = CARTESIAN_POINT ('', (176.160143478357, 129.23304991717, -13.7239912020629));
#204 = CARTESIAN_POINT ('', (176.120646347625, 129.355963260601, -13.7347447262092));
#205 = CARTESIAN_POINT ('', (176.099912144462, 129.417729374692, -13.7401485609822));
#206 = CARTESIAN_POINT ('', (176.057238723467, 129.539596446991, -13.7508105482654));
#207 = CARTESIAN_POINT ('', (176.034920170839, 129.600782042386, -13.7561635942336));
#208 = CARTESIAN_POINT ('', (175.98909808613, 129.721521211641, -13.7667269027869));
#209 = CARTESIAN_POINT ('', (175.965211219649, 129.782086085867, -13.7720256426895));
#210 = CARTESIAN_POINT ('', (175.916270176231, 129.901616427061, -13.7824831924914));
#211 = CARTESIAN_POINT ('', (175.890832043118, 129.961520789235, -13.7877241450773));
#212 = CARTESIAN_POINT ('', (175.838803808685, 130.079762135485, -13.7980689224343));
#213 = CARTESIAN_POINT ('', (175.811832459147, 130.138966631474, -13.8032486446631));
#214 = CARTESIAN_POINT ('', (175.756750847167, 130.25583962511, -13.8134737066785));
#215 = CARTESIAN_POINT ('', (175.72826532516, 130.314305362653, -13.8185887959182));
#216 = CARTESIAN_POINT ('', (175.670166176774, 130.429731506137, -13.8286872749476));
#217 = CARTESIAN_POINT ('', (175.640186510142, 130.487420079906, -13.8337343711673));
#218 = CARTESIAN_POINT ('', (175.563854293893, 130.62976676459, -13.8461880923677));
#219 = CARTESIAN_POINT ('', (175.516008920105, 130.714972419966, -13.8536426212814));
#220 = CARTESIAN_POINT ('', (175.417831231704, 130.882117741893, -13.8682659421113));
#221 = CARTESIAN_POINT ('', (175.366752791852, 130.965331921336, -13.8755462394572));
#222 = CARTESIAN_POINT ('', (175.262120975027, 131.128588474873, -13.889829337138));
#223 = CARTESIAN_POINT ('', (175.207891586837, 131.209689598724, -13.8969247660742));
#224 = CARTESIAN_POINT ('', (175.096959476482, 131.368809122467, -13.9108459205473));
#225 = CARTESIAN_POINT ('', (175.039665865949, 131.447678819564, -13.917746124939));
#226 = CARTESIAN_POINT ('', (174.922596850423, 131.602419008882, -13.9312841372962));
#227 = CARTESIAN_POINT ('', (174.862330241114, 131.6789422992, -13.9379790576946));
#228 = CARTESIAN_POINT ('', (174.70853653972, 131.866601096044, -13.9543970750294));
#229 = CARTESIAN_POINT ('', (174.612626130228, 131.976909975063, -13.9640478514298));
#230 = CARTESIAN_POINT ('', (174.291424059941, 132.325275946425, -13.9945259246821));
#231 = CARTESIAN_POINT ('', (174.053067573479, 132.551967946973, -14.014358904842));
#232 = CARTESIAN_POINT ('', (173.688680814882, 132.855557789707, -14.0409195744428));
#233 = CARTESIAN_POINT ('', (173.574405938501, 132.945258977874, -14.0487674115123));
#234 = CARTESIAN_POINT ('', (173.378815961517, 133.089780914292, -14.0614114425797));
#235 = CARTESIAN_POINT ('', (173.299831780537, 133.145804269254, -14.0663128510315));
#236 = CARTESIAN_POINT ('', (173.138965790003, 133.255272118038, -14.0758900468207));
#237 = CARTESIAN_POINT ('', (173.057931577113, 133.308142433971, -14.0805156001019));
#238 = CARTESIAN_POINT ('', (172.892881486084, 133.411313986574, -14.0895419413529));
#239 = CARTESIAN_POINT ('', (172.809923737185, 133.460956345064, -14.0938850849515));
#240 = CARTESIAN_POINT ('', (172.640936810778, 133.557671735301, -14.1023465851857));
#241 = CARTESIAN_POINT ('', (172.556184885443, 133.60401626867, -14.1064012064719));
#242 = CARTESIAN_POINT ('', (172.387875247295, 133.691849738459, -14.1140856393566));
#243 = CARTESIAN_POINT ('', (172.305826878626, 133.732760369042, -14.1176648557503));
#244 = CARTESIAN_POINT ('', (172.222312665139, 133.772495927501, -14.1211412666543));
#245 = B_SPLINE_CURVE_WITH_KNOTS ('', 3, (#179, #180, #181, #182, #183, #184, #185, #186, #187, #188, #189, #190, #191, #192, #193, #194, #195, #196, #197, #198, #199, #200, #201, #202, #203, #204, #205, #206, #207, #208, #209, #210, #211, #212, #213, #214, #215, #216, #217, #218, #219, #220, #221, #222, #223, #224, #225, #226, #227, #228, #229, #230, #231, #232, #233, #234, #235, #236, #237, #238, #239, #240, #241, #242, #243, #244), .UNSPECIFIED., .F., .U., (4, 2, 2, 2, 2, 2, 2, 2, 2, 2, 2, 2, 2, 2, 2, 2, 2, 2, 2, 2, 2, 2, 2, 2, 2, 2, 2, 2, 2, 2, 2, 2, 4), (0., 0.194119823804584, 0.388258561556324, 0.582415992416901, 0.776591905482861, 0.970786099724426, 1.16499838393155, 1.35922857666396, 1.55347650620254, 1.74774201049976, 1.94202493712686, 2.13632514321526, 2.33064249539136, 2.52497686970166, 2.71932815152833, 2.91369623549309, 3.10808102534863, 3.30248243385717, 3.49690038265553, 3.69133480210638, 3.98290298496277, 4.27452630400213, 4.5662045675078, 4.85793764291563, 5.1497254542704, 5.58748606573183, 6.57419967171872, 7.01256492130346, 7.30475911934599, 7.59700926900802, 7.88931569476277, 8.18167875249659, 8.459330719964), .UNSPECIFIED.);
#246 = EDGE_CURVE ('', #171, #178, #245, .T.);
#247 = ORIENTED_EDGE ('', *, *, #246, .T.);
#248 = CARTESIAN_POINT ('', (165.843911086751, 134.499999999999, -14.1847896256668));
#249 = VERTEX_POINT ('', #248);
#250 = CARTESIAN_POINT ('', (172.222312665139, 133.7724959275, -14.1211412666543));
#251 = CARTESIAN_POINT ('', (172.20976728337, 133.813565348078, -14.1247343753724));
#252 = CARTESIAN_POINT ('', (172.196159814627, 133.855324330602, -14.1283878129436));
#253 = CARTESIAN_POINT ('', (172.168035683377, 133.936491088249, -14.1354889840928));
#254 = CARTESIAN_POINT ('', (172.152902731839, 133.977680386676, -14.1390925807638));
#255 = CARTESIAN_POINT ('', (172.121779888684, 134.057771585129, -14.1460996526767));
#256 = CARTESIAN_POINT ('', (172.105144745151, 134.098336551177, -14.1496486273422));
#257 = CARTESIAN_POINT ('', (172.071064415349, 134.177241915629, -14.1565519522231));
#258 = CARTESIAN_POINT ('', (172.052952300766, 134.217128760198, -14.1600415989467));
#259 = CARTESIAN_POINT ('', (172.015959727183, 134.294739560784, -14.1668316641651));
#260 = CARTESIAN_POINT ('', (171.996397767964, 134.333895422482, -14.1702573581743));
#261 = CARTESIAN_POINT ('', (171.956542159818, 134.410104616393, -14.1769247986979));
#262 = CARTESIAN_POINT ('', (171.935559360631, 134.44847762991, -14.180282002366));
#263 = CARTESIAN_POINT ('', (171.892893837514, 134.523180002669, -14.1868176131209));
#264 = CARTESIAN_POINT ('', (171.870521051471, 134.560719366914, -14.1901018819282));
#265 = CARTESIAN_POINT ('', (171.82510258254, 134.633811672688, -14.1964966300744));
#266 = CARTESIAN_POINT ('', (171.801372478711, 134.670467718598, -14.1997036185413));
#267 = CARTESIAN_POINT ('', (171.75326181696, 134.741848819388, -14.2059486556504));
#268 = CARTESIAN_POINT ('', (171.728208845154, 134.777573077306, -14.2090741232311));
#269 = CARTESIAN_POINT ('', (171.677470456673, 134.847144080847, -14.2151607973511));
#270 = CARTESIAN_POINT ('', (171.651130809413, 134.881889347332, -14.2182006142797));
#271 = CARTESIAN_POINT ('', (171.597832797544, 134.949553743515, -14.22412048187));
#272 = CARTESIAN_POINT ('', (171.57024436919, 134.983274147468, -14.2270706349453));
#273 = CARTESIAN_POINT ('', (171.514458393494, 135.048937943079, -14.2328154726654));
#274 = CARTESIAN_POINT ('', (171.485660736464, 135.081589011025, -14.2356720709627));
#275 = CARTESIAN_POINT ('', (171.42746192644, 135.145160862588, -14.2412338872938));
#276 = CARTESIAN_POINT ('', (171.397496204489, 135.176699582961, -14.2439931677886));
#277 = CARTESIAN_POINT ('', (171.336963067967, 135.238090927438, -14.2493642144689));
#278 = CARTESIAN_POINT ('', (171.305872006511, 135.268475813704, -14.2520225475597));
#279 = CARTESIAN_POINT ('', (171.24308633268, 135.327600996804, -14.2571953308098));
#280 = CARTESIAN_POINT ('', (171.210914166141, 135.356792149235, -14.2597492257228));
#281 = CARTESIAN_POINT ('', (171.129736741336, 135.427750301289, -14.2659572596122));
#282 = CARTESIAN_POINT ('', (171.079403391349, 135.469336661827, -14.2695955947166));
#283 = CARTESIAN_POINT ('', (170.977372942537, 135.548967208959, -14.2765623648611));
#284 = CARTESIAN_POINT ('', (170.924896287743, 135.587625122117, -14.2799444940179));
#285 = CARTESIAN_POINT ('', (170.818535370408, 135.661505559312, -14.2864081947288));
#286 = CARTESIAN_POINT ('', (170.764085464165, 135.69712607435, -14.2895245859836));
#287 = CARTESIAN_POINT ('', (170.626101020285, 135.782012278898, -14.2969511665712));
#288 = CARTESIAN_POINT ('', (170.540962777362, 135.829614650367, -14.3011158344317));
#289 = CARTESIAN_POINT ('', (170.36730256148, 135.917413447579, -14.308797233859));
#290 = CARTESIAN_POINT ('', (170.278856841249, 135.957594954986, -14.3123126602405));
#291 = CARTESIAN_POINT ('', (170.128447196021, 136.018498651995, -14.3176410432956));
#292 = CARTESIAN_POINT ('', (170.067910410999, 136.04107569559, -14.3196162786661));
#293 = CARTESIAN_POINT ('', (169.945020122653, 136.083057862874, -14.3232892423737));
#294 = CARTESIAN_POINT ('', (169.883435509177, 136.102204740079, -14.3249643770711));
#295 = CARTESIAN_POINT ('', (169.758340376096, 136.137319278754, -14.32803650113));
#296 = CARTESIAN_POINT ('', (169.695903763169, 136.152989858105, -14.3294074991741));
#297 = CARTESIAN_POINT ('', (169.59018257119, 136.176425112882, -14.331457818294));
#298 = CARTESIAN_POINT ('', (169.548066077276, 136.184946495421, -14.3322033426637));
#299 = CARTESIAN_POINT ('', (169.462864218179, 136.20054947727, -14.3335684266927));
#300 = CARTESIAN_POINT ('', (169.420496500565, 136.207500509292, -14.3341765631944));
#301 = CARTESIAN_POINT ('', (169.334756500928, 136.219942482386, -14.335265094792));
#302 = CARTESIAN_POINT ('', (169.292196693273, 136.225316377318, -14.3357352496776));
#303 = CARTESIAN_POINT ('', (169.206036631754, 136.234579231904, -14.3365456444458));
#304 = CARTESIAN_POINT ('', (169.163344050913, 136.238371464882, -14.3368774218408));
#305 = CARTESIAN_POINT ('', (169.076882606765, 136.244441565986, -14.3374084868738));
#306 = CARTESIAN_POINT ('', (169.034116662832, 136.246649880585, -14.3376016893667));
#307 = CARTESIAN_POINT ('', (168.947472937201, 136.249518088891, -14.3378526250781));
#308 = CARTESIAN_POINT ('', (168.904693043298, 136.250142499929, -14.3379072539653));
#309 = CARTESIAN_POINT ('', (168.817986379492, 136.249804184585, -14.337877655208));
#310 = CARTESIAN_POINT ('', (168.775251861529, 136.248846976992, -14.337793910395));
#311 = CARTESIAN_POINT ('', (168.688601664747, 136.245302020245, -14.337483766867));
#312 = CARTESIAN_POINT ('', (168.645971671341, 136.24276774403, -14.3372620464279));
#313 = CARTESIAN_POINT ('', (168.559497228322, 136.236020537667, -14.3366717423606));
#314 = CARTESIAN_POINT ('', (168.517030641106, 136.231915999007, -14.3363126417589));
#315 = CARTESIAN_POINT ('', (168.430850940203, 136.221975432587, -14.3354429548881));
#316 = CARTESIAN_POINT ('', (168.388606284702, 136.2163096811, -14.3349472658627));
#317 = CARTESIAN_POINT ('', (168.302839836843, 136.203189122022, -14.3337993656842));
#318 = CARTESIAN_POINT ('', (168.260875194117, 136.195973434284, -14.3331680748076));
#319 = CARTESIAN_POINT ('', (168.175639855153, 136.179690699762, -14.3317435201258));
#320 = CARTESIAN_POINT ('', (168.134012774396, 136.170938559143, -14.33097780704));
#321 = CARTESIAN_POINT ('', (168.049425569286, 136.151515880205, -14.3292785428176));
#322 = CARTESIAN_POINT ('', (168.008192981543, 136.141242953114, -14.3283797781559));
#323 = CARTESIAN_POINT ('', (167.938378787983, 136.122473244627, -14.3267376414456));
#324 = CARTESIAN_POINT ('', (167.910974479525, 136.114742158638, -14.3260612590648));
#325 = CARTESIAN_POINT ('', (167.870963742243, 136.102920466663, -14.3250269950333));
#326 = CARTESIAN_POINT ('', (167.858763487352, 136.09924287047, -14.3247052470574));
#327 = CARTESIAN_POINT ('', (167.805330144515, 136.082815935849, -14.3232680765016));
#328 = CARTESIAN_POINT ('', (167.763461854985, 136.069086968069, -14.3220669474589));
#329 = CARTESIAN_POINT ('', (167.682108158413, 136.040724106152, -14.319585518576));
#330 = CARTESIAN_POINT ('', (167.640823945702, 136.025464121664, -14.3182504429278));
#331 = CARTESIAN_POINT ('', (167.560572640542, 135.994092660774, -14.3155057957417));
#332 = CARTESIAN_POINT ('', (167.519927944138, 135.977326420809, -14.3140389398148));
#333 = CARTESIAN_POINT ('', (167.440890692165, 135.942990340882, -14.3110349220712));
#334 = CARTESIAN_POINT ('', (167.400939915671, 135.924744602798, -14.3094386268312));
#335 = CARTESIAN_POINT ('', (167.323226525515, 135.887492027305, -14.3061794487885));
#336 = CARTESIAN_POINT ('', (167.28402296171, 135.867795499737, -14.3044562259154));
#337 = CARTESIAN_POINT ('', (167.207741234379, 135.827678610141, -14.3009464528599));
#338 = CARTESIAN_POINT ('', (167.169336992837, 135.806561905126, -14.29909898056));
#339 = CARTESIAN_POINT ('', (167.094592571827, 135.76363684944, -14.2953435248063));
#340 = CARTESIAN_POINT ('', (167.057038509233, 135.741132431734, -14.2933746433778));
#341 = CARTESIAN_POINT ('', (166.983934735451, 135.695459227494, -14.2893787557799));
#342 = CARTESIAN_POINT ('', (166.947280388685, 135.671601361295, -14.2872914629515));
#343 = CARTESIAN_POINT ('', (166.875918160431, 135.623243793272, -14.2830607239539));
#344 = CARTESIAN_POINT ('', (166.840211682502, 135.598068486563, -14.280858170016));
#345 = CARTESIAN_POINT ('', (166.770689320677, 135.547093999548, -14.2763984802732));
#346 = CARTESIAN_POINT ('', (166.735977419566, 135.520638946277, -14.274083963019));
#347 = CARTESIAN_POINT ('', (166.668390538273, 135.467118533261, -14.2694015336129));
#348 = CARTESIAN_POINT ('', (166.634718418707, 135.439423053561, -14.2669784931082));
#349 = CARTESIAN_POINT ('', (166.569159801394, 135.383431139672, -14.2620798353938));
#350 = CARTESIAN_POINT ('', (166.53657110957, 135.354536118315, -14.2595518485928));
#351 = CARTESIAN_POINT ('', (166.473130590808, 135.296150440843, -14.2544437637017));
#352 = CARTESIAN_POINT ('', (166.441667362071, 135.266098264131, -14.2518145389251));
#353 = CARTESIAN_POINT ('', (166.380431715052, 135.205399748984, -14.2465041069568));
#354 = CARTESIAN_POINT ('', (166.350134324498, 135.174234240239, -14.2437774782486));
#355 = CARTESIAN_POINT ('', (166.291187154314, 135.111306875169, -14.2382720471795));
#356 = CARTESIAN_POINT ('', (166.262094270304, 135.079073229008, -14.2354519685563));
#357 = CARTESIAN_POINT ('', (166.191383076033, 134.997750126224, -14.22833711898));
#358 = CARTESIAN_POINT ('', (166.149964186503, 134.947352612651, -14.2239279078724));
#359 = CARTESIAN_POINT ('', (166.070667569614, 134.845209189377, -14.2149915162822));
#360 = CARTESIAN_POINT ('', (166.032193399672, 134.792701856583, -14.2103977199108));
#361 = CARTESIAN_POINT ('', (165.958675696212, 134.686294402519, -14.2010882739656));
#362 = CARTESIAN_POINT ('', (165.923249895323, 134.631848336718, -14.1963248604343));
#363 = CARTESIAN_POINT ('', (165.873982667884, 134.551326978659, -14.1892801544325));
#364 = CARTESIAN_POINT ('', (165.858775146241, 134.525745306244, -14.1870420481021));
#365 = CARTESIAN_POINT ('', (165.843911086749, 134.499999999997, -14.1847896256666));
#366 = B_SPLINE_CURVE_WITH_KNOTS ('', 3, (#250, #251, #252, #253, #254, #255, #256, #257, #258, #259, #260, #261, #262, #263, #264, #265, #266, #267, #268, #269, #270, #271, #272, #273, #274, #275, #276, #277, #278, #279, #280, #281, #282, #283, #284, #285, #286, #287, #288, #289, #290, #291, #292, #293, #294, #295, #296, #297, #298, #299, #300, #301, #302, #303, #304, #305, #306, #307, #308, #309, #310, #311, #312, #313, #314, #315, #316, #317, #318, #319, #320, #321, #322, #323, #324, #325, #326, #327, #328, #329, #330, #331, #332, #333, #334, #335, #336, #337, #338, #339, #340, #341, #342, #343, #344, #345, #346, #347, #348, #349, #350, #351, #352, #353, #354, #355, #356, #357, #358, #359, #360, #361, #362, #363, #364, #365), .UNSPECIFIED., .F., .U., (4, 2, 2, 2, 2, 2, 2, 2, 2, 2, 2, 2, 2, 2, 2, 2, 2, 2, 2, 2, 2, 2, 2, 2, 2, 2, 2, 2, 2, 2, 2, 2, 2, 2, 2, 2, 2, 2, 2, 2, 2, 2, 2, 2, 2, 2, 2, 2, 2, 2, 2, 2, 2, 2, 2, 2, 2, 4), (0., 0.129278571563377, 0.258582527318977, 0.3879114666742, 0.517265019609346, 0.646642846066733, 0.776044635312255, 0.905470105256582, 1.03491900172571, 1.16439109767373, 1.2938861923331, 1.423404110302, 1.55294470056938, 1.6825078354831, 1.81209340966713, 1.94170133889844, 2.13608470573872, 2.33054314692472, 2.52507659314638, 2.81706627810152, 3.10931073236131, 3.30414575844913, 3.49905698829967, 3.69404491187035, 3.8239776996696, 3.95393346417003, 4.08391233799237, 4.21391446490401, 4.34394000062577, 4.473989113822, 4.6040619872676, 4.73415881918312, 4.86427982472744, 4.99442523763717, 5.12459531199904, 5.25479032414359, 5.38501057464617, 5.47172621727354, 5.51021093730475, 5.63948582475857, 5.76878645884916, 5.89811251061538, 6.02746366959928, 6.15683964233445, 6.28624015106572, 6.41566493269924, 6.54511373797634, 6.67458633086615, 6.80408248816708, 6.93360199930605, 7.06314466632276, 7.19271030402283, 7.32229874028446, 7.45190981649913, 7.64630070036399, 7.84076688942737, 8.03530787648659, 8.12474785740199), .UNSPECIFIED.);
#367 = EDGE_CURVE ('', #178, #249, #366, .T.);
#368 = ORIENTED_EDGE ('', *, *, #367, .T.);
#369 = CARTESIAN_POINT ('', (154.261575970043, 134.499999999999, -14.1847896256668));
#370 = VERTEX_POINT ('', #369);
#371 = CARTESIAN_POINT ('', (165.843911086749, 134.499999999997, -14.1847896256666));
#372 = CARTESIAN_POINT ('', (154.261575970041, 134.499999999997, -14.1847896256666));
#373 = B_SPLINE_CURVE_WITH_KNOTS ('', 1, (#371, #372), .UNSPECIFIED., .F., .U., (2, 2), (1.46249025015086E-13, 1.69235616446402), .UNSPECIFIED.);
#374 = EDGE_CURVE ('', #249, #370, #373, .T.);
#375 = ORIENTED_EDGE ('', *, *, #374, .T.);
#376 = CARTESIAN_POINT ('', (159.169608144988, 128.586511192498, -13.6674263931237));
#377 = VERTEX_POINT ('', #376);
#378 = CARTESIAN_POINT ('', (154.261575970041, 134.499999999997, -14.1847896256666));
#379 = CARTESIAN_POINT ('', (154.58595963794, 134.499999999997, -14.1847896256666));
#380 = CARTESIAN_POINT ('', (155.231554314028, 134.436886476884, -14.179267907879));
#381 = CARTESIAN_POINT ('', (155.852852709716, 134.251060456855, -14.1630102377383));
#382 = CARTESIAN_POINT ('', (156.453096461825, 134.005624856098, -14.1415374050465));
#383 = CARTESIAN_POINT ('', (157.0264164183, 133.702952119206, -14.1150569718101));
#384 = CARTESIAN_POINT ('', (157.530611639974, 133.296048041544, -14.0794574778722));
#385 = CARTESIAN_POINT ('', (157.993398548396, 132.841424342573, -14.0396830580421));
#386 = CARTESIAN_POINT ('', (158.410044528492, 132.343184250306, -13.9960926982546));
#387 = CARTESIAN_POINT ('', (158.722826507681, 131.774422670384, -13.9463325077625));
#388 = CARTESIAN_POINT ('', (158.947854433299, 131.249768653377, -13.9004312290012));
#389 = CARTESIAN_POINT ('', (159.108022650932, 130.783759428516, -13.8596607047273));
#390 = CARTESIAN_POINT ('', (159.198032516685, 130.299408871159, -13.8172855217862));
#391 = CARTESIAN_POINT ('', (159.251973623379, 129.809901460436, -13.774459172636));
#392 = CARTESIAN_POINT ('', (159.269592454382, 129.317851508056, -13.7314103799144));
#393 = CARTESIAN_POINT ('', (159.214926903264, 128.828504891191, -13.688598098404));
#394 = CARTESIAN_POINT ('', (159.169608144986, 128.586511192497, -13.6674263931235));
#395 = B_SPLINE_CURVE_WITH_KNOTS ('', 3, (#378, #379, #380, #381, #382, #383, #384, #385, #386, #387, #388, #389, #390, #391, #392, #393, #394), .UNSPECIFIED., .F., .U., (4, 1, 2, 1, 2, 1, 2, 1, 2, 1, 4), (0., 0.0354051933307964, 0.0708103866615928, 0.106223337776957, 0.141636288892321, 0.177159699919672, 0.212683110947024, 0.239662905936659, 0.266642700926294, 0.293609993907174, 0.320577286888054), .UNSPECIFIED.);
#396 = EDGE_CURVE ('', #370, #377, #395, .T.);
#397 = ORIENTED_EDGE ('', *, *, #396, .T.);
#398 = CARTESIAN_POINT ('', (159., 126.759533577497, -13.5075865632957));
#399 = VERTEX_POINT ('', #398);
#400 = CARTESIAN_POINT ('', (158.999999999998, 126.759533577496, -13.5075865632955));
#401 = CARTESIAN_POINT ('', (158.999999999998, 127.680835399648, -13.5881900284195));
#402 = CARTESIAN_POINT ('', (159.169608144986, 128.586511192497, -13.6674263931235));
#403 = (
   BOUNDED_CURVE ()
   B_SPLINE_CURVE (2, (#400, #401, #402), .UNSPECIFIED., .F., .U.)
   B_SPLINE_CURVE_WITH_KNOTS ((3, 3), (0., 0.184439569554191), .UNSPECIFIED.)
   CURVE ()
   GEOMETRIC_REPRESENTATION_ITEM ()
   RATIONAL_B_SPLINE_CURVE ((1., 0.995750768391082, 1.))
   REPRESENTATION_ITEM ('')
);
#404 = EDGE_CURVE ('', #399, #377, #403, .T.);
#405 = ORIENTED_EDGE ('', *, *, #404, .F.);
#406 = CARTESIAN_POINT ('', (158.999999999999, 108.172359404918, -11.8814195362129));
#407 = VERTEX_POINT ('', #406);
#408 = CARTESIAN_POINT ('', (158.999999999998, 126.759533577496, -13.5075865632955));
#409 = CARTESIAN_POINT ('', (158.999999999998, 108.172359404917, -11.8814195362128));
#410 = B_SPLINE_CURVE_WITH_KNOTS ('', 1, (#408, #409), .UNSPECIFIED., .F., .U., (2, 2), (97.8315759437873, 116.489750102095), .UNSPECIFIED.);
#411 = EDGE_CURVE ('', #399, #407, #410, .T.);
#412 = ORIENTED_EDGE ('', *, *, #411, .T.);
#413 = CARTESIAN_POINT ('', (158.999999999998, 108.172359404917, -11.8814195362128));
#414 = CARTESIAN_POINT ('', (158.999999999998, 96.0159342971367, -10.81787015028));
#415 = CARTESIAN_POINT ('', (169.851313373374, 90.4551681065817, -10.3313661480881));
#416 = (
   BOUNDED_CURVE ()
   B_SPLINE_CURVE (2, (#413, #414, #415), .UNSPECIFIED., .F., .U.)
   B_SPLINE_CURVE_WITH_KNOTS ((3, 3), (0., 1.0956885031182), .UNSPECIFIED.)
   CURVE ()
   GEOMETRIC_REPRESENTATION_ITEM ()
   RATIONAL_B_SPLINE_CURVE ((1., 0.853649322418512, 1.))
   REPRESENTATION_ITEM ('')
);
#417 = EDGE_CURVE ('', #407, #97, #416, .T.);
#418 = ORIENTED_EDGE ('', *, *, #417, .T.);
#419 = EDGE_LOOP ('', (#104, #112, #120, #127, #134, #141, #148, #155, #162, #169, #176, #247, #368, #375, #397, #405, #412, #418));
#420 = FACE_OUTER_BOUND ('', #419, .T.);
#421 = CARTESIAN_POINT ('', (163.061753775297, 108.494152299502, -11.9095727664947));
#422 = VERTEX_POINT ('', #421);
#423 = CARTESIAN_POINT ('', (165.458775411302, 104.464236022431, -11.5570007772929));
#424 = VERTEX_POINT ('', #423);
#425 = CARTESIAN_POINT ('', (163.061753775296, 108.494152299502, -11.9095727664946));
#426 = CARTESIAN_POINT ('', (165.458775411301, 104.464236022431, -11.5570007772928));
#427 = B_SPLINE_CURVE_WITH_KNOTS ('', 1, (#425, #426), .UNSPECIFIED., .F., .U., (2, 2), (0., 1.), .UNSPECIFIED.);
#428 = EDGE_CURVE ('', #422, #424, #427, .T.);
#429 = ORIENTED_EDGE ('', *, *, #428, .F.);
#430 = CARTESIAN_POINT ('', (164.343635200531, 110.760949727853, -12.1078918439848));
#431 = VERTEX_POINT ('', #430);
#432 = CARTESIAN_POINT ('', (163.061753775296, 108.494152299502, -11.9095727664946));
#433 = CARTESIAN_POINT ('', (163.020622946225, 108.563302195805, -11.9156225985051));
#434 = CARTESIAN_POINT ('', (162.984970983182, 108.635985157616, -11.9219815336951));
#435 = CARTESIAN_POINT ('', (162.926079881156, 108.785358315053, -11.9350499916059));
#436 = CARTESIAN_POINT ('', (162.902611023688, 108.862508704988, -11.9417997761118));
#437 = CARTESIAN_POINT ('', (162.868463415594, 109.018794430264, -11.9554730053443));
#438 = CARTESIAN_POINT ('', (162.857635162609, 109.098415112892, -11.9624389124565));
#439 = CARTESIAN_POINT ('', (162.848831096226, 109.257605425591, -11.9763662601608));
#440 = CARTESIAN_POINT ('', (162.85078696063, 109.337672675044, -11.9833712368076));
#441 = CARTESIAN_POINT ('', (162.867302567235, 109.495751311414, -11.9972013254356));
#442 = CARTESIAN_POINT ('', (162.881874367914, 109.574260143008, -12.0040699581867));
#443 = CARTESIAN_POINT ('', (162.923071605716, 109.72729227641, -12.0174585350146));
#444 = CARTESIAN_POINT ('', (162.94978702963, 109.802300957702, -12.0240209442936));
#445 = CARTESIAN_POINT ('', (162.996571325134, 109.906671457095, -12.0331521797971));
#446 = CARTESIAN_POINT ('', (163.012125620001, 109.938333434722, -12.0359222439043));
#447 = CARTESIAN_POINT ('', (163.039889386518, 109.990150377084, -12.0404556389394));
#448 = CARTESIAN_POINT ('', (163.05150450835, 110.010653362751, -12.0422494177538));
#449 = CARTESIAN_POINT ('', (163.104868841081, 110.099883451254, -12.0500560389432));
#450 = CARTESIAN_POINT ('', (163.151873910487, 110.165799554791, -12.0558229507465));
#451 = CARTESIAN_POINT ('', (163.25537584539, 110.288671576866, -12.0665728597425));
#452 = CARTESIAN_POINT ('', (163.312171041165, 110.346049565275, -12.0715927832642));
#453 = CARTESIAN_POINT ('', (163.433661661558, 110.450506132402, -12.0807315487186));
#454 = CARTESIAN_POINT ('', (163.498718011687, 110.497950310815, -12.0848823764801));
#455 = CARTESIAN_POINT ('', (163.634954721324, 110.581472186096, -12.0921895937236));
#456 = CARTESIAN_POINT ('', (163.706547824316, 110.617850748521, -12.0953723055311));
#457 = CARTESIAN_POINT ('', (163.853942490371, 110.678474543857, -12.100676200363));
#458 = CARTESIAN_POINT ('', (163.930196761072, 110.702949451197, -12.1028174772961));
#459 = CARTESIAN_POINT ('', (164.084909997732, 110.739319385095, -12.1059994342053));
#460 = CARTESIAN_POINT ('', (164.163848980729, 110.751368477474, -12.1070535931943));
#461 = CARTESIAN_POINT ('', (164.276480920821, 110.759494506869, -12.1077645286458));
#462 = CARTESIAN_POINT ('', (164.310064815067, 110.760786300581, -12.1078775459512));
#463 = CARTESIAN_POINT ('', (164.34363520053, 110.760949727852, -12.1078918439847));
#464 = B_SPLINE_CURVE_WITH_KNOTS ('', 3, (#432, #433, #434, #435, #436, #437, #438, #439, #440, #441, #442, #443, #444, #445, #446, #447, #448, #449, #450, #451, #452, #453, #454, #455, #456, #457, #458, #459, #460, #461, #462, #463), .UNSPECIFIED., .F., .U., (4, 2, 2, 2, 2, 2, 2, 2, 2, 2, 2, 2, 2, 2, 2, 4), (0., 0.242054711863712, 0.483282091405741, 0.723722853170477, 0.963404309498102, 1.20234172765073, 1.44053919840472, 1.54656281677877, 1.61742154703558, 1.85935082218803, 2.10046575197833, 2.34079859780036, 2.58036955602682, 2.81918868025132, 3.05725711390054, 3.15796947280971), .UNSPECIFIED.);
#465 = EDGE_CURVE ('', #422, #431, #464, .T.);
#466 = ORIENTED_EDGE ('', *, *, #465, .T.);
#467 = CARTESIAN_POINT ('', (169.098328931649, 110.784096516612, -12.1099169255983));
#468 = VERTEX_POINT ('', #467);
#469 = CARTESIAN_POINT ('', (169.098328931649, 110.784096516612, -12.1099169255982));
#470 = CARTESIAN_POINT ('', (164.34363520053, 110.760949727852, -12.1078918439847));
#471 = B_SPLINE_CURVE_WITH_KNOTS ('', 1, (#469, #470), .UNSPECIFIED., .F., .U., (2, 2), (0., 1.), .UNSPECIFIED.);
#472 = EDGE_CURVE ('', #468, #431, #471, .T.);
#473 = ORIENTED_EDGE ('', *, *, #472, .F.);
#474 = CARTESIAN_POINT ('', (170.402219511515, 108.529887137412, -11.9126991597048));
#475 = VERTEX_POINT ('', #474);
#476 = CARTESIAN_POINT ('', (169.098328931649, 110.784096516612, -12.1099169255982));
#477 = CARTESIAN_POINT ('', (169.17902202701, 110.784489346547, -12.1099512937643));
#478 = CARTESIAN_POINT ('', (169.260010575472, 110.778328903242, -12.1094123248128));
#479 = CARTESIAN_POINT ('', (169.419131793173, 110.753189792926, -12.107212937649));
#480 = CARTESIAN_POINT ('', (169.497788765204, 110.73417438177, -12.1055493047406));
#481 = CARTESIAN_POINT ('', (169.650264200501, 110.684040741496, -12.1011631795553));
#482 = CARTESIAN_POINT ('', (169.724587750284, 110.652802113736, -12.0984301537622));
#483 = CARTESIAN_POINT ('', (169.866574755353, 110.579234914774, -12.0919938578457));
#484 = CARTESIAN_POINT ('', (169.93471111628, 110.536708421749, -12.0882732718065));
#485 = CARTESIAN_POINT ('', (170.06270689828, 110.441841251741, -12.07997346989));
#486 = CARTESIAN_POINT ('', (170.122995723333, 110.389233041512, -12.0753708478866));
#487 = CARTESIAN_POINT ('', (170.233919922497, 110.275700504712, -12.0654380379753));
#488 = CARTESIAN_POINT ('', (170.284931749428, 110.214448339404, -12.0600791678944));
#489 = CARTESIAN_POINT ('', (170.350977170223, 110.120986952675, -12.0519023560783));
#490 = CARTESIAN_POINT ('', (170.370314329183, 110.091467006417, -12.0493196954327));
#491 = CARTESIAN_POINT ('', (170.400782853877, 110.041172550475, -12.0449195006996));
#492 = CARTESIAN_POINT ('', (170.412518572714, 110.020728326037, -12.0431308628267));
#493 = CARTESIAN_POINT ('', (170.462135477457, 109.929374101291, -12.0351384037963));
#494 = CARTESIAN_POINT ('', (170.494904419575, 109.855409452786, -12.0286673355504));
#495 = CARTESIAN_POINT ('', (170.547902153968, 109.70395837512, -12.0154170831759));
#496 = CARTESIAN_POINT ('', (170.568341720099, 109.626004146951, -12.0085969719372));
#497 = CARTESIAN_POINT ('', (170.596380149714, 109.468605035695, -11.9948263340533));
#498 = CARTESIAN_POINT ('', (170.604109036975, 109.38867031555, -11.9878329522185));
#499 = CARTESIAN_POINT ('', (170.606740125363, 109.22934397801, -11.9738937038827));
#500 = CARTESIAN_POINT ('', (170.601691082204, 109.149453300154, -11.9669041752488));
#501 = CARTESIAN_POINT ('', (170.579089574417, 108.992206775423, -11.953146886956));
#502 = CARTESIAN_POINT ('', (170.561505813701, 108.914354991263, -11.9463357384067));
#503 = CARTESIAN_POINT ('', (170.514456912288, 108.763092229301, -11.9331019615215));
#504 = CARTESIAN_POINT ('', (170.484883271337, 108.68920019592, -11.9266372462758));
#505 = CARTESIAN_POINT ('', (170.434914014716, 108.588322188085, -11.9178115641912));
#506 = CARTESIAN_POINT ('', (170.419047643989, 108.5588163012, -11.9152301335815));
#507 = CARTESIAN_POINT ('', (170.402219511514, 108.529887137412, -11.9126991597047));
#508 = B_SPLINE_CURVE_WITH_KNOTS ('', 3, (#476, #477, #478, #479, #480, #481, #482, #483, #484, #485, #486, #487, #488, #489, #490, #491, #492, #493, #494, #495, #496, #497, #498, #499, #500, #501, #502, #503, #504, #505, #506, #507), .UNSPECIFIED., .F., .U., (4, 2, 2, 2, 2, 2, 2, 2, 2, 2, 2, 2, 2, 2, 2, 4), (0., 0.242082176585636, 0.483329459942251, 0.723779597331829, 0.963459457431041, 1.2023862017608, 1.44056770538462, 1.54658817447393, 1.61747170500954, 1.85938491222887, 2.10047876674277, 2.34079157820224, 2.58034850316894, 2.8191628211482, 3.05723674603054, 3.15792634578905), .UNSPECIFIED.);
#509 = EDGE_CURVE ('', #468, #475, #508, .T.);
#510 = ORIENTED_EDGE ('', *, *, #509, .T.);
#511 = CARTESIAN_POINT ('', (168.044547416401, 104.476824071582, -11.5581020888894));
#512 = VERTEX_POINT ('', #511);
#513 = CARTESIAN_POINT ('', (168.044547416401, 104.476824071581, -11.5581020888894));
#514 = CARTESIAN_POINT ('', (170.402219511514, 108.529887137412, -11.9126991597047));
#515 = B_SPLINE_CURVE_WITH_KNOTS ('', 1, (#513, #514), .UNSPECIFIED., .F., .U., (2, 2), (0., 1.), .UNSPECIFIED.);
#516 = EDGE_CURVE ('', #512, #475, #515, .T.);
#517 = ORIENTED_EDGE ('', *, *, #516, .F.);
#518 = CARTESIAN_POINT ('', (168.044547416401, 104.476824071581, -11.5581020888894));
#519 = CARTESIAN_POINT ('', (168.004098214383, 104.407288037677, -11.5520184742162));
#520 = CARTESIAN_POINT ('', (167.957878041368, 104.340784502281, -11.5462001687846));
#521 = CARTESIAN_POINT ('', (167.855832762752, 104.216629778436, -11.535338037925));
#522 = CARTESIAN_POINT ('', (167.799714371368, 104.158552447605, -11.5302569298696));
#523 = CARTESIAN_POINT ('', (167.679449386346, 104.052608710067, -11.5209880538634));
#524 = CARTESIAN_POINT ('', (167.614946099301, 104.004371989731, -11.5167678876683));
#525 = CARTESIAN_POINT ('', (167.479675835201, 103.919198189098, -11.5093161456835));
#526 = CARTESIAN_POINT ('', (167.40849945904, 103.881955018463, -11.5060577904592));
#527 = CARTESIAN_POINT ('', (167.261790476268, 103.819558574266, -11.5005988089476));
#528 = CARTESIAN_POINT ('', (167.185807558696, 103.794170038239, -11.4983775998618));
#529 = CARTESIAN_POINT ('', (167.031485157418, 103.755953923548, -11.4950341230623));
#530 = CARTESIAN_POINT ('', (166.952667069371, 103.742966490376, -11.4938978698914));
#531 = CARTESIAN_POINT ('', (166.838351207477, 103.733360361824, -11.4930574425428));
#532 = CARTESIAN_POINT ('', (166.803011246067, 103.731645347628, -11.4929073982429));
#533 = CARTESIAN_POINT ('', (166.751907451729, 103.730973517155, -11.4928486206927));
#534 = CARTESIAN_POINT ('', (166.736132702961, 103.731014939852, -11.4928522447091));
#535 = CARTESIAN_POINT ('', (166.639735842761, 103.732788589095, -11.4930074189109));
#536 = CARTESIAN_POINT ('', (166.55896578245, 103.740821994806, -11.4937102508401));
#537 = CARTESIAN_POINT ('', (166.400573019665, 103.769620357439, -11.4962297810986));
#538 = CARTESIAN_POINT ('', (166.322428139244, 103.790434431707, -11.4980507766388));
#539 = CARTESIAN_POINT ('', (166.171247665663, 103.844034649916, -11.5027401880946));
#540 = CARTESIAN_POINT ('', (166.097711047371, 103.876952740467, -11.5056201478427));
#541 = CARTESIAN_POINT ('', (165.957541336179, 103.953708587392, -11.512335414308));
#542 = CARTESIAN_POINT ('', (165.890441106441, 103.997754720885, -11.5161889516608));
#543 = CARTESIAN_POINT ('', (165.764728132455, 104.095456908672, -11.5247367854938));
#544 = CARTESIAN_POINT ('', (165.705693194317, 104.149389643432, -11.5294552883783));
#545 = CARTESIAN_POINT ('', (165.597450100963, 104.265339184465, -11.5395995587597));
#546 = CARTESIAN_POINT ('', (165.547873855858, 104.327691511341, -11.5450546805058));
#547 = CARTESIAN_POINT ('', (165.488052349779, 104.416546627309, -11.5528284958493));
#548 = CARTESIAN_POINT ('', (165.47307397605, 104.440197015876, -11.5548976367369));
#549 = CARTESIAN_POINT ('', (165.458775411301, 104.464236022431, -11.5570007772928));
#550 = B_SPLINE_CURVE_WITH_KNOTS ('', 3, (#518, #519, #520, #521, #522, #523, #524, #525, #526, #527, #528, #529, #530, #531, #532, #533, #534, #535, #536, #537, #538, #539, #540, #541, #542, #543, #544, #545, #546, #547, #548, #549), .UNSPECIFIED., .F., .U., (4, 2, 2, 2, 2, 2, 2, 2, 2, 2, 2, 2, 2, 2, 2, 4), (0., 0.242024120497885, 0.483229326561249, 0.72364937718096, 0.963305718506596, 1.20220948958193, 1.44036282636627, 1.54637500607048, 1.5936875584235, 1.83561490840741, 2.07671514483264, 2.31702386768976, 2.55656608521704, 2.79535723795668, 3.03340350605965, 3.11755048409028), .UNSPECIFIED.);
#551 = EDGE_CURVE ('', #512, #424, #550, .T.);
#552 = ORIENTED_EDGE ('', *, *, #551, .T.);
#553 = EDGE_LOOP ('', (#429, #466, #473, #510, #517, #552));
#554 = FACE_BOUND ('', #553, .T.);
#555 = CARTESIAN_POINT ('', (154.261575970041, 84.008935841033, -9.7673939024032));
#556 = CARTESIAN_POINT ('', (154.261575970041, 136.250142499929, -14.3379072539653));
#557 = CARTESIAN_POINT ('', (179.499999999999, 84.008935841033, -9.7673939024032));
#558 = CARTESIAN_POINT ('', (179.499999999999, 136.250142499929, -14.3379072539653));
#559 = B_SPLINE_SURFACE_WITH_KNOTS ('', 1, 1, ((#555, #556), (#557, #558)), .UNSPECIFIED., .F., .F., .U., (2, 2), (2, 2), (0.24582512588601, 0.670736096791837), (-0.243524132192624, 0.639361979964097), .UNSPECIFIED.);
#560 = ADVANCED_FACE ('', (#420, #554), #559, .T.);
#561 = CARTESIAN_POINT ('', (163.061753775297, 108.494152299502, -13.917212441584));
#562 = VERTEX_POINT ('', #561);
#563 = CARTESIAN_POINT ('', (165.458775411302, 104.464236022431, -13.5646404523821));
#564 = VERTEX_POINT ('', #563);
#565 = CARTESIAN_POINT ('', (163.061753775296, 108.494152299502, -13.9172124415839));
#566 = CARTESIAN_POINT ('', (165.458775411301, 104.464236022431, -13.5646404523821));
#567 = B_SPLINE_CURVE_WITH_KNOTS ('', 1, (#565, #566), .UNSPECIFIED., .F., .U., (2, 2), (0., 1.), .UNSPECIFIED.);
#568 = EDGE_CURVE ('', #562, #564, #567, .T.);
#569 = ORIENTED_EDGE ('', *, *, #568, .F.);
#570 = CARTESIAN_POINT ('', (163.061753775296, 108.494152299502, -11.9095727664946));
#571 = CARTESIAN_POINT ('', (163.061753775296, 108.494152299502, -13.9172124415839));
#572 = B_SPLINE_CURVE_WITH_KNOTS ('', 1, (#570, #571), .UNSPECIFIED., .F., .U., (2, 2), (0.528364695935294, 0.568752684363936), .UNSPECIFIED.);
#573 = EDGE_CURVE ('', #422, #562, #572, .T.);
#574 = ORIENTED_EDGE ('', *, *, #573, .F.);
#575 = ORIENTED_EDGE ('', *, *, #428, .T.);
#576 = CARTESIAN_POINT ('', (165.458775411301, 104.464236022431, -11.5570007772928));
#577 = CARTESIAN_POINT ('', (165.458775411301, 104.464236022431, -13.5646404523821));
#578 = B_SPLINE_CURVE_WITH_KNOTS ('', 1, (#576, #577), .UNSPECIFIED., .F., .U., (2, 2), (0.521271952353449, 0.561659940782091), .UNSPECIFIED.);
#579 = EDGE_CURVE ('', #424, #564, #578, .T.);
#580 = ORIENTED_EDGE ('', *, *, #579, .T.);
#581 = EDGE_LOOP ('', (#569, #574, #575, #580));
#582 = FACE_OUTER_BOUND ('', #581, .T.);
#583 = CARTESIAN_POINT ('', (163.061753775296, 108.494152299502, -11.5570007772928));
#584 = CARTESIAN_POINT ('', (163.061753775296, 108.494152299502, -13.9172124415839));
#585 = CARTESIAN_POINT ('', (165.458775411301, 104.464236022431, -11.5570007772928));
#586 = CARTESIAN_POINT ('', (165.458775411301, 104.464236022431, -13.9172124415839));
#587 = B_SPLINE_SURFACE_WITH_KNOTS ('', 1, 1, ((#583, #584), (#585, #586)), .UNSPECIFIED., .F., .F., .U., (2, 2), (2, 2), (0.243986570541602, 0.413353703834207), (0.935954081141272, 1.02120667280701), .UNSPECIFIED.);
#588 = ADVANCED_FACE ('', (#582), #587, .T.);
#589 = CARTESIAN_POINT ('', (16.6153582533002, 141.31240503442, -16.788437512614));
#590 = VERTEX_POINT ('', #589);
#591 = CARTESIAN_POINT ('', (6.29590296424316, 135.82544204574, -16.3083904539188));
#592 = VERTEX_POINT ('', #591);
#593 = CARTESIAN_POINT ('', (16.6153582533, 141.312405034418, -16.7884375126137));
#594 = CARTESIAN_POINT ('', (16.2387463796591, 141.312405034418, -16.7884375126137));
#595 = CARTESIAN_POINT ('', (15.8417713007046, 141.293987735272, -16.7868262077257));
#596 = CARTESIAN_POINT ('', (15.0913958138031, 141.224221707219, -16.7807224711719));
#597 = CARTESIAN_POINT ('', (14.7000551111851, 141.169471722786, -16.7759324682057));
#598 = CARTESIAN_POINT ('', (13.95861110324, 141.030519174918, -16.7637756954993));
#599 = CARTESIAN_POINT ('', (13.5761407201318, 140.940374365356, -16.7558890465869));
#600 = CARTESIAN_POINT ('', (12.8500238602676, 140.733447730027, -16.7377853118141));
#601 = CARTESIAN_POINT ('', (12.479537314892, 140.60913967593, -16.7269097662956));
#602 = CARTESIAN_POINT ('', (11.7749619900894, 140.336060960632, -16.7030184744568));
#603 = CARTESIAN_POINT ('', (11.4194204543104, 140.179098781262, -16.6892860631596));
#604 = CARTESIAN_POINT ('', (10.7423594946236, 139.842268274721, -16.6598172123077));
#605 = CARTESIAN_POINT ('', (10.4045449567468, 139.654418620652, -16.6433824971294));
#606 = CARTESIAN_POINT ('', (9.76067575620387, 139.256777045285, -16.6085933671382));
#607 = CARTESIAN_POINT ('', (9.44316778287317, 139.040041104793, -16.5896314293665));
#608 = CARTESIAN_POINT ('', (8.83782556339151, 138.585026785196, -16.5498228346599));
#609 = CARTESIAN_POINT ('', (8.54298193981187, 138.341615191072, -16.5285270796033));
#610 = CARTESIAN_POINT ('', (7.98112047530208, 137.833117856496, -16.4840393273948));
#611 = CARTESIAN_POINT ('', (7.71106177318499, 137.56542436169, -16.4606191812997));
#612 = CARTESIAN_POINT ('', (7.19722148816529, 137.007737128648, -16.4118278706155));
#613 = CARTESIAN_POINT ('', (6.9538194057861, 136.718311842938, -16.3865064391781));
#614 = CARTESIAN_POINT ('', (6.57444447169047, 136.223483566239, -16.343214574575));
#615 = CARTESIAN_POINT ('', (6.43236950268233, 136.026627755785, -16.3259919228111));
#616 = CARTESIAN_POINT ('', (6.29590296424314, 135.825442045739, -16.3083904539186));
#617 = B_SPLINE_CURVE_WITH_KNOTS ('', 3, (#593, #594, #595, #596, #597, #598, #599, #600, #601, #602, #603, #604, #605, #606, #607, #608, #609, #610, #611, #612, #613, #614, #615, #616), .UNSPECIFIED., .F., .U., (4, 2, 2, 2, 2, 2, 2, 2, 2, 2, 2, 4), (0., 1.12983562092281, 2.26090940342939, 3.39318564497872, 4.52663856778322, 5.66125145135582, 6.79701578709065, 7.93393046100588, 9.07200097856761, 10.2112387497576, 11.3516604539386, 12.0863096674111), .UNSPECIFIED.);
#618 = EDGE_CURVE ('', #590, #592, #617, .T.);
#619 = ORIENTED_EDGE ('', *, *, #618, .F.);
#620 = CARTESIAN_POINT ('', (169.003298091634, 141.31240503442, -16.788437512614));
#621 = VERTEX_POINT ('', #620);
#622 = CARTESIAN_POINT ('', (169.003298091632, 141.312405034419, -16.7884375126138));
#623 = CARTESIAN_POINT ('', (118.207318145521, 141.312405034418, -16.7884375126138));
#624 = CARTESIAN_POINT ('', (67.4113381994105, 141.312405034418, -16.7884375126137));
#625 = CARTESIAN_POINT ('', (16.6153582533, 141.312405034418, -16.7884375126137));
#626 = B_SPLINE_CURVE_WITH_KNOTS ('', 3, (#622, #623, #624, #625), .UNSPECIFIED., .F., .U., (4, 4), (0., 152.387939838334), .UNSPECIFIED.);
#627 = EDGE_CURVE ('', #621, #590, #626, .T.);
#628 = ORIENTED_EDGE ('', *, *, #627, .F.);
#629 = CARTESIAN_POINT ('', (179.499999999999, 135.555028599354, -16.284732342895));
#630 = VERTEX_POINT ('', #629);
#631 = CARTESIAN_POINT ('', (179.499999999998, 135.555028599353, -16.2847323428949));
#632 = CARTESIAN_POINT ('', (179.359303050065, 135.774349632396, -16.303920446959));
#633 = CARTESIAN_POINT ('', (179.21136150526, 135.99007218638, -16.3227937248994));
#634 = CARTESIAN_POINT ('', (178.834412215102, 136.504581528327, -16.3678074595979));
#635 = CARTESIAN_POINT ('', (178.595187559947, 136.801911678571, -16.3938204770687));
#636 = CARTESIAN_POINT ('', (178.093781302071, 137.370296491114, -16.4435477046864));
#637 = CARTESIAN_POINT ('', (177.829896363562, 137.643441992338, -16.4674448395365));
#638 = CARTESIAN_POINT ('', (177.278304844863, 138.164806730061, -16.5130583436494));
#639 = CARTESIAN_POINT ('', (176.992122263879, 138.411730463725, -16.5346613711005));
#640 = CARTESIAN_POINT ('', (176.394699084425, 138.881573413115, -16.5757673028096));
#641 = CARTESIAN_POINT ('', (176.088760480378, 139.10045689376, -16.5949171259991));
#642 = CARTESIAN_POINT ('', (175.450276957313, 139.514675853882, -16.6311565892273));
#643 = CARTESIAN_POINT ('', (175.127285427321, 139.703939555526, -16.647715017538));
#644 = CARTESIAN_POINT ('', (174.452896026223, 140.058877690688, -16.6787680806177));
#645 = CARTESIAN_POINT ('', (174.115695374641, 140.217200329706, -16.6926195167113));
#646 = CARTESIAN_POINT ('', (173.41089612879, 140.50968937411, -16.7182089923021));
#647 = CARTESIAN_POINT ('', (173.062446824728, 140.636025452465, -16.7292619669525));
#648 = CARTESIAN_POINT ('', (172.333026879775, 140.86342473459, -16.7491568262323));
#649 = CARTESIAN_POINT ('', (171.976378919674, 140.957019628802, -16.7573453184398));
#650 = CARTESIAN_POINT ('', (171.228365745847, 141.117249381956, -16.7713636054003));
#651 = CARTESIAN_POINT ('', (170.866628785158, 141.177651298201, -16.7766480883269));
#652 = CARTESIAN_POINT ('', (170.10622800344, 141.269218841284, -16.7846592102936));
#653 = CARTESIAN_POINT ('', (169.742539298832, 141.296287048436, -16.7870273715614));
#654 = CARTESIAN_POINT ('', (169.240127602472, 141.310719341898, -16.788290033628));
#655 = CARTESIAN_POINT ('', (169.122741354919, 141.312405034419, -16.7884375126138));
#656 = CARTESIAN_POINT ('', (169.003298091632, 141.312405034419, -16.7884375126138));
#657 = B_SPLINE_CURVE_WITH_KNOTS ('', 3, (#631, #632, #633, #634, #635, #636, #637, #638, #639, #640, #641, #642, #643, #644, #645, #646, #647, #648, #649, #650, #651, #652, #653, #654, #655, #656), .UNSPECIFIED., .F., .U., (4, 2, 2, 2, 2, 2, 2, 2, 2, 2, 2, 2, 4), (7.15608231461638, 7.93554407410761, 9.07429288687196, 10.2142456670304, 11.3553879890077, 12.4977099103576, 13.6412065937112, 14.7858790324927, 15.9317348633006, 17.0787892477622, 18.2270658088169, 19.3765976115569, 19.7349274014192), .UNSPECIFIED.);
#658 = EDGE_CURVE ('', #630, #621, #657, .T.);
#659 = ORIENTED_EDGE ('', *, *, #658, .F.);
#660 = CARTESIAN_POINT ('', (179.499999999999, 38.1534950033613, -7.76320234321802));
#661 = VERTEX_POINT ('', #660);
#662 = CARTESIAN_POINT ('', (179.499999999998, 38.153495003361, -7.76320234321794));
#663 = CARTESIAN_POINT ('', (179.499999999998, 135.555028599352, -16.2847323428949));
#664 = B_SPLINE_CURVE_WITH_KNOTS ('', 1, (#662, #663), .UNSPECIFIED., .F., .U., (2, 2), (0.118769941547615, 0.950817886977694), .UNSPECIFIED.);
#665 = EDGE_CURVE ('', #661, #630, #664, .T.);
#666 = ORIENTED_EDGE ('', *, *, #665, .F.);
#667 = CARTESIAN_POINT ('', (168.998170305345, 32.4759634143148, -7.26648269236683));
#668 = VERTEX_POINT ('', #667);
#669 = CARTESIAN_POINT ('', (168.998170305342, 32.4759634143143, -7.26648269236673));
#670 = CARTESIAN_POINT ('', (169.374723501858, 32.4759634143143, -7.26648269236672));
#671 = CARTESIAN_POINT ('', (169.771966612502, 32.4941199139784, -7.26807118025663));
#672 = CARTESIAN_POINT ('', (170.522355680706, 32.562862604514, -7.27408538637876));
#673 = CARTESIAN_POINT ('', (170.913951545797, 32.6168416208713, -7.27880793837831));
#674 = CARTESIAN_POINT ('', (171.655751935563, 32.7538373412279, -7.29079351086106));
#675 = CARTESIAN_POINT ('', (172.03856059209, 32.8427492131675, -7.29857229170863));
#676 = CARTESIAN_POINT ('', (172.765515557212, 33.0469442248729, -7.31643704038137));
#677 = CARTESIAN_POINT ('', (173.136498289434, 33.1696409033255, -7.32717160879824));
#678 = CARTESIAN_POINT ('', (173.842477861589, 33.4394268904997, -7.3507748242541));
#679 = CARTESIAN_POINT ('', (174.198718637658, 33.5945097303926, -7.36434281465212));
#680 = CARTESIAN_POINT ('', (174.877766799564, 33.9277366775705, -7.3934963949115));
#681 = CARTESIAN_POINT ('', (175.216493370726, 34.1135660858091, -7.40975436148208));
#682 = CARTESIAN_POINT ('', (175.862874612852, 34.5075587031649, -7.44422424901357));
#683 = CARTESIAN_POINT ('', (176.181479159887, 34.7222656657424, -7.46300867421917));
#684 = CARTESIAN_POINT ('', (176.789724203333, 35.1738435499416, -7.50251661978556));
#685 = CARTESIAN_POINT ('', (177.085783386257, 35.4153430760822, -7.52364509056972));
#686 = CARTESIAN_POINT ('', (177.650733768686, 35.9208447903543, -7.56787075996139));
#687 = CARTESIAN_POINT ('', (177.922028002239, 36.1868513123192, -7.59114331505725));
#688 = CARTESIAN_POINT ('', (178.438879135501, 36.7421625390648, -7.63972675212609));
#689 = CARTESIAN_POINT ('', (178.683410878518, 37.0302072927854, -7.66492740266472));
#690 = CARTESIAN_POINT ('', (179.122247378498, 37.5978037417919, -7.7145856574103));
#691 = CARTESIAN_POINT ('', (179.316131705704, 37.8708119108027, -7.73847077724867));
#692 = CARTESIAN_POINT ('', (179.499999999998, 38.153495003361, -7.76320234321794));
#693 = B_SPLINE_CURVE_WITH_KNOTS ('', 3, (#669, #670, #671, #672, #673, #674, #675, #676, #677, #678, #679, #680, #681, #682, #683, #684, #685, #686, #687, #688, #689, #690, #691, #692), .UNSPECIFIED., .F., .U., (4, 2, 2, 2, 2, 2, 2, 2, 2, 2, 2, 4), (0., 1.12965958954663, 2.26066568441911, 3.39297876642338, 4.52656604857874, 5.66140084412404, 6.79746208798636, 7.93473399011256, 9.0732058049356, 10.2128717050338, 11.3537307501512, 12.3703893304857), .UNSPECIFIED.);
#694 = EDGE_CURVE ('', #668, #661, #693, .T.);
#695 = ORIENTED_EDGE ('', *, *, #694, .F.);
#696 = CARTESIAN_POINT ('', (82.4770978105252, 32.4759634143145, -7.2664826923668));
#697 = VERTEX_POINT ('', #696);
#698 = CARTESIAN_POINT ('', (82.4770978105241, 32.475963414314, -7.26648269236669));
#699 = CARTESIAN_POINT ('', (111.317455308797, 32.4759634143141, -7.2664826923667));
#700 = CARTESIAN_POINT ('', (140.15781280707, 32.4759634143142, -7.26648269236672));
#701 = CARTESIAN_POINT ('', (168.998170305342, 32.4759634143143, -7.26648269236673));
#702 = B_SPLINE_CURVE_WITH_KNOTS ('', 3, (#698, #699, #700, #701), .UNSPECIFIED., .F., .U., (4, 4), (0., 86.5210724948194), .UNSPECIFIED.);
#703 = EDGE_CURVE ('', #697, #668, #702, .T.);
#704 = ORIENTED_EDGE ('', *, *, #703, .F.);
#705 = CARTESIAN_POINT ('', (70.9581381513627, 30.9704391241509, -7.13476638431475));
#706 = VERTEX_POINT ('', #705);
#707 = CARTESIAN_POINT ('', (70.9581381513617, 30.9704391241504, -7.13476638431465));
#708 = CARTESIAN_POINT ('', (72.8150935037483, 31.4644154120169, -7.17798370955352));
#709 = CARTESIAN_POINT ('', (74.720910791045, 31.8416670748804, -7.21098895335034));
#710 = CARTESIAN_POINT ('', (78.5678979296971, 32.348122939857, -7.25529810011194));
#711 = CARTESIAN_POINT ('', (80.5186841210873, 32.475963414314, -7.26648269236669));
#712 = CARTESIAN_POINT ('', (82.4770978105241, 32.475963414314, -7.26648269236669));
#713 = B_SPLINE_CURVE_WITH_KNOTS ('', 3, (#707, #708, #709, #710, #711, #712), .UNSPECIFIED., .F., .U., (4, 2, 4), (0., 5.7660620373346, 11.6413031056449), .UNSPECIFIED.);
#714 = EDGE_CURVE ('', #706, #697, #713, .T.);
#715 = ORIENTED_EDGE ('', *, *, #714, .F.);
#716 = CARTESIAN_POINT ('', (67.2198876057347, 29.9760118078073, -7.04776526743431));
#717 = VERTEX_POINT ('', #716);
#718 = CARTESIAN_POINT ('', (67.2198876057338, 29.976011807807, -7.04776526743421));
#719 = CARTESIAN_POINT ('', (68.4659698357924, 30.3074872380533, -7.0767656098181));
#720 = CARTESIAN_POINT ('', (69.7120559213031, 30.6389636939042, -7.10576604193076));
#721 = CARTESIAN_POINT ('', (70.9581381513617, 30.9704391241504, -7.13476638431465));
#722 = B_SPLINE_CURVE_WITH_KNOTS ('', 3, (#718, #719, #720, #721), .UNSPECIFIED., .F., .U., (4, 4), (0., 3.86923004524773), .UNSPECIFIED.);
#723 = EDGE_CURVE ('', #717, #706, #722, .T.);
#724 = ORIENTED_EDGE ('', *, *, #723, .F.);
#725 = CARTESIAN_POINT ('', (56.4863681419778, 25.5620743673358, -6.66159577988094));
#726 = VERTEX_POINT ('', #725);
#727 = CARTESIAN_POINT ('', (56.486368141977, 25.5620743673355, -6.66159577988085));
#728 = CARTESIAN_POINT ('', (58.1522339423831, 26.5169532188745, -6.74513685443105));
#729 = CARTESIAN_POINT ('', (59.8961540262576, 27.3716454536639, -6.81991273577867));
#730 = CARTESIAN_POINT ('', (63.4796726187603, 28.8488747195646, -6.94915354997352));
#731 = CARTESIAN_POINT ('', (65.3298491832934, 29.4732349571724, -7.00377799272047));
#732 = CARTESIAN_POINT ('', (67.2198876057338, 29.976011807807, -7.04776526743421));
#733 = B_SPLINE_CURVE_WITH_KNOTS ('', 3, (#727, #728, #729, #730, #731, #732), .UNSPECIFIED., .F., .U., (4, 2, 4), (0., 5.7658420352057, 11.6346308473498), .UNSPECIFIED.);
#734 = EDGE_CURVE ('', #726, #717, #733, .T.);
#735 = ORIENTED_EDGE ('', *, *, #734, .F.);
#736 = CARTESIAN_POINT ('', (35.339207784991, 13.4404639770707, -5.60109228705618));
#737 = VERTEX_POINT ('', #736);
#738 = CARTESIAN_POINT ('', (35.3392077849905, 13.4404639770706, -5.60109228705608));
#739 = CARTESIAN_POINT ('', (42.3881720487239, 17.4809496506777, -5.95458897863513));
#740 = CARTESIAN_POINT ('', (49.4374038782436, 21.5215886937283, -6.30809908830181));
#741 = CARTESIAN_POINT ('', (56.486368141977, 25.5620743673355, -6.66159577988085));
#742 = B_SPLINE_CURVE_WITH_KNOTS ('', 3, (#738, #739, #740, #741), .UNSPECIFIED., .F., .U., (4, 4), (0., 24.397652227802), .UNSPECIFIED.);
#743 = EDGE_CURVE ('', #737, #726, #742, .T.);
#744 = ORIENTED_EDGE ('', *, *, #743, .F.);
#745 = CARTESIAN_POINT ('', (18.2609561036161, 17.9831126182119, -5.99852254553691));
#746 = VERTEX_POINT ('', #745);
#747 = CARTESIAN_POINT ('', (18.2609561036159, 17.9831126182116, -5.99852254553682));
#748 = CARTESIAN_POINT ('', (18.4497492678082, 17.6585842735147, -5.97012999438304));
#749 = CARTESIAN_POINT ('', (18.664930356774, 17.3252054726328, -5.94096312864605));
#750 = CARTESIAN_POINT ('', (19.1012602011397, 16.7132493935445, -5.88742390915013));
#751 = CARTESIAN_POINT ('', (19.3449345767652, 16.402856095703, -5.86026801435461));
#752 = CARTESIAN_POINT ('', (19.8365224836041, 15.8328413749772, -5.81039818824828));
#753 = CARTESIAN_POINT ('', (20.1062775088538, 15.5477025955315, -5.78545177751519));
#754 = CARTESIAN_POINT ('', (20.6489526695946, 15.0244817551431, -5.73967588546076));
#755 = CARTESIAN_POINT ('', (20.9422014717884, 14.7666319615787, -5.71711695163141));
#756 = CARTESIAN_POINT ('', (21.5313798745637, 14.2946374812222, -5.67582278535346));
#757 = CARTESIAN_POINT ('', (21.8453837208249, 14.0658630196748, -5.65580761346385));
#758 = CARTESIAN_POINT ('', (22.4761118576702, 13.6490764231039, -5.61934351115439));
#759 = CARTESIAN_POINT ('', (22.8080034937159, 13.4509043897229, -5.60200570480569));
#760 = CARTESIAN_POINT ('', (23.4750036034075, 13.0928298716285, -5.57067824377497));
#761 = CARTESIAN_POINT ('', (23.821811217641, 12.9265193569786, -5.55612795911796));
#762 = CARTESIAN_POINT ('', (24.5195275756092, 12.6301618073536, -5.53020003317549));
#763 = CARTESIAN_POINT ('', (24.8781991098469, 12.4966974053557, -5.51852341101642));
#764 = CARTESIAN_POINT ('', (25.600844964117, 12.2645446366381, -5.4982126755475));
#765 = CARTESIAN_POINT ('', (25.9682725516582, 12.1646320882236, -5.48947146021725));
#766 = CARTESIAN_POINT ('', (26.7098773936374, 11.9986410473714, -5.47494912589584));
#767 = CARTESIAN_POINT ('', (27.0829217616156, 11.9327048823399, -5.46918045893922));
#768 = CARTESIAN_POINT ('', (27.8373787050709, 11.8342916333906, -5.46057041531541));
#769 = CARTESIAN_POINT ('', (28.2128934282111, 11.8024746803089, -5.45778679261284));
#770 = CARTESIAN_POINT ('', (28.9740065424471, 11.7725079692868, -5.45516504511525));
#771 = CARTESIAN_POINT ('', (29.3488620770628, 11.7746726203485, -5.45535442754364));
#772 = CARTESIAN_POINT ('', (30.1103935759572, 11.8134708787505, -5.45874883531836));
#773 = CARTESIAN_POINT ('', (30.4815010344651, 11.8492020215229, -5.46187490524576));
#774 = CARTESIAN_POINT ('', (31.2372182580185, 11.9565337213484, -5.47126521221745));
#775 = CARTESIAN_POINT ('', (31.6015529043742, 12.0251432791284, -5.47726777073272));
#776 = CARTESIAN_POINT ('', (32.3452750417078, 12.2002306153864, -5.49258592778222));
#777 = CARTESIAN_POINT ('', (32.6998994966843, 12.3007636691924, -5.50138143029987));
#778 = CARTESIAN_POINT ('', (33.4255439884155, 12.5422896087645, -5.52251221195985));
#779 = CARTESIAN_POINT ('', (33.767631131093, 12.6735321035194, -5.53399444242375));
#780 = CARTESIAN_POINT ('', (34.5430827110306, 13.0118597128672, -5.56359427279947));
#781 = CARTESIAN_POINT ('', (34.9372014397698, 13.2100328360134, -5.58093217449026));
#782 = CARTESIAN_POINT ('', (35.3392077849905, 13.4404639770706, -5.60109228705608));
#783 = B_SPLINE_CURVE_WITH_KNOTS ('', 3, (#747, #748, #749, #750, #751, #752, #753, #754, #755, #756, #757, #758, #759, #760, #761, #762, #763, #764, #765, #766, #767, #768, #769, #770, #771, #772, #773, #774, #775, #776, #777, #778, #779, #780, #781, #782), .UNSPECIFIED., .F., .U., (4, 2, 2, 2, 2, 2, 2, 2, 2, 2, 2, 2, 2, 2, 2, 2, 2, 4), (0., 1.1295613223136, 2.26045655002993, 3.39264816641653, 4.52610574877103, 5.66080527992808, 6.79672859812772, 7.93386296724406, 9.0722007549905, 10.2117392110797, 11.3524803407781, 12.4944308721524, 13.637602317812, 14.7820111343525, 15.9276789852292, 17.0746331156918, 18.2229068519553, 19.6143185029587), .UNSPECIFIED.);
#784 = EDGE_CURVE ('', #746, #737, #783, .T.);
#785 = ORIENTED_EDGE ('', *, *, #784, .F.);
#786 = CARTESIAN_POINT ('', (4.86854523690789, 41.0041629230173, -8.01260346966461));
#787 = VERTEX_POINT ('', #786);
#788 = CARTESIAN_POINT ('', (4.86854523690784, 41.0041629230167, -8.0126034696645));
#789 = CARTESIAN_POINT ('', (9.33278944998268, 33.3302951164661, -7.3412270311957));
#790 = CARTESIAN_POINT ('', (13.7967118905411, 25.6569804247623, -6.66989898400563));
#791 = CARTESIAN_POINT ('', (18.2609561036159, 17.9831126182116, -5.99852254553682));
#792 = B_SPLINE_CURVE_WITH_KNOTS ('', 3, (#788, #789, #790, #791), .UNSPECIFIED., .F., .U., (4, 4), (0., 26.7098526476031), .UNSPECIFIED.);
#793 = EDGE_CURVE ('', #787, #746, #792, .T.);
#794 = ORIENTED_EDGE ('', *, *, #793, .F.);
#795 = CARTESIAN_POINT ('', (3.89968830498232, 42.8891917508669, -8.17752212252078));
#796 = VERTEX_POINT ('', #795);
#797 = CARTESIAN_POINT ('', (3.89968830498229, 42.8891917508665, -8.1775221225207));
#798 = CARTESIAN_POINT ('', (4.05883400771732, 42.5351997236527, -8.14655183316097));
#799 = CARTESIAN_POINT ('', (4.22831537257011, 42.1855989665785, -8.11596573015694));
#800 = CARTESIAN_POINT ('', (4.55584506022149, 41.556422693992, -8.0609199389462));
#801 = CARTESIAN_POINT ('', (4.70831571136861, 41.2795914477585, -8.03670034319105));
#802 = CARTESIAN_POINT ('', (4.86854523690784, 41.0041629230167, -8.0126034696645));
#803 = B_SPLINE_CURVE_WITH_KNOTS ('', 3, (#797, #798, #799, #800, #801, #802), .UNSPECIFIED., .F., .U., (4, 2, 4), (9.0819500162712, 10.257652365797, 11.2163156495872), .UNSPECIFIED.);
#804 = EDGE_CURVE ('', #796, #787, #803, .T.);
#805 = ORIENTED_EDGE ('', *, *, #804, .F.);
#806 = CARTESIAN_POINT ('', (3.8996883049823, 42.8891917508665, -8.1775221225207));
#807 = CARTESIAN_POINT ('', (6.29590296424313, 135.825442045739, -16.3083904539186));
#808 = B_SPLINE_CURVE_WITH_KNOTS ('', 1, (#806, #807), .UNSPECIFIED., .F., .U., (2, 2), (0.232940780299841, 0.957237470631093), .UNSPECIFIED.);
#809 = EDGE_CURVE ('', #796, #592, #808, .T.);
#810 = ORIENTED_EDGE ('', *, *, #809, .T.);
#811 = EDGE_LOOP ('', (#619, #628, #659, #666, #695, #704, #715, #724, #735, #744, #785, #794, #805, #810));
#812 = FACE_OUTER_BOUND ('', #811, .T.);
#813 = CARTESIAN_POINT ('', (21.9991083954527, 126.585222091948, -15.4999759594744));
#814 = VERTEX_POINT ('', #813);
#815 = CARTESIAN_POINT ('', (10.9991099289623, 126.585222092002, -15.4999759594792));
#816 = VERTEX_POINT ('', #815);
#817 = CARTESIAN_POINT ('', (21.9991083954527, 126.585222091948, -15.4999759594744));
#818 = CARTESIAN_POINT ('', (21.9990987857092, 126.72604509209, -15.5122963755505));
#819 = CARTESIAN_POINT ('', (21.9936470545863, 126.86695148772, -15.5246240877864));
#820 = CARTESIAN_POINT ('', (21.9696557229208, 127.176346577461, -15.5516926506894));
#821 = CARTESIAN_POINT ('', (21.9486353288969, 127.344951891195, -15.5664437042513));
#822 = CARTESIAN_POINT ('', (21.8910953766673, 127.678953626222, -15.5956650696641));
#823 = CARTESIAN_POINT ('', (21.8545231113015, 127.844710717166, -15.6101669360207));
#824 = CARTESIAN_POINT ('', (21.7662696197287, 128.171595891146, -15.6387656830187));
#825 = CARTESIAN_POINT ('', (21.714512902429, 128.333079531602, -15.6528936709034));
#826 = CARTESIAN_POINT ('', (21.5964192256892, 128.650064079089, -15.6806262253214));
#827 = CARTESIAN_POINT ('', (21.5299718960172, 128.805909814238, -15.6942609604057));
#828 = CARTESIAN_POINT ('', (21.3831416938819, 129.110320569868, -15.7208934505787));
#829 = CARTESIAN_POINT ('', (21.3026198342132, 129.259218875191, -15.7339203643127));
#830 = CARTESIAN_POINT ('', (21.1284026471807, 129.548507648938, -15.7592298525008));
#831 = CARTESIAN_POINT ('', (21.0345371767669, 129.689215084478, -15.7715401579844));
#832 = CARTESIAN_POINT ('', (20.8345051994199, 129.960975157005, -15.7953160835294));
#833 = CARTESIAN_POINT ('', (20.7281373906528, 130.092324706497, -15.8068076800692));
#834 = CARTESIAN_POINT ('', (20.5040647875086, 130.344301522229, -15.8288527949171));
#835 = CARTESIAN_POINT ('', (20.3861371890906, 130.465208982529, -15.839430827029));
#836 = CARTESIAN_POINT ('', (20.1400043901397, 130.695334741504, -15.8595642221246));
#837 = CARTESIAN_POINT ('', (20.011550778795, 130.804808866937, -15.8691419670493));
#838 = CARTESIAN_POINT ('', (19.7455102638454, 131.011207718596, -15.8871995267343));
#839 = CARTESIAN_POINT ('', (19.6076506591701, 131.108360753464, -15.8956993159123));
#840 = CARTESIAN_POINT ('', (19.3240071857355, 131.289358296963, -15.9115345490946));
#841 = CARTESIAN_POINT ('', (19.1779347657005, 131.373409477945, -15.9188880745864));
#842 = CARTESIAN_POINT ('', (18.8791395983599, 131.527565230629, -15.9323749553635));
#843 = CARTESIAN_POINT ('', (18.7261107109057, 131.597846745912, -15.9385237912063));
#844 = CARTESIAN_POINT ('', (18.4147278364907, 131.723948577445, -15.9495562719152));
#845 = CARTESIAN_POINT ('', (18.2560525253728, 131.779914143003, -15.9544526244494));
#846 = CARTESIAN_POINT ('', (17.9347373542605, 131.876986628693, -15.9629453664875));
#847 = CARTESIAN_POINT ('', (17.7717668048895, 131.918213745788, -15.9665522718632));
#848 = CARTESIAN_POINT ('', (17.4432510571916, 131.985543194444, -15.972442835342));
#849 = CARTESIAN_POINT ('', (17.2773662173167, 132.011731106991, -15.9747339808113));
#850 = CARTESIAN_POINT ('', (16.9444731796877, 132.048847624516, -15.9779812553243));
#851 = CARTESIAN_POINT ('', (16.7771204652372, 132.059846569217, -15.9789435382963));
#852 = CARTESIAN_POINT ('', (16.4406492501765, 132.066570054751, -15.97953176706));
#853 = CARTESIAN_POINT ('', (16.2711749505824, 132.062177055056, -15.9791474293877));
#854 = CARTESIAN_POINT ('', (15.9326703820066, 132.037792550002, -15.9770140616299));
#855 = CARTESIAN_POINT ('', (15.7632856775145, 132.017681664629, -15.9752545871463));
#856 = CARTESIAN_POINT ('', (15.4276855217645, 131.961994230688, -15.9703825679756));
#857 = CARTESIAN_POINT ('', (15.2611068204222, 131.926373544916, -15.9672661617835));
#858 = CARTESIAN_POINT ('', (14.9325232299928, 131.840054790071, -15.9597142492849));
#859 = CARTESIAN_POINT ('', (14.7701607472073, 131.789284249512, -15.9552724025449));
#860 = CARTESIAN_POINT ('', (14.4513714270303, 131.673186947687, -15.9451152047693));
#861 = CARTESIAN_POINT ('', (14.2945977475625, 131.607752331706, -15.9393904176688));
#862 = CARTESIAN_POINT ('', (13.9882904605154, 131.462965153696, -15.926723180969));
#863 = CARTESIAN_POINT ('', (13.838422393259, 131.38347397476, -15.9197686039618));
#864 = CARTESIAN_POINT ('', (13.5471637644266, 131.211325305996, -15.904707547004));
#865 = CARTESIAN_POINT ('', (13.4054536687065, 131.118500518974, -15.8965864304453));
#866 = CARTESIAN_POINT ('', (13.1316665242014, 130.920547817523, -15.8792678131541));
#867 = CARTESIAN_POINT ('', (12.9992902059264, 130.815221142723, -15.8700529231422));
#868 = CARTESIAN_POINT ('', (12.7452458202774, 130.593221294693, -15.8506304531351));
#869 = CARTESIAN_POINT ('', (12.6232961224328, 130.476326608969, -15.8404034933078));
#870 = CARTESIAN_POINT ('', (12.3910822742528, 130.232240414233, -15.8190487183453));
#871 = CARTESIAN_POINT ('', (12.2805592586867, 130.104803350693, -15.8078994199725));
#872 = CARTESIAN_POINT ('', (12.0720679150781, 129.840768197692, -15.7847993373126));
#873 = CARTESIAN_POINT ('', (11.9738687012111, 129.703899849207, -15.7728249084247));
#874 = CARTESIAN_POINT ('', (11.7907916953565, 129.422203981154, -15.748179713408));
#875 = CARTESIAN_POINT ('', (11.7057058298403, 129.277089426933, -15.735483835001));
#876 = CARTESIAN_POINT ('', (11.5495035646501, 128.980166512737, -15.7095064460678));
#877 = CARTESIAN_POINT ('', (11.4782072600919, 128.828054358189, -15.6961983569604));
#878 = CARTESIAN_POINT ('', (11.3501068883037, 128.518454397987, -15.6691118702147));
#879 = CARTESIAN_POINT ('', (11.2931552712266, 128.360647240364, -15.6553055328995));
#880 = CARTESIAN_POINT ('', (11.1941495286544, 128.041010374736, -15.6273409307121));
#881 = CARTESIAN_POINT ('', (11.1519741181016, 127.878851498213, -15.6131538673262));
#882 = CARTESIAN_POINT ('', (11.0827934819498, 127.551894963535, -15.5845488770763));
#883 = CARTESIAN_POINT ('', (11.0556986769931, 127.386759418836, -15.5701013889699));
#884 = CARTESIAN_POINT ('', (11.016828752502, 127.055244330826, -15.5410975769813));
#885 = CARTESIAN_POINT ('', (11.0049889530399, 126.888522063075, -15.5265112685958));
#886 = CARTESIAN_POINT ('', (10.999675503861, 126.676273190119, -15.507941898366));
#887 = CARTESIAN_POINT ('', (10.9991064658696, 126.630745846318, -15.503958771903));
#888 = CARTESIAN_POINT ('', (10.9991099289621, 126.585222092, -15.499975959479));
#889 = B_SPLINE_CURVE_WITH_KNOTS ('', 3, (#817, #818, #819, #820, #821, #822, #823, #824, #825, #826, #827, #828, #829, #830, #831, #832, #833, #834, #835, #836, #837, #838, #839, #840, #841, #842, #843, #844, #845, #846, #847, #848, #849, #850, #851, #852, #853, #854, #855, #856, #857, #858, #859, #860, #861, #862, #863, #864, #865, #866, #867, #868, #869, #870, #871, #872, #873, #874, #875, #876, #877, #878, #879, #880, #881, #882, #883, #884, #885, #886, #887, #888), .UNSPECIFIED., .F., .U., (4, 2, 2, 2, 2, 2, 2, 2, 2, 2, 2, 2, 2, 2, 2, 2, 2, 2, 2, 2, 2, 2, 2, 2, 2, 2, 2, 2, 2, 2, 2, 2, 2, 2, 2, 4), (17.2446412311725, 17.6685992920121, 18.1791477928621, 18.6891369148867, 19.1985320955938, 19.7073459944259, 20.2155909697102, 20.7232799182581, 21.2304232773108, 21.7370261922901, 22.243093588593, 22.7486274245978, 23.2536282829326, 23.758092627853, 24.2620151820092, 24.7653898531004, 25.2682035087746, 25.7703045741093, 26.2778202026329, 26.7884698281926, 27.2984918553608, 27.8079188031195, 28.3167626667608, 28.8250379992308, 29.3327559227269, 29.8399278765648, 30.3465593714871, 30.8526550429073, 31.3582170931443, 31.8632460779431, 32.3677391108575, 32.8716902585312, 33.3750955210512, 33.877942231491, 34.3802269112003, 34.5173198545868), .UNSPECIFIED.);
#890 = EDGE_CURVE ('', #814, #816, #889, .T.);
#891 = ORIENTED_EDGE ('', *, *, #890, .T.);
#892 = CARTESIAN_POINT ('', (10.9991099289621, 126.585222092, -15.499975959479));
#893 = CARTESIAN_POINT ('', (10.9990653212816, 125.99883606285, -15.4486738294784));
#894 = CARTESIAN_POINT ('', (11.0960527450626, 125.40504098727, -15.3967234919078));
#895 = CARTESIAN_POINT ('', (11.4664560706043, 124.300707823103, -15.3001068592876));
#896 = CARTESIAN_POINT ('', (11.7418334019309, 123.775515101326, -15.2541584499658));
#897 = CARTESIAN_POINT ('', (12.4306631105984, 122.85434725967, -15.1735667066164));
#898 = CARTESIAN_POINT ('', (12.8505490656298, 122.445772165441, -15.1378210176723));
#899 = CARTESIAN_POINT ('', (13.7797373313103, 121.789442594396, -15.0803996206692));
#900 = CARTESIAN_POINT ('', (14.2987801067874, 121.532135565036, -15.0578881725547));
#901 = CARTESIAN_POINT ('', (15.1961360265286, 121.249025525811, -15.0331192535921));
#902 = CARTESIAN_POINT ('', (15.5672995256062, 121.172440827698, -15.0264189607077));
#903 = CARTESIAN_POINT ('', (16.106948870231, 121.117554053043, -15.0216169901479));
#904 = CARTESIAN_POINT ('', (16.2743827988768, 121.108173527872, -15.0207963005375));
#905 = CARTESIAN_POINT ('', (16.6112048427875, 121.104697992495, -15.0204922305923));
#906 = CARTESIAN_POINT ('', (16.7809485363783, 121.110752172532, -15.0210219027126));
#907 = CARTESIAN_POINT ('', (17.1194581471067, 121.138471958126, -15.0234470697073));
#908 = CARTESIAN_POINT ('', (17.2885792196274, 121.160242694953, -15.0253517623763));
#909 = CARTESIAN_POINT ('', (17.6235366655832, 121.219201544188, -15.0305099932989));
#910 = CARTESIAN_POINT ('', (17.7897342187006, 121.256447773078, -15.0337686160859));
#911 = CARTESIAN_POINT ('', (18.1174097338934, 121.345965378332, -15.0416003917315));
#912 = CARTESIAN_POINT ('', (18.2792438571962, 121.398314850946, -15.0461803771269));
#913 = CARTESIAN_POINT ('', (18.5968363572598, 121.517506855463, -15.056608326305));
#914 = CARTESIAN_POINT ('', (18.752940118391, 121.58446150227, -15.062466098871));
#915 = CARTESIAN_POINT ('', (19.0577713731613, 121.732216329619, -15.0753929712452));
#916 = CARTESIAN_POINT ('', (19.2068329931196, 121.813155912179, -15.0824742671498));
#917 = CARTESIAN_POINT ('', (19.4963533252543, 121.988114545847, -15.0977811641816));
#918 = CARTESIAN_POINT ('', (19.6371287759987, 122.082305476092, -15.106021802785));
#919 = CARTESIAN_POINT ('', (19.9089290124439, 122.28289279995, -15.1235709196697));
#920 = CARTESIAN_POINT ('', (20.0402508597392, 122.389491124382, -15.1328970646083));
#921 = CARTESIAN_POINT ('', (20.292077126882, 122.613927961403, -15.1525327435252));
#922 = CARTESIAN_POINT ('', (20.4128617749292, 122.731989600234, -15.1628617985202));
#923 = CARTESIAN_POINT ('', (20.6426495059524, 122.978292299441, -15.1844104924966));
#924 = CARTESIAN_POINT ('', (20.751907226881, 123.106782864166, -15.19565196028));
#925 = CARTESIAN_POINT ('', (20.9577823113045, 123.372800153267, -15.2189254573783));
#926 = CARTESIAN_POINT ('', (21.0546275415418, 123.510599601764, -15.2309813469618));
#927 = CARTESIAN_POINT ('', (21.2349215563214, 123.79402681129, -15.2557780147301));
#928 = CARTESIAN_POINT ('', (21.3185764711794, 123.939942880866, -15.2685440166443));
#929 = CARTESIAN_POINT ('', (21.471856620883, 124.238330761641, -15.2946495735456));
#930 = CARTESIAN_POINT ('', (21.5416571634965, 124.39110877018, -15.3080159173288));
#931 = CARTESIAN_POINT ('', (21.6667171027697, 124.701898920159, -15.3352065321874));
#932 = CARTESIAN_POINT ('', (21.7221212403623, 124.860231607808, -15.3490588474223));
#933 = CARTESIAN_POINT ('', (21.8179971676138, 125.180773383068, -15.377102618944));
#934 = CARTESIAN_POINT ('', (21.858587679329, 125.343312510141, -15.3913229499423));
#935 = CARTESIAN_POINT ('', (21.9245751790395, 125.670880819131, -15.4199814635092));
#936 = CARTESIAN_POINT ('', (21.9500578678021, 125.836248517257, -15.4344492624086));
#937 = CARTESIAN_POINT ('', (21.9856979019462, 126.168030061285, -15.4634763862781));
#938 = CARTESIAN_POINT ('', (21.995928168325, 126.334787022214, -15.4780657299234));
#939 = CARTESIAN_POINT ('', (21.9988983408659, 126.529392630193, -15.4950915144801));
#940 = CARTESIAN_POINT ('', (21.9991103004622, 126.557305722431, -15.497533593615));
#941 = CARTESIAN_POINT ('', (21.9991083954527, 126.585222091948, -15.4999759594744));
#942 = B_SPLINE_CURVE_WITH_KNOTS ('', 3, (#892, #893, #894, #895, #896, #897, #898, #899, #900, #901, #902, #903, #904, #905, #906, #907, #908, #909, #910, #911, #912, #913, #914, #915, #916, #917, #918, #919, #920, #921, #922, #923, #924, #925, #926, #927, #928, #929, #930, #931, #932, #933, #934, #935, #936, #937, #938, #939, #940, #941), .UNSPECIFIED., .F., .U., (4, 2, 2, 2, 2, 2, 2, 2, 2, 2, 2, 2, 2, 2, 2, 2, 2, 2, 2, 2, 2, 2, 2, 2, 4), (0., 1.76587779062823, 3.50638934129653, 5.22503726978817, 6.92356785604549, 8.04888428461759, 8.55093176401611, 9.059404620692, 9.56988574753762, 10.0798423672769, 10.5892060281915, 11.0979898268584, 11.6062046428768, 12.1138646349905, 12.6209792635442, 13.1275535925583, 13.6335926668718, 14.1390982714477, 14.6440708241709, 15.1485063584428, 15.6524003920424, 16.1557456974797, 16.6585265859923, 17.1605969353262, 17.2446412311725), .UNSPECIFIED.);
#943 = EDGE_CURVE ('', #816, #814, #942, .T.);
#944 = ORIENTED_EDGE ('', *, *, #943, .T.);
#945 = EDGE_LOOP ('', (#891, #944));
#946 = FACE_BOUND ('', #945, .T.);
#947 = CARTESIAN_POINT ('', (174.499998466491, 45.8934515465168, -8.44036079692388));
#948 = VERTEX_POINT ('', #947);
#949 = CARTESIAN_POINT ('', (163.500000000003, 45.8934515465693, -8.44036079692854));
#950 = VERTEX_POINT ('', #949);
#951 = CARTESIAN_POINT ('', (174.499998466491, 45.8934515465167, -8.44036079692388));
#952 = CARTESIAN_POINT ('', (174.499988856748, 46.0342745466586, -8.45268121299999));
#953 = CARTESIAN_POINT ('', (174.494537125625, 46.1751809422884, -8.46500892523587));
#954 = CARTESIAN_POINT ('', (174.470545793959, 46.4845760320301, -8.49207748813882));
#955 = CARTESIAN_POINT ('', (174.449525399936, 46.6531813457635, -8.5068285417007));
#956 = CARTESIAN_POINT ('', (174.391985447706, 46.9871830807905, -8.53604990711352));
#957 = CARTESIAN_POINT ('', (174.35541318234, 47.1529401717347, -8.55055177347016));
#958 = CARTESIAN_POINT ('', (174.267159690767, 47.4798253457152, -8.5791505204681));
#959 = CARTESIAN_POINT ('', (174.215402973468, 47.6413089861705, -8.59327850835282));
#960 = CARTESIAN_POINT ('', (174.097309296728, 47.9582935336578, -8.62101106277082));
#961 = CARTESIAN_POINT ('', (174.030861967056, 48.1141392688066, -8.63464579785518));
#962 = CARTESIAN_POINT ('', (173.884031764921, 48.4185500244371, -8.66127828802818));
#963 = CARTESIAN_POINT ('', (173.803509905252, 48.5674483297596, -8.6743052017621));
#964 = CARTESIAN_POINT ('', (173.629292718219, 48.8567371035066, -8.69961468995024));
#965 = CARTESIAN_POINT ('', (173.535427247806, 48.9974445390468, -8.71192499543379));
#966 = CARTESIAN_POINT ('', (173.335395270459, 49.2692046115736, -8.73570092097884));
#967 = CARTESIAN_POINT ('', (173.229027461691, 49.4005541610659, -8.74719251751864));
#968 = CARTESIAN_POINT ('', (173.004954858547, 49.6525309767979, -8.76923763236652));
#969 = CARTESIAN_POINT ('', (172.887027260129, 49.7734384370978, -8.77981566447846));
#970 = CARTESIAN_POINT ('', (172.640894461178, 50.003564196073, -8.79994905957405));
#971 = CARTESIAN_POINT ('', (172.512440849834, 50.1130383215054, -8.80952680449879));
#972 = CARTESIAN_POINT ('', (172.246400334884, 50.3194371731652, -8.82758436418377));
#973 = CARTESIAN_POINT ('', (172.108540730209, 50.4165902080323, -8.83608415336177));
#974 = CARTESIAN_POINT ('', (171.824897256774, 50.5975877515319, -8.851919386544));
#975 = CARTESIAN_POINT ('', (171.678824836739, 50.6816389325134, -8.85927291203583));
#976 = CARTESIAN_POINT ('', (171.380029669399, 50.8357946851974, -8.87275979281297));
#977 = CARTESIAN_POINT ('', (171.227000781944, 50.9060762004812, -8.87890862865572));
#978 = CARTESIAN_POINT ('', (170.915617907529, 51.0321780320139, -8.88994110936468));
#979 = CARTESIAN_POINT ('', (170.756942596412, 51.0881435975716, -8.89483746189879));
#980 = CARTESIAN_POINT ('', (170.435627425299, 51.1852160832619, -8.90333020393696));
#981 = CARTESIAN_POINT ('', (170.272656875928, 51.2264432003569, -8.90693710931263));
#982 = CARTESIAN_POINT ('', (169.94414112823, 51.2937726490129, -8.91282767279147));
#983 = CARTESIAN_POINT ('', (169.778256288355, 51.3199605615602, -8.91511881826076));
#984 = CARTESIAN_POINT ('', (169.445363250726, 51.3570770790844, -8.91836609277368));
#985 = CARTESIAN_POINT ('', (169.278010536276, 51.3680760237856, -8.91932837574578));
#986 = CARTESIAN_POINT ('', (168.941539321215, 51.3747995093203, -8.91991660450945));
#987 = CARTESIAN_POINT ('', (168.772065021621, 51.3704065096243, -8.91953226683718));
#988 = CARTESIAN_POINT ('', (168.433560453045, 51.346022004571, -8.91739889907933));
#989 = CARTESIAN_POINT ('', (168.264175748553, 51.3259111191981, -8.91563942459573));
#990 = CARTESIAN_POINT ('', (167.928575592803, 51.2702236852571, -8.91076740542506));
#991 = CARTESIAN_POINT ('', (167.761996891461, 51.2346029994849, -8.90765099923297));
#992 = CARTESIAN_POINT ('', (167.433413301032, 51.1482842446398, -8.90009908673436));
#993 = CARTESIAN_POINT ('', (167.271050818246, 51.0975137040809, -8.89565723999438));
#994 = CARTESIAN_POINT ('', (166.952261498069, 50.9814164022561, -8.88550004221878));
#995 = CARTESIAN_POINT ('', (166.795487818601, 50.9159817862744, -8.87977525511821));
#996 = CARTESIAN_POINT ('', (166.489180531554, 50.7711946082647, -8.86710801841847));
#997 = CARTESIAN_POINT ('', (166.339312464298, 50.6917034293289, -8.86015344141128));
#998 = CARTESIAN_POINT ('', (166.048053835465, 50.5195547605651, -8.84509238445339));
#999 = CARTESIAN_POINT ('', (165.906343739745, 50.426729973543, -8.83697126789476));
#1000 = CARTESIAN_POINT ('', (165.63255659524, 50.2287772720922, -8.81965265060351));
#1001 = CARTESIAN_POINT ('', (165.500180276965, 50.1234505972918, -8.8104377605916));
#1002 = CARTESIAN_POINT ('', (165.246135891316, 49.9014507492614, -8.7910152905845));
#1003 = CARTESIAN_POINT ('', (165.124186193472, 49.7845560635378, -8.78078833075726));
#1004 = CARTESIAN_POINT ('', (164.891972345291, 49.5404698688019, -8.75943355579473));
#1005 = CARTESIAN_POINT ('', (164.781449329725, 49.4130328052616, -8.74828425742193));
#1006 = CARTESIAN_POINT ('', (164.572957986117, 49.1489976522609, -8.72518417476208));
#1007 = CARTESIAN_POINT ('', (164.47475877225, 49.0121293037761, -8.71320974587415));
#1008 = CARTESIAN_POINT ('', (164.291681766395, 48.7304334357229, -8.68856455085744));
#1009 = CARTESIAN_POINT ('', (164.206595900879, 48.5853188815014, -8.67586867245045));
#1010 = CARTESIAN_POINT ('', (164.050393635689, 48.2883959673056, -8.64989128351728));
#1011 = CARTESIAN_POINT ('', (163.979097331131, 48.136283812758, -8.63658319440988));
#1012 = CARTESIAN_POINT ('', (163.850996959342, 47.8266838525561, -8.60949670766416));
#1013 = CARTESIAN_POINT ('', (163.794045342265, 47.6688766949332, -8.59569037034894));
#1014 = CARTESIAN_POINT ('', (163.695039599693, 47.3492398293049, -8.56772576816154));
#1015 = CARTESIAN_POINT ('', (163.65286418914, 47.1870809527817, -8.55353870477568));
#1016 = CARTESIAN_POINT ('', (163.583683552988, 46.8601244181042, -8.52493371452572));
#1017 = CARTESIAN_POINT ('', (163.556588748032, 46.6949888734045, -8.51048622641934));
#1018 = CARTESIAN_POINT ('', (163.517718823541, 46.3634737853945, -8.4814824144307));
#1019 = CARTESIAN_POINT ('', (163.505879024079, 46.1967515176439, -8.46689610604521));
#1020 = CARTESIAN_POINT ('', (163.5005655749, 45.984502644688, -8.44832673581544));
#1021 = CARTESIAN_POINT ('', (163.499996536908, 45.9389753008871, -8.44434360935242));
#1022 = CARTESIAN_POINT ('', (163.500000000001, 45.8934515465687, -8.44036079692843));
#1023 = B_SPLINE_CURVE_WITH_KNOTS ('', 3, (#951, #952, #953, #954, #955, #956, #957, #958, #959, #960, #961, #962, #963, #964, #965, #966, #967, #968, #969, #970, #971, #972, #973, #974, #975, #976, #977, #978, #979, #980, #981, #982, #983, #984, #985, #986, #987, #988, #989, #990, #991, #992, #993, #994, #995, #996, #997, #998, #999, #1000, #1001, #1002, #1003, #1004, #1005, #1006, #1007, #1008, #1009, #1010, #1011, #1012, #1013, #1014, #1015, #1016, #1017, #1018, #1019, #1020, #1021, #1022), .UNSPECIFIED., .F., .U., (4, 2, 2, 2, 2, 2, 2, 2, 2, 2, 2, 2, 2, 2, 2, 2, 2, 2, 2, 2, 2, 2, 2, 2, 2, 2, 2, 2, 2, 2, 2, 2, 2, 2, 2, 4), (17.2446412311726, 17.6685992920121, 18.1791477928621, 18.6891369148867, 19.1985320955938, 19.7073459944259, 20.2155909697102, 20.7232799182581, 21.2304232773108, 21.7370261922901, 22.243093588593, 22.7486274245978, 23.2536282829326, 23.758092627853, 24.2620151820092, 24.7653898531004, 25.2682035087746, 25.7703045741093, 26.2778202026329, 26.7884698281926, 27.2984918553608, 27.8079188031195, 28.3167626667608, 28.8250379992308, 29.3327559227269, 29.8399278765648, 30.3465593714871, 30.8526550429073, 31.3582170931443, 31.8632460779431, 32.3677391108575, 32.8716902585312, 33.3750955210512, 33.877942231491, 34.3802269112003, 34.5173198545868), .UNSPECIFIED.);
#1024 = EDGE_CURVE ('', #948, #950, #1023, .T.);
#1025 = ORIENTED_EDGE ('', *, *, #1024, .T.);
#1026 = CARTESIAN_POINT ('', (163.500000000001, 45.8934515465687, -8.44036079692843));
#1027 = CARTESIAN_POINT ('', (163.49995539232, 45.3070655174186, -8.38905866692788));
#1028 = CARTESIAN_POINT ('', (163.596942816101, 44.7132704418392, -8.33710832935724));
#1029 = CARTESIAN_POINT ('', (163.967346141643, 43.608937277672, -8.24049169673702));
#1030 = CARTESIAN_POINT ('', (164.24272347297, 43.083744555895, -8.19454328741527));
#1031 = CARTESIAN_POINT ('', (164.931553181637, 42.1625767142389, -8.11395154406584));
#1032 = CARTESIAN_POINT ('', (165.351439136669, 41.7540016200096, -8.07820585512178));
#1033 = CARTESIAN_POINT ('', (166.280627402349, 41.0976720489647, -8.0207844581186));
#1034 = CARTESIAN_POINT ('', (166.799670177826, 40.8403650196049, -7.99827301000412));
#1035 = CARTESIAN_POINT ('', (167.697026097567, 40.5572549803797, -7.97350409104156));
#1036 = CARTESIAN_POINT ('', (168.068189596645, 40.480670282267, -7.96680379815717));
#1037 = CARTESIAN_POINT ('', (168.60783894127, 40.4257835076118, -7.96200182759734));
#1038 = CARTESIAN_POINT ('', (168.775272869916, 40.4164029824409, -7.96118113798697));
#1039 = CARTESIAN_POINT ('', (169.112094913826, 40.4129274470633, -7.96087706804174));
#1040 = CARTESIAN_POINT ('', (169.281838607417, 40.418981627101, -7.96140674016199));
#1041 = CARTESIAN_POINT ('', (169.620348218146, 40.4467014126945, -7.96383190715678));
#1042 = CARTESIAN_POINT ('', (169.789469290666, 40.4684721495218, -7.96573659982577));
#1043 = CARTESIAN_POINT ('', (170.124426736622, 40.5274309987567, -7.97089483074835));
#1044 = CARTESIAN_POINT ('', (170.290624289739, 40.564677227647, -7.97415345353534));
#1045 = CARTESIAN_POINT ('', (170.618299804932, 40.6541948329003, -7.98198522918099));
#1046 = CARTESIAN_POINT ('', (170.780133928235, 40.7065443055152, -7.98656521457634));
#1047 = CARTESIAN_POINT ('', (171.097726428299, 40.8257363100319, -7.99699316375447));
#1048 = CARTESIAN_POINT ('', (171.25383018943, 40.8926909568387, -8.00285093632043));
#1049 = CARTESIAN_POINT ('', (171.5586614442, 41.0404457841874, -8.01577780869467));
#1050 = CARTESIAN_POINT ('', (171.707723064158, 41.121385366748, -8.02285910459923));
#1051 = CARTESIAN_POINT ('', (171.997243396293, 41.2963440004153, -8.03816600163108));
#1052 = CARTESIAN_POINT ('', (172.138018847038, 41.3905349306605, -8.04640664023448));
#1053 = CARTESIAN_POINT ('', (172.409819083483, 41.5911222545191, -8.06395575711909));
#1054 = CARTESIAN_POINT ('', (172.541140930778, 41.697720578951, -8.07328190205773));
#1055 = CARTESIAN_POINT ('', (172.792967197921, 41.9221574159721, -8.09291758097466));
#1056 = CARTESIAN_POINT ('', (172.913751845968, 42.040219054803, -8.10324663596965));
#1057 = CARTESIAN_POINT ('', (173.143539576991, 42.2865217540102, -8.12479532994609));
#1058 = CARTESIAN_POINT ('', (173.25279729792, 42.4150123187344, -8.13603679772948));
#1059 = CARTESIAN_POINT ('', (173.458672382343, 42.6810296078358, -8.15931029482771));
#1060 = CARTESIAN_POINT ('', (173.555517612581, 42.8188290563323, -8.17136618441127));
#1061 = CARTESIAN_POINT ('', (173.73581162736, 43.1022562658587, -8.19616285217957));
#1062 = CARTESIAN_POINT ('', (173.819466542218, 43.2481723354343, -8.20892885409369));
#1063 = CARTESIAN_POINT ('', (173.972746691922, 43.5465602162097, -8.23503441099503));
#1064 = CARTESIAN_POINT ('', (174.042547234535, 43.6993382247485, -8.24840075477821));
#1065 = CARTESIAN_POINT ('', (174.167607173808, 44.0101283747278, -8.27559136963689));
#1066 = CARTESIAN_POINT ('', (174.223011311401, 44.1684610623772, -8.28944368487179));
#1067 = CARTESIAN_POINT ('', (174.318887238653, 44.4890028376363, -8.31748745639339));
#1068 = CARTESIAN_POINT ('', (174.359477750368, 44.6515419647102, -8.33170778739174));
#1069 = CARTESIAN_POINT ('', (174.425465250078, 44.9791102737001, -8.36036630095867));
#1070 = CARTESIAN_POINT ('', (174.450947938841, 45.1444779718259, -8.37483409985803));
#1071 = CARTESIAN_POINT ('', (174.486587972985, 45.4762595158535, -8.40386122372754));
#1072 = CARTESIAN_POINT ('', (174.496818239364, 45.6430164767823, -8.41845056737283));
#1073 = CARTESIAN_POINT ('', (174.499788411905, 45.8376220847615, -8.43547635192955));
#1074 = CARTESIAN_POINT ('', (174.500000371501, 45.8655351770002, -8.43791843106439));
#1075 = CARTESIAN_POINT ('', (174.499998466491, 45.8934515465167, -8.44036079692388));
#1076 = B_SPLINE_CURVE_WITH_KNOTS ('', 3, (#1026, #1027, #1028, #1029, #1030, #1031, #1032, #1033, #1034, #1035, #1036, #1037, #1038, #1039, #1040, #1041, #1042, #1043, #1044, #1045, #1046, #1047, #1048, #1049, #1050, #1051, #1052, #1053, #1054, #1055, #1056, #1057, #1058, #1059, #1060, #1061, #1062, #1063, #1064, #1065, #1066, #1067, #1068, #1069, #1070, #1071, #1072, #1073, #1074, #1075), .UNSPECIFIED., .F., .U., (4, 2, 2, 2, 2, 2, 2, 2, 2, 2, 2, 2, 2, 2, 2, 2, 2, 2, 2, 2, 2, 2, 2, 2, 4), (0., 1.76587779062823, 3.50638934129653, 5.22503726978817, 6.92356785604549, 8.04888428461759, 8.55093176401611, 9.059404620692, 9.56988574753762, 10.0798423672769, 10.5892060281915, 11.0979898268584, 11.6062046428768, 12.1138646349905, 12.6209792635442, 13.1275535925583, 13.6335926668718, 14.1390982714477, 14.6440708241709, 15.1485063584428, 15.6524003920424, 16.1557456974797, 16.6585265859923, 17.1605969353262, 17.2446412311726), .UNSPECIFIED.);
#1077 = EDGE_CURVE ('', #950, #948, #1076, .T.);
#1078 = ORIENTED_EDGE ('', *, *, #1077, .T.);
#1079 = EDGE_LOOP ('', (#1025, #1078));
#1080 = FACE_BOUND ('', #1079, .T.);
#1081 = CARTESIAN_POINT ('', (174.499998466491, 126.585222091948, -15.4999759594745));
#1082 = VERTEX_POINT ('', #1081);
#1083 = CARTESIAN_POINT ('', (163.500000000003, 126.585222092002, -15.4999759594792));
#1084 = VERTEX_POINT ('', #1083);
#1085 = CARTESIAN_POINT ('', (174.499998466491, 126.585222091948, -15.4999759594745));
#1086 = CARTESIAN_POINT ('', (174.499988856747, 126.72604509209, -15.5122963755506));
#1087 = CARTESIAN_POINT ('', (174.494537125625, 126.86695148772, -15.5246240877865));
#1088 = CARTESIAN_POINT ('', (174.470545793959, 127.176346577462, -15.5516926506894));
#1089 = CARTESIAN_POINT ('', (174.449525399935, 127.344951891195, -15.5664437042513));
#1090 = CARTESIAN_POINT ('', (174.391985447706, 127.678953626222, -15.5956650696641));
#1091 = CARTESIAN_POINT ('', (174.35541318234, 127.844710717166, -15.6101669360208));
#1092 = CARTESIAN_POINT ('', (174.267159690767, 128.171595891147, -15.6387656830187));
#1093 = CARTESIAN_POINT ('', (174.215402973467, 128.333079531602, -15.6528936709034));
#1094 = CARTESIAN_POINT ('', (174.097309296728, 128.65006407909, -15.6806262253214));
#1095 = CARTESIAN_POINT ('', (174.030861967055, 128.805909814238, -15.6942609604058));
#1096 = CARTESIAN_POINT ('', (173.88403176492, 129.110320569869, -15.7208934505788));
#1097 = CARTESIAN_POINT ('', (173.803509905251, 129.259218875191, -15.7339203643127));
#1098 = CARTESIAN_POINT ('', (173.629292718219, 129.548507648938, -15.7592298525008));
#1099 = CARTESIAN_POINT ('', (173.535427247805, 129.689215084479, -15.7715401579844));
#1100 = CARTESIAN_POINT ('', (173.335395270458, 129.960975157005, -15.7953160835294));
#1101 = CARTESIAN_POINT ('', (173.229027461691, 130.092324706498, -15.8068076800692));
#1102 = CARTESIAN_POINT ('', (173.004954858547, 130.34430152223, -15.8288527949171));
#1103 = CARTESIAN_POINT ('', (172.887027260129, 130.46520898253, -15.8394308270291));
#1104 = CARTESIAN_POINT ('', (172.640894461178, 130.695334741505, -15.8595642221247));
#1105 = CARTESIAN_POINT ('', (172.512440849833, 130.804808866937, -15.8691419670494));
#1106 = CARTESIAN_POINT ('', (172.246400334884, 131.011207718597, -15.8871995267344));
#1107 = CARTESIAN_POINT ('', (172.108540730208, 131.108360753464, -15.8956993159124));
#1108 = CARTESIAN_POINT ('', (171.824897256774, 131.289358296964, -15.9115345490946));
#1109 = CARTESIAN_POINT ('', (171.678824836739, 131.373409477945, -15.9188880745864));
#1110 = CARTESIAN_POINT ('', (171.380029669398, 131.527565230629, -15.9323749553636));
#1111 = CARTESIAN_POINT ('', (171.227000781944, 131.597846745913, -15.9385237912063));
#1112 = CARTESIAN_POINT ('', (170.915617907529, 131.723948577446, -15.9495562719153));
#1113 = CARTESIAN_POINT ('', (170.756942596411, 131.779914143003, -15.9544526244494));
#1114 = CARTESIAN_POINT ('', (170.435627425299, 131.876986628694, -15.9629453664876));
#1115 = CARTESIAN_POINT ('', (170.272656875928, 131.918213745789, -15.9665522718632));
#1116 = CARTESIAN_POINT ('', (169.94414112823, 131.985543194445, -15.9724428353421));
#1117 = CARTESIAN_POINT ('', (169.778256288355, 132.011731106992, -15.9747339808114));
#1118 = CARTESIAN_POINT ('', (169.445363250726, 132.048847624516, -15.9779812553243));
#1119 = CARTESIAN_POINT ('', (169.278010536276, 132.059846569217, -15.9789435382964));
#1120 = CARTESIAN_POINT ('', (168.941539321215, 132.066570054752, -15.9795317670601));
#1121 = CARTESIAN_POINT ('', (168.772065021621, 132.062177055056, -15.9791474293878));
#1122 = CARTESIAN_POINT ('', (168.433560453045, 132.037792550003, -15.9770140616299));
#1123 = CARTESIAN_POINT ('', (168.264175748553, 132.01768166463, -15.9752545871463));
#1124 = CARTESIAN_POINT ('', (167.928575592803, 131.961994230689, -15.9703825679757));
#1125 = CARTESIAN_POINT ('', (167.761996891461, 131.926373544917, -15.9672661617836));
#1126 = CARTESIAN_POINT ('', (167.433413301031, 131.840054790071, -15.959714249285));
#1127 = CARTESIAN_POINT ('', (167.271050818246, 131.789284249513, -15.955272402545));
#1128 = CARTESIAN_POINT ('', (166.952261498069, 131.673186947688, -15.9451152047694));
#1129 = CARTESIAN_POINT ('', (166.795487818601, 131.607752331706, -15.9393904176688));
#1130 = CARTESIAN_POINT ('', (166.489180531554, 131.462965153696, -15.9267231809691));
#1131 = CARTESIAN_POINT ('', (166.339312464297, 131.383473974761, -15.9197686039619));
#1132 = CARTESIAN_POINT ('', (166.048053835465, 131.211325305997, -15.904707547004));
#1133 = CARTESIAN_POINT ('', (165.906343739745, 131.118500518975, -15.8965864304454));
#1134 = CARTESIAN_POINT ('', (165.63255659524, 130.920547817524, -15.8792678131541));
#1135 = CARTESIAN_POINT ('', (165.500180276965, 130.815221142723, -15.8700529231422));
#1136 = CARTESIAN_POINT ('', (165.246135891316, 130.593221294693, -15.8506304531351));
#1137 = CARTESIAN_POINT ('', (165.124186193471, 130.476326608969, -15.8404034933079));
#1138 = CARTESIAN_POINT ('', (164.891972345291, 130.232240414234, -15.8190487183453));
#1139 = CARTESIAN_POINT ('', (164.781449329725, 130.104803350693, -15.8078994199725));
#1140 = CARTESIAN_POINT ('', (164.572957986116, 129.840768197693, -15.7847993373127));
#1141 = CARTESIAN_POINT ('', (164.474758772249, 129.703899849208, -15.7728249084248));
#1142 = CARTESIAN_POINT ('', (164.291681766395, 129.422203981155, -15.748179713408));
#1143 = CARTESIAN_POINT ('', (164.206595900879, 129.277089426933, -15.7354838350011));
#1144 = CARTESIAN_POINT ('', (164.050393635688, 128.980166512737, -15.7095064460679));
#1145 = CARTESIAN_POINT ('', (163.97909733113, 128.82805435819, -15.6961983569605));
#1146 = CARTESIAN_POINT ('', (163.850996959342, 128.518454397988, -15.6691118702148));
#1147 = CARTESIAN_POINT ('', (163.794045342265, 128.360647240365, -15.6553055328995));
#1148 = CARTESIAN_POINT ('', (163.695039599693, 128.041010374737, -15.6273409307121));
#1149 = CARTESIAN_POINT ('', (163.65286418914, 127.878851498213, -15.6131538673263));
#1150 = CARTESIAN_POINT ('', (163.583683552988, 127.551894963536, -15.5845488770763));
#1151 = CARTESIAN_POINT ('', (163.556588748031, 127.386759418836, -15.57010138897));
#1152 = CARTESIAN_POINT ('', (163.51771882354, 127.055244330826, -15.5410975769813));
#1153 = CARTESIAN_POINT ('', (163.505879024078, 126.888522063076, -15.5265112685958));
#1154 = CARTESIAN_POINT ('', (163.500565574899, 126.67627319012, -15.5079418983661));
#1155 = CARTESIAN_POINT ('', (163.499996536908, 126.630745846319, -15.503958771903));
#1156 = CARTESIAN_POINT ('', (163.5, 126.585222092, -15.499975959479));
#1157 = B_SPLINE_CURVE_WITH_KNOTS ('', 3, (#1085, #1086, #1087, #1088, #1089, #1090, #1091, #1092, #1093, #1094, #1095, #1096, #1097, #1098, #1099, #1100, #1101, #1102, #1103, #1104, #1105, #1106, #1107, #1108, #1109, #1110, #1111, #1112, #1113, #1114, #1115, #1116, #1117, #1118, #1119, #1120, #1121, #1122, #1123, #1124, #1125, #1126, #1127, #1128, #1129, #1130, #1131, #1132, #1133, #1134, #1135, #1136, #1137, #1138, #1139, #1140, #1141, #1142, #1143, #1144, #1145, #1146, #1147, #1148, #1149, #1150, #1151, #1152, #1153, #1154, #1155, #1156), .UNSPECIFIED., .F., .U., (4, 2, 2, 2, 2, 2, 2, 2, 2, 2, 2, 2, 2, 2, 2, 2, 2, 2, 2, 2, 2, 2, 2, 2, 2, 2, 2, 2, 2, 2, 2, 2, 2, 2, 2, 4), (17.2446412311726, 17.6685992920121, 18.1791477928621, 18.6891369148867, 19.1985320955938, 19.7073459944259, 20.2155909697102, 20.7232799182581, 21.2304232773108, 21.7370261922901, 22.243093588593, 22.7486274245978, 23.2536282829326, 23.758092627853, 24.2620151820092, 24.7653898531004, 25.2682035087746, 25.7703045741093, 26.2778202026329, 26.7884698281926, 27.2984918553608, 27.8079188031195, 28.3167626667608, 28.8250379992308, 29.3327559227269, 29.8399278765648, 30.3465593714871, 30.8526550429073, 31.3582170931443, 31.8632460779431, 32.3677391108575, 32.8716902585312, 33.3750955210512, 33.877942231491, 34.3802269112003, 34.5173198545868), .UNSPECIFIED.);
#1158 = EDGE_CURVE ('', #1082, #1084, #1157, .T.);
#1159 = ORIENTED_EDGE ('', *, *, #1158, .T.);
#1160 = CARTESIAN_POINT ('', (163.5, 126.585222092, -15.499975959479));
#1161 = CARTESIAN_POINT ('', (163.49995539232, 125.99883606285, -15.4486738294785));
#1162 = CARTESIAN_POINT ('', (163.596942816101, 125.405040987271, -15.3967234919078));
#1163 = CARTESIAN_POINT ('', (163.967346141643, 124.300707823104, -15.3001068592876));
#1164 = CARTESIAN_POINT ('', (164.242723472969, 123.775515101327, -15.2541584499659));
#1165 = CARTESIAN_POINT ('', (164.931553181637, 122.854347259671, -15.1735667066164));
#1166 = CARTESIAN_POINT ('', (165.351439136668, 122.445772165441, -15.1378210176724));
#1167 = CARTESIAN_POINT ('', (166.280627402349, 121.789442594396, -15.0803996206692));
#1168 = CARTESIAN_POINT ('', (166.799670177826, 121.532135565037, -15.0578881725547));
#1169 = CARTESIAN_POINT ('', (167.697026097567, 121.249025525811, -15.0331192535922));
#1170 = CARTESIAN_POINT ('', (168.068189596645, 121.172440827699, -15.0264189607078));
#1171 = CARTESIAN_POINT ('', (168.607838941269, 121.117554053044, -15.0216169901479));
#1172 = CARTESIAN_POINT ('', (168.775272869915, 121.108173527873, -15.0207963005376));
#1173 = CARTESIAN_POINT ('', (169.112094913826, 121.104697992495, -15.0204922305924));
#1174 = CARTESIAN_POINT ('', (169.281838607417, 121.110752172533, -15.0210219027126));
#1175 = CARTESIAN_POINT ('', (169.620348218145, 121.138471958126, -15.0234470697074));
#1176 = CARTESIAN_POINT ('', (169.789469290666, 121.160242694954, -15.0253517623764));
#1177 = CARTESIAN_POINT ('', (170.124426736621, 121.219201544188, -15.030509993299));
#1178 = CARTESIAN_POINT ('', (170.290624289739, 121.256447773079, -15.0337686160859));
#1179 = CARTESIAN_POINT ('', (170.618299804932, 121.345965378332, -15.0416003917316));
#1180 = CARTESIAN_POINT ('', (170.780133928235, 121.398314850947, -15.046180377127));
#1181 = CARTESIAN_POINT ('', (171.097726428298, 121.517506855464, -15.0566083263051));
#1182 = CARTESIAN_POINT ('', (171.253830189429, 121.58446150227, -15.0624660988711));
#1183 = CARTESIAN_POINT ('', (171.5586614442, 121.732216329619, -15.0753929712453));
#1184 = CARTESIAN_POINT ('', (171.707723064158, 121.81315591218, -15.0824742671498));
#1185 = CARTESIAN_POINT ('', (171.997243396293, 121.988114545847, -15.0977811641817));
#1186 = CARTESIAN_POINT ('', (172.138018847037, 122.082305476092, -15.1060218027851));
#1187 = CARTESIAN_POINT ('', (172.409819083482, 122.282892799951, -15.1235709196697));
#1188 = CARTESIAN_POINT ('', (172.541140930777, 122.389491124383, -15.1328970646083));
#1189 = CARTESIAN_POINT ('', (172.79296719792, 122.613927961404, -15.1525327435253));
#1190 = CARTESIAN_POINT ('', (172.913751845968, 122.731989600235, -15.1628617985203));
#1191 = CARTESIAN_POINT ('', (173.143539576991, 122.978292299442, -15.1844104924967));
#1192 = CARTESIAN_POINT ('', (173.252797297919, 123.106782864166, -15.1956519602801));
#1193 = CARTESIAN_POINT ('', (173.458672382343, 123.372800153268, -15.2189254573783));
#1194 = CARTESIAN_POINT ('', (173.55551761258, 123.510599601764, -15.2309813469619));
#1195 = CARTESIAN_POINT ('', (173.73581162736, 123.79402681129, -15.2557780147302));
#1196 = CARTESIAN_POINT ('', (173.819466542218, 123.939942880866, -15.2685440166443));
#1197 = CARTESIAN_POINT ('', (173.972746691921, 124.238330761641, -15.2946495735456));
#1198 = CARTESIAN_POINT ('', (174.042547234535, 124.39110877018, -15.3080159173288));
#1199 = CARTESIAN_POINT ('', (174.167607173808, 124.70189892016, -15.3352065321875));
#1200 = CARTESIAN_POINT ('', (174.223011311401, 124.860231607809, -15.3490588474224));
#1201 = CARTESIAN_POINT ('', (174.318887238652, 125.180773383068, -15.377102618944));
#1202 = CARTESIAN_POINT ('', (174.359477750367, 125.343312510142, -15.3913229499423));
#1203 = CARTESIAN_POINT ('', (174.425465250078, 125.670880819132, -15.4199814635093));
#1204 = CARTESIAN_POINT ('', (174.45094793884, 125.836248517258, -15.4344492624086));
#1205 = CARTESIAN_POINT ('', (174.486587972984, 126.168030061285, -15.4634763862781));
#1206 = CARTESIAN_POINT ('', (174.496818239363, 126.334787022214, -15.4780657299234));
#1207 = CARTESIAN_POINT ('', (174.499788411904, 126.529392630193, -15.4950915144802));
#1208 = CARTESIAN_POINT ('', (174.5000003715, 126.557305722432, -15.497533593615));
#1209 = CARTESIAN_POINT ('', (174.499998466491, 126.585222091948, -15.4999759594745));
#1210 = B_SPLINE_CURVE_WITH_KNOTS ('', 3, (#1160, #1161, #1162, #1163, #1164, #1165, #1166, #1167, #1168, #1169, #1170, #1171, #1172, #1173, #1174, #1175, #1176, #1177, #1178, #1179, #1180, #1181, #1182, #1183, #1184, #1185, #1186, #1187, #1188, #1189, #1190, #1191, #1192, #1193, #1194, #1195, #1196, #1197, #1198, #1199, #1200, #1201, #1202, #1203, #1204, #1205, #1206, #1207, #1208, #1209), .UNSPECIFIED., .F., .U., (4, 2, 2, 2, 2, 2, 2, 2, 2, 2, 2, 2, 2, 2, 2, 2, 2, 2, 2, 2, 2, 2, 2, 2, 4), (0., 1.76587779062823, 3.50638934129653, 5.22503726978817, 6.92356785604549, 8.04888428461759, 8.55093176401611, 9.059404620692, 9.56988574753762, 10.0798423672769, 10.5892060281915, 11.0979898268584, 11.6062046428768, 12.1138646349905, 12.6209792635442, 13.1275535925583, 13.6335926668718, 14.1390982714477, 14.6440708241709, 15.1485063584428, 15.6524003920424, 16.1557456974797, 16.6585265859923, 17.1605969353262, 17.2446412311726), .UNSPECIFIED.);
#1211 = EDGE_CURVE ('', #1084, #1082, #1210, .T.);
#1212 = ORIENTED_EDGE ('', *, *, #1211, .T.);
#1213 = EDGE_LOOP ('', (#1159, #1212));
#1214 = FACE_BOUND ('', #1213, .T.);
#1215 = CARTESIAN_POINT ('', (34.6076936210797, 24.2740469533156, -6.5489079828411));
#1216 = VERTEX_POINT ('', #1215);
#1217 = CARTESIAN_POINT ('', (23.6076951545894, 24.2740469533679, -6.54890798284573));
#1218 = VERTEX_POINT ('', #1217);
#1219 = CARTESIAN_POINT ('', (34.6076936210797, 24.2740469533156, -6.5489079828411));
#1220 = CARTESIAN_POINT ('', (34.6076840113361, 24.4148699534574, -6.5612283989172));
#1221 = CARTESIAN_POINT ('', (34.6022322802133, 24.5557763490872, -6.57355611115309));
#1222 = CARTESIAN_POINT ('', (34.5782409485477, 24.8651714388289, -6.60062467405604));
#1223 = CARTESIAN_POINT ('', (34.5572205545239, 25.0337767525623, -6.61537572761792));
#1224 = CARTESIAN_POINT ('', (34.4996806022942, 25.3677784875894, -6.64459709303074));
#1225 = CARTESIAN_POINT ('', (34.4631083369284, 25.5335355785336, -6.65909895938737));
#1226 = CARTESIAN_POINT ('', (34.3748548453557, 25.860420752514, -6.68769770638532));
#1227 = CARTESIAN_POINT ('', (34.323098128056, 26.0219043929693, -6.70182569427004));
#1228 = CARTESIAN_POINT ('', (34.2050044513162, 26.3388889404567, -6.72955824868803));
#1229 = CARTESIAN_POINT ('', (34.1385571216441, 26.4947346756055, -6.7431929837724));
#1230 = CARTESIAN_POINT ('', (33.9917269195089, 26.799145431236, -6.76982547394539));
#1231 = CARTESIAN_POINT ('', (33.9112050598402, 26.9480437365585, -6.78285238767931));
#1232 = CARTESIAN_POINT ('', (33.7369878728077, 27.2373325103055, -6.80816187586746));
#1233 = CARTESIAN_POINT ('', (33.6431224023939, 27.3780399458456, -6.820472181351));
#1234 = CARTESIAN_POINT ('', (33.4430904250469, 27.6498000183724, -6.84424810689605));
#1235 = CARTESIAN_POINT ('', (33.3367226162798, 27.7811495678648, -6.85573970343586));
#1236 = CARTESIAN_POINT ('', (33.1126500131356, 28.0331263835967, -6.87778481828373));
#1237 = CARTESIAN_POINT ('', (32.9947224147176, 28.1540338438967, -6.88836285039567));
#1238 = CARTESIAN_POINT ('', (32.7485896157667, 28.3841596028718, -6.90849624549127));
#1239 = CARTESIAN_POINT ('', (32.620136004422, 28.4936337283042, -6.918073990416));
#1240 = CARTESIAN_POINT ('', (32.3540954894724, 28.7000325799641, -6.93613155010099));
#1241 = CARTESIAN_POINT ('', (32.2162358847971, 28.7971856148312, -6.94463133927898));
#1242 = CARTESIAN_POINT ('', (31.9325924113625, 28.9781831583308, -6.96046657246122));
#1243 = CARTESIAN_POINT ('', (31.7865199913275, 29.0622343393122, -6.96782009795305));
#1244 = CARTESIAN_POINT ('', (31.4877248239868, 29.2163900919962, -6.98130697873019));
#1245 = CARTESIAN_POINT ('', (31.3346959365326, 29.28667160728, -6.98745581457293));
#1246 = CARTESIAN_POINT ('', (31.0233130621176, 29.4127734388128, -6.9984882952819));
#1247 = CARTESIAN_POINT ('', (30.8646377509998, 29.4687390043705, -7.00338464781601));
#1248 = CARTESIAN_POINT ('', (30.5433225798875, 29.5658114900608, -7.01187738985418));
#1249 = CARTESIAN_POINT ('', (30.3803520305165, 29.6070386071558, -7.01548429522984));
#1250 = CARTESIAN_POINT ('', (30.0518362828186, 29.6743680558118, -7.02137485870869));
#1251 = CARTESIAN_POINT ('', (29.8859514429437, 29.7005559683591, -7.02366600417798));
#1252 = CARTESIAN_POINT ('', (29.5530584053147, 29.7376724858833, -7.0269132786909));
#1253 = CARTESIAN_POINT ('', (29.3857056908642, 29.7486714305845, -7.027875561663));
#1254 = CARTESIAN_POINT ('', (29.0492344758035, 29.7553949161191, -7.02846379042666));
#1255 = CARTESIAN_POINT ('', (28.8797601762093, 29.7510019164232, -7.02807945275439));
#1256 = CARTESIAN_POINT ('', (28.5412556076335, 29.7266174113699, -7.02594608499654));
#1257 = CARTESIAN_POINT ('', (28.3718709031415, 29.706506525997, -7.02418661051295));
#1258 = CARTESIAN_POINT ('', (28.0362707473915, 29.650819092056, -7.01931459134227));
#1259 = CARTESIAN_POINT ('', (27.8696920460492, 29.6151984062837, -7.01619818515018));
#1260 = CARTESIAN_POINT ('', (27.5411084556197, 29.5288796514386, -7.00864627265157));
#1261 = CARTESIAN_POINT ('', (27.3787459728343, 29.4781091108797, -7.0042044259116));
#1262 = CARTESIAN_POINT ('', (27.0599566526572, 29.362011809055, -6.99404722813599));
#1263 = CARTESIAN_POINT ('', (26.9031829731895, 29.2965771930733, -6.98832244103543));
#1264 = CARTESIAN_POINT ('', (26.5968756861423, 29.1517900150635, -6.97565520433568));
#1265 = CARTESIAN_POINT ('', (26.447007618886, 29.0722988361277, -6.9687006273285));
#1266 = CARTESIAN_POINT ('', (26.1557489900536, 28.9001501673639, -6.95363957037061));
#1267 = CARTESIAN_POINT ('', (26.0140388943335, 28.8073253803418, -6.94551845381198));
#1268 = CARTESIAN_POINT ('', (25.7402517498284, 28.609372678891, -6.92819983652073));
#1269 = CARTESIAN_POINT ('', (25.6078754315534, 28.5040460040906, -6.91898494650882));
#1270 = CARTESIAN_POINT ('', (25.3538310459044, 28.2820461560603, -6.89956247650172));
#1271 = CARTESIAN_POINT ('', (25.2318813480598, 28.1651514703366, -6.88933551667448));
#1272 = CARTESIAN_POINT ('', (24.9996674998797, 27.9210652756008, -6.86798074171195));
#1273 = CARTESIAN_POINT ('', (24.8891444843137, 27.7936282120605, -6.85683144333915));
#1274 = CARTESIAN_POINT ('', (24.6806531407051, 27.5295930590597, -6.83373136067929));
#1275 = CARTESIAN_POINT ('', (24.582453926838, 27.3927247105749, -6.82175693179137));
#1276 = CARTESIAN_POINT ('', (24.3993769209835, 27.1110288425218, -6.79711173677465));
#1277 = CARTESIAN_POINT ('', (24.3142910554673, 26.9659142883002, -6.78441585836767));
#1278 = CARTESIAN_POINT ('', (24.1580887902771, 26.6689913741045, -6.7584384694345));
#1279 = CARTESIAN_POINT ('', (24.0867924857188, 26.5168792195569, -6.7451303803271));
#1280 = CARTESIAN_POINT ('', (23.9586921139307, 26.2072792593549, -6.71804389358138));
#1281 = CARTESIAN_POINT ('', (23.9017404968536, 26.0494721017321, -6.70423755626616));
#1282 = CARTESIAN_POINT ('', (23.8027347542814, 25.7298352361037, -6.67627295407875));
#1283 = CARTESIAN_POINT ('', (23.7605593437286, 25.5676763595806, -6.6620858906929));
#1284 = CARTESIAN_POINT ('', (23.6913787075767, 25.240719824903, -6.63348090044293));
#1285 = CARTESIAN_POINT ('', (23.66428390262, 25.0755842802034, -6.61903341233656));
#1286 = CARTESIAN_POINT ('', (23.625413978129, 24.7440691921933, -6.59002960034792));
#1287 = CARTESIAN_POINT ('', (23.6135741786669, 24.5773469244428, -6.57544329196243));
#1288 = CARTESIAN_POINT ('', (23.6082607294879, 24.3650980514868, -6.55687392173266));
#1289 = CARTESIAN_POINT ('', (23.6076916914965, 24.319570707686, -6.55289079526964));
#1290 = CARTESIAN_POINT ('', (23.6076951545891, 24.2740469533675, -6.54890798284564));
#1291 = B_SPLINE_CURVE_WITH_KNOTS ('', 3, (#1219, #1220, #1221, #1222, #1223, #1224, #1225, #1226, #1227, #1228, #1229, #1230, #1231, #1232, #1233, #1234, #1235, #1236, #1237, #1238, #1239, #1240, #1241, #1242, #1243, #1244, #1245, #1246, #1247, #1248, #1249, #1250, #1251, #1252, #1253, #1254, #1255, #1256, #1257, #1258, #1259, #1260, #1261, #1262, #1263, #1264, #1265, #1266, #1267, #1268, #1269, #1270, #1271, #1272, #1273, #1274, #1275, #1276, #1277, #1278, #1279, #1280, #1281, #1282, #1283, #1284, #1285, #1286, #1287, #1288, #1289, #1290), .UNSPECIFIED., .F., .U., (4, 2, 2, 2, 2, 2, 2, 2, 2, 2, 2, 2, 2, 2, 2, 2, 2, 2, 2, 2, 2, 2, 2, 2, 2, 2, 2, 2, 2, 2, 2, 2, 2, 2, 2, 4), (17.2446412311726, 17.6685992920121, 18.1791477928621, 18.6891369148867, 19.1985320955938, 19.7073459944259, 20.2155909697102, 20.7232799182581, 21.2304232773108, 21.7370261922901, 22.243093588593, 22.7486274245978, 23.2536282829326, 23.758092627853, 24.2620151820092, 24.7653898531004, 25.2682035087746, 25.7703045741093, 26.2778202026329, 26.7884698281926, 27.2984918553608, 27.8079188031195, 28.3167626667608, 28.8250379992308, 29.3327559227269, 29.8399278765648, 30.3465593714871, 30.8526550429073, 31.3582170931443, 31.8632460779431, 32.3677391108575, 32.8716902585312, 33.3750955210512, 33.877942231491, 34.3802269112003, 34.5173198545868), .UNSPECIFIED.);
#1292 = EDGE_CURVE ('', #1216, #1218, #1291, .T.);
#1293 = ORIENTED_EDGE ('', *, *, #1292, .T.);
#1294 = CARTESIAN_POINT ('', (23.6076951545891, 24.2740469533675, -6.54890798284564));
#1295 = CARTESIAN_POINT ('', (23.6076505469086, 23.6876609242174, -6.4976058528451));
#1296 = CARTESIAN_POINT ('', (23.7046379706896, 23.0938658486381, -6.44565551527446));
#1297 = CARTESIAN_POINT ('', (24.0750412962312, 21.9895326844708, -6.34903888265424));
#1298 = CARTESIAN_POINT ('', (24.3504186275579, 21.4643399626938, -6.30309047333249));
#1299 = CARTESIAN_POINT ('', (25.0392483362253, 20.5431721210378, -6.22249872998306));
#1300 = CARTESIAN_POINT ('', (25.4591342912568, 20.1345970268084, -6.186753041039));
#1301 = CARTESIAN_POINT ('', (26.3883225569373, 19.4782674557635, -6.12933164403582));
#1302 = CARTESIAN_POINT ('', (26.9073653324144, 19.2209604264037, -6.10682019592134));
#1303 = CARTESIAN_POINT ('', (27.8047212521555, 18.9378503871785, -6.08205127695878));
#1304 = CARTESIAN_POINT ('', (28.1758847512332, 18.8612656890659, -6.07535098407438));
#1305 = CARTESIAN_POINT ('', (28.715534095858, 18.8063789144107, -6.07054901351456));
#1306 = CARTESIAN_POINT ('', (28.8829680245038, 18.7969983892397, -6.06972832390418));
#1307 = CARTESIAN_POINT ('', (29.2197900684145, 18.7935228538621, -6.06942425395896));
#1308 = CARTESIAN_POINT ('', (29.3895337620053, 18.7995770338998, -6.0699539260792));
#1309 = CARTESIAN_POINT ('', (29.7280433727337, 18.8272968194933, -6.072379093074));
#1310 = CARTESIAN_POINT ('', (29.8971644452544, 18.8490675563206, -6.07428378574299));
#1311 = CARTESIAN_POINT ('', (30.2321218912101, 18.9080264055555, -6.07944201666557));
#1312 = CARTESIAN_POINT ('', (30.3983194443276, 18.9452726344458, -6.08270063945256));
#1313 = CARTESIAN_POINT ('', (30.7259949595204, 19.0347902396992, -6.0905324150982));
#1314 = CARTESIAN_POINT ('', (30.8878290828232, 19.087139712314, -6.09511240049356));
#1315 = CARTESIAN_POINT ('', (31.2054215828867, 19.2063317168308, -6.10554034967169));
#1316 = CARTESIAN_POINT ('', (31.3615253440179, 19.2732863636375, -6.11139812223765));
#1317 = CARTESIAN_POINT ('', (31.6663565987883, 19.4210411909863, -6.12432499461188));
#1318 = CARTESIAN_POINT ('', (31.8154182187466, 19.5019807735469, -6.13140629051644));
#1319 = CARTESIAN_POINT ('', (32.1049385508813, 19.6769394072141, -6.1467131875483));
#1320 = CARTESIAN_POINT ('', (32.2457140016257, 19.7711303374593, -6.1549538261517));
#1321 = CARTESIAN_POINT ('', (32.5175142380709, 19.9717176613179, -6.1725029430363));
#1322 = CARTESIAN_POINT ('', (32.6488360853661, 20.0783159857499, -6.18182908797495));
#1323 = CARTESIAN_POINT ('', (32.900662352509, 20.302752822771, -6.20146476689188));
#1324 = CARTESIAN_POINT ('', (33.0214470005562, 20.4208144616018, -6.21179382188686));
#1325 = CARTESIAN_POINT ('', (33.2512347315793, 20.6671171608091, -6.2333425158633));
#1326 = CARTESIAN_POINT ('', (33.360492452508, 20.7956077255333, -6.24458398364669));
#1327 = CARTESIAN_POINT ('', (33.5663675369315, 21.0616250146346, -6.26785748074493));
#1328 = CARTESIAN_POINT ('', (33.6632127671688, 21.1994244631312, -6.27991337032848));
#1329 = CARTESIAN_POINT ('', (33.8435067819483, 21.4828516726575, -6.30471003809679));
#1330 = CARTESIAN_POINT ('', (33.9271616968064, 21.6287677422331, -6.3174760400109));
#1331 = CARTESIAN_POINT ('', (34.08044184651, 21.9271556230086, -6.34358159691224));
#1332 = CARTESIAN_POINT ('', (34.1502423891235, 22.0799336315473, -6.35694794069543));
#1333 = CARTESIAN_POINT ('', (34.2753023283966, 22.3907237815266, -6.3841385555541));
#1334 = CARTESIAN_POINT ('', (34.3307064659892, 22.5490564691761, -6.397990870789));
#1335 = CARTESIAN_POINT ('', (34.4265823932407, 22.8695982444351, -6.42603464231061));
#1336 = CARTESIAN_POINT ('', (34.4671729049559, 23.032137371509, -6.44025497330895));
#1337 = CARTESIAN_POINT ('', (34.5331604046665, 23.3597056804989, -6.46891348687588));
#1338 = CARTESIAN_POINT ('', (34.558643093429, 23.5250733786247, -6.48338128577525));
#1339 = CARTESIAN_POINT ('', (34.5942831275731, 23.8568549226524, -6.51240840964476));
#1340 = CARTESIAN_POINT ('', (34.604513393952, 24.0236118835811, -6.52699775329004));
#1341 = CARTESIAN_POINT ('', (34.6074835664929, 24.2182174915603, -6.54402353784676));
#1342 = CARTESIAN_POINT ('', (34.6076955260892, 24.2461305837991, -6.54646561698161));
#1343 = CARTESIAN_POINT ('', (34.6076936210797, 24.2740469533156, -6.5489079828411));
#1344 = B_SPLINE_CURVE_WITH_KNOTS ('', 3, (#1294, #1295, #1296, #1297, #1298, #1299, #1300, #1301, #1302, #1303, #1304, #1305, #1306, #1307, #1308, #1309, #1310, #1311, #1312, #1313, #1314, #1315, #1316, #1317, #1318, #1319, #1320, #1321, #1322, #1323, #1324, #1325, #1326, #1327, #1328, #1329, #1330, #1331, #1332, #1333, #1334, #1335, #1336, #1337, #1338, #1339, #1340, #1341, #1342, #1343), .UNSPECIFIED., .F., .U., (4, 2, 2, 2, 2, 2, 2, 2, 2, 2, 2, 2, 2, 2, 2, 2, 2, 2, 2, 2, 2, 2, 2, 2, 4), (0., 1.76587779062823, 3.50638934129653, 5.22503726978817, 6.92356785604549, 8.04888428461759, 8.55093176401611, 9.059404620692, 9.56988574753762, 10.0798423672769, 10.5892060281915, 11.0979898268584, 11.6062046428768, 12.1138646349905, 12.6209792635442, 13.1275535925583, 13.6335926668718, 14.1390982714477, 14.6440708241709, 15.1485063584428, 15.6524003920424, 16.1557456974797, 16.6585265859923, 17.1605969353262, 17.2446412311726), .UNSPECIFIED.);
#1345 = EDGE_CURVE ('', #1218, #1216, #1344, .T.);
#1346 = ORIENTED_EDGE ('', *, *, #1345, .T.);
#1347 = EDGE_LOOP ('', (#1293, #1346));
#1348 = FACE_BOUND ('', #1347, .T.);
#1349 = CARTESIAN_POINT ('', (169.851313373374, 90.2808566210869, -12.3237555442717));
#1350 = VERTEX_POINT ('', #1349);
#1351 = CARTESIAN_POINT ('', (173.78717165665, 88.2639221801218, -12.1472966456155));
#1352 = VERTEX_POINT ('', #1351);
#1353 = CARTESIAN_POINT ('', (169.851313373373, 90.2808566210864, -12.3237555442716));
#1354 = CARTESIAN_POINT ('', (173.78717165665, 88.2639221801218, -12.1472966456155));
#1355 = B_SPLINE_CURVE_WITH_KNOTS ('', 1, (#1353, #1354), .UNSPECIFIED., .F., .U., (2, 2), (117.489750102095, 121.915825418682), .UNSPECIFIED.);
#1356 = EDGE_CURVE ('', #1350, #1352, #1355, .T.);
#1357 = ORIENTED_EDGE ('', *, *, #1356, .F.);
#1358 = CARTESIAN_POINT ('', (158.999999999998, 107.998047919422, -13.8738089323964));
#1359 = VERTEX_POINT ('', #1358);
#1360 = CARTESIAN_POINT ('', (158.999999999997, 107.998047919422, -13.8738089323963));
#1361 = CARTESIAN_POINT ('', (158.999999999997, 95.8416228116413, -12.8102595464635));
#1362 = CARTESIAN_POINT ('', (169.851313373373, 90.2808566210863, -12.3237555442716));
#1363 = (
   BOUNDED_CURVE ()
   B_SPLINE_CURVE (2, (#1360, #1361, #1362), .UNSPECIFIED., .F., .U.)
   B_SPLINE_CURVE_WITH_KNOTS ((3, 3), (0., 1.0956885031182), .UNSPECIFIED.)
   CURVE ()
   GEOMETRIC_REPRESENTATION_ITEM ()
   RATIONAL_B_SPLINE_CURVE ((1., 0.853649322418512, 1.))
   REPRESENTATION_ITEM ('')
);
#1364 = EDGE_CURVE ('', #1359, #1350, #1363, .T.);
#1365 = ORIENTED_EDGE ('', *, *, #1364, .F.);
#1366 = CARTESIAN_POINT ('', (159., 126.585222092002, -15.4999759594792));
#1367 = VERTEX_POINT ('', #1366);
#1368 = CARTESIAN_POINT ('', (158.999999999997, 126.585222092, -15.499975959479));
#1369 = CARTESIAN_POINT ('', (158.999999999997, 107.998047919422, -13.8738089323963));
#1370 = B_SPLINE_CURVE_WITH_KNOTS ('', 1, (#1368, #1369), .UNSPECIFIED., .F., .U., (2, 2), (97.8315759437873, 116.489750102095), .UNSPECIFIED.);
#1371 = EDGE_CURVE ('', #1367, #1359, #1370, .T.);
#1372 = ORIENTED_EDGE ('', *, *, #1371, .F.);
#1373 = CARTESIAN_POINT ('', (159.192088462541, 128.528407364, -15.6699826419094));
#1374 = VERTEX_POINT ('', #1373);
#1375 = CARTESIAN_POINT ('', (158.999999999998, 126.585222092, -15.499975959479));
#1376 = CARTESIAN_POINT ('', (158.999999999998, 127.56623680843, -15.5858036259186));
#1377 = CARTESIAN_POINT ('', (159.192088462539, 128.528407363998, -15.6699826419092));
#1378 = (
   BOUNDED_CURVE ()
   B_SPLINE_CURVE (2, (#1375, #1376, #1377), .UNSPECIFIED., .F., .U.)
   B_SPLINE_CURVE_WITH_KNOTS ((3, 3), (0., 0.196319432809454), .UNSPECIFIED.)
   CURVE ()
   GEOMETRIC_REPRESENTATION_ITEM ()
   RATIONAL_B_SPLINE_CURVE ((1., 0.99518620211111, 1.))
   REPRESENTATION_ITEM ('')
);
#1379 = EDGE_CURVE ('', #1367, #1374, #1378, .T.);
#1380 = ORIENTED_EDGE ('', *, *, #1379, .T.);
#1381 = CARTESIAN_POINT ('', (154.295766555017, 134.499999999999, -16.192429300756));
#1382 = VERTEX_POINT ('', #1381);
#1383 = CARTESIAN_POINT ('', (159.192088462539, 128.528407363998, -15.6699826419117));
#1384 = CARTESIAN_POINT ('', (159.256120400617, 128.849143157389, -15.6980433878204));
#1385 = CARTESIAN_POINT ('', (159.320676676373, 129.500074888537, -15.754992535025));
#1386 = CARTESIAN_POINT ('', (159.258070135401, 130.151177182421, -15.8119566045355));
#1387 = CARTESIAN_POINT ('', (159.131950831676, 130.792339711085, -15.8680510572711));
#1388 = CARTESIAN_POINT ('', (158.943762457786, 131.417554464914, -15.9227502605002));
#1389 = CARTESIAN_POINT ('', (158.638029047945, 131.994805409392, -15.9732531741517));
#1390 = CARTESIAN_POINT ('', (158.277728577654, 132.538230262248, -16.0207966882548));
#1391 = CARTESIAN_POINT ('', (157.866781653423, 133.042897481709, -16.0649493488107));
#1392 = CARTESIAN_POINT ('', (157.365829981979, 133.459046360899, -16.1013576580788));
#1393 = CARTESIAN_POINT ('', (156.890704712841, 133.780678609701, -16.1294968336732));
#1394 = CARTESIAN_POINT ('', (156.460322268727, 134.027376851316, -16.1510801331263));
#1395 = CARTESIAN_POINT ('', (155.99799762491, 134.207803556382, -16.1668654244169));
#1396 = CARTESIAN_POINT ('', (155.523389110515, 134.353297546875, -16.1795944991961));
#1397 = CARTESIAN_POINT ('', (155.039214126395, 134.463023512104, -16.1891942772481));
#1398 = CARTESIAN_POINT ('', (154.544056335983, 134.499999999997, -16.1924293007558));
#1399 = CARTESIAN_POINT ('', (154.295766555015, 134.499999999997, -16.1924293007558));
#1400 = B_SPLINE_CURVE_WITH_KNOTS ('', 3, (#1383, #1384, #1385, #1386, #1387, #1388, #1389, #1390, #1391, #1392, #1393, #1394, #1395, #1396, #1397, #1398, #1399), .UNSPECIFIED., .F., .U., (4, 1, 2, 1, 2, 1, 2, 1, 2, 1, 4), (0., 0.0358289971803904, 0.0716579943607808, 0.107414401357314, 0.143170808353846, 0.178774398349426, 0.214377988345005, 0.241481289824759, 0.268584591304512, 0.295688567880393, 0.322792544456275), .UNSPECIFIED.);
#1401 = EDGE_CURVE ('', #1374, #1382, #1400, .T.);
#1402 = ORIENTED_EDGE ('', *, *, #1401, .T.);
#1403 = CARTESIAN_POINT ('', (148.156088913242, 134.499999999999, -16.192429300756));
#1404 = VERTEX_POINT ('', #1403);
#1405 = CARTESIAN_POINT ('', (148.15608891324, 134.499999999997, -16.1924293007558));
#1406 = CARTESIAN_POINT ('', (154.295766555015, 134.499999999997, -16.1924293007558));
#1407 = B_SPLINE_CURVE_WITH_KNOTS ('', 1, (#1405, #1406), .UNSPECIFIED., .F., .U., (2, 2), (-1.16420222564531, -0.940614724867262), .UNSPECIFIED.);
#1408 = EDGE_CURVE ('', #1404, #1382, #1407, .T.);
#1409 = ORIENTED_EDGE ('', *, *, #1408, .F.);
#1410 = CARTESIAN_POINT ('', (142.093911086752, 134.499999999999, -16.192429300756));
#1411 = VERTEX_POINT ('', #1410);
#1412 = CARTESIAN_POINT ('', (142.093911086749, 134.499999999998, -16.1924293007558));
#1413 = CARTESIAN_POINT ('', (142.12940974277, 134.561485475826, -16.1978085828623));
#1414 = CARTESIAN_POINT ('', (142.204110624753, 134.682205643534, -16.2083702289957));
#1415 = CARTESIAN_POINT ('', (142.326770379082, 134.855946963528, -16.2235706248811));
#1416 = CARTESIAN_POINT ('', (142.459688066762, 135.021798923678, -16.2380807912178));
#1417 = CARTESIAN_POINT ('', (142.659245217454, 135.242065924293, -16.2573516567204));
#1418 = CARTESIAN_POINT ('', (142.838127614625, 135.404601639436, -16.2715716892136));
#1419 = CARTESIAN_POINT ('', (142.972540737333, 135.509912431714, -16.2807851896848));
#1420 = CARTESIAN_POINT ('', (143.028429635272, 135.553124935592, -16.2845657938967));
#1421 = CARTESIAN_POINT ('', (143.160333511476, 135.650130376334, -16.2930526702619));
#1422 = CARTESIAN_POINT ('', (143.306387665083, 135.742545627006, -16.3011379570326));
#1423 = CARTESIAN_POINT ('', (143.407964506274, 135.799897876448, -16.3061556286865));
#1424 = CARTESIAN_POINT ('', (143.479095284457, 135.839692560943, -16.3096372124484));
#1425 = CARTESIAN_POINT ('', (143.607123207492, 135.906194420285, -16.3154553712442));
#1426 = CARTESIAN_POINT ('', (143.801449899166, 135.992384977931, -16.3229960679412));
#1427 = CARTESIAN_POINT ('', (143.997201839626, 136.065422372673, -16.3293860119946));
#1428 = CARTESIAN_POINT ('', (144.128105458939, 136.10572477717, -16.3329120155009));
#1429 = CARTESIAN_POINT ('', (144.197609886687, 136.124901353696, -16.3345897485522));
#1430 = CARTESIAN_POINT ('', (144.204466409855, 136.126781831504, -16.3347542690423));
#1431 = CARTESIAN_POINT ('', (144.280762813292, 136.147456353978, -16.3365630553827));
#1432 = CARTESIAN_POINT ('', (144.424129066165, 136.181349747601, -16.339528343093));
#1433 = CARTESIAN_POINT ('', (144.636276372784, 136.217941574505, -16.3427297131248));
#1434 = CARTESIAN_POINT ('', (144.850083489592, 136.241380963279, -16.3447803939226));
#1435 = CARTESIAN_POINT ('', (145.143286143044, 136.255455926211, -16.3460117936186));
#1436 = CARTESIAN_POINT ('', (145.372914932476, 136.244600989556, -16.3450621097181));
#1437 = CARTESIAN_POINT ('', (145.529993315494, 136.226496868605, -16.3434782043718));
#1438 = CARTESIAN_POINT ('', (145.60101749107, 136.218069048318, -16.3427408656384));
#1439 = CARTESIAN_POINT ('', (145.727857484302, 136.199461813477, -16.3411129435303));
#1440 = CARTESIAN_POINT ('', (145.923180457719, 136.159791259889, -16.3376422198155));
#1441 = CARTESIAN_POINT ('', (146.122795480897, 136.107014786861, -16.3330248767247));
#1442 = CARTESIAN_POINT ('', (146.411490020951, 136.011553727751, -16.3246731162444));
#1443 = CARTESIAN_POINT ('', (146.642736138908, 135.908502690793, -16.315657318746));
#1444 = CARTESIAN_POINT ('', (146.802703542353, 135.821754308604, -16.3080678187252));
#1445 = CARTESIAN_POINT ('', (146.86489637665, 135.787329048234, -16.3050559987039));
#1446 = CARTESIAN_POINT ('', (146.953762944594, 135.735547927279, -16.3005257376358));
#1447 = CARTESIAN_POINT ('', (147.0997966317, 135.641627321029, -16.2923087493174));
#1448 = CARTESIAN_POINT ('', (147.288826894482, 135.505515861144, -16.2804005396015));
#1449 = CARTESIAN_POINT ('', (147.458156575034, 135.362433292196, -16.2678824368704));
#1450 = CARTESIAN_POINT ('', (147.566883312161, 135.257740136663, -16.2587229726125));
#1451 = CARTESIAN_POINT ('', (147.617858115482, 135.206958223715, -16.2542801309174));
#1452 = CARTESIAN_POINT ('', (147.661714073167, 135.162034239591, -16.2503497915862));
#1453 = CARTESIAN_POINT ('', (147.758102599353, 135.057935801843, -16.2412423583925));
#1454 = CARTESIAN_POINT ('', (147.873126301118, 134.920883821792, -16.2292518638243));
#1455 = CARTESIAN_POINT ('', (147.951727400125, 134.814779616014, -16.2199689486662));
#1456 = CARTESIAN_POINT ('', (148.024226484154, 134.711815719248, -16.2109607749468));
#1457 = CARTESIAN_POINT ('', (148.089406826969, 134.61294840219, -16.202311005511));
#1458 = CARTESIAN_POINT ('', (148.136650407532, 134.533668479509, -16.1953749110312));
#1459 = CARTESIAN_POINT ('', (148.156088913241, 134.499999999998, -16.1924293007558));
#1460 = B_SPLINE_CURVE_WITH_KNOTS ('', 3, (#1412, #1413, #1414, #1415, #1416, #1417, #1418, #1419, #1420, #1421, #1422, #1423, #1424, #1425, #1426, #1427, #1428, #1429, #1430, #1431, #1432, #1433, #1434, #1435, #1436, #1437, #1438, #1439, #1440, #1441, #1442, #1443, #1444, #1445, #1446, #1447, #1448, #1449, #1450, #1451, #1452, #1453, #1454, #1455, #1456, #1457, #1458, #1459), .UNSPECIFIED., .F., .U., (4, 1, 1, 1, 1, 1, 2, 1, 1, 2, 1, 1, 1, 2, 1, 1, 1, 1, 1, 1, 1, 2, 1, 1, 1, 1, 1, 2, 1, 1, 1, 1, 2, 1, 1, 1, 2, 1, 4), (0., 0.00777871976589113, 0.0155574395317823, 0.0233225910039668, 0.0310877424761513, 0.0481350872714137, 0.049718155305451, 0.055840678447094, 0.0675928635116475, 0.0686203262326684, 0.0765228967329115, 0.0844254672331547, 0.0919062957168165, 0.0993871242004784, 0.0997751085098261, 0.100163092819174, 0.108015601994967, 0.11586811117076, 0.123715470000122, 0.131562828829484, 0.147999717964769, 0.148802274594756, 0.155796454379936, 0.162790634165115, 0.170589869350491, 0.178389104535867, 0.19606591362854, 0.19820112158614, 0.203801412691257, 0.209401703796373, 0.217134028211457, 0.229216790055185, 0.233567227483829, 0.237045833203069, 0.240524438922308, 0.249905594547221, 0.259286750172135, 0.269319790981344, 0.279352831790553), .UNSPECIFIED.);
#1461 = EDGE_CURVE ('', #1411, #1404, #1460, .T.);
#1462 = ORIENTED_EDGE ('', *, *, #1461, .F.);
#1463 = CARTESIAN_POINT ('', (141.464068682389, 134.499999999999, -16.192429300756));
#1464 = VERTEX_POINT ('', #1463);
#1465 = CARTESIAN_POINT ('', (141.464068682387, 134.499999999997, -16.1924293007558));
#1466 = CARTESIAN_POINT ('', (142.09391108675, 134.499999999997, -16.1924293007558));
#1467 = B_SPLINE_CURVE_WITH_KNOTS ('', 1, (#1465, #1466), .UNSPECIFIED., .F., .U., (2, 2), (-1.30371014596528, -1.28077329206313), .UNSPECIFIED.);
#1468 = EDGE_CURVE ('', #1464, #1411, #1467, .T.);
#1469 = ORIENTED_EDGE ('', *, *, #1468, .F.);
#1470 = CARTESIAN_POINT ('', (140.969201727762, 134.071461158806, -16.1549370102712));
#1471 = VERTEX_POINT ('', #1470);
#1472 = CARTESIAN_POINT ('', (140.96920172776, 134.071461158805, -16.154937010271));
#1473 = CARTESIAN_POINT ('', (141.031084789257, 134.500000000006, -16.1924293007566));
#1474 = CARTESIAN_POINT ('', (141.464068682397, 134.499999999997, -16.1924293007558));
#1475 = (
   BOUNDED_CURVE ()
   B_SPLINE_CURVE (2, (#1472, #1473, #1474), .UNSPECIFIED., .F., .U.)
   B_SPLINE_CURVE_WITH_KNOTS ((3, 3), (-1.4273829074357, 0.), .UNSPECIFIED.)
   CURVE ()
   GEOMETRIC_REPRESENTATION_ITEM ()
   RATIONAL_B_SPLINE_CURVE ((1., 0.75595050022933, 1.))
   REPRESENTATION_ITEM ('')
);
#1476 = EDGE_CURVE ('', #1471, #1464, #1475, .T.);
#1477 = ORIENTED_EDGE ('', *, *, #1476, .F.);
#1478 = CARTESIAN_POINT ('', (135.030798272236, 134.071461158806, -16.1549370102712));
#1479 = VERTEX_POINT ('', #1478);
#1480 = CARTESIAN_POINT ('', (135.030798272234, 134.071461158805, -16.154937010271));
#1481 = CARTESIAN_POINT ('', (135.402096641211, 131.500228111649, -15.9299832673619));
#1482 = CARTESIAN_POINT ('', (137.999999999997, 131.500228111649, -15.9299832673619));
#1483 = CARTESIAN_POINT ('', (140.597903358783, 131.500228111649, -15.9299832673619));
#1484 = CARTESIAN_POINT ('', (140.96920172776, 134.071461158805, -16.154937010271));
#1485 = (
   BOUNDED_CURVE ()
   B_SPLINE_CURVE (2, (#1480, #1481, #1482, #1483, #1484), .UNSPECIFIED., .F., .U.)
   B_SPLINE_CURVE_WITH_KNOTS ((3, 2, 3), (-1.42738290741342, 1.41264777653305E-12, 1.42738290741627), .UNSPECIFIED.)
   CURVE ()
   GEOMETRIC_REPRESENTATION_ITEM ()
   RATIONAL_B_SPLINE_CURVE ((1., 0.755950500236186, 1., 0.755950500236203, 1.))
   REPRESENTATION_ITEM ('')
);
#1486 = EDGE_CURVE ('', #1479, #1471, #1485, .T.);
#1487 = ORIENTED_EDGE ('', *, *, #1486, .F.);
#1488 = CARTESIAN_POINT ('', (134.535931317609, 134.499999999999, -16.192429300756));
#1489 = VERTEX_POINT ('', #1488);
#1490 = CARTESIAN_POINT ('', (134.535931317601, 134.499999999997, -16.1924293007558));
#1491 = CARTESIAN_POINT ('', (134.968915210737, 134.500000000003, -16.1924293007563));
#1492 = CARTESIAN_POINT ('', (135.030798272234, 134.071461158805, -16.154937010271));
#1493 = (
   BOUNDED_CURVE ()
   B_SPLINE_CURVE (2, (#1490, #1491, #1492), .UNSPECIFIED., .F., .U.)
   B_SPLINE_CURVE_WITH_KNOTS ((3, 3), (0., 1.42738290742801), .UNSPECIFIED.)
   CURVE ()
   GEOMETRIC_REPRESENTATION_ITEM ()
   RATIONAL_B_SPLINE_CURVE ((1., 0.755950500231942, 1.))
   REPRESENTATION_ITEM ('')
);
#1494 = EDGE_CURVE ('', #1489, #1479, #1493, .T.);
#1495 = ORIENTED_EDGE ('', *, *, #1494, .F.);
#1496 = CARTESIAN_POINT ('', (46.4641016151369, 134.499999999999, -16.192429300756));
#1497 = VERTEX_POINT ('', #1496);
#1498 = CARTESIAN_POINT ('', (46.4641016151363, 134.499999999997, -16.1924293007558));
#1499 = CARTESIAN_POINT ('', (134.535931317607, 134.499999999997, -16.1924293007558));
#1500 = B_SPLINE_CURVE_WITH_KNOTS ('', 1, (#1498, #1499), .UNSPECIFIED., .F., .U., (2, 2), (-4.7633063088062, -1.55601083808929), .UNSPECIFIED.);
#1501 = EDGE_CURVE ('', #1497, #1489, #1500, .T.);
#1502 = ORIENTED_EDGE ('', *, *, #1501, .F.);
#1503 = CARTESIAN_POINT ('', (45.9692299558315, 134.071428571428, -16.154934159245));
#1504 = VERTEX_POINT ('', #1503);
#1505 = CARTESIAN_POINT ('', (45.969229955831, 134.071428571426, -16.1549341592447));
#1506 = CARTESIAN_POINT ('', (46.0310889132452, 134.500000000005, -16.1924293007564));
#1507 = CARTESIAN_POINT ('', (46.4641016151447, 134.499999999997, -16.1924293007558));
#1508 = (
   BOUNDED_CURVE ()
   B_SPLINE_CURVE (2, (#1505, #1506, #1507), .UNSPECIFIED., .F., .U.)
   B_SPLINE_CURVE_WITH_KNOTS ((3, 3), (-1.4274487579062, 0.), .UNSPECIFIED.)
   CURVE ()
   GEOMETRIC_REPRESENTATION_ITEM ()
   RATIONAL_B_SPLINE_CURVE ((1., 0.755928946013022, 1.))
   REPRESENTATION_ITEM ('')
);
#1509 = EDGE_CURVE ('', #1504, #1497, #1508, .T.);
#1510 = ORIENTED_EDGE ('', *, *, #1509, .F.);
#1511 = CARTESIAN_POINT ('', (45.0139283652676, 132.27646845321, -15.99789549742));
#1512 = VERTEX_POINT ('', #1511);
#1513 = CARTESIAN_POINT ('', (45.0139283652671, 132.276468453208, -15.9978954974198));
#1514 = CARTESIAN_POINT ('', (45.0668881037869, 132.3244358948, -16.0020921047774));
#1515 = CARTESIAN_POINT ('', (45.1691934626282, 132.424011232729, -16.0108038180129));
#1516 = CARTESIAN_POINT ('', (45.3113303292145, 132.583494050463, -16.0247567565918));
#1517 = CARTESIAN_POINT ('', (45.4601376064347, 132.776588699229, -16.0416503493463));
#1518 = CARTESIAN_POINT ('', (45.5699889934724, 132.947694454705, -16.0566201632144));
#1519 = CARTESIAN_POINT ('', (45.6339285126759, 133.063580608273, -16.0667588879113));
#1520 = CARTESIAN_POINT ('', (45.6681655650245, 133.127911388171, -16.0723871018682));
#1521 = CARTESIAN_POINT ('', (45.7055177801954, 133.201905013091, -16.0788607052218));
#1522 = CARTESIAN_POINT ('', (45.7719013002047, 133.347794093608, -16.0916243458992));
#1523 = CARTESIAN_POINT ('', (45.8388931859021, 133.522425183997, -16.1069025866074));
#1524 = CARTESIAN_POINT ('', (45.8776915020157, 133.649868193064, -16.1180524051464));
#1525 = CARTESIAN_POINT ('', (45.9144657567575, 133.784512842652, -16.1298322855898));
#1526 = CARTESIAN_POINT ('', (45.9456928128287, 133.921756844079, -16.1418395798516));
#1527 = CARTESIAN_POINT ('', (45.9629247861032, 134.027745074153, -16.1511123484502));
#1528 = CARTESIAN_POINT ('', (45.9692299558307, 134.071428571426, -16.1549341592448));
#1529 = B_SPLINE_CURVE_WITH_KNOTS ('', 3, (#1513, #1514, #1515, #1516, #1517, #1518, #1519, #1520, #1521, #1522, #1523, #1524, #1525, #1526, #1527, #1528), .UNSPECIFIED., .F., .U., (4, 1, 1, 1, 1, 2, 1, 1, 1, 2, 1, 4), (0.00188148721487532, 0.00970724109013266, 0.01753299496539, 0.025342306153996, 0.0364848902822736, 0.0398181632219451, 0.0444492270063091, 0.0490802907906731, 0.0585863136987749, 0.0680923366068767, 0.0800187223073117, 0.0919451080077466), .UNSPECIFIED.);
#1530 = EDGE_CURVE ('', #1512, #1504, #1529, .T.);
#1531 = ORIENTED_EDGE ('', *, *, #1530, .F.);
#1532 = CARTESIAN_POINT ('', (40.0307700441669, 134.071428571428, -16.154934159245));
#1533 = VERTEX_POINT ('', #1532);
#1534 = CARTESIAN_POINT ('', (40.0307700441663, 134.071428571426, -16.1549341592447));
#1535 = CARTESIAN_POINT ('', (40.2881672185254, 132.288128636569, -15.9989156312784));
#1536 = CARTESIAN_POINT ('', (41.9833285984477, 131.677522495877, -15.9454945160886));
#1537 = CARTESIAN_POINT ('', (43.6784899783701, 131.066916355185, -15.8920734008989));
#1538 = CARTESIAN_POINT ('', (45.0139283652674, 132.276468453208, -15.9978954974198));
#1539 = (
   BOUNDED_CURVE ()
   B_SPLINE_CURVE (2, (#1534, #1535, #1536, #1537, #1538), .UNSPECIFIED., .F., .U.)
   B_SPLINE_CURVE_WITH_KNOTS ((3, 2, 3), (-1.42744875787951, -0.344741286493144, 0.735974100521479), .UNSPECIFIED.)
   CURVE ()
   GEOMETRIC_REPRESENTATION_ITEM ()
   RATIONAL_B_SPLINE_CURVE ((1., 0.857268413715435, 1., 0.857268413715448, 1.))
   REPRESENTATION_ITEM ('')
);
#1540 = EDGE_CURVE ('', #1533, #1512, #1539, .T.);
#1541 = ORIENTED_EDGE ('', *, *, #1540, .F.);
#1542 = CARTESIAN_POINT ('', (39.5358983848615, 134.499999999999, -16.192429300756));
#1543 = VERTEX_POINT ('', #1542);
#1544 = CARTESIAN_POINT ('', (39.5358983848419, 134.499999999997, -16.1924293007558));
#1545 = CARTESIAN_POINT ('', (39.9689110867509, 134.500000000014, -16.1924293007573));
#1546 = CARTESIAN_POINT ('', (40.0307700441664, 134.071428571426, -16.1549341592447));
#1547 = (
   BOUNDED_CURVE ()
   B_SPLINE_CURVE (2, (#1544, #1545, #1546), .UNSPECIFIED., .F., .U.)
   B_SPLINE_CURVE_WITH_KNOTS ((3, 3), (0., 1.42744875792818), .UNSPECIFIED.)
   CURVE ()
   GEOMETRIC_REPRESENTATION_ITEM ()
   RATIONAL_B_SPLINE_CURVE ((1., 0.755928946005848, 1.))
   REPRESENTATION_ITEM ('')
);
#1548 = EDGE_CURVE ('', #1543, #1533, #1547, .T.);
#1549 = ORIENTED_EDGE ('', *, *, #1548, .F.);
#1550 = CARTESIAN_POINT ('', (31.2033433739426, 134.499999999999, -16.192429300756));
#1551 = VERTEX_POINT ('', #1550);
#1552 = CARTESIAN_POINT ('', (31.2033433739422, 134.499999999998, -16.1924293007558));
#1553 = CARTESIAN_POINT ('', (39.5358983848609, 134.499999999998, -16.1924293007558));
#1554 = B_SPLINE_CURVE_WITH_KNOTS ('', 1, (#1552, #1553), .UNSPECIFIED., .F., .U., (2, 2), (-5.21903313124807, -4.91558802245104), .UNSPECIFIED.);
#1555 = EDGE_CURVE ('', #1551, #1543, #1554, .T.);
#1556 = ORIENTED_EDGE ('', *, *, #1555, .F.);
#1557 = CARTESIAN_POINT ('', (26.3070214664186, 128.528407364, -15.6699826419094));
#1558 = VERTEX_POINT ('', #1557);
#1559 = CARTESIAN_POINT ('', (31.2033433739422, 134.499999999998, -16.1924293007558));
#1560 = CARTESIAN_POINT ('', (30.8789507632622, 134.499999999998, -16.1924293007558));
#1561 = CARTESIAN_POINT ('', (30.2333383557748, 134.436885239653, -16.1869074747245));
#1562 = CARTESIAN_POINT ('', (29.6120254850721, 134.251049547688, -16.1706489583991));
#1563 = CARTESIAN_POINT ('', (29.0118002107232, 134.005609400653, -16.1491757279595));
#1564 = CARTESIAN_POINT ('', (28.4385287168904, 133.70294962725, -16.1226964288814));
#1565 = CARTESIAN_POINT ('', (27.9343816863209, 133.296064712279, -16.0870986114618));
#1566 = CARTESIAN_POINT ('', (27.4716544025197, 132.841472785554, -16.047326971343));
#1567 = CARTESIAN_POINT ('', (27.0550768898177, 132.343283836758, -16.0037410860295));
#1568 = CARTESIAN_POINT ('', (26.7423526347192, 131.774585117628, -15.953986395144));
#1569 = CARTESIAN_POINT ('', (26.515394862144, 131.245387393195, -15.9076875934924));
#1570 = CARTESIAN_POINT ('', (26.3527238910324, 130.769716571448, -15.8660717890196));
#1571 = CARTESIAN_POINT ('', (26.2631193564271, 130.275177184611, -15.8228051990043));
#1572 = CARTESIAN_POINT ('', (26.2110840170648, 129.775463426798, -15.7790859101878));
#1573 = CARTESIAN_POINT ('', (26.1968711665261, 129.273353335305, -15.7351569693403));
#1574 = CARTESIAN_POINT ('', (26.2578464569145, 128.774724844956, -15.6915326291238));
#1575 = CARTESIAN_POINT ('', (26.3070214664182, 128.528407363998, -15.6699826419117));
#1576 = B_SPLINE_CURVE_WITH_KNOTS ('', 3, (#1559, #1560, #1561, #1562, #1563, #1564, #1565, #1566, #1567, #1568, #1569, #1570, #1571, #1572, #1573, #1574, #1575), .UNSPECIFIED., .F., .U., (4, 1, 2, 1, 2, 1, 2, 1, 2, 1, 4), (0., 0.0354061693999383, 0.0708123387998765, 0.106222741623542, 0.141633144447207, 0.177152190638604, 0.212671236830001, 0.240196014677324, 0.267720792524646, 0.295232824084115, 0.322744855643583), .UNSPECIFIED.);
#1577 = EDGE_CURVE ('', #1551, #1558, #1576, .T.);
#1578 = ORIENTED_EDGE ('', *, *, #1577, .T.);
#1579 = CARTESIAN_POINT ('', (22.1006442774689, 118.332856032448, -14.7779874820032));
#1580 = VERTEX_POINT ('', #1579);
#1581 = CARTESIAN_POINT ('', (26.3070214664182, 128.528407363998, -15.6699826419092));
#1582 = CARTESIAN_POINT ('', (27.6025573651772, 122.039071778834, -15.1022393443927));
#1583 = CARTESIAN_POINT ('', (22.1006442774686, 118.332856032447, -14.777987482003));
#1584 = (
   BOUNDED_CURVE ()
   B_SPLINE_CURVE (2, (#1581, #1582, #1583), .UNSPECIFIED., .F., .U.)
   B_SPLINE_CURVE_WITH_KNOTS ((3, 3), (0., 1.17254475039912), .UNSPECIFIED.)
   CURVE ()
   GEOMETRIC_REPRESENTATION_ITEM ()
   RATIONAL_B_SPLINE_CURVE ((1., 0.833008806413058, 1.))
   REPRESENTATION_ITEM ('')
);
#1585 = EDGE_CURVE ('', #1558, #1580, #1584, .T.);
#1586 = ORIENTED_EDGE ('', *, *, #1585, .T.);
#1587 = CARTESIAN_POINT ('', (10.7431277590745, 110.682170554634, -14.1086392344955));
#1588 = VERTEX_POINT ('', #1587);
#1589 = CARTESIAN_POINT ('', (22.1006442774686, 118.332856032447, -14.7779874820055));
#1590 = CARTESIAN_POINT ('', (10.7431277590745, 110.682170554633, -14.1086392344954));
#1591 = B_SPLINE_CURVE_WITH_KNOTS ('', 1, (#1589, #1590), .UNSPECIFIED., .F., .U., (2, 2), (0., 13.7103682234457), .UNSPECIFIED.);
#1592 = EDGE_CURVE ('', #1580, #1588, #1591, .T.);
#1593 = ORIENTED_EDGE ('', *, *, #1592, .T.);
#1594 = CARTESIAN_POINT ('', (8.54553038072732, 106.683865562316, -13.758832874349));
#1595 = VERTEX_POINT ('', #1594);
#1596 = CARTESIAN_POINT ('', (10.7431277590744, 110.682170554633, -14.1086392344954));
#1597 = CARTESIAN_POINT ('', (8.61160140589211, 109.246326775567, -13.983019181233));
#1598 = CARTESIAN_POINT ('', (8.54553038072715, 106.683865562316, -13.7588328743489));
#1599 = (
   BOUNDED_CURVE ()
   B_SPLINE_CURVE (2, (#1596, #1597, #1598), .UNSPECIFIED., .F., .U.)
   B_SPLINE_CURVE_WITH_KNOTS ((3, 3), (0., 0.95054539614738), .UNSPECIFIED.)
   CURVE ()
   GEOMETRIC_REPRESENTATION_ITEM ()
   RATIONAL_B_SPLINE_CURVE ((1., 0.88916797324535, 1.))
   REPRESENTATION_ITEM ('')
);
#1600 = EDGE_CURVE ('', #1588, #1595, #1599, .T.);
#1601 = ORIENTED_EDGE ('', *, *, #1600, .T.);
#1602 = CARTESIAN_POINT ('', (7.23364688988307, 55.8029764100764, -9.30733188341506));
#1603 = VERTEX_POINT ('', #1602);
#1604 = CARTESIAN_POINT ('', (7.23364688988295, 55.8029764100756, -9.30733188341493));
#1605 = CARTESIAN_POINT ('', (8.54553038072726, 106.683865562316, -13.7588328743489));
#1606 = B_SPLINE_CURVE_WITH_KNOTS ('', 1, (#1604, #1605), .UNSPECIFIED., .F., .U., (2, 2), (-2.82451598749682, -0.963904789140283), .UNSPECIFIED.);
#1607 = EDGE_CURVE ('', #1603, #1595, #1606, .T.);
#1608 = ORIENTED_EDGE ('', *, *, #1607, .F.);
#1609 = CARTESIAN_POINT ('', (7.650053367494, 55.2970982438447, -9.26307327874456));
#1610 = VERTEX_POINT ('', #1609);
#1611 = CARTESIAN_POINT ('', (7.65005336749392, 55.2970982438439, -9.26307327874443));
#1612 = CARTESIAN_POINT ('', (7.22246927741912, 55.3694570733924, -9.26940385603591));
#1613 = CARTESIAN_POINT ('', (7.2336468898829, 55.8029764100757, -9.30733188341493));
#1614 = (
   BOUNDED_CURVE ()
   B_SPLINE_CURVE (2, (#1611, #1612, #1613), .UNSPECIFIED., .F., .U.)
   B_SPLINE_CURVE_WITH_KNOTS ((3, 3), (0.167638902567495, 1.59657403868828), .UNSPECIFIED.)
   CURVE ()
   GEOMETRIC_REPRESENTATION_ITEM ()
   RATIONAL_B_SPLINE_CURVE ((1., 0.755442205819565, 1.))
   REPRESENTATION_ITEM ('')
);
#1615 = EDGE_CURVE ('', #1610, #1603, #1614, .T.);
#1616 = ORIENTED_EDGE ('', *, *, #1615, .F.);
#1617 = CARTESIAN_POINT ('', (7.90985757720568, 49.437113243417, -8.75039102277589));
#1618 = VERTEX_POINT ('', #1617);
#1619 = CARTESIAN_POINT ('', (7.90985757720556, 49.4371132434164, -8.75039102277577));
#1620 = CARTESIAN_POINT ('', (10.253869830604, 50.0512719427443, -8.80412294657272));
#1621 = CARTESIAN_POINT ('', (10.1465448245003, 52.4720291992877, -9.01591176366808));
#1622 = CARTESIAN_POINT ('', (10.0392198183965, 54.892786455831, -9.22770058076345));
#1623 = CARTESIAN_POINT ('', (7.65005336749438, 55.2970982438439, -9.26307327874442));
#1624 = (
   BOUNDED_CURVE ()
   B_SPLINE_CURVE (2, (#1619, #1620, #1621, #1622, #1623), .UNSPECIFIED., .F., .U.)
   B_SPLINE_CURVE_WITH_KNOTS ((3, 2, 3), (0.25625147912117, 1.6152768828369, 2.9739537510484), .UNSPECIFIED.)
   CURVE ()
   GEOMETRIC_REPRESENTATION_ITEM ()
   RATIONAL_B_SPLINE_CURVE ((1., 0.777933789288211, 1., 0.777933789288215, 1.))
   REPRESENTATION_ITEM ('')
);
#1625 = EDGE_CURVE ('', #1618, #1610, #1624, .T.);
#1626 = ORIENTED_EDGE ('', *, *, #1625, .F.);
#1627 = CARTESIAN_POINT ('', (7.54948891361125, 48.8405826809029, -8.69820136110923));
#1628 = VERTEX_POINT ('', #1627);
#1629 = CARTESIAN_POINT ('', (7.54948891361113, 48.8405826809022, -8.69820136110911));
#1630 = CARTESIAN_POINT ('', (7.43981149425624, 49.3139556573118, -8.73961613016441));
#1631 = CARTESIAN_POINT ('', (7.90985757720564, 49.4371132434164, -8.75039102277577));
#1632 = (
   BOUNDED_CURVE ()
   B_SPLINE_CURVE (2, (#1629, #1630, #1631), .UNSPECIFIED., .F., .U.)
   B_SPLINE_CURVE_WITH_KNOTS ((3, 3), (-1.7984724886615, -0.256251479135623), .UNSPECIFIED.)
   CURVE ()
   GEOMETRIC_REPRESENTATION_ITEM ()
   RATIONAL_B_SPLINE_CURVE ((1., 0.717137165600573, 1.))
   REPRESENTATION_ITEM ('')
);
#1633 = EDGE_CURVE ('', #1628, #1618, #1632, .T.);
#1634 = ORIENTED_EDGE ('', *, *, #1633, .F.);
#1635 = CARTESIAN_POINT ('', (9.22609515495234, 44.5891538178101, -8.32624953180222));
#1636 = VERTEX_POINT ('', #1635);
#1637 = CARTESIAN_POINT ('', (9.22609515217041, 44.5891538162158, -8.32624953166267));
#1638 = CARTESIAN_POINT ('', (8.07063137987792, 46.5907419181452, -8.50136579962962));
#1639 = CARTESIAN_POINT ('', (7.54948891048451, 48.8405826801835, -8.69820136104623));
#1640 = (
   BOUNDED_CURVE ()
   B_SPLINE_CURVE (2, (#1637, #1638, #1639), .UNSPECIFIED., .F., .U.)
   B_SPLINE_CURVE_WITH_KNOTS ((3, 3), (0., 0.295107773698905), .UNSPECIFIED.)
   CURVE ()
   GEOMETRIC_REPRESENTATION_ITEM ()
   RATIONAL_B_SPLINE_CURVE ((1., 0.989133662013216, 1.))
   REPRESENTATION_ITEM ('')
);
#1641 = EDGE_CURVE ('', #1636, #1628, #1640, .T.);
#1642 = ORIENTED_EDGE ('', *, *, #1641, .F.);
#1643 = CARTESIAN_POINT ('', (15.5746800224869, 33.5930822710774, -7.36421792814446));
#1644 = VERTEX_POINT ('', #1643);
#1645 = CARTESIAN_POINT ('', (15.5746800224867, 33.5930822710769, -7.36421792814435));
#1646 = CARTESIAN_POINT ('', (9.22609515495232, 44.5891538178095, -8.3262495318021));
#1647 = B_SPLINE_CURVE_WITH_KNOTS ('', 1, (#1645, #1646), .UNSPECIFIED., .F., .U., (2, 2), (-1.81824180611331, -1.354526010176), .UNSPECIFIED.);
#1648 = EDGE_CURVE ('', #1644, #1636, #1647, .T.);
#1649 = ORIENTED_EDGE ('', *, *, #1648, .F.);
#1650 = CARTESIAN_POINT ('', (22.9774893409374, 32.1446519030056, -7.23749669102911));
#1651 = VERTEX_POINT ('', #1650);
#1652 = CARTESIAN_POINT ('', (15.5746800224867, 33.5930822710769, -7.36421792814436));
#1653 = CARTESIAN_POINT ('', (15.7368362882076, 33.3122193800827, -7.33964560917728));
#1654 = CARTESIAN_POINT ('', (16.114654931125, 32.7847439821111, -7.29349749156594));
#1655 = CARTESIAN_POINT ('', (16.5873766980192, 32.3396303092111, -7.25455509120695));
#1656 = CARTESIAN_POINT ('', (17.1015215804122, 31.9425870256249, -7.21981830496409));
#1657 = CARTESIAN_POINT ('', (17.6521622094152, 31.5974425609867, -7.18962207702951));
#1658 = CARTESIAN_POINT ('', (18.2592121095862, 31.3643591157626, -7.16922991791691));
#1659 = CARTESIAN_POINT ('', (18.8864658327914, 31.1913227666006, -7.15409119898733));
#1660 = CARTESIAN_POINT ('', (19.5279471156122, 31.080089206516, -7.14435952347631));
#1661 = CARTESIAN_POINT ('', (20.1789367367681, 31.09394169857, -7.14557145949263));
#1662 = CARTESIAN_POINT ('', (20.7266706761153, 31.1592174018288, -7.15128234353146));
#1663 = CARTESIAN_POINT ('', (21.1709450305345, 31.2428928205352, -7.15860299408406));
#1664 = CARTESIAN_POINT ('', (21.5998842063421, 31.3853447406399, -7.17106592219067));
#1665 = CARTESIAN_POINT ('', (22.0181297931891, 31.556388083842, -7.1860302756924));
#1666 = CARTESIAN_POINT ('', (22.4237742383888, 31.755234888376, -7.20342711686752));
#1667 = CARTESIAN_POINT ('', (22.7988985402711, 32.0066088748157, -7.22541949098619));
#1668 = CARTESIAN_POINT ('', (22.9774893409371, 32.1446519030049, -7.23749669103153));
#1669 = B_SPLINE_CURVE_WITH_KNOTS ('', 3, (#1652, #1653, #1654, #1655, #1656, #1657, #1658, #1659, #1660, #1661, #1662, #1663, #1664, #1665, #1666, #1667, #1668), .UNSPECIFIED., .F., .U., (4, 1, 2, 1, 2, 1, 2, 1, 2, 1, 4), (0., 0.0354988866719734, 0.0709977733439467, 0.106502015706283, 0.142006258068619, 0.177539774609901, 0.213073291151183, 0.237747285389667, 0.262421279628151, 0.287092369342245, 0.31176345905634), .UNSPECIFIED.);
#1670 = EDGE_CURVE ('', #1644, #1651, #1669, .T.);
#1671 = ORIENTED_EDGE ('', *, *, #1670, .T.);
#1672 = CARTESIAN_POINT ('', (33.301140637541, 33.3177729747566, -7.34013148575057));
#1673 = VERTEX_POINT ('', #1672);
#1674 = CARTESIAN_POINT ('', (22.977489340937, 32.1446519030051, -7.23749669102901));
#1675 = CARTESIAN_POINT ('', (27.7813081341583, 35.8577977683899, -7.56235486026789));
#1676 = CARTESIAN_POINT ('', (33.3011406375405, 33.3177729747561, -7.34013148575047));
#1677 = (
   BOUNDED_CURVE ()
   B_SPLINE_CURVE (2, (#1674, #1675, #1676), .UNSPECIFIED., .F., .U.)
   B_SPLINE_CURVE_WITH_KNOTS ((3, 3), (0., 1.09260134205808), .UNSPECIFIED.)
   CURVE ()
   GEOMETRIC_REPRESENTATION_ITEM ()
   RATIONAL_B_SPLINE_CURVE ((1., 0.85445227625079, 1.))
   REPRESENTATION_ITEM ('')
);
#1678 = EDGE_CURVE ('', #1651, #1673, #1677, .T.);
#1679 = ORIENTED_EDGE ('', *, *, #1678, .T.);
#1680 = CARTESIAN_POINT ('', (44.8109116325773, 28.0213978259587, -6.87675870245351));
#1681 = VERTEX_POINT ('', #1680);
#1682 = CARTESIAN_POINT ('', (33.3011406375406, 33.3177729747559, -7.340131485753));
#1683 = CARTESIAN_POINT ('', (44.8109116325768, 28.0213978259584, -6.87675870245343));
#1684 = B_SPLINE_CURVE_WITH_KNOTS ('', 1, (#1682, #1683), .UNSPECIFIED., .F., .U., (2, 2), (27.9097187891058, 40.5880914138272), .UNSPECIFIED.);
#1685 = EDGE_CURVE ('', #1673, #1681, #1684, .T.);
#1686 = ORIENTED_EDGE ('', *, *, #1685, .T.);
#1687 = CARTESIAN_POINT ('', (49.4393372625298, 28.2314374889263, -6.89513479185395));
#1688 = VERTEX_POINT ('', #1687);
#1689 = CARTESIAN_POINT ('', (44.8109116325547, 28.0213978259686, -6.87675870245431));
#1690 = CARTESIAN_POINT ('', (47.1840689565572, 26.9293577253781, -6.78121757353707));
#1691 = CARTESIAN_POINT ('', (49.4393372625293, 28.231437488926, -6.89513479185387));
#1692 = (
   BOUNDED_CURVE ()
   B_SPLINE_CURVE (2, (#1689, #1690, #1691), .UNSPECIFIED., .F., .U.)
   B_SPLINE_CURVE_WITH_KNOTS ((3, 3), (-1.5707963267949, -0.610817552408834), .UNSPECIFIED.)
   CURVE ()
   GEOMETRIC_REPRESENTATION_ITEM ()
   RATIONAL_B_SPLINE_CURVE ((1., 0.886999823502593, 1.))
   REPRESENTATION_ITEM ('')
);
#1693 = EDGE_CURVE ('', #1681, #1688, #1692, .T.);
#1694 = ORIENTED_EDGE ('', *, *, #1693, .T.);
#1695 = CARTESIAN_POINT ('', (54.0037623027857, 30.866709514614, -7.12569121940832));
#1696 = VERTEX_POINT ('', #1695);
#1697 = CARTESIAN_POINT ('', (54.0037623027849, 30.8667095146136, -7.12569121940822));
#1698 = CARTESIAN_POINT ('', (49.4393372625293, 28.2314374889259, -6.89513479185387));
#1699 = B_SPLINE_CURVE_WITH_KNOTS ('', 1, (#1697, #1698), .UNSPECIFIED., .F., .U., (2, 2), (-2.38989130666261, -2.19777132868841), .UNSPECIFIED.);
#1700 = EDGE_CURVE ('', #1696, #1688, #1699, .T.);
#1701 = ORIENTED_EDGE ('', *, *, #1700, .F.);
#1702 = CARTESIAN_POINT ('', (65.9422195702111, 35.8117804285934, -7.5583288647127));
#1703 = VERTEX_POINT ('', #1702);
#1704 = CARTESIAN_POINT ('', (65.9422195684825, 35.8117804349907, -7.55832886527232));
#1705 = CARTESIAN_POINT ('', (59.6453389297117, 34.124258189945, -7.41068979938321));
#1706 = CARTESIAN_POINT ('', (54.0037622994498, 30.8667095203456, -7.12569121990971));
#1707 = (
   BOUNDED_CURVE ()
   B_SPLINE_CURVE (2, (#1704, #1705, #1706), .UNSPECIFIED., .F., .U.)
   B_SPLINE_CURVE_WITH_KNOTS ((3, 3), (0., 0.262506776733472), .UNSPECIFIED.)
   CURVE ()
   GEOMETRIC_REPRESENTATION_ITEM ()
   RATIONAL_B_SPLINE_CURVE ((1., 0.991398632968019, 1.))
   REPRESENTATION_ITEM ('')
);
#1708 = EDGE_CURVE ('', #1703, #1696, #1707, .T.);
#1709 = ORIENTED_EDGE ('', *, *, #1708, .F.);
#1710 = CARTESIAN_POINT ('', (69.6800474906022, 36.8133284013086, -7.64595295830253));
#1711 = VERTEX_POINT ('', #1710);
#1712 = CARTESIAN_POINT ('', (69.6800474906013, 36.8133284013081, -7.64595295830241));
#1713 = CARTESIAN_POINT ('', (65.9422195702102, 35.8117804285929, -7.55832886471259));
#1714 = B_SPLINE_CURVE_WITH_KNOTS ('', 1, (#1712, #1713), .UNSPECIFIED., .F., .U., (2, 2), (-2.42694960233571, -2.28599190748681), .UNSPECIFIED.);
#1715 = EDGE_CURVE ('', #1711, #1703, #1714, .T.);
#1716 = ORIENTED_EDGE ('', *, *, #1715, .F.);
#1717 = CARTESIAN_POINT ('', (82.4915902231765, 38.4999999999998, -7.79351760227895));
#1718 = VERTEX_POINT ('', #1717);
#1719 = CARTESIAN_POINT ('', (82.4915902231753, 38.5000000008638, -7.79351760235448));
#1720 = CARTESIAN_POINT ('', (75.9739525461401, 38.4999186961727, -7.79351048911571));
#1721 = CARTESIAN_POINT ('', (69.6800474903757, 36.8133284021431, -7.64595295837547));
#1722 = (
   BOUNDED_CURVE ()
   B_SPLINE_CURVE (2, (#1719, #1720, #1721), .UNSPECIFIED., .F., .U.)
   B_SPLINE_CURVE_WITH_KNOTS ((3, 3), (0., 0.262762925657707), .UNSPECIFIED.)
   CURVE ()
   GEOMETRIC_REPRESENTATION_ITEM ()
   RATIONAL_B_SPLINE_CURVE ((1., 0.991381862854548, 1.))
   REPRESENTATION_ITEM ('')
);
#1723 = EDGE_CURVE ('', #1718, #1711, #1722, .T.);
#1724 = ORIENTED_EDGE ('', *, *, #1723, .F.);
#1725 = CARTESIAN_POINT ('', (91.7858983848605, 38.4999999999998, -7.79351760227895));
#1726 = VERTEX_POINT ('', #1725);
#1727 = CARTESIAN_POINT ('', (91.7858983848591, 38.4999999999993, -7.79351760227884));
#1728 = CARTESIAN_POINT ('', (82.4915902231752, 38.4999999999993, -7.79351760227884));
#1729 = B_SPLINE_CURVE_WITH_KNOTS ('', 1, (#1727, #1728), .UNSPECIFIED., .F., .U., (2, 2), (-2.80892809658325, -2.47045900185546), .UNSPECIFIED.);
#1730 = EDGE_CURVE ('', #1726, #1718, #1729, .T.);
#1731 = ORIENTED_EDGE ('', *, *, #1730, .F.);
#1732 = CARTESIAN_POINT ('', (92.2807700441659, 38.9285714285712, -7.83101274379001));
#1733 = VERTEX_POINT ('', #1732);
#1734 = CARTESIAN_POINT ('', (92.2807700441646, 38.9285714285707, -7.8310127437899));
#1735 = CARTESIAN_POINT ('', (92.2189110867518, 38.5000000000023, -7.79351760227911));
#1736 = CARTESIAN_POINT ('', (91.7858983848627, 38.4999999999993, -7.79351760227884));
#1737 = (
   BOUNDED_CURVE ()
   B_SPLINE_CURVE (2, (#1734, #1735, #1736), .UNSPECIFIED., .F., .U.)
   B_SPLINE_CURVE_WITH_KNOTS ((3, 3), (-1.42744875788245, 0.), .UNSPECIFIED.)
   CURVE ()
   GEOMETRIC_REPRESENTATION_ITEM ()
   RATIONAL_B_SPLINE_CURVE ((1., 0.755928946020769, 1.))
   REPRESENTATION_ITEM ('')
);
#1738 = EDGE_CURVE ('', #1733, #1726, #1737, .T.);
#1739 = ORIENTED_EDGE ('', *, *, #1738, .F.);
#1740 = CARTESIAN_POINT ('', (98.2192299558305, 38.9285714285712, -7.83101274379001));
#1741 = VERTEX_POINT ('', #1740);
#1742 = CARTESIAN_POINT ('', (98.2192299558292, 38.9285714285707, -7.83101274378989));
#1743 = CARTESIAN_POINT ('', (97.8480762113502, 41.4999999999992, -8.05598359285623));
#1744 = CARTESIAN_POINT ('', (95.2499999999969, 41.4999999999992, -8.05598359285624));
#1745 = CARTESIAN_POINT ('', (92.6519237886436, 41.4999999999992, -8.05598359285625));
#1746 = CARTESIAN_POINT ('', (92.2807700441645, 38.9285714285707, -7.83101274378991));
#1747 = (
   BOUNDED_CURVE ()
   B_SPLINE_CURVE (2, (#1742, #1743, #1744, #1745, #1746), .UNSPECIFIED., .F., .U.)
   B_SPLINE_CURVE_WITH_KNOTS ((3, 2, 3), (-1.42744875788838, 1.13931086787034E-12, 1.42744875789067), .UNSPECIFIED.)
   CURVE ()
   GEOMETRIC_REPRESENTATION_ITEM ()
   RATIONAL_B_SPLINE_CURVE ((1., 0.755928946018452, 1., 0.755928946018463, 1.))
   REPRESENTATION_ITEM ('')
);
#1748 = EDGE_CURVE ('', #1741, #1733, #1747, .T.);
#1749 = ORIENTED_EDGE ('', *, *, #1748, .F.);
#1750 = CARTESIAN_POINT ('', (98.7141016151359, 38.4999999999997, -7.79351760227895));
#1751 = VERTEX_POINT ('', #1750);
#1752 = CARTESIAN_POINT ('', (98.7141016151237, 38.4999999999992, -7.79351760227884));
#1753 = CARTESIAN_POINT ('', (98.281088913241, 38.5000000000087, -7.79351760227966));
#1754 = CARTESIAN_POINT ('', (98.2192299558292, 38.9285714285707, -7.83101274378989));
#1755 = (
   BOUNDED_CURVE ()
   B_SPLINE_CURVE (2, (#1752, #1753, #1754), .UNSPECIFIED., .F., .U.)
   B_SPLINE_CURVE_WITH_KNOTS ((3, 3), (0., 1.42744875786756), .UNSPECIFIED.)
   CURVE ()
   GEOMETRIC_REPRESENTATION_ITEM ()
   RATIONAL_B_SPLINE_CURVE ((1., 0.755928946025684, 1.))
   REPRESENTATION_ITEM ('')
);
#1756 = EDGE_CURVE ('', #1751, #1741, #1755, .T.);
#1757 = ORIENTED_EDGE ('', *, *, #1756, .F.);
#1758 = CARTESIAN_POINT ('', (148.785898384859, 38.4999999999999, -7.79351760227896));
#1759 = VERTEX_POINT ('', #1758);
#1760 = CARTESIAN_POINT ('', (148.785898384857, 38.4999999999994, -7.79351760227885));
#1761 = CARTESIAN_POINT ('', (98.7141016151344, 38.4999999999992, -7.79351760227884));
#1762 = B_SPLINE_CURVE_WITH_KNOTS ('', 1, (#1760, #1761), .UNSPECIFIED., .F., .U., (2, 2), (-4.78454027444062, -2.96108494788819), .UNSPECIFIED.);
#1763 = EDGE_CURVE ('', #1759, #1751, #1762, .T.);
#1764 = ORIENTED_EDGE ('', *, *, #1763, .F.);
#1765 = CARTESIAN_POINT ('', (149.280770044165, 38.9285714285714, -7.83101274379002));
#1766 = VERTEX_POINT ('', #1765);
#1767 = CARTESIAN_POINT ('', (149.280770044163, 38.9285714285708, -7.83101274378991));
#1768 = CARTESIAN_POINT ('', (149.218911086749, 38.4999999999986, -7.79351760227879));
#1769 = CARTESIAN_POINT ('', (148.785898384856, 38.4999999999994, -7.79351760227885));
#1770 = (
   BOUNDED_CURVE ()
   B_SPLINE_CURVE (2, (#1767, #1768, #1769), .UNSPECIFIED., .F., .U.)
   B_SPLINE_CURVE_WITH_KNOTS ((3, 3), (-1.42744875789141, 0.), .UNSPECIFIED.)
   CURVE ()
   GEOMETRIC_REPRESENTATION_ITEM ()
   RATIONAL_B_SPLINE_CURVE ((1., 0.755928946017802, 1.))
   REPRESENTATION_ITEM ('')
);
#1771 = EDGE_CURVE ('', #1766, #1759, #1770, .T.);
#1772 = ORIENTED_EDGE ('', *, *, #1771, .F.);
#1773 = CARTESIAN_POINT ('', (154.507543204464, 40.47572737997, -7.96637135024388));
#1774 = VERTEX_POINT ('', #1773);
#1775 = CARTESIAN_POINT ('', (154.507543204462, 40.4757273799695, -7.96637135024377));
#1776 = CARTESIAN_POINT ('', (154.460488461274, 40.5294939657852, -7.97107531697913));
#1777 = CARTESIAN_POINT ('', (154.362654881067, 40.6335018058841, -7.9801748239056));
#1778 = CARTESIAN_POINT ('', (154.205551706277, 40.7783929536578, -7.99285115678103));
#1779 = CARTESIAN_POINT ('', (154.001855134013, 40.9409621684318, -8.00707412011204));
#1780 = CARTESIAN_POINT ('', (153.803484982757, 41.0707594121667, -8.01842990749575));
#1781 = CARTESIAN_POINT ('', (153.657325658362, 41.1498340535047, -8.02534804218519));
#1782 = CARTESIAN_POINT ('', (153.594010921883, 41.18219299933, -8.02817908310855));
#1783 = CARTESIAN_POINT ('', (153.551555593657, 41.2032609396403, -8.03002228904954));
#1784 = CARTESIAN_POINT ('', (153.444374516969, 41.2533182209392, -8.03440173369011));
#1785 = CARTESIAN_POINT ('', (153.291405741282, 41.3160942060919, -8.03989392073264));
#1786 = CARTESIAN_POINT ('', (153.090023390506, 41.382600256856, -8.04571244623038));
#1787 = CARTESIAN_POINT ('', (152.856133008953, 41.4418534529494, -8.05089642916621));
#1788 = CARTESIAN_POINT ('', (152.658416726779, 41.4744226796163, -8.05374586727939));
#1789 = CARTESIAN_POINT ('', (152.529120552434, 41.4871251224064, -8.05485718702259));
#1790 = CARTESIAN_POINT ('', (152.458804212745, 41.4929959605146, -8.05537081880246));
#1791 = CARTESIAN_POINT ('', (152.367609503565, 41.498731886625, -8.05587264731193));
#1792 = CARTESIAN_POINT ('', (152.267080350038, 41.5004672180788, -8.05602446914159));
#1793 = CARTESIAN_POINT ('', (152.207508889971, 41.499713739127, -8.05595854827512));
#1794 = CARTESIAN_POINT ('', (152.125722444787, 41.4982994091749, -8.05583481043782));
#1795 = CARTESIAN_POINT ('', (151.981212182231, 41.4905350867661, -8.0551555202471));
#1796 = CARTESIAN_POINT ('', (151.80210133472, 41.4679172241131, -8.05317671367176));
#1797 = CARTESIAN_POINT ('', (151.607072280075, 41.4324422938417, -8.05007305943366));
#1798 = CARTESIAN_POINT ('', (151.467080427629, 41.397763847781, -8.04703908853465));
#1799 = CARTESIAN_POINT ('', (151.294669409989, 41.3450261990827, -8.04242514213254));
#1800 = CARTESIAN_POINT ('', (151.142086449823, 41.2906811099412, -8.03767056291437));
#1801 = CARTESIAN_POINT ('', (150.944923612751, 41.2041193509239, -8.0300973903055));
#1802 = CARTESIAN_POINT ('', (150.711082659509, 41.080699277367, -8.01929953301775));
#1803 = CARTESIAN_POINT ('', (150.508444186316, 40.9475219180929, -8.00764802384296));
#1804 = CARTESIAN_POINT ('', (150.37408863192, 40.8416563147728, -7.99838598369513));
#1805 = CARTESIAN_POINT ('', (150.318935765311, 40.7959621161338, -7.99438825932533));
#1806 = CARTESIAN_POINT ('', (150.285318510378, 40.7674802853634, -7.99189642201646));
#1807 = CARTESIAN_POINT ('', (150.198863120587, 40.6908952842309, -7.98519610262125));
#1808 = CARTESIAN_POINT ('', (150.080812593758, 40.5759950332982, -7.97514363322836));
#1809 = CARTESIAN_POINT ('', (149.938665308502, 40.4165014046342, -7.96118974881568));
#1810 = CARTESIAN_POINT ('', (149.79653347643, 40.2320668436446, -7.94505381556672));
#1811 = CARTESIAN_POINT ('', (149.697755536098, 40.0800277718751, -7.93175212037391));
#1812 = CARTESIAN_POINT ('', (149.642914112008, 39.9844034156749, -7.92338607324944));
#1813 = CARTESIAN_POINT ('', (149.608150824749, 39.9224067067186, -7.91796206403986));
#1814 = CARTESIAN_POINT ('', (149.560058089545, 39.8312011566978, -7.90998261236239));
#1815 = CARTESIAN_POINT ('', (149.48698657341, 39.6735018960399, -7.89618571480843));
#1816 = CARTESIAN_POINT ('', (149.41673749886, 39.4937451301666, -7.88045903560245));
#1817 = CARTESIAN_POINT ('', (149.356304225454, 39.2998300228305, -7.86349366202416));
#1818 = CARTESIAN_POINT ('', (149.310990862013, 39.1111930355811, -7.84699006411817));
#1819 = CARTESIAN_POINT ('', (149.289589428723, 38.9896739171681, -7.83635851885538));
#1820 = CARTESIAN_POINT ('', (149.280770044163, 38.9285714285709, -7.83101274378991));
#1821 = B_SPLINE_CURVE_WITH_KNOTS ('', 3, (#1775, #1776, #1777, #1778, #1779, #1780, #1781, #1782, #1783, #1784, #1785, #1786, #1787, #1788, #1789, #1790, #1791, #1792, #1793, #1794, #1795, #1796, #1797, #1798, #1799, #1800, #1801, #1802, #1803, #1804, #1805, #1806, #1807, #1808, #1809, #1810, #1811, #1812, #1813, #1814, #1815, #1816, #1817, #1818, #1819, #1820), .UNSPECIFIED., .F., .U., (4, 1, 1, 1, 1, 2, 1, 1, 1, 1, 1, 1, 2, 1, 1, 2, 1, 1, 1, 1, 1, 1, 1, 1, 1, 2, 1, 1, 1, 1, 1, 1, 2, 1, 1, 1, 1, 1, 4), (0.00100254201366736, 0.00882844821466418, 0.016654354415661, 0.0244619801597281, 0.0374386462192828, 0.0426076865347705, 0.0451938118209623, 0.0477799371071542, 0.0555316428807534, 0.0632833486543527, 0.0710145731057216, 0.0819641916491679, 0.0851825857412453, 0.0896533173373089, 0.0951519979226085, 0.0961799469118443, 0.104114907096131, 0.112049867280417, 0.116004943094219, 0.125892632628725, 0.127870170535626, 0.135759797981258, 0.14364942542689, 0.151523980263656, 0.164814854002545, 0.170231172904668, 0.172639197575252, 0.175047222245836, 0.182869535062018, 0.190691847878199, 0.19849828538245, 0.208434548572492, 0.210564374258282, 0.216211499548436, 0.22185862483859, 0.22964432084575, 0.237430016852909, 0.24420818062783, 0.25098634440275), .UNSPECIFIED.);
#1822 = EDGE_CURVE ('', #1774, #1766, #1821, .T.);
#1823 = ORIENTED_EDGE ('', *, *, #1822, .F.);
#1824 = CARTESIAN_POINT ('', (155.219229955829, 38.9285714285714, -7.83101274379002));
#1825 = VERTEX_POINT ('', #1824);
#1826 = CARTESIAN_POINT ('', (155.219229955827, 38.9285714285708, -7.83101274378991));
#1827 = CARTESIAN_POINT ('', (155.092370263245, 39.8074811605121, -7.90790738159727));
#1828 = CARTESIAN_POINT ('', (154.507543204463, 40.4757273799694, -7.96637135024377));
#1829 = (
   BOUNDED_CURVE ()
   B_SPLINE_CURVE (2, (#1826, #1827, #1828), .UNSPECIFIED., .F., .U.)
   B_SPLINE_CURVE_WITH_KNOTS ((3, 3), (-1.42744875792676, -0.851871734324855), .UNSPECIFIED.)
   CURVE ()
   GEOMETRIC_REPRESENTATION_ITEM ()
   RATIONAL_B_SPLINE_CURVE ((1., 0.958873911737351, 1.))
   REPRESENTATION_ITEM ('')
);
#1830 = EDGE_CURVE ('', #1825, #1774, #1829, .T.);
#1831 = ORIENTED_EDGE ('', *, *, #1830, .F.);
#1832 = CARTESIAN_POINT ('', (155.714101615135, 38.4999999999999, -7.79351760227896));
#1833 = VERTEX_POINT ('', #1832);
#1834 = CARTESIAN_POINT ('', (155.714101615097, 38.4999999999994, -7.79351760227885));
#1835 = CARTESIAN_POINT ('', (155.281088913236, 38.5000000000299, -7.79351760228152));
#1836 = CARTESIAN_POINT ('', (155.219229955827, 38.9285714285708, -7.83101274378991));
#1837 = (
   BOUNDED_CURVE ()
   B_SPLINE_CURVE (2, (#1834, #1835, #1836), .UNSPECIFIED., .F., .U.)
   B_SPLINE_CURVE_WITH_KNOTS ((3, 3), (0., 1.42744875781879), .UNSPECIFIED.)
   CURVE ()
   GEOMETRIC_REPRESENTATION_ITEM ()
   RATIONAL_B_SPLINE_CURVE ((1., 0.755928946041637, 1.))
   REPRESENTATION_ITEM ('')
);
#1838 = EDGE_CURVE ('', #1833, #1825, #1837, .T.);
#1839 = ORIENTED_EDGE ('', *, *, #1838, .F.);
#1840 = CARTESIAN_POINT ('', (159.154689614446, 44.1480162568762, -8.28765499616252));
#1841 = VERTEX_POINT ('', #1840);
#1842 = CARTESIAN_POINT ('', (155.71410161514, 38.5000000000016, -7.79351760227904));
#1843 = CARTESIAN_POINT ('', (156.02404979485, 38.5957562180245, -7.80189518581815));
#1844 = CARTESIAN_POINT ('', (156.62214912001, 38.8466526361473, -7.82384577812314));
#1845 = CARTESIAN_POINT ('', (157.16061916055, 39.2075390288119, -7.855419246302));
#1846 = CARTESIAN_POINT ('', (157.661759066234, 39.6194279678046, -7.89145485909553));
#1847 = CARTESIAN_POINT ('', (158.120573197891, 40.0785326202152, -7.93162131155341));
#1848 = CARTESIAN_POINT ('', (158.482280832859, 40.6169593415724, -7.97872754581155));
#1849 = CARTESIAN_POINT ('', (158.768788728778, 41.1490375392399, -8.02527835621669));
#1850 = CARTESIAN_POINT ('', (158.991843679892, 41.6627601547401, -8.07022326126977));
#1851 = CARTESIAN_POINT ('', (159.126182879896, 42.2062661763239, -8.11777387671638));
#1852 = CARTESIAN_POINT ('', (159.214282713643, 42.7586923848191, -8.16610490739424));
#1853 = CARTESIAN_POINT ('', (159.255656080099, 43.3161965008611, -8.21488019741689));
#1854 = CARTESIAN_POINT ('', (159.203847522854, 43.87284218644, -8.26358038450559));
#1855 = CARTESIAN_POINT ('', (159.154689614443, 44.1480162568774, -8.28765499616511));
#1856 = B_SPLINE_CURVE_WITH_KNOTS ('', 3, (#1842, #1843, #1844, #1845, #1846, #1847, #1848, #1849, #1850, #1851, #1852, #1853, #1854, #1855), .UNSPECIFIED., .F., .U., (4, 1, 2, 1, 2, 1, 2, 1, 4), (0., 0.0354190780385491, 0.0708381560770981, 0.106327423926412, 0.141816691775727, 0.172475356703818, 0.20313402163191, 0.233752614122476, 0.264371206613043), .UNSPECIFIED.);
#1857 = EDGE_CURVE ('', #1833, #1841, #1856, .T.);
#1858 = ORIENTED_EDGE ('', *, *, #1857, .T.);
#1859 = CARTESIAN_POINT ('', (159., 45.8934515465693, -8.44036079692854));
#1860 = VERTEX_POINT ('', #1859);
#1861 = CARTESIAN_POINT ('', (159.154689614444, 44.1480162568756, -8.2876549961624));
#1862 = CARTESIAN_POINT ('', (158.999999999998, 45.0139312690911, -8.36341274330807));
#1863 = CARTESIAN_POINT ('', (158.999999999998, 45.8934515465687, -8.44036079692842));
#1864 = (
   BOUNDED_CURVE ()
   B_SPLINE_CURVE (2, (#1861, #1862, #1863), .UNSPECIFIED., .F., .U.)
   B_SPLINE_CURVE_WITH_KNOTS ((3, 3), (0., 0.176119324559893), .UNSPECIFIED.)
   CURVE ()
   GEOMETRIC_REPRESENTATION_ITEM ()
   RATIONAL_B_SPLINE_CURVE ((1., 0.996125252806232, 1.))
   REPRESENTATION_ITEM ('')
);
#1865 = EDGE_CURVE ('', #1841, #1860, #1864, .T.);
#1866 = ORIENTED_EDGE ('', *, *, #1865, .T.);
#1867 = CARTESIAN_POINT ('', (170.666666666665, 55.7160637355893, -9.29972800967817));
#1868 = VERTEX_POINT ('', #1867);
#1869 = CARTESIAN_POINT ('', (158.999999999998, 45.8934515465687, -8.44036079692843));
#1870 = CARTESIAN_POINT ('', (158.999999999998, 50.5173199871774, -8.84489686711642));
#1871 = CARTESIAN_POINT ('', (162.545027756318, 53.5020142314331, -9.10602377757951));
#1872 = CARTESIAN_POINT ('', (166.090055512638, 56.4867084756888, -9.3671506880426));
#1873 = CARTESIAN_POINT ('', (170.666666666662, 55.7160637355885, -9.29972800967804));
#1874 = (
   BOUNDED_CURVE ()
   B_SPLINE_CURVE (2, (#1869, #1870, #1871, #1872, #1873), .UNSPECIFIED., .F., .U.)
   B_SPLINE_CURVE_WITH_KNOTS ((3, 2, 3), (0., 0.869122203007159, 1.73824440601432), .UNSPECIFIED.)
   CURVE ()
   GEOMETRIC_REPRESENTATION_ITEM ()
   RATIONAL_B_SPLINE_CURVE ((1., 0.907054911338891, 1., 0.907054911338886, 1.))
   REPRESENTATION_ITEM ('')
);
#1875 = EDGE_CURVE ('', #1860, #1868, #1874, .T.);
#1876 = ORIENTED_EDGE ('', *, *, #1875, .T.);
#1877 = CARTESIAN_POINT ('', (176.499999999997, 60.627369830099, -9.72941161605551));
#1878 = VERTEX_POINT ('', #1877);
#1879 = CARTESIAN_POINT ('', (170.666666666662, 55.7160637355883, -9.29972800968057));
#1880 = CARTESIAN_POINT ('', (172.954972243674, 55.3307413655382, -9.26601667049829));
#1881 = CARTESIAN_POINT ('', (174.727486121834, 56.823088487666, -9.39658012572984));
#1882 = CARTESIAN_POINT ('', (176.499999999994, 58.3154356097939, -9.52714358096138));
#1883 = CARTESIAN_POINT ('', (176.499999999994, 60.6273698300982, -9.72941161605537));
#1884 = (
   BOUNDED_CURVE ()
   B_SPLINE_CURVE (2, (#1879, #1880, #1881, #1882, #1883), .UNSPECIFIED., .F., .U.)
   B_SPLINE_CURVE_WITH_KNOTS ((3, 2, 3), (0., 0.869122203007153, 1.73824440601431), .UNSPECIFIED.)
   CURVE ()
   GEOMETRIC_REPRESENTATION_ITEM ()
   RATIONAL_B_SPLINE_CURVE ((1., 0.907054911338894, 1., 0.907054911338859, 1.))
   REPRESENTATION_ITEM ('')
);
#1885 = EDGE_CURVE ('', #1868, #1878, #1884, .T.);
#1886 = ORIENTED_EDGE ('', *, *, #1885, .T.);
#1887 = CARTESIAN_POINT ('', (176.499999999997, 73.5358983848626, -10.8587615273965));
#1888 = VERTEX_POINT ('', #1887);
#1889 = CARTESIAN_POINT ('', (176.499999999994, 73.5358983848619, -10.8587615273963));
#1890 = CARTESIAN_POINT ('', (176.499999999994, 60.6273698300983, -9.72941161605538));
#1891 = B_SPLINE_CURVE_WITH_KNOTS ('', 1, (#1889, #1890), .UNSPECIFIED., .F., .U., (2, 2), (-7.6395385608958, -7.16765541530081), .UNSPECIFIED.);
#1892 = EDGE_CURVE ('', #1888, #1878, #1891, .T.);
#1893 = ORIENTED_EDGE ('', *, *, #1892, .F.);
#1894 = CARTESIAN_POINT ('', (176.071428571425, 74.030770044168, -10.9020571874859));
#1895 = VERTEX_POINT ('', #1894);
#1896 = CARTESIAN_POINT ('', (176.071428571423, 74.030770044167, -10.9020571874857));
#1897 = CARTESIAN_POINT ('', (176.500000000002, 73.9689110867529, -10.8966452299745));
#1898 = CARTESIAN_POINT ('', (176.499999999994, 73.5358983848529, -10.8587615273955));
#1899 = (
   BOUNDED_CURVE ()
   B_SPLINE_CURVE (2, (#1896, #1897, #1898), .UNSPECIFIED., .F., .U.)
   B_SPLINE_CURVE_WITH_KNOTS ((3, 3), (0.143347568887642, 1.5707963267949), .UNSPECIFIED.)
   CURVE ()
   GEOMETRIC_REPRESENTATION_ITEM ()
   RATIONAL_B_SPLINE_CURVE ((1., 0.755928946012654, 1.))
   REPRESENTATION_ITEM ('')
);
#1900 = EDGE_CURVE ('', #1895, #1888, #1899, .T.);
#1901 = ORIENTED_EDGE ('', *, *, #1900, .F.);
#1902 = CARTESIAN_POINT ('', (176.071428571425, 79.9692299558327, -11.421605108559));
#1903 = VERTEX_POINT ('', #1902);
#1904 = CARTESIAN_POINT ('', (176.071428571421, 79.9692299558316, -11.4216051085588));
#1905 = CARTESIAN_POINT ('', (173.499999999993, 79.5980762113515, -11.3891333634917));
#1906 = CARTESIAN_POINT ('', (173.499999999994, 76.9999999999981, -11.1618311480222));
#1907 = CARTESIAN_POINT ('', (173.499999999996, 74.4019237886447, -10.9345289325527));
#1908 = CARTESIAN_POINT ('', (176.071428571424, 74.030770044167, -10.9020571874857));
#1909 = (
   BOUNDED_CURVE ()
   B_SPLINE_CURVE (2, (#1904, #1905, #1906, #1907, #1908), .UNSPECIFIED., .F., .U.)
   B_SPLINE_CURVE_WITH_KNOTS ((3, 2, 3), (0.143347568906467, 1.57079632679606, 2.99824508468565), .UNSPECIFIED.)
   CURVE ()
   GEOMETRIC_REPRESENTATION_ITEM ()
   RATIONAL_B_SPLINE_CURVE ((1., 0.755928946018455, 1., 0.755928946018449, 1.))
   REPRESENTATION_ITEM ('')
);
#1910 = EDGE_CURVE ('', #1903, #1895, #1909, .T.);
#1911 = ORIENTED_EDGE ('', *, *, #1910, .F.);
#1912 = CARTESIAN_POINT ('', (176.499999999997, 80.4641016151381, -11.4649007686484));
#1913 = VERTEX_POINT ('', #1912);
#1914 = CARTESIAN_POINT ('', (176.499999999994, 80.4641016151164, -11.4649007686464));
#1915 = CARTESIAN_POINT ('', (176.499999999976, 80.0310889132423, -11.4270170660698));
#1916 = CARTESIAN_POINT ('', (176.071428571423, 79.9692299558316, -11.4216051085588));
#1917 = (
   BOUNDED_CURVE ()
   B_SPLINE_CURVE (2, (#1914, #1915, #1916), .UNSPECIFIED., .F., .U.)
   B_SPLINE_CURVE_WITH_KNOTS ((3, 3), (-1.5707963267949, -0.143347568946592), .UNSPECIFIED.)
   CURVE ()
   GEOMETRIC_REPRESENTATION_ITEM ()
   RATIONAL_B_SPLINE_CURVE ((1., 0.755928946031903, 1.))
   REPRESENTATION_ITEM ('')
);
#1918 = EDGE_CURVE ('', #1913, #1903, #1917, .T.);
#1919 = ORIENTED_EDGE ('', *, *, #1918, .F.);
#1920 = CARTESIAN_POINT ('', (176.499999999994, 83.8346243555375, -11.7597832985892));
#1921 = VERTEX_POINT ('', #1920);
#1922 = CARTESIAN_POINT ('', (176.499999999994, 83.8346243555376, -11.7597832985892));
#1923 = CARTESIAN_POINT ('', (176.499999999994, 80.4641016151372, -11.4649007686482));
#1924 = B_SPLINE_CURVE_WITH_KNOTS ('', 1, (#1922, #1923), .UNSPECIFIED., .F., .U., (2, 2), (-7.9162528175526, -7.79304025569537), .UNSPECIFIED.);
#1925 = EDGE_CURVE ('', #1921, #1913, #1924, .T.);
#1926 = ORIENTED_EDGE ('', *, *, #1925, .F.);
#1927 = CARTESIAN_POINT ('', (175.768246612087, 86.4289553696094, -11.9867578517537));
#1928 = VERTEX_POINT ('', #1927);
#1929 = CARTESIAN_POINT ('', (176.499999999994, 83.8346243555375, -11.7597832985888));
#1930 = CARTESIAN_POINT ('', (176.499999999994, 85.2342046227949, -11.8822307056684));
#1931 = CARTESIAN_POINT ('', (175.768246612087, 86.4289553696095, -11.9867578517537));
#1932 = (
   BOUNDED_CURVE ()
   B_SPLINE_CURVE (2, (#1929, #1930, #1931), .UNSPECIFIED., .F., .U.)
   B_SPLINE_CURVE_WITH_KNOTS ((3, 3), (-0.547844251559098, -2.1538326677728E-14), .UNSPECIFIED.)
   CURVE ()
   GEOMETRIC_REPRESENTATION_ITEM ()
   RATIONAL_B_SPLINE_CURVE ((1., 0.926824661209277, 0.926824661209274))
   REPRESENTATION_ITEM ('')
);
#1933 = EDGE_CURVE ('', #1921, #1928, #1932, .T.);
#1934 = ORIENTED_EDGE ('', *, *, #1933, .T.);
#1935 = CARTESIAN_POINT ('', (175.768246612087, 86.4289553696095, -11.9867578517537));
#1936 = CARTESIAN_POINT ('', (175.036493224179, 87.6237061164241, -12.0912849978389));
#1937 = CARTESIAN_POINT ('', (173.78717165665, 88.2639221801213, -12.1472966456194));
#1938 = (
   BOUNDED_CURVE ()
   B_SPLINE_CURVE (2, (#1935, #1936, #1937), .UNSPECIFIED., .F., .U.)
   B_SPLINE_CURVE_WITH_KNOTS ((3, 3), (-2.1538326677728E-14, 0.547844251559099), .UNSPECIFIED.)
   CURVE ()
   GEOMETRIC_REPRESENTATION_ITEM ()
   RATIONAL_B_SPLINE_CURVE ((0.926824661209274, 0.926824661209271, 1.))
   REPRESENTATION_ITEM ('')
);
#1939 = EDGE_CURVE ('', #1928, #1352, #1938, .T.);
#1940 = ORIENTED_EDGE ('', *, *, #1939, .T.);
#1941 = EDGE_LOOP ('', (#1357, #1365, #1372, #1380, #1402, #1409, #1462, #1469, #1477, #1487, #1495, #1502, #1510, #1531, #1541, #1549, #1556, #1578, #1586, #1593, #1601, #1608, #1616, #1626, #1634, #1642, #1649, #1671, #1679, #1686, #1694, #1701, #1709, #1716, #1724, #1731, #1739, #1749, #1757, #1764, #1772, #1823, #1831, #1839, #1858, #1866, #1876, #1886, #1893, #1901, #1911, #1919, #1926, #1934, #1940));
#1942 = FACE_BOUND ('', #1941, .T.);
#1943 = ORIENTED_EDGE ('', *, *, #568, .T.);
#1944 = CARTESIAN_POINT ('', (168.044547416401, 104.476824071582, -13.5657417639787));
#1945 = VERTEX_POINT ('', #1944);
#1946 = CARTESIAN_POINT ('', (168.044547416401, 104.476824071581, -13.5657417639786));
#1947 = CARTESIAN_POINT ('', (168.004098214383, 104.407288037677, -13.5596581493054));
#1948 = CARTESIAN_POINT ('', (167.957878041368, 104.340784502281, -13.5538398438739));
#1949 = CARTESIAN_POINT ('', (167.855832762752, 104.216629778436, -13.5429777130143));
#1950 = CARTESIAN_POINT ('', (167.799714371368, 104.158552447605, -13.5378966049588));
#1951 = CARTESIAN_POINT ('', (167.679449386346, 104.052608710067, -13.5286277289526));
#1952 = CARTESIAN_POINT ('', (167.614946099301, 104.004371989731, -13.5244075627576));
#1953 = CARTESIAN_POINT ('', (167.479675835201, 103.919198189098, -13.5169558207728));
#1954 = CARTESIAN_POINT ('', (167.40849945904, 103.881955018463, -13.5136974655484));
#1955 = CARTESIAN_POINT ('', (167.261790476268, 103.819558574266, -13.5082384840369));
#1956 = CARTESIAN_POINT ('', (167.185807558696, 103.794170038239, -13.506017274951));
#1957 = CARTESIAN_POINT ('', (167.031485157418, 103.755953923548, -13.5026737981516));
#1958 = CARTESIAN_POINT ('', (166.952667069371, 103.742966490376, -13.5015375449807));
#1959 = CARTESIAN_POINT ('', (166.838351207477, 103.733360361824, -13.500697117632));
#1960 = CARTESIAN_POINT ('', (166.803011246067, 103.731645347628, -13.5005470733321));
#1961 = CARTESIAN_POINT ('', (166.751907451729, 103.730973517155, -13.5004882957819));
#1962 = CARTESIAN_POINT ('', (166.736132702961, 103.731014939852, -13.5004919197983));
#1963 = CARTESIAN_POINT ('', (166.639735842761, 103.732788589095, -13.5006470940001));
#1964 = CARTESIAN_POINT ('', (166.55896578245, 103.740821994806, -13.5013499259293));
#1965 = CARTESIAN_POINT ('', (166.400573019665, 103.769620357439, -13.5038694561878));
#1966 = CARTESIAN_POINT ('', (166.322428139244, 103.790434431707, -13.5056904517281));
#1967 = CARTESIAN_POINT ('', (166.171247665663, 103.844034649916, -13.5103798631838));
#1968 = CARTESIAN_POINT ('', (166.097711047371, 103.876952740467, -13.513259822932));
#1969 = CARTESIAN_POINT ('', (165.957541336179, 103.953708587392, -13.5199750893972));
#1970 = CARTESIAN_POINT ('', (165.890441106441, 103.997754720885, -13.5238286267501));
#1971 = CARTESIAN_POINT ('', (165.764728132455, 104.095456908672, -13.5323764605831));
#1972 = CARTESIAN_POINT ('', (165.705693194317, 104.149389643432, -13.5370949634675));
#1973 = CARTESIAN_POINT ('', (165.597450100963, 104.265339184465, -13.5472392338489));
#1974 = CARTESIAN_POINT ('', (165.547873855858, 104.327691511341, -13.552694355595));
#1975 = CARTESIAN_POINT ('', (165.488052349779, 104.416546627309, -13.5604681709385));
#1976 = CARTESIAN_POINT ('', (165.47307397605, 104.440197015876, -13.5625373118261));
#1977 = CARTESIAN_POINT ('', (165.458775411301, 104.464236022431, -13.5646404523821));
#1978 = B_SPLINE_CURVE_WITH_KNOTS ('', 3, (#1946, #1947, #1948, #1949, #1950, #1951, #1952, #1953, #1954, #1955, #1956, #1957, #1958, #1959, #1960, #1961, #1962, #1963, #1964, #1965, #1966, #1967, #1968, #1969, #1970, #1971, #1972, #1973, #1974, #1975, #1976, #1977), .UNSPECIFIED., .F., .U., (4, 2, 2, 2, 2, 2, 2, 2, 2, 2, 2, 2, 2, 2, 2, 4), (0., 0.242024120497876, 0.483229326561183, 0.723649377180947, 0.963305718506601, 1.20220948958194, 1.44036282636629, 1.5463750060705, 1.59368755842349, 1.83561490840734, 2.07671514483263, 2.31702386768975, 2.55656608521705, 2.79535723795668, 3.03340350605964, 3.1175504840903), .UNSPECIFIED.);
#1979 = EDGE_CURVE ('', #1945, #564, #1978, .T.);
#1980 = ORIENTED_EDGE ('', *, *, #1979, .F.);
#1981 = CARTESIAN_POINT ('', (170.402219511515, 108.529887137412, -13.920338834794));
#1982 = VERTEX_POINT ('', #1981);
#1983 = CARTESIAN_POINT ('', (168.044547416401, 104.476824071581, -13.5657417639786));
#1984 = CARTESIAN_POINT ('', (170.402219511514, 108.529887137412, -13.9203388347939));
#1985 = B_SPLINE_CURVE_WITH_KNOTS ('', 1, (#1983, #1984), .UNSPECIFIED., .F., .U., (2, 2), (0., 1.), .UNSPECIFIED.);
#1986 = EDGE_CURVE ('', #1945, #1982, #1985, .T.);
#1987 = ORIENTED_EDGE ('', *, *, #1986, .T.);
#1988 = CARTESIAN_POINT ('', (169.098328931649, 110.784096516612, -14.1175566006875));
#1989 = VERTEX_POINT ('', #1988);
#1990 = CARTESIAN_POINT ('', (169.098328931649, 110.784096516612, -14.1175566006875));
#1991 = CARTESIAN_POINT ('', (169.17902202701, 110.784489346547, -14.1175909688536));
#1992 = CARTESIAN_POINT ('', (169.260010575472, 110.778328903242, -14.1170519999021));
#1993 = CARTESIAN_POINT ('', (169.419131793173, 110.753189792926, -14.1148526127383));
#1994 = CARTESIAN_POINT ('', (169.497788765204, 110.73417438177, -14.1131889798299));
#1995 = CARTESIAN_POINT ('', (169.650264200501, 110.684040741496, -14.1088028546446));
#1996 = CARTESIAN_POINT ('', (169.724587750284, 110.652802113736, -14.1060698288515));
#1997 = CARTESIAN_POINT ('', (169.866574755353, 110.579234914774, -14.099633532935));
#1998 = CARTESIAN_POINT ('', (169.93471111628, 110.536708421749, -14.0959129468958));
#1999 = CARTESIAN_POINT ('', (170.06270689828, 110.441841251741, -14.0876131449793));
#2000 = CARTESIAN_POINT ('', (170.122995723333, 110.389233041512, -14.0830105229759));
#2001 = CARTESIAN_POINT ('', (170.233919922497, 110.275700504713, -14.0730777130646));
#2002 = CARTESIAN_POINT ('', (170.284931749428, 110.214448339404, -14.0677188429837));
#2003 = CARTESIAN_POINT ('', (170.350977170223, 110.120986952675, -14.0595420311675));
#2004 = CARTESIAN_POINT ('', (170.370314329183, 110.091467006417, -14.056959370522));
#2005 = CARTESIAN_POINT ('', (170.400782853877, 110.041172550475, -14.0525591757889));
#2006 = CARTESIAN_POINT ('', (170.412518572714, 110.020728326037, -14.050770537916));
#2007 = CARTESIAN_POINT ('', (170.462135477457, 109.929374101291, -14.0427780788855));
#2008 = CARTESIAN_POINT ('', (170.494904419575, 109.855409452786, -14.0363070106397));
#2009 = CARTESIAN_POINT ('', (170.547902153968, 109.70395837512, -14.0230567582651));
#2010 = CARTESIAN_POINT ('', (170.568341720099, 109.626004146951, -14.0162366470264));
#2011 = CARTESIAN_POINT ('', (170.596380149714, 109.468605035695, -14.0024660091425));
#2012 = CARTESIAN_POINT ('', (170.604109036975, 109.388670315551, -13.9954726273077));
#2013 = CARTESIAN_POINT ('', (170.606740125363, 109.229343978011, -13.9815333789719));
#2014 = CARTESIAN_POINT ('', (170.601691082204, 109.149453300154, -13.974543850338));
#2015 = CARTESIAN_POINT ('', (170.579089574417, 108.992206775423, -13.9607865620453));
#2016 = CARTESIAN_POINT ('', (170.561505813701, 108.914354991263, -13.953975413496));
#2017 = CARTESIAN_POINT ('', (170.514456912288, 108.763092229301, -13.9407416366108));
#2018 = CARTESIAN_POINT ('', (170.484883271337, 108.689200195921, -13.9342769213651));
#2019 = CARTESIAN_POINT ('', (170.434914014716, 108.588322188085, -13.9254512392804));
#2020 = CARTESIAN_POINT ('', (170.419047643989, 108.5588163012, -13.9228698086707));
#2021 = CARTESIAN_POINT ('', (170.402219511514, 108.529887137412, -13.9203388347939));
#2022 = B_SPLINE_CURVE_WITH_KNOTS ('', 3, (#1990, #1991, #1992, #1993, #1994, #1995, #1996, #1997, #1998, #1999, #2000, #2001, #2002, #2003, #2004, #2005, #2006, #2007, #2008, #2009, #2010, #2011, #2012, #2013, #2014, #2015, #2016, #2017, #2018, #2019, #2020, #2021), .UNSPECIFIED., .F., .U., (4, 2, 2, 2, 2, 2, 2, 2, 2, 2, 2, 2, 2, 2, 2, 4), (0., 0.242082176585612, 0.483329459942152, 0.723779597331756, 0.963459457430972, 1.2023862017607, 1.44056770538449, 1.54658817447382, 1.61747170500943, 1.85938491222877, 2.10047876674267, 2.34079157820213, 2.58034850316881, 2.81916282114811, 3.05723674603042, 3.15792634578903), .UNSPECIFIED.);
#2023 = EDGE_CURVE ('', #1989, #1982, #2022, .T.);
#2024 = ORIENTED_EDGE ('', *, *, #2023, .F.);
#2025 = CARTESIAN_POINT ('', (164.343635200531, 110.760949727853, -14.1155315190741));
#2026 = VERTEX_POINT ('', #2025);
#2027 = CARTESIAN_POINT ('', (169.098328931649, 110.784096516612, -14.1175566006875));
#2028 = CARTESIAN_POINT ('', (164.34363520053, 110.760949727852, -14.115531519074));
#2029 = B_SPLINE_CURVE_WITH_KNOTS ('', 1, (#2027, #2028), .UNSPECIFIED., .F., .U., (2, 2), (0., 1.), .UNSPECIFIED.);
#2030 = EDGE_CURVE ('', #1989, #2026, #2029, .T.);
#2031 = ORIENTED_EDGE ('', *, *, #2030, .T.);
#2032 = CARTESIAN_POINT ('', (163.061753775296, 108.494152299502, -13.9172124415839));
#2033 = CARTESIAN_POINT ('', (163.020622946225, 108.563302195805, -13.9232622735944));
#2034 = CARTESIAN_POINT ('', (162.984970983182, 108.635985157616, -13.9296212087844));
#2035 = CARTESIAN_POINT ('', (162.926079881156, 108.785358315053, -13.9426896666951));
#2036 = CARTESIAN_POINT ('', (162.902611023688, 108.862508704988, -13.9494394512011));
#2037 = CARTESIAN_POINT ('', (162.868463415594, 109.018794430264, -13.9631126804336));
#2038 = CARTESIAN_POINT ('', (162.857635162609, 109.098415112892, -13.9700785875458));
#2039 = CARTESIAN_POINT ('', (162.848831096226, 109.257605425591, -13.9840059352501));
#2040 = CARTESIAN_POINT ('', (162.85078696063, 109.337672675043, -13.9910109118968));
#2041 = CARTESIAN_POINT ('', (162.867302567235, 109.495751311414, -14.0048410005249));
#2042 = CARTESIAN_POINT ('', (162.881874367914, 109.574260143008, -14.011709633276));
#2043 = CARTESIAN_POINT ('', (162.923071605716, 109.72729227641, -14.0250982101039));
#2044 = CARTESIAN_POINT ('', (162.94978702963, 109.802300957702, -14.0316606193829));
#2045 = CARTESIAN_POINT ('', (162.996571325134, 109.906671457095, -14.0407918548863));
#2046 = CARTESIAN_POINT ('', (163.012125620001, 109.938333434722, -14.0435619189935));
#2047 = CARTESIAN_POINT ('', (163.039889386518, 109.990150377084, -14.0480953140287));
#2048 = CARTESIAN_POINT ('', (163.05150450835, 110.010653362751, -14.049889092843));
#2049 = CARTESIAN_POINT ('', (163.104868841081, 110.099883451254, -14.0576957140324));
#2050 = CARTESIAN_POINT ('', (163.151873910487, 110.165799554791, -14.0634626258358));
#2051 = CARTESIAN_POINT ('', (163.25537584539, 110.288671576866, -14.0742125348318));
#2052 = CARTESIAN_POINT ('', (163.312171041165, 110.346049565275, -14.0792324583535));
#2053 = CARTESIAN_POINT ('', (163.433661661558, 110.450506132402, -14.0883712238079));
#2054 = CARTESIAN_POINT ('', (163.498718011687, 110.497950310815, -14.0925220515694));
#2055 = CARTESIAN_POINT ('', (163.634954721324, 110.581472186096, -14.0998292688128));
#2056 = CARTESIAN_POINT ('', (163.706547824316, 110.617850748521, -14.1030119806204));
#2057 = CARTESIAN_POINT ('', (163.853942490371, 110.678474543857, -14.1083158754522));
#2058 = CARTESIAN_POINT ('', (163.930196761072, 110.702949451197, -14.1104571523853));
#2059 = CARTESIAN_POINT ('', (164.084909997732, 110.739319385095, -14.1136391092946));
#2060 = CARTESIAN_POINT ('', (164.163848980729, 110.751368477474, -14.1146932682835));
#2061 = CARTESIAN_POINT ('', (164.276480920821, 110.759494506869, -14.115404203735));
#2062 = CARTESIAN_POINT ('', (164.310064815068, 110.760786300581, -14.1155172210405));
#2063 = CARTESIAN_POINT ('', (164.34363520053, 110.760949727852, -14.115531519074));
#2064 = B_SPLINE_CURVE_WITH_KNOTS ('', 3, (#2032, #2033, #2034, #2035, #2036, #2037, #2038, #2039, #2040, #2041, #2042, #2043, #2044, #2045, #2046, #2047, #2048, #2049, #2050, #2051, #2052, #2053, #2054, #2055, #2056, #2057, #2058, #2059, #2060, #2061, #2062, #2063), .UNSPECIFIED., .F., .U., (4, 2, 2, 2, 2, 2, 2, 2, 2, 2, 2, 2, 2, 2, 2, 4), (0., 0.242054711863697, 0.483282091405712, 0.723722853170431, 0.963404309498042, 1.20234172765067, 1.44053919840467, 1.54656281677873, 1.61742154703554, 1.85935082218799, 2.10046575197833, 2.34079859780039, 2.58036955602683, 2.81918868025135, 3.05725711390057, 3.15796947280974), .UNSPECIFIED.);
#2065 = EDGE_CURVE ('', #562, #2026, #2064, .T.);
#2066 = ORIENTED_EDGE ('', *, *, #2065, .F.);
#2067 = EDGE_LOOP ('', (#1943, #1980, #1987, #2024, #2031, #2066));
#2068 = FACE_BOUND ('', #2067, .T.);
#2069 = CARTESIAN_POINT ('', (3.89968830498233, 11.7725079692868, -5.45516504511525));
#2070 = CARTESIAN_POINT ('', (179.499999999998, 11.7725079692868, -5.45516504511515));
#2071 = CARTESIAN_POINT ('', (3.89968830498233, 141.312405034418, -16.7884375126139));
#2072 = CARTESIAN_POINT ('', (179.499999999998, 141.312405034418, -16.7884375126138));
#2073 = B_SPLINE_SURFACE_WITH_KNOTS ('', 1, 1, ((#2069, #2070), (#2071, #2072)), .UNSPECIFIED., .F., .F., .U., (2, 2), (2, 2), (-4.23594560708703, 3.06154893176396), (-9.24939253675789, 0.60522422339086), .UNSPECIFIED.);
#2074 = ADVANCED_FACE ('', (#812, #946, #1080, #1214, #1348, #1942, #2068), #2073, .T.);
#2075 = CARTESIAN_POINT ('', (142.093911086755, 134.499999999999, 3.50000000001523));
#2076 = VERTEX_POINT ('', #2075);
#2077 = CARTESIAN_POINT ('', (148.156088913245, 134.499999999999, 3.50000000001523));
#2078 = VERTEX_POINT ('', #2077);
#2079 = CARTESIAN_POINT ('', (142.09391108675, 134.499999999995, 3.50000000001514));
#2080 = CARTESIAN_POINT ('', (142.164800080963, 134.622783339669, 3.50000000001516));
#2081 = CARTESIAN_POINT ('', (142.243307704627, 134.741469435567, 3.50000000001518));
#2082 = CARTESIAN_POINT ('', (142.413666955066, 134.9678140679, 3.5000000000152));
#2083 = CARTESIAN_POINT ('', (142.505805783473, 135.075907946682, 3.50000000001522));
#2084 = CARTESIAN_POINT ('', (142.70194695305, 135.279577879249, 3.50000000001524));
#2085 = CARTESIAN_POINT ('', (142.806284775892, 135.375549471065, 3.50000000001526));
#2086 = CARTESIAN_POINT ('', (143.025180672263, 135.553681827118, 3.50000000001529));
#2087 = CARTESIAN_POINT ('', (143.1401168557, 135.63619332345, 3.50000000001529));
#2088 = CARTESIAN_POINT ('', (143.294951066765, 135.73373711217, 3.50000000001531));
#2089 = CARTESIAN_POINT ('', (143.330919158478, 135.755501653079, 3.50000000001531));
#2090 = CARTESIAN_POINT ('', (143.383482086331, 135.78602819484, 3.50000000001531));
#2091 = CARTESIAN_POINT ('', (143.399778793793, 135.795318313928, 3.50000000001532));
#2092 = CARTESIAN_POINT ('', (143.541941031089, 135.874852118069, 3.50000000001532));
#2093 = CARTESIAN_POINT ('', (143.672336811783, 135.937561155561, 3.50000000001533));
#2094 = CARTESIAN_POINT ('', (143.939063602396, 136.046094628533, 3.50000000001535));
#2095 = CARTESIAN_POINT ('', (144.075886069888, 136.092161710787, 3.50000000001535));
#2096 = CARTESIAN_POINT ('', (144.35334217722, 136.16689076088, 3.50000000001535));
#2097 = CARTESIAN_POINT ('', (144.494490547876, 136.195730125535, 3.50000000001536));
#2098 = CARTESIAN_POINT ('', (144.778438155135, 136.235743870945, 3.50000000001537));
#2099 = CARTESIAN_POINT ('', (144.921766938981, 136.247028991738, 3.50000000001537));
#2100 = CARTESIAN_POINT ('', (145.207910232258, 136.251936824332, 3.50000000001537));
#2101 = CARTESIAN_POINT ('', (145.351260696817, 136.245603199063, 3.50000000001537));
#2102 = CARTESIAN_POINT ('', (145.635308797927, 136.215536467182, 3.50000000001537));
#2103 = CARTESIAN_POINT ('', (145.776540535806, 136.19178049922, 3.50000000001535));
#2104 = CARTESIAN_POINT ('', (146.054270140086, 136.127386435075, 3.50000000001536));
#2105 = CARTESIAN_POINT ('', (146.191292240782, 136.086660453557, 3.50000000001535));
#2106 = CARTESIAN_POINT ('', (146.458608982991, 135.989088491264, 3.50000000001533));
#2107 = CARTESIAN_POINT ('', (146.589410328655, 135.932092010468, 3.50000000001534));
#2108 = CARTESIAN_POINT ('', (146.842407942428, 135.802972749296, 3.50000000001532));
#2109 = CARTESIAN_POINT ('', (146.96508617076, 135.730640121323, 3.50000000001531));
#2110 = CARTESIAN_POINT ('', (147.200102558378, 135.572057293188, 3.50000000001528));
#2111 = CARTESIAN_POINT ('', (147.31289126409, 135.485541959163, 3.50000000001528));
#2112 = CARTESIAN_POINT ('', (147.526560654645, 135.299997857762, 3.50000000001525));
#2113 = CARTESIAN_POINT ('', (147.627854434264, 135.200653450289, 3.50000000001523));
#2114 = CARTESIAN_POINT ('', (147.817154879696, 134.991028369828, 3.50000000001521));
#2115 = CARTESIAN_POINT ('', (147.905531862786, 134.880386962662, 3.5000000000152));
#2116 = CARTESIAN_POINT ('', (148.047114922757, 134.679309338495, 3.50000000001517));
#2117 = CARTESIAN_POINT ('', (148.103671965961, 134.59078881586, 3.50000000001515));
#2118 = CARTESIAN_POINT ('', (148.15608891324, 134.499999999995, 3.50000000001513));
#2119 = B_SPLINE_CURVE_WITH_KNOTS ('', 3, (#2079, #2080, #2081, #2082, #2083, #2084, #2085, #2086, #2087, #2088, #2089, #2090, #2091, #2092, #2093, #2094, #2095, #2096, #2097, #2098, #2099, #2100, #2101, #2102, #2103, #2104, #2105, #2106, #2107, #2108, #2109, #2110, #2111, #2112, #2113, #2114, #2115, #2116, #2117, #2118), .UNSPECIFIED., .F., .U., (4, 2, 2, 2, 2, 2, 2, 2, 2, 2, 2, 2, 2, 2, 2, 2, 2, 2, 2, 4), (0., 0.425333965277286, 0.849874991493349, 1.27361174909139, 1.69652660076902, 1.82260702475934, 1.87887950101231, 2.31130074215832, 2.74276853339846, 3.1733314271166, 3.60302784977276, 4.03188756387844, 4.45993273889153, 4.88717871741225, 5.31363453484619, 5.73930323039366, 6.16418197176854, 6.58826200337681, 7.01152841625956, 7.32603009993551), .UNSPECIFIED.);
#2120 = EDGE_CURVE ('', #2076, #2078, #2119, .T.);
#2121 = ORIENTED_EDGE ('', *, *, #2120, .F.);
#2122 = CARTESIAN_POINT ('', (142.09391108675, 134.499999999997, -16.1924293007558));
#2123 = CARTESIAN_POINT ('', (142.09391108675, 134.499999999995, 3.50000000001519));
#2124 = B_SPLINE_CURVE_WITH_KNOTS ('', 1, (#2122, #2123), .UNSPECIFIED., .F., .U., (2, 2), (-0.97203902734287, 0.818181818181823), .UNSPECIFIED.);
#2125 = EDGE_CURVE ('', #1411, #2076, #2124, .T.);
#2126 = ORIENTED_EDGE ('', *, *, #2125, .F.);
#2127 = ORIENTED_EDGE ('', *, *, #1461, .T.);
#2128 = CARTESIAN_POINT ('', (148.15608891324, 134.499999999997, -16.1924293007558));
#2129 = CARTESIAN_POINT ('', (148.15608891324, 134.499999999995, 3.50000000001521));
#2130 = B_SPLINE_CURVE_WITH_KNOTS ('', 1, (#2128, #2129), .UNSPECIFIED., .F., .U., (2, 2), (-0.972039027342869, 0.818181818181823), .UNSPECIFIED.);
#2131 = EDGE_CURVE ('', #1404, #2078, #2130, .T.);
#2132 = ORIENTED_EDGE ('', *, *, #2131, .T.);
#2133 = EDGE_LOOP ('', (#2121, #2126, #2127, #2132));
#2134 = FACE_OUTER_BOUND ('', #2133, .T.);
#2135 = CARTESIAN_POINT ('', (142.093911086749, 134.499999999995, 3.50000000001517));
#2136 = CARTESIAN_POINT ('', (142.164800080963, 134.622783339669, 3.50000000001519));
#2137 = CARTESIAN_POINT ('', (142.243307704627, 134.741469435567, 3.50000000001521));
#2138 = CARTESIAN_POINT ('', (142.413666955066, 134.9678140679, 3.50000000001522));
#2139 = CARTESIAN_POINT ('', (142.505805783473, 135.075907946682, 3.50000000001524));
#2140 = CARTESIAN_POINT ('', (142.70194695305, 135.279577879249, 3.50000000001528));
#2141 = CARTESIAN_POINT ('', (142.806284775892, 135.375549471065, 3.50000000001529));
#2142 = CARTESIAN_POINT ('', (143.025180672263, 135.553681827118, 3.50000000001531));
#2143 = CARTESIAN_POINT ('', (143.1401168557, 135.63619332345, 3.50000000001532));
#2144 = CARTESIAN_POINT ('', (143.294951066765, 135.73373711217, 3.50000000001533));
#2145 = CARTESIAN_POINT ('', (143.330919158478, 135.755501653079, 3.50000000001534));
#2146 = CARTESIAN_POINT ('', (143.383482086331, 135.78602819484, 3.50000000001534));
#2147 = CARTESIAN_POINT ('', (143.399778793793, 135.795318313928, 3.50000000001534));
#2148 = CARTESIAN_POINT ('', (143.541941031089, 135.874852118069, 3.50000000001535));
#2149 = CARTESIAN_POINT ('', (143.672336811783, 135.937561155561, 3.50000000001536));
#2150 = CARTESIAN_POINT ('', (143.939063602396, 136.046094628533, 3.50000000001538));
#2151 = CARTESIAN_POINT ('', (144.075886069888, 136.092161710787, 3.50000000001538));
#2152 = CARTESIAN_POINT ('', (144.35334217722, 136.16689076088, 3.50000000001539));
#2153 = CARTESIAN_POINT ('', (144.494490547876, 136.195730125535, 3.50000000001539));
#2154 = CARTESIAN_POINT ('', (144.778438155135, 136.235743870945, 3.50000000001541));
#2155 = CARTESIAN_POINT ('', (144.921766938981, 136.247028991738, 3.50000000001541));
#2156 = CARTESIAN_POINT ('', (145.207910232258, 136.251936824332, 3.5000000000154));
#2157 = CARTESIAN_POINT ('', (145.351260696817, 136.245603199063, 3.50000000001538));
#2158 = CARTESIAN_POINT ('', (145.635308797927, 136.215536467182, 3.50000000001539));
#2159 = CARTESIAN_POINT ('', (145.776540535806, 136.19178049922, 3.50000000001538));
#2160 = CARTESIAN_POINT ('', (146.054270140086, 136.127386435075, 3.50000000001538));
#2161 = CARTESIAN_POINT ('', (146.191292240782, 136.086660453557, 3.50000000001537));
#2162 = CARTESIAN_POINT ('', (146.458608982991, 135.989088491264, 3.50000000001536));
#2163 = CARTESIAN_POINT ('', (146.589410328655, 135.932092010468, 3.50000000001536));
#2164 = CARTESIAN_POINT ('', (146.842407942428, 135.802972749296, 3.50000000001535));
#2165 = CARTESIAN_POINT ('', (146.96508617076, 135.730640121323, 3.50000000001533));
#2166 = CARTESIAN_POINT ('', (147.200102558378, 135.572057293188, 3.50000000001531));
#2167 = CARTESIAN_POINT ('', (147.31289126409, 135.485541959163, 3.5000000000153));
#2168 = CARTESIAN_POINT ('', (147.526560654645, 135.299997857762, 3.50000000001528));
#2169 = CARTESIAN_POINT ('', (147.627854434264, 135.200653450289, 3.50000000001526));
#2170 = CARTESIAN_POINT ('', (147.817154879696, 134.991028369828, 3.50000000001523));
#2171 = CARTESIAN_POINT ('', (147.905531862786, 134.880386962662, 3.50000000001523));
#2172 = CARTESIAN_POINT ('', (148.047114922756, 134.679309338495, 3.5000000000152));
#2173 = CARTESIAN_POINT ('', (148.103671965961, 134.59078881586, 3.50000000001518));
#2174 = CARTESIAN_POINT ('', (148.156088913241, 134.499999999995, 3.50000000001517));
#2175 = CARTESIAN_POINT ('', (142.093911086749, 134.499999999998, -16.3455522827642));
#2176 = CARTESIAN_POINT ('', (142.164800080963, 134.622783339672, -16.3455522827641));
#2177 = CARTESIAN_POINT ('', (142.243307704627, 134.741469435569, -16.3455522827641));
#2178 = CARTESIAN_POINT ('', (142.413666955066, 134.967814067903, -16.3455522827641));
#2179 = CARTESIAN_POINT ('', (142.505805783473, 135.075907946685, -16.3455522827641));
#2180 = CARTESIAN_POINT ('', (142.70194695305, 135.279577879252, -16.3455522827641));
#2181 = CARTESIAN_POINT ('', (142.806284775892, 135.375549471068, -16.3455522827641));
#2182 = CARTESIAN_POINT ('', (143.025180672262, 135.553681827121, -16.345552282764));
#2183 = CARTESIAN_POINT ('', (143.1401168557, 135.636193323452, -16.345552282764));
#2184 = CARTESIAN_POINT ('', (143.294951066764, 135.733737112173, -16.345552282764));
#2185 = CARTESIAN_POINT ('', (143.330919158478, 135.755501653081, -16.345552282764));
#2186 = CARTESIAN_POINT ('', (143.383482086331, 135.786028194843, -16.345552282764));
#2187 = CARTESIAN_POINT ('', (143.399778793793, 135.795318313931, -16.345552282764));
#2188 = CARTESIAN_POINT ('', (143.541941031089, 135.874852118071, -16.345552282764));
#2189 = CARTESIAN_POINT ('', (143.672336811783, 135.937561155564, -16.345552282764));
#2190 = CARTESIAN_POINT ('', (143.939063602396, 136.046094628536, -16.345552282764));
#2191 = CARTESIAN_POINT ('', (144.075886069888, 136.09216171079, -16.345552282764));
#2192 = CARTESIAN_POINT ('', (144.353342177219, 136.166890760882, -16.3455522827639));
#2193 = CARTESIAN_POINT ('', (144.494490547876, 136.195730125538, -16.3455522827639));
#2194 = CARTESIAN_POINT ('', (144.778438155135, 136.235743870948, -16.3455522827639));
#2195 = CARTESIAN_POINT ('', (144.921766938981, 136.247028991741, -16.3455522827639));
#2196 = CARTESIAN_POINT ('', (145.207910232258, 136.251936824335, -16.3455522827639));
#2197 = CARTESIAN_POINT ('', (145.351260696817, 136.245603199066, -16.3455522827639));
#2198 = CARTESIAN_POINT ('', (145.635308797927, 136.215536467184, -16.3455522827639));
#2199 = CARTESIAN_POINT ('', (145.776540535806, 136.191780499222, -16.345552282764));
#2200 = CARTESIAN_POINT ('', (146.054270140086, 136.127386435078, -16.3455522827639));
#2201 = CARTESIAN_POINT ('', (146.191292240782, 136.086660453559, -16.345552282764));
#2202 = CARTESIAN_POINT ('', (146.458608982991, 135.989088491267, -16.345552282764));
#2203 = CARTESIAN_POINT ('', (146.589410328655, 135.93209201047, -16.345552282764));
#2204 = CARTESIAN_POINT ('', (146.842407942428, 135.802972749298, -16.345552282764));
#2205 = CARTESIAN_POINT ('', (146.965086170759, 135.730640121325, -16.345552282764));
#2206 = CARTESIAN_POINT ('', (147.200102558378, 135.572057293191, -16.345552282764));
#2207 = CARTESIAN_POINT ('', (147.31289126409, 135.485541959166, -16.345552282764));
#2208 = CARTESIAN_POINT ('', (147.526560654645, 135.299997857764, -16.3455522827641));
#2209 = CARTESIAN_POINT ('', (147.627854434264, 135.200653450292, -16.3455522827641));
#2210 = CARTESIAN_POINT ('', (147.817154879696, 134.991028369831, -16.3455522827641));
#2211 = CARTESIAN_POINT ('', (147.905531862786, 134.880386962664, -16.3455522827641));
#2212 = CARTESIAN_POINT ('', (148.047114922756, 134.679309338498, -16.3455522827641));
#2213 = CARTESIAN_POINT ('', (148.103671965961, 134.590788815863, -16.3455522827641));
#2214 = CARTESIAN_POINT ('', (148.156088913241, 134.499999999998, -16.3455522827642));
#2215 = B_SPLINE_SURFACE_WITH_KNOTS ('', 1, 3, ((#2135, #2136, #2137, #2138, #2139, #2140, #2141, #2142, #2143, #2144, #2145, #2146, #2147, #2148, #2149, #2150, #2151, #2152, #2153, #2154, #2155, #2156, #2157, #2158, #2159, #2160, #2161, #2162, #2163, #2164, #2165, #2166, #2167, #2168, #2169, #2170, #2171, #2172, #2173, #2174), (#2175, #2176, #2177, #2178, #2179, #2180, #2181, #2182, #2183, #2184, #2185, #2186, #2187, #2188, #2189, #2190, #2191, #2192, #2193, #2194, #2195, #2196, #2197, #2198, #2199, #2200, #2201, #2202, #2203, #2204, #2205, #2206, #2207, #2208, #2209, #2210, #2211, #2212, #2213, #2214)), .UNSPECIFIED., .F., .F., .U., (2, 2), (4, 2, 2, 2, 2, 2, 2, 2, 2, 2, 2, 2, 2, 2, 2, 2, 2, 2, 2, 4), (0.140703211246081, 0.899727818956156), (164.589994890551, 165.015328855828, 165.439869882045, 165.863606639643, 166.28652149132, 166.412601915311, 166.468874391564, 166.90129563271, 167.33276342395, 167.763326317668, 168.193022740324, 168.62188245443, 169.049927629443, 169.477173607963, 169.903629425397, 170.329298120945, 170.75417686232, 171.178256893928, 171.601523306811, 171.916024990487), .UNSPECIFIED.);
#2216 = ADVANCED_FACE ('', (#2134), #2215, .T.);
#2217 = CARTESIAN_POINT ('', (46.4641016151367, 134.499999999996, 3.50000000001516));
#2218 = VERTEX_POINT ('', #2217);
#2219 = CARTESIAN_POINT ('', (134.535931317609, 134.499999999996, 3.50000000001516));
#2220 = VERTEX_POINT ('', #2219);
#2221 = CARTESIAN_POINT ('', (46.4641016151362, 134.499999999995, 3.50000000001514));
#2222 = CARTESIAN_POINT ('', (134.535931317607, 134.499999999995, 3.50000000001514));
#2223 = B_SPLINE_CURVE_WITH_KNOTS ('', 1, (#2221, #2222), .UNSPECIFIED., .F., .U., (2, 2), (0.00482966724830975, 0.921347984657223), .UNSPECIFIED.);
#2224 = EDGE_CURVE ('', #2218, #2220, #2223, .T.);
#2225 = ORIENTED_EDGE ('', *, *, #2224, .T.);
#2226 = CARTESIAN_POINT ('', (135.030798272236, 134.071461158803, 3.5000000000151));
#2227 = VERTEX_POINT ('', #2226);
#2228 = CARTESIAN_POINT ('', (134.535931317607, 134.499999999995, 3.50000000001489));
#2229 = CARTESIAN_POINT ('', (134.968915210738, 134.499999999995, 3.5000000000149));
#2230 = CARTESIAN_POINT ('', (135.030798272235, 134.071461158802, 3.50000000001484));
#2231 = (
   BOUNDED_CURVE ()
   B_SPLINE_CURVE (2, (#2228, #2229, #2230), .UNSPECIFIED., .F., .U.)
   B_SPLINE_CURVE_WITH_KNOTS ((3, 3), (0., 1.42738290741498), .UNSPECIFIED.)
   CURVE ()
   GEOMETRIC_REPRESENTATION_ITEM ()
   RATIONAL_B_SPLINE_CURVE ((1., 0.755950500236138, 1.))
   REPRESENTATION_ITEM ('')
);
#2232 = EDGE_CURVE ('', #2220, #2227, #2231, .T.);
#2233 = ORIENTED_EDGE ('', *, *, #2232, .T.);
#2234 = CARTESIAN_POINT ('', (140.969201727761, 134.071461158803, 3.5000000000151));
#2235 = VERTEX_POINT ('', #2234);
#2236 = CARTESIAN_POINT ('', (140.96920172776, 134.071461158802, 3.50000000001508));
#2237 = CARTESIAN_POINT ('', (140.597903358783, 131.500228111646, 3.50000000001474));
#2238 = CARTESIAN_POINT ('', (137.999999999997, 131.500228111646, 3.50000000001474));
#2239 = CARTESIAN_POINT ('', (135.402096641211, 131.500228111646, 3.50000000001475));
#2240 = CARTESIAN_POINT ('', (135.030798272235, 134.071461158802, 3.50000000001509));
#2241 = (
   BOUNDED_CURVE ()
   B_SPLINE_CURVE (2, (#2236, #2237, #2238, #2239, #2240), .UNSPECIFIED., .F., .U.)
   B_SPLINE_CURVE_WITH_KNOTS ((3, 2, 3), (0., 1.42738290741484, 2.85476581482969), .UNSPECIFIED.)
   CURVE ()
   GEOMETRIC_REPRESENTATION_ITEM ()
   RATIONAL_B_SPLINE_CURVE ((1., 0.755950500236191, 1., 0.755950500236191, 1.))
   REPRESENTATION_ITEM ('')
);
#2242 = EDGE_CURVE ('', #2235, #2227, #2241, .T.);
#2243 = ORIENTED_EDGE ('', *, *, #2242, .F.);
#2244 = CARTESIAN_POINT ('', (141.464068682388, 134.499999999996, 3.50000000001516));
#2245 = VERTEX_POINT ('', #2244);
#2246 = CARTESIAN_POINT ('', (140.96920172776, 134.071461158802, 3.50000000001483));
#2247 = CARTESIAN_POINT ('', (141.031084789256, 134.499999999995, 3.50000000001488));
#2248 = CARTESIAN_POINT ('', (141.464068682387, 134.499999999995, 3.50000000001489));
#2249 = (
   BOUNDED_CURVE ()
   B_SPLINE_CURVE (2, (#2246, #2247, #2248), .UNSPECIFIED., .F., .U.)
   B_SPLINE_CURVE_WITH_KNOTS ((3, 3), (0., 1.42738290741471), .UNSPECIFIED.)
   CURVE ()
   GEOMETRIC_REPRESENTATION_ITEM ()
   RATIONAL_B_SPLINE_CURVE ((1., 0.755950500236279, 1.))
   REPRESENTATION_ITEM ('')
);
#2250 = EDGE_CURVE ('', #2235, #2245, #2249, .T.);
#2251 = ORIENTED_EDGE ('', *, *, #2250, .T.);
#2252 = CARTESIAN_POINT ('', (141.464068682387, 134.499999999995, 3.50000000001514));
#2253 = CARTESIAN_POINT ('', (142.09391108675, 134.499999999995, 3.50000000001514));
#2254 = B_SPLINE_CURVE_WITH_KNOTS ('', 1, (#2252, #2253), .UNSPECIFIED., .F., .U., (2, 2), (0.993445553446205, 1.), .UNSPECIFIED.);
#2255 = EDGE_CURVE ('', #2245, #2076, #2254, .T.);
#2256 = ORIENTED_EDGE ('', *, *, #2255, .T.);
#2257 = ORIENTED_EDGE ('', *, *, #2120, .T.);
#2258 = CARTESIAN_POINT ('', (165.843911086755, 134.499999999999, 3.50000000001523));
#2259 = VERTEX_POINT ('', #2258);
#2260 = CARTESIAN_POINT ('', (148.156088913242, 134.499999999995, 3.50000000001513));
#2261 = CARTESIAN_POINT ('', (165.843911086751, 134.499999999995, 3.50000000001514));
#2262 = B_SPLINE_CURVE_WITH_KNOTS ('', 1, (#2260, #2261), .UNSPECIFIED., .F., .U., (2, 2), (0., 1.), .UNSPECIFIED.);
#2263 = EDGE_CURVE ('', #2078, #2259, #2262, .T.);
#2264 = ORIENTED_EDGE ('', *, *, #2263, .T.);
#2265 = CARTESIAN_POINT ('', (172.222312665145, 133.772495927502, 3.50000000001514));
#2266 = VERTEX_POINT ('', #2265);
#2267 = CARTESIAN_POINT ('', (165.843911086749, 134.499999999995, 3.50000000001514));
#2268 = CARTESIAN_POINT ('', (165.915044662601, 134.623206967495, 3.50000000001516));
#2269 = CARTESIAN_POINT ('', (165.993850173169, 134.742289039726, 3.50000000001518));
#2270 = CARTESIAN_POINT ('', (166.164894183624, 134.969344895136, 3.50000000001521));
#2271 = CARTESIAN_POINT ('', (166.257423403422, 135.077758161959, 3.50000000001522));
#2272 = CARTESIAN_POINT ('', (166.454421320677, 135.281973464882, 3.50000000001525));
#2273 = CARTESIAN_POINT ('', (166.559229997709, 135.378174283822, 3.50000000001526));
#2274 = CARTESIAN_POINT ('', (166.779129469801, 135.556660385434, 3.50000000001528));
#2275 = CARTESIAN_POINT ('', (166.894603719675, 135.639298595056, 3.50000000001529));
#2276 = CARTESIAN_POINT ('', (167.134038973747, 135.789571438009, 3.50000000001531));
#2277 = CARTESIAN_POINT ('', (167.258420622096, 135.857508799123, 3.50000000001532));
#2278 = CARTESIAN_POINT ('', (167.513765036245, 135.977522520621, 3.50000000001534));
#2279 = CARTESIAN_POINT ('', (167.645178955134, 136.029847930205, 3.50000000001534));
#2280 = CARTESIAN_POINT ('', (167.796797823732, 136.079839379508, 3.50000000001535));
#2281 = CARTESIAN_POINT ('', (167.814618557477, 136.085557138258, 3.50000000001534));
#2282 = CARTESIAN_POINT ('', (167.850370916451, 136.09671276849, 3.50000000001536));
#2283 = CARTESIAN_POINT ('', (167.868303806305, 136.102150636118, 3.50000000001535));
#2284 = CARTESIAN_POINT ('', (168.024556912326, 136.148165040678, 3.50000000001535));
#2285 = CARTESIAN_POINT ('', (168.16562360576, 136.180388348329, 3.50000000001537));
#2286 = CARTESIAN_POINT ('', (168.449798569733, 136.227052079307, 3.50000000001537));
#2287 = CARTESIAN_POINT ('', (168.593439968881, 136.241620163676, 3.50000000001536));
#2288 = CARTESIAN_POINT ('', (168.880577427634, 136.252937270048, 3.50000000001537));
#2289 = CARTESIAN_POINT ('', (169.024614839366, 136.24974513721, 3.50000000001537));
#2290 = CARTESIAN_POINT ('', (169.310379909416, 136.225767835133, 3.50000000001537));
#2291 = CARTESIAN_POINT ('', (169.452648580778, 136.204973201979, 3.50000000001536));
#2292 = CARTESIAN_POINT ('', (169.732765290491, 136.146273917773, 3.50000000001537));
#2293 = CARTESIAN_POINT ('', (169.871145706823, 136.108292951619, 3.50000000001535));
#2294 = CARTESIAN_POINT ('', (170.141458734755, 136.015952002682, 3.50000000001534));
#2295 = CARTESIAN_POINT ('', (170.273907152908, 135.961451227747, 3.50000000001534));
#2296 = CARTESIAN_POINT ('', (170.530441558739, 135.837037005034, 3.50000000001532));
#2297 = CARTESIAN_POINT ('', (170.655019298037, 135.766921530877, 3.5000000000153));
#2298 = CARTESIAN_POINT ('', (170.894037325513, 135.612463542433, 3.50000000001529));
#2299 = CARTESIAN_POINT ('', (171.008938370236, 135.527861819027, 3.50000000001527));
#2300 = CARTESIAN_POINT ('', (171.226992466952, 135.345817050481, 3.50000000001525));
#2301 = CARTESIAN_POINT ('', (171.330568968942, 135.248062401729, 3.50000000001524));
#2302 = CARTESIAN_POINT ('', (171.524550241112, 135.041275540015, 3.50000000001522));
#2303 = CARTESIAN_POINT ('', (171.615335550005, 134.931884770977, 3.5000000000152));
#2304 = CARTESIAN_POINT ('', (171.782516952002, 134.703542919864, 3.50000000001516));
#2305 = CARTESIAN_POINT ('', (171.859245843649, 134.584192331952, 3.50000000001516));
#2306 = CARTESIAN_POINT ('', (171.99731949187, 134.337774920416, 3.50000000001512));
#2307 = CARTESIAN_POINT ('', (172.058945312509, 134.210274102411, 3.5000000000151));
#2308 = CARTESIAN_POINT ('', (172.153873193751, 133.979153838238, 3.50000000001507));
#2309 = CARTESIAN_POINT ('', (172.190539547817, 133.876510579453, 3.50000000001506));
#2310 = CARTESIAN_POINT ('', (172.222312665139, 133.772495927498, 3.50000000001505));
#2311 = B_SPLINE_CURVE_WITH_KNOTS ('', 3, (#2267, #2268, #2269, #2270, #2271, #2272, #2273, #2274, #2275, #2276, #2277, #2278, #2279, #2280, #2281, #2282, #2283, #2284, #2285, #2286, #2287, #2288, #2289, #2290, #2291, #2292, #2293, #2294, #2295, #2296, #2297, #2298, #2299, #2300, #2301, #2302, #2303, #2304, #2305, #2306, #2307, #2308, #2309, #2310), .UNSPECIFIED., .F., .U., (4, 2, 2, 2, 2, 2, 2, 2, 2, 2, 2, 2, 2, 2, 2, 2, 2, 2, 2, 2, 2, 4), (0., 0.42680145511312, 0.852815182145512, 1.27804091857676, 1.70247252287675, 2.12609782350498, 2.54889828374579, 2.60504128245004, 2.66125536328714, 3.0937039750256, 3.52519762145227, 3.95578516264221, 4.385505285304, 4.81438797724437, 5.24245560783406, 5.66972370179588, 6.09620146514252, 6.52189210161272, 6.94679294239314, 7.37089539918677, 7.79418473924452, 8.12046254917054), .UNSPECIFIED.);
#2312 = EDGE_CURVE ('', #2259, #2266, #2311, .T.);
#2313 = ORIENTED_EDGE ('', *, *, #2312, .T.);
#2314 = CARTESIAN_POINT ('', (176.5, 126.999999999999, 3.50000000001424));
#2315 = VERTEX_POINT ('', #2314);
#2316 = CARTESIAN_POINT ('', (172.222312665139, 133.772495927498, 3.50000000001505));
#2317 = CARTESIAN_POINT ('', (172.415826079406, 133.680423413562, 3.50000000001503));
#2318 = CARTESIAN_POINT ('', (172.60556349647, 133.579957193033, 3.50000000001502));
#2319 = CARTESIAN_POINT ('', (172.975223697211, 133.363445202183, 3.500000000015));
#2320 = CARTESIAN_POINT ('', (173.155494001278, 133.247216011104, 3.50000000001498));
#2321 = CARTESIAN_POINT ('', (173.504946489654, 133.000100860036, 3.50000000001495));
#2322 = CARTESIAN_POINT ('', (173.674458163171, 132.869002818709, 3.50000000001493));
#2323 = CARTESIAN_POINT ('', (174.001205754568, 132.593175324607, 3.50000000001489));
#2324 = CARTESIAN_POINT ('', (174.158750858879, 132.448206933233, 3.50000000001487));
#2325 = CARTESIAN_POINT ('', (174.460471756785, 132.14575885284, 3.50000000001484));
#2326 = CARTESIAN_POINT ('', (174.604934337382, 131.988015341983, 3.50000000001481));
#2327 = CARTESIAN_POINT ('', (174.879498241112, 131.661223404529, 3.50000000001477));
#2328 = CARTESIAN_POINT ('', (175.009862043034, 131.491888402205, 3.50000000001474));
#2329 = CARTESIAN_POINT ('', (175.255344822077, 131.143197039939, 3.5000000000147));
#2330 = CARTESIAN_POINT ('', (175.370700260564, 130.963533618489, 3.50000000001468));
#2331 = CARTESIAN_POINT ('', (175.585397091751, 130.59553652503, 3.50000000001463));
#2332 = CARTESIAN_POINT ('', (175.684947429148, 130.406877694958, 3.50000000001461));
#2333 = CARTESIAN_POINT ('', (175.867384304922, 130.022298349258, 3.50000000001456));
#2334 = CARTESIAN_POINT ('', (175.950450990991, 129.826037070752, 3.50000000001453));
#2335 = CARTESIAN_POINT ('', (176.099394519628, 129.427708370965, 3.50000000001447));
#2336 = CARTESIAN_POINT ('', (176.165421658878, 129.22528715681, 3.50000000001445));
#2337 = CARTESIAN_POINT ('', (176.279887090609, 128.816130313796, 3.5000000000144));
#2338 = CARTESIAN_POINT ('', (176.328445006916, 128.609030499808, 3.50000000001437));
#2339 = CARTESIAN_POINT ('', (176.407702433401, 128.192033344232, 3.50000000001431));
#2340 = CARTESIAN_POINT ('', (176.438490309019, 127.981764105178, 3.50000000001428));
#2341 = CARTESIAN_POINT ('', (176.482068997427, 127.559958965222, 3.50000000001423));
#2342 = CARTESIAN_POINT ('', (176.494916570498, 127.348046155384, 3.5000000000142));
#2343 = CARTESIAN_POINT ('', (176.499587941901, 127.090778974964, 3.50000000001418));
#2344 = CARTESIAN_POINT ('', (176.499999999994, 127.045388552478, 3.50000000001417));
#2345 = CARTESIAN_POINT ('', (176.499999999994, 126.999999999995, 3.50000000001416));
#2346 = B_SPLINE_CURVE_WITH_KNOTS ('', 3, (#2316, #2317, #2318, #2319, #2320, #2321, #2322, #2323, #2324, #2325, #2326, #2327, #2328, #2329, #2330, #2331, #2332, #2333, #2334, #2335, #2336, #2337, #2338, #2339, #2340, #2341, #2342, #2343, #2344, #2345), .UNSPECIFIED., .F., .U., (4, 2, 2, 2, 2, 2, 2, 2, 2, 2, 2, 2, 2, 2, 4), (0., 0.642902095122506, 1.28519841104029, 1.92689837848045, 2.56800905757994, 3.20853525142844, 3.84847958381225, 4.48784254380559, 5.12662249876497, 5.76481567626888, 6.40241611458499, 7.03941558024742, 7.67580345027829, 8.31156655540152, 8.44773221285145), .UNSPECIFIED.);
#2347 = EDGE_CURVE ('', #2266, #2315, #2346, .T.);
#2348 = ORIENTED_EDGE ('', *, *, #2347, .T.);
#2349 = CARTESIAN_POINT ('', (176.5, 114.999999999999, 3.50000000001268));
#2350 = VERTEX_POINT ('', #2349);
#2351 = CARTESIAN_POINT ('', (176.499999999994, 126.999999999995, 3.50000000001416));
#2352 = CARTESIAN_POINT ('', (176.499999999994, 114.999999999995, 3.50000000001259));
#2353 = B_SPLINE_CURVE_WITH_KNOTS ('', 1, (#2351, #2352), .UNSPECIFIED., .F., .U., (2, 2), (0., 0.255319148936173), .UNSPECIFIED.);
#2354 = EDGE_CURVE ('', #2315, #2350, #2353, .T.);
#2355 = ORIENTED_EDGE ('', *, *, #2354, .T.);
#2356 = CARTESIAN_POINT ('', (179.5, 114.999999999996, 3.50000000001281));
#2357 = VERTEX_POINT ('', #2356);
#2358 = CARTESIAN_POINT ('', (176.499999999994, 114.999999999995, 3.5000000000126));
#2359 = CARTESIAN_POINT ('', (179.499999999994, 114.999999999995, 3.5000000000126));
#2360 = B_SPLINE_CURVE_WITH_KNOTS ('', 1, (#2358, #2359), .UNSPECIFIED., .F., .U., (2, 2), (80.9729729729727, 83.5675675675673), .UNSPECIFIED.);
#2361 = EDGE_CURVE ('', #2350, #2357, #2360, .T.);
#2362 = ORIENTED_EDGE ('', *, *, #2361, .T.);
#2363 = CARTESIAN_POINT ('', (179.499999999999, 133.907263028416, 3.5000000000153));
#2364 = VERTEX_POINT ('', #2363);
#2365 = CARTESIAN_POINT ('', (179.499999999998, 114.999999999994, 3.50000000001277));
#2366 = CARTESIAN_POINT ('', (179.499999999998, 133.907263028415, 3.50000000001528));
#2367 = B_SPLINE_CURVE_WITH_KNOTS ('', 1, (#2365, #2366), .UNSPECIFIED., .F., .U., (2, 2), (0., 1.), .UNSPECIFIED.);
#2368 = EDGE_CURVE ('', #2357, #2364, #2367, .T.);
#2369 = ORIENTED_EDGE ('', *, *, #2368, .T.);
#2370 = CARTESIAN_POINT ('', (177.980981719081, 132.908000284486, 3.50000000001516));
#2371 = VERTEX_POINT ('', #2370);
#2372 = CARTESIAN_POINT ('', (179.499999999998, 133.907263028415, 3.50000000001527));
#2373 = CARTESIAN_POINT ('', (177.98098171908, 132.908000284484, 3.50000000001514));
#2374 = B_SPLINE_CURVE_WITH_KNOTS ('', 1, (#2372, #2373), .UNSPECIFIED., .F., .U., (2, 2), (4.6023769140991, 6.42060202919649), .UNSPECIFIED.);
#2375 = EDGE_CURVE ('', #2364, #2371, #2374, .T.);
#2376 = ORIENTED_EDGE ('', *, *, #2375, .T.);
#2377 = CARTESIAN_POINT ('', (169., 137.749999999999, 3.50000000001581));
#2378 = VERTEX_POINT ('', #2377);
#2379 = CARTESIAN_POINT ('', (168.999999999998, 137.749999999997, 3.50000000001577));
#2380 = CARTESIAN_POINT ('', (174.795746898264, 137.749999999997, 3.50000000001577));
#2381 = CARTESIAN_POINT ('', (177.98098171908, 132.908000284484, 3.50000000001513));
#2382 = (
   BOUNDED_CURVE ()
   B_SPLINE_CURVE (2, (#2379, #2380, #2381), .UNSPECIFIED., .F., .U.)
   B_SPLINE_CURVE_WITH_KNOTS ((3, 3), (0., 0.988933198673917), .UNSPECIFIED.)
   CURVE ()
   GEOMETRIC_REPRESENTATION_ITEM ()
   RATIONAL_B_SPLINE_CURVE ((1., 0.880221966839247, 1.))
   REPRESENTATION_ITEM ('')
);
#2383 = EDGE_CURVE ('', #2378, #2371, #2382, .T.);
#2384 = ORIENTED_EDGE ('', *, *, #2383, .F.);
#2385 = CARTESIAN_POINT ('', (26.0000000000001, 137.749999999999, 3.50000000001581));
#2386 = VERTEX_POINT ('', #2385);
#2387 = CARTESIAN_POINT ('', (25.9999999999991, 137.749999999997, 3.50000000001578));
#2388 = CARTESIAN_POINT ('', (168.999999999997, 137.749999999997, 3.50000000001578));
#2389 = B_SPLINE_CURVE_WITH_KNOTS ('', 1, (#2387, #2388), .UNSPECIFIED., .F., .U., (2, 2), (1054.20023502484, 1195.26555227988), .UNSPECIFIED.);
#2390 = EDGE_CURVE ('', #2386, #2378, #2389, .T.);
#2391 = ORIENTED_EDGE ('', *, *, #2390, .F.);
#2392 = CARTESIAN_POINT ('', (26., 138.999999999999, 3.50000000001598));
#2393 = VERTEX_POINT ('', #2392);
#2394 = CARTESIAN_POINT ('', (25.9999999999997, 137.749999999997, 3.50000000001578));
#2395 = CARTESIAN_POINT ('', (25.9999999999997, 138.999999999997, 3.50000000001594));
#2396 = B_SPLINE_CURVE_WITH_KNOTS ('', 1, (#2394, #2395), .UNSPECIFIED., .F., .U., (2, 2), (3.24999999999907, 4.49999999999932), .UNSPECIFIED.);
#2397 = EDGE_CURVE ('', #2386, #2393, #2396, .T.);
#2398 = ORIENTED_EDGE ('', *, *, #2397, .T.);
#2399 = CARTESIAN_POINT ('', (24.4999999999999, 137.499999999999, 3.50000000001562));
#2400 = VERTEX_POINT ('', #2399);
#2401 = CARTESIAN_POINT ('', (25.9999999999997, 138.999999999997, 3.50000000001595));
#2402 = CARTESIAN_POINT ('', (25.9999999999997, 137.499999999997, 3.50000000001576));
#2403 = CARTESIAN_POINT ('', (24.4999999999996, 137.499999999997, 3.50000000001576));
#2404 = (
   BOUNDED_CURVE ()
   B_SPLINE_CURVE (2, (#2401, #2402, #2403), .UNSPECIFIED., .F., .U.)
   B_SPLINE_CURVE_WITH_KNOTS ((3, 3), (0., 1.5707963267949), .UNSPECIFIED.)
   CURVE ()
   GEOMETRIC_REPRESENTATION_ITEM ()
   RATIONAL_B_SPLINE_CURVE ((1., 0.707106781186547, 1.))
   REPRESENTATION_ITEM ('')
);
#2405 = EDGE_CURVE ('', #2393, #2400, #2404, .T.);
#2406 = ORIENTED_EDGE ('', *, *, #2405, .T.);
#2407 = CARTESIAN_POINT ('', (24.5, 134.499999999999, 3.50000000001523));
#2408 = VERTEX_POINT ('', #2407);
#2409 = CARTESIAN_POINT ('', (24.4999999999992, 137.499999999995, 3.50000000001553));
#2410 = CARTESIAN_POINT ('', (24.4999999999992, 134.499999999995, 3.50000000001514));
#2411 = B_SPLINE_CURVE_WITH_KNOTS ('', 1, (#2409, #2410), .UNSPECIFIED., .F., .U., (2, 2), (0., 0.17142857142858), .UNSPECIFIED.);
#2412 = EDGE_CURVE ('', #2400, #2408, #2411, .T.);
#2413 = ORIENTED_EDGE ('', *, *, #2412, .T.);
#2414 = CARTESIAN_POINT ('', (39.5358983848613, 134.499999999996, 3.50000000001516));
#2415 = VERTEX_POINT ('', #2414);
#2416 = CARTESIAN_POINT ('', (24.4999999999992, 134.499999999995, 3.50000000001514));
#2417 = CARTESIAN_POINT ('', (39.5358983848609, 134.499999999995, 3.50000000001514));
#2418 = B_SPLINE_CURVE_WITH_KNOTS ('', 1, (#2416, #2417), .UNSPECIFIED., .F., .U., (2, 2), (0.338402948107113, 0.980190434815877), .UNSPECIFIED.);
#2419 = EDGE_CURVE ('', #2408, #2415, #2418, .T.);
#2420 = ORIENTED_EDGE ('', *, *, #2419, .T.);
#2421 = CARTESIAN_POINT ('', (40.0307700563888, 134.071428573189, 3.50000000001511));
#2422 = VERTEX_POINT ('', #2421);
#2423 = CARTESIAN_POINT ('', (39.5358983848609, 134.499999999995, 3.50000000001414));
#2424 = CARTESIAN_POINT ('', (39.9689110867531, 134.499999999995, 3.50000000001414));
#2425 = CARTESIAN_POINT ('', (40.0307700441663, 134.071428571424, 3.50000000001409));
#2426 = (
   BOUNDED_CURVE ()
   B_SPLINE_CURVE (2, (#2423, #2424, #2425), .UNSPECIFIED., .F., .U.)
   B_SPLINE_CURVE_WITH_KNOTS ((3, 3), (0., 1.42744875788958), .UNSPECIFIED.)
   CURVE ()
   GEOMETRIC_REPRESENTATION_ITEM ()
   RATIONAL_B_SPLINE_CURVE ((1., 0.755928946018422, 1.))
   REPRESENTATION_ITEM ('')
);
#2427 = EDGE_CURVE ('', #2415, #2422, #2426, .T.);
#2428 = ORIENTED_EDGE ('', *, *, #2427, .T.);
#2429 = CARTESIAN_POINT ('', (45.0139284127014, 132.276468496169, 3.50000000001488));
#2430 = VERTEX_POINT ('', #2429);
#2431 = CARTESIAN_POINT ('', (40.0307700563885, 134.071428573188, 3.50000000001509));
#2432 = CARTESIAN_POINT ('', (40.0309509395776, 134.070175320573, 3.50000000001508));
#2433 = CARTESIAN_POINT ('', (40.0311326161064, 134.068922211102, 3.50000000001508));
#2434 = CARTESIAN_POINT ('', (40.0520743098806, 133.925121915027, 3.50000000001506));
#2435 = CARTESIAN_POINT ('', (40.0832075430953, 133.783709241724, 3.50000000001505));
#2436 = CARTESIAN_POINT ('', (40.1651398794627, 133.507931078112, 3.50000000001502));
#2437 = CARTESIAN_POINT ('', (40.2160929121922, 133.372838088275, 3.50000000001499));
#2438 = CARTESIAN_POINT ('', (40.3363551535233, 133.112370056413, 3.50000000001496));
#2439 = CARTESIAN_POINT ('', (40.4059211617624, 132.986303957358, 3.50000000001494));
#2440 = CARTESIAN_POINT ('', (40.5617490268143, 132.746333679827, 3.50000000001491));
#2441 = CARTESIAN_POINT ('', (40.6483625368113, 132.631788391943, 3.5000000000149));
#2442 = CARTESIAN_POINT ('', (40.8363107704968, 132.417031405701, 3.50000000001488));
#2443 = CARTESIAN_POINT ('', (40.9380824467712, 132.316240569478, 3.50000000001486));
#2444 = CARTESIAN_POINT ('', (41.1541005108354, 132.130851997699, 3.50000000001483));
#2445 = CARTESIAN_POINT ('', (41.2688582619251, 132.045747473547, 3.50000000001482));
#2446 = CARTESIAN_POINT ('', (41.5083777164251, 131.893245493498, 3.5000000000148));
#2447 = CARTESIAN_POINT ('', (41.6337132036478, 131.825422185813, 3.50000000001479));
#2448 = CARTESIAN_POINT ('', (41.8917448701045, 131.708624797294, 3.50000000001478));
#2449 = CARTESIAN_POINT ('', (42.0250644200211, 131.659312482846, 3.50000000001477));
#2450 = CARTESIAN_POINT ('', (42.2963032660049, 131.580288773532, 3.50000000001476));
#2451 = CARTESIAN_POINT ('', (42.4348821205957, 131.550331455608, 3.50000000001475));
#2452 = CARTESIAN_POINT ('', (42.7138176933035, 131.510368237923, 3.50000000001474));
#2453 = CARTESIAN_POINT ('', (42.8548564863374, 131.500211383126, 3.50000000001475));
#2454 = CARTESIAN_POINT ('', (43.0143329891392, 131.49997552074, 3.50000000001475));
#2455 = CARTESIAN_POINT ('', (43.0331039972951, 131.500123929876, 3.50000000001474));
#2456 = CARTESIAN_POINT ('', (43.1962835482725, 131.502945787777, 3.50000000001475));
#2457 = CARTESIAN_POINT ('', (43.3408897728135, 131.515933086354, 3.50000000001475));
#2458 = CARTESIAN_POINT ('', (43.6255548734706, 131.562413011778, 3.50000000001476));
#2459 = CARTESIAN_POINT ('', (43.7663611161484, 131.595963696379, 3.50000000001475));
#2460 = CARTESIAN_POINT ('', (44.0405972179655, 131.682594025226, 3.50000000001477));
#2461 = CARTESIAN_POINT ('', (44.1747509799751, 131.735840248507, 3.50000000001478));
#2462 = CARTESIAN_POINT ('', (44.4330358779932, 131.860508406883, 3.50000000001479));
#2463 = CARTESIAN_POINT ('', (44.5578527897362, 131.932198920621, 3.5000000000148));
#2464 = CARTESIAN_POINT ('', (44.7950502370343, 132.092055765072, 3.50000000001483));
#2465 = CARTESIAN_POINT ('', (44.9080650838618, 132.180584464193, 3.50000000001484));
#2466 = CARTESIAN_POINT ('', (45.013928412701, 132.276468496168, 3.50000000001485));
#2467 = B_SPLINE_CURVE_WITH_KNOTS ('', 3, (#2431, #2432, #2433, #2434, #2435, #2436, #2437, #2438, #2439, #2440, #2441, #2442, #2443, #2444, #2445, #2446, #2447, #2448, #2449, #2450, #2451, #2452, #2453, #2454, #2455, #2456, #2457, #2458, #2459, #2460, #2461, #2462, #2463, #2464, #2465, #2466), .UNSPECIFIED., .F., .U., (4, 2, 2, 2, 2, 2, 2, 2, 2, 2, 2, 2, 2, 2, 2, 2, 2, 4), (0.429664850445844, 0.433463395452061, 0.865616358303691, 1.29653843819667, 1.72629017619764, 2.15491627960691, 2.58244782241002, 3.00890371448916, 3.43429159155174, 3.85860821473296, 4.28183942137547, 4.70395962829199, 4.76026945303406, 5.19357147317827, 5.62557369259143, 6.05635318412482, 6.48596845333477, 6.91446247640827), .UNSPECIFIED.);
#2468 = EDGE_CURVE ('', #2422, #2430, #2467, .T.);
#2469 = ORIENTED_EDGE ('', *, *, #2468, .T.);
#2470 = CARTESIAN_POINT ('', (45.9692281538957, 134.071428831512, 3.50000000001511));
#2471 = VERTEX_POINT ('', #2470);
#2472 = CARTESIAN_POINT ('', (45.013928412701, 132.276468496168, 3.50000000001485));
#2473 = CARTESIAN_POINT ('', (45.0139284136266, 132.276468497007, 3.50000000001485));
#2474 = CARTESIAN_POINT ('', (45.0139284145522, 132.276468497845, 3.50000000001485));
#2475 = CARTESIAN_POINT ('', (45.1195220343083, 132.372108245334, 3.50000000001486));
#2476 = CARTESIAN_POINT ('', (45.2185351459294, 132.475549758634, 3.50000000001488));
#2477 = CARTESIAN_POINT ('', (45.4001687486461, 132.694623291948, 3.50000000001491));
#2478 = CARTESIAN_POINT ('', (45.4832867793515, 132.810774777761, 3.50000000001492));
#2479 = CARTESIAN_POINT ('', (45.631659411913, 133.052774108767, 3.50000000001495));
#2480 = CARTESIAN_POINT ('', (45.6973297166441, 133.179202346961, 3.50000000001497));
#2481 = CARTESIAN_POINT ('', (45.8097105334396, 133.439094940324, 3.50000000001501));
#2482 = CARTESIAN_POINT ('', (45.8567484641058, 133.573187699588, 3.50000000001502));
#2483 = CARTESIAN_POINT ('', (45.9264508915319, 133.828395017374, 3.50000000001505));
#2484 = CARTESIAN_POINT ('', (45.9516173034764, 133.949467338187, 3.50000000001507));
#2485 = CARTESIAN_POINT ('', (45.9692281538952, 134.071428831511, 3.50000000001509));
#2486 = B_SPLINE_CURVE_WITH_KNOTS ('', 3, (#2472, #2473, #2474, #2475, #2476, #2477, #2478, #2479, #2480, #2481, #2482, #2483, #2484, #2485), .UNSPECIFIED., .F., .U., (4, 2, 2, 2, 2, 2, 4), (6.91446247640827, 6.9144624801547, 7.34186482139149, 7.76819300421572, 8.19345335390441, 8.617641338499, 8.98711753412397), .UNSPECIFIED.);
#2487 = EDGE_CURVE ('', #2430, #2471, #2486, .T.);
#2488 = ORIENTED_EDGE ('', *, *, #2487, .T.);
#2489 = CARTESIAN_POINT ('', (45.9692299558308, 134.071428571423, 3.50000000001411));
#2490 = CARTESIAN_POINT ('', (46.031088913244, 134.499999999995, 3.50000000001415));
#2491 = CARTESIAN_POINT ('', (46.4641016151363, 134.499999999995, 3.50000000001418));
#2492 = (
   BOUNDED_CURVE ()
   B_SPLINE_CURVE (2, (#2489, #2490, #2491), .UNSPECIFIED., .F., .U.)
   B_SPLINE_CURVE_WITH_KNOTS ((3, 3), (0., 1.42744875788975), .UNSPECIFIED.)
   CURVE ()
   GEOMETRIC_REPRESENTATION_ITEM ()
   RATIONAL_B_SPLINE_CURVE ((1., 0.755928946018346, 1.))
   REPRESENTATION_ITEM ('')
);
#2493 = EDGE_CURVE ('', #2471, #2218, #2492, .T.);
#2494 = ORIENTED_EDGE ('', *, *, #2493, .T.);
#2495 = EDGE_LOOP ('', (#2225, #2233, #2243, #2251, #2256, #2257, #2264, #2313, #2348, #2355, #2362, #2369, #2376, #2384, #2391, #2398, #2406, #2413, #2420, #2428, #2469, #2488, #2494));
#2496 = FACE_OUTER_BOUND ('', #2495, .T.);
#2497 = CARTESIAN_POINT ('', (43.7499999999984, 134.499999999991, 3.50000000001514));
#2498 = VERTEX_POINT ('', #2497);
#2499 = CARTESIAN_POINT ('', (42.2500000000002, 134.499999999999, 3.50000000001523));
#2500 = VERTEX_POINT ('', #2499);
#2501 = CARTESIAN_POINT ('', (43.7499999999984, 134.499999999991, 3.50000000001514));
#2502 = CARTESIAN_POINT ('', (43.7499999999942, 133.749999999991, 3.50000000001505));
#2503 = CARTESIAN_POINT ('', (42.9999999999944, 133.749999999995, 3.50000000001505));
#2504 = CARTESIAN_POINT ('', (42.2499999999946, 133.749999999999, 3.50000000001505));
#2505 = CARTESIAN_POINT ('', (42.2499999999988, 134.499999999999, 3.50000000001514));
#2506 = (
   BOUNDED_CURVE ()
   B_SPLINE_CURVE (2, (#2501, #2502, #2503, #2504, #2505), .UNSPECIFIED., .F., .U.)
   B_SPLINE_CURVE_WITH_KNOTS ((3, 2, 3), (3.14159265359067, 4.71238898038558, 6.28318530718047), .UNSPECIFIED.)
   CURVE ()
   GEOMETRIC_REPRESENTATION_ITEM ()
   RATIONAL_B_SPLINE_CURVE ((1., 0.707106781186584, 1., 0.70710678118656, 1.))
   REPRESENTATION_ITEM ('')
);
#2507 = EDGE_CURVE ('', #2498, #2500, #2506, .T.);
#2508 = ORIENTED_EDGE ('', *, *, #2507, .T.);
#2509 = CARTESIAN_POINT ('', (42.2499999999988, 134.499999999999, 3.50000000001514));
#2510 = CARTESIAN_POINT ('', (42.2500000000029, 135.249999999999, 3.50000000001524));
#2511 = CARTESIAN_POINT ('', (43.0000000000027, 135.249999999995, 3.50000000001524));
#2512 = CARTESIAN_POINT ('', (43.7500000000025, 135.249999999991, 3.50000000001524));
#2513 = CARTESIAN_POINT ('', (43.7499999999984, 134.499999999991, 3.50000000001514));
#2514 = (
   BOUNDED_CURVE ()
   B_SPLINE_CURVE (2, (#2509, #2510, #2511, #2512, #2513), .UNSPECIFIED., .F., .U.)
   B_SPLINE_CURVE_WITH_KNOTS ((3, 2, 3), (8.85209527438645E-13, 1.57079632679577, 3.14159265359067), .UNSPECIFIED.)
   CURVE ()
   GEOMETRIC_REPRESENTATION_ITEM ()
   RATIONAL_B_SPLINE_CURVE ((1., 0.707106781186536, 1., 0.70710678118656, 1.))
   REPRESENTATION_ITEM ('')
);
#2515 = EDGE_CURVE ('', #2500, #2498, #2514, .T.);
#2516 = ORIENTED_EDGE ('', *, *, #2515, .T.);
#2517 = EDGE_LOOP ('', (#2508, #2516));
#2518 = FACE_BOUND ('', #2517, .T.);
#2519 = CARTESIAN_POINT ('', (138.749999999997, 134.500228111643, 3.50000000001502));
#2520 = VERTEX_POINT ('', #2519);
#2521 = CARTESIAN_POINT ('', (137.25, 134.500228111649, 3.50000000001507));
#2522 = VERTEX_POINT ('', #2521);
#2523 = CARTESIAN_POINT ('', (138.749999999997, 134.500228111643, 3.50000000001502));
#2524 = CARTESIAN_POINT ('', (138.749999999994, 133.750228111644, 3.50000000001492));
#2525 = CARTESIAN_POINT ('', (137.999999999994, 133.750228111646, 3.50000000001491));
#2526 = CARTESIAN_POINT ('', (137.249999999994, 133.750228111649, 3.50000000001491));
#2527 = CARTESIAN_POINT ('', (137.249999999997, 134.500228111649, 3.50000000001501));
#2528 = (
   BOUNDED_CURVE ()
   B_SPLINE_CURVE (2, (#2523, #2524, #2525, #2526, #2527), .UNSPECIFIED., .F., .U.)
   B_SPLINE_CURVE_WITH_KNOTS ((3, 2, 3), (3.14159265359067, 4.71238898038557, 6.28318530718047), .UNSPECIFIED.)
   CURVE ()
   GEOMETRIC_REPRESENTATION_ITEM ()
   RATIONAL_B_SPLINE_CURVE ((1., 0.707106781186553, 1., 0.707106781186553, 1.))
   REPRESENTATION_ITEM ('')
);
#2529 = EDGE_CURVE ('', #2520, #2522, #2528, .T.);
#2530 = ORIENTED_EDGE ('', *, *, #2529, .T.);
#2531 = CARTESIAN_POINT ('', (137.249999999997, 134.500228111649, 3.50000000001501));
#2532 = CARTESIAN_POINT ('', (137.25, 135.250228111649, 3.50000000001511));
#2533 = CARTESIAN_POINT ('', (138., 135.250228111646, 3.50000000001512));
#2534 = CARTESIAN_POINT ('', (138.75, 135.250228111643, 3.50000000001512));
#2535 = CARTESIAN_POINT ('', (138.749999999997, 134.500228111643, 3.50000000001502));
#2536 = (
   BOUNDED_CURVE ()
   B_SPLINE_CURVE (2, (#2531, #2532, #2533, #2534, #2535), .UNSPECIFIED., .F., .U.)
   B_SPLINE_CURVE_WITH_KNOTS ((3, 2, 3), (8.85209527438545E-13, 1.57079632679578, 3.14159265359067), .UNSPECIFIED.)
   CURVE ()
   GEOMETRIC_REPRESENTATION_ITEM ()
   RATIONAL_B_SPLINE_CURVE ((1., 0.707106781186553, 1., 0.707106781186553, 1.))
   REPRESENTATION_ITEM ('')
);
#2537 = EDGE_CURVE ('', #2522, #2520, #2536, .T.);
#2538 = ORIENTED_EDGE ('', *, *, #2537, .T.);
#2539 = EDGE_LOOP ('', (#2530, #2538));
#2540 = FACE_BOUND ('', #2539, .T.);
#2541 = CARTESIAN_POINT ('', (24.4999999999988, 114.999999999994, 3.50000000001276));
#2542 = CARTESIAN_POINT ('', (24.4999999999988, 138.999999999997, 3.50000000001593));
#2543 = CARTESIAN_POINT ('', (179.499999999997, 114.999999999994, 3.50000000001276));
#2544 = CARTESIAN_POINT ('', (179.499999999997, 138.999999999997, 3.50000000001593));
#2545 = B_SPLINE_SURFACE_WITH_KNOTS ('', 1, 1, ((#2541, #2542), (#2543, #2544)), .UNSPECIFIED., .F., .F., .U., (2, 2), (2, 2), (0.386689502693274, 0.729512704509156), (0.616599650531623, 0.669681952748283), .UNSPECIFIED.);
#2546 = ADVANCED_FACE ('', (#2496, #2518, #2540), #2545, .T.);
#2547 = CARTESIAN_POINT ('', (138.749999999997, 134.500228111645, -5.49999999998458));
#2548 = VERTEX_POINT ('', #2547);
#2549 = CARTESIAN_POINT ('', (138.749999999997, 134.500228111647, -5.49999999998458));
#2550 = CARTESIAN_POINT ('', (138.749999999997, 134.500228111646, 3.50000000001514));
#2551 = B_SPLINE_CURVE_WITH_KNOTS ('', 1, (#2549, #2550), .UNSPECIFIED., .F., .U., (2, 2), (-0.325086659217944, 0.), .UNSPECIFIED.);
#2552 = EDGE_CURVE ('', #2548, #2520, #2551, .T.);
#2553 = ORIENTED_EDGE ('', *, *, #2552, .T.);
#2554 = ORIENTED_EDGE ('', *, *, #2537, .F.);
#2555 = CARTESIAN_POINT ('', (137.25, 134.50022811165, -5.4999999999847));
#2556 = VERTEX_POINT ('', #2555);
#2557 = CARTESIAN_POINT ('', (137.249999999997, 134.500228111646, 3.50000000001515));
#2558 = CARTESIAN_POINT ('', (137.249999999997, 134.500228111648, -5.49999999998457));
#2559 = B_SPLINE_CURVE_WITH_KNOTS ('', 1, (#2557, #2558), .UNSPECIFIED., .F., .U., (2, 2), (0., 1.), .UNSPECIFIED.);
#2560 = EDGE_CURVE ('', #2522, #2556, #2559, .T.);
#2561 = ORIENTED_EDGE ('', *, *, #2560, .T.);
#2562 = CARTESIAN_POINT ('', (137.249999999997, 134.50022811165, -5.49999999998458));
#2563 = CARTESIAN_POINT ('', (137.25, 135.25022811165, -5.49999999998448));
#2564 = CARTESIAN_POINT ('', (138., 135.250228111647, -5.49999999998448));
#2565 = CARTESIAN_POINT ('', (138.75, 135.250228111644, -5.49999999998448));
#2566 = CARTESIAN_POINT ('', (138.749999999997, 134.500228111645, -5.49999999998458));
#2567 = (
   BOUNDED_CURVE ()
   B_SPLINE_CURVE (2, (#2562, #2563, #2564, #2565, #2566), .UNSPECIFIED., .F., .U.)
   B_SPLINE_CURVE_WITH_KNOTS ((3, 2, 3), (8.85209527438608E-13, 1.57079632679578, 3.14159265359067), .UNSPECIFIED.)
   CURVE ()
   GEOMETRIC_REPRESENTATION_ITEM ()
   RATIONAL_B_SPLINE_CURVE ((1., 0.707106781186539, 1., 0.707106781186539, 1.))
   REPRESENTATION_ITEM ('')
);
#2568 = EDGE_CURVE ('', #2556, #2548, #2567, .T.);
#2569 = ORIENTED_EDGE ('', *, *, #2568, .T.);
#2570 = EDGE_LOOP ('', (#2553, #2554, #2561, #2569));
#2571 = FACE_OUTER_BOUND ('', #2570, .T.);
#2572 = CARTESIAN_POINT ('', (138.749999999997, 134.500228111647, -5.49999999998458));
#2573 = CARTESIAN_POINT ('', (138.749999999997, 135.250228111647, -5.49999999998449));
#2574 = CARTESIAN_POINT ('', (137.999999999997, 135.250228111647, -5.49999999998448));
#2575 = CARTESIAN_POINT ('', (137.249999999998, 135.250228111647, -5.49999999998447));
#2576 = CARTESIAN_POINT ('', (137.249999999997, 134.500228111648, -5.49999999998457));
#2577 = CARTESIAN_POINT ('', (138.749999999997, 134.500228111646, 3.50000000001514));
#2578 = CARTESIAN_POINT ('', (138.749999999997, 135.250228111646, 3.50000000001524));
#2579 = CARTESIAN_POINT ('', (137.999999999997, 135.250228111646, 3.50000000001524));
#2580 = CARTESIAN_POINT ('', (137.249999999998, 135.250228111646, 3.50000000001525));
#2581 = CARTESIAN_POINT ('', (137.249999999997, 134.500228111646, 3.50000000001516));
#2582 = (
   BOUNDED_SURFACE ()
   B_SPLINE_SURFACE (1, 2, ((#2572, #2573, #2574, #2575, #2576), (#2577, #2578, #2579, #2580, #2581)), .UNSPECIFIED., .F., .F., .U.)
   B_SPLINE_SURFACE_WITH_KNOTS ((2, 2), (3, 2, 3), (-0.325086659217944, 0.), (0.0851074883649076, 0.127661232547361, 0.170214976729815), .UNSPECIFIED.)
   GEOMETRIC_REPRESENTATION_ITEM ()
   RATIONAL_B_SPLINE_SURFACE (((1., 0.707106781186547, 1., 0.707106781186547, 1.), (1., 0.707106781186547, 1., 0.707106781186547, 1.)))
   REPRESENTATION_ITEM ('')
   SURFACE ()
);
#2583 = ADVANCED_FACE ('', (#2571), #2582, .T.);
#2584 = CARTESIAN_POINT ('', (138.749999999997, 134.500228111645, -5.49999999998458));
#2585 = CARTESIAN_POINT ('', (138.749999999994, 133.750228111645, -5.49999999998467));
#2586 = CARTESIAN_POINT ('', (137.999999999994, 133.750228111648, -5.49999999998467));
#2587 = CARTESIAN_POINT ('', (137.249999999995, 133.750228111651, -5.49999999998467));
#2588 = CARTESIAN_POINT ('', (137.249999999997, 134.50022811165, -5.49999999998458));
#2589 = (
   BOUNDED_CURVE ()
   B_SPLINE_CURVE (2, (#2584, #2585, #2586, #2587, #2588), .UNSPECIFIED., .F., .U.)
   B_SPLINE_CURVE_WITH_KNOTS ((3, 2, 3), (3.14159265359067, 4.71238898038556, 6.28318530718047), .UNSPECIFIED.)
   CURVE ()
   GEOMETRIC_REPRESENTATION_ITEM ()
   RATIONAL_B_SPLINE_CURVE ((1., 0.707106781186539, 1., 0.707106781186539, 1.))
   REPRESENTATION_ITEM ('')
);
#2590 = EDGE_CURVE ('', #2548, #2556, #2589, .T.);
#2591 = ORIENTED_EDGE ('', *, *, #2590, .F.);
#2592 = ORIENTED_EDGE ('', *, *, #2568, .F.);
#2593 = EDGE_LOOP ('', (#2591, #2592));
#2594 = FACE_OUTER_BOUND ('', #2593, .T.);
#2595 = CARTESIAN_POINT ('', (137.249999999995, 133.750228111645, -5.49999999998467));
#2596 = CARTESIAN_POINT ('', (137.249999999995, 135.25022811165, -5.49999999998447));
#2597 = CARTESIAN_POINT ('', (138.75, 133.750228111645, -5.49999999998467));
#2598 = CARTESIAN_POINT ('', (138.75, 135.25022811165, -5.49999999998447));
#2599 = B_SPLINE_SURFACE_WITH_KNOTS ('', 1, 1, ((#2595, #2596), (#2597, #2598)), .UNSPECIFIED., .F., .F., .U., (2, 2), (2, 2), (0.325600644069213, 0.66231815892119), (0.310610165994877, 0.647327680846858), .UNSPECIFIED.);
#2600 = ADVANCED_FACE ('', (#2594), #2599, .T.);
#2601 = CARTESIAN_POINT ('', (43.7499999999984, 134.499999999992, -5.49999999998459));
#2602 = VERTEX_POINT ('', #2601);
#2603 = CARTESIAN_POINT ('', (43.7499999999984, 134.499999999995, 3.50000000001512));
#2604 = CARTESIAN_POINT ('', (43.7499999999983, 134.499999999996, -5.49999999998459));
#2605 = B_SPLINE_CURVE_WITH_KNOTS ('', 1, (#2603, #2604), .UNSPECIFIED., .F., .U., (2, 2), (0., 0.325086659217944), .UNSPECIFIED.);
#2606 = EDGE_CURVE ('', #2498, #2602, #2605, .T.);
#2607 = ORIENTED_EDGE ('', *, *, #2606, .T.);
#2608 = CARTESIAN_POINT ('', (42.2500000000002, 134.5, -5.49999999998478));
#2609 = VERTEX_POINT ('', #2608);
#2610 = CARTESIAN_POINT ('', (43.7499999999984, 134.499999999992, -5.49999999998459));
#2611 = CARTESIAN_POINT ('', (43.7499999999941, 133.749999999992, -5.49999999998468));
#2612 = CARTESIAN_POINT ('', (42.9999999999943, 133.749999999996, -5.49999999998468));
#2613 = CARTESIAN_POINT ('', (42.2499999999945, 133.750000000001, -5.49999999998467));
#2614 = CARTESIAN_POINT ('', (42.2499999999988, 134.5, -5.49999999998457));
#2615 = (
   BOUNDED_CURVE ()
   B_SPLINE_CURVE (2, (#2610, #2611, #2612, #2613, #2614), .UNSPECIFIED., .F., .U.)
   B_SPLINE_CURVE_WITH_KNOTS ((3, 2, 3), (3.14159265359068, 4.71238898038558, 6.28318530718047), .UNSPECIFIED.)
   CURVE ()
   GEOMETRIC_REPRESENTATION_ITEM ()
   RATIONAL_B_SPLINE_CURVE ((1., 0.70710678118655, 1., 0.70710678118655, 1.))
   REPRESENTATION_ITEM ('')
);
#2616 = EDGE_CURVE ('', #2602, #2609, #2615, .T.);
#2617 = ORIENTED_EDGE ('', *, *, #2616, .T.);
#2618 = CARTESIAN_POINT ('', (42.2499999999988, 134.499999999996, -5.49999999998458));
#2619 = CARTESIAN_POINT ('', (42.2499999999988, 134.499999999995, 3.50000000001513));
#2620 = B_SPLINE_CURVE_WITH_KNOTS ('', 1, (#2618, #2619), .UNSPECIFIED., .F., .U., (2, 2), (0., 0.818181818181818), .UNSPECIFIED.);
#2621 = EDGE_CURVE ('', #2609, #2500, #2620, .T.);
#2622 = ORIENTED_EDGE ('', *, *, #2621, .T.);
#2623 = ORIENTED_EDGE ('', *, *, #2507, .F.);
#2624 = EDGE_LOOP ('', (#2607, #2617, #2622, #2623));
#2625 = FACE_OUTER_BOUND ('', #2624, .T.);
#2626 = CARTESIAN_POINT ('', (42.2499999999988, 134.499999999995, 3.50000000001514));
#2627 = CARTESIAN_POINT ('', (42.2499999999987, 134.499999999996, -5.49999999998458));
#2628 = CARTESIAN_POINT ('', (42.2499999999987, 133.749999999995, 3.50000000001504));
#2629 = CARTESIAN_POINT ('', (42.2499999999986, 133.749999999996, -5.49999999998468));
#2630 = CARTESIAN_POINT ('', (42.9999999999986, 133.749999999995, 3.50000000001503));
#2631 = CARTESIAN_POINT ('', (42.9999999999984, 133.749999999996, -5.49999999998469));
#2632 = CARTESIAN_POINT ('', (43.7499999999984, 133.749999999995, 3.50000000001502));
#2633 = CARTESIAN_POINT ('', (43.7499999999983, 133.749999999996, -5.4999999999847));
#2634 = CARTESIAN_POINT ('', (43.7499999999984, 134.499999999995, 3.50000000001512));
#2635 = CARTESIAN_POINT ('', (43.7499999999983, 134.499999999996, -5.49999999998459));
#2636 = (
   BOUNDED_SURFACE ()
   B_SPLINE_SURFACE (2, 1, ((#2626, #2627), (#2628, #2629), (#2630, #2631), (#2632, #2633), (#2634, #2635)), .UNSPECIFIED., .F., .F., .U.)
   B_SPLINE_SURFACE_WITH_KNOTS ((3, 2, 3), (2, 2), (0., 0.042553744182455, 0.08510748836491), (0., 0.325086659217944), .UNSPECIFIED.)
   GEOMETRIC_REPRESENTATION_ITEM ()
   RATIONAL_B_SPLINE_SURFACE (((1., 1.), (0.707106781186547, 0.707106781186547), (1., 1.), (0.707106781186547, 0.707106781186547), (1., 1.)))
   REPRESENTATION_ITEM ('')
   SURFACE ()
);
#2637 = ADVANCED_FACE ('', (#2625), #2636, .T.);
#2638 = ORIENTED_EDGE ('', *, *, #2616, .F.);
#2639 = CARTESIAN_POINT ('', (42.2499999999988, 134.5, -5.49999999998457));
#2640 = CARTESIAN_POINT ('', (42.2500000000031, 135.25, -5.49999999998447));
#2641 = CARTESIAN_POINT ('', (43.0000000000029, 135.249999999996, -5.49999999998448));
#2642 = CARTESIAN_POINT ('', (43.7500000000027, 135.249999999992, -5.49999999998449));
#2643 = CARTESIAN_POINT ('', (43.7499999999984, 134.499999999992, -5.49999999998459));
#2644 = (
   BOUNDED_CURVE ()
   B_SPLINE_CURVE (2, (#2639, #2640, #2641, #2642, #2643), .UNSPECIFIED., .F., .U.)
   B_SPLINE_CURVE_WITH_KNOTS ((3, 2, 3), (8.85209527438557E-13, 1.57079632679578, 3.14159265359068), .UNSPECIFIED.)
   CURVE ()
   GEOMETRIC_REPRESENTATION_ITEM ()
   RATIONAL_B_SPLINE_CURVE ((1., 0.70710678118655, 1., 0.70710678118655, 1.))
   REPRESENTATION_ITEM ('')
);
#2645 = EDGE_CURVE ('', #2609, #2602, #2644, .T.);
#2646 = ORIENTED_EDGE ('', *, *, #2645, .F.);
#2647 = EDGE_LOOP ('', (#2638, #2646));
#2648 = FACE_OUTER_BOUND ('', #2647, .T.);
#2649 = CARTESIAN_POINT ('', (42.2499999999945, 133.749999999992, -5.49999999998468));
#2650 = CARTESIAN_POINT ('', (42.2499999999945, 135.25, -5.49999999998448));
#2651 = CARTESIAN_POINT ('', (43.7500000000027, 133.749999999992, -5.49999999998468));
#2652 = CARTESIAN_POINT ('', (43.7500000000027, 135.25, -5.49999999998448));
#2653 = B_SPLINE_SURFACE_WITH_KNOTS ('', 1, 1, ((#2649, #2650), (#2651, #2652)), .UNSPECIFIED., .F., .F., .U., (2, 2), (2, 2), (0.32560064406884, 0.662318158921507), (0.310610165994533, 0.647327680847202), .UNSPECIFIED.);
#2654 = ADVANCED_FACE ('', (#2648), #2653, .T.);
#2655 = ORIENTED_EDGE ('', *, *, #2361, .F.);
#2656 = CARTESIAN_POINT ('', (176.499999999997, 114.999999999998, -10.9999999999874));
#2657 = VERTEX_POINT ('', #2656);
#2658 = CARTESIAN_POINT ('', (176.499999999994, 114.999999999997, -10.9999999999872));
#2659 = CARTESIAN_POINT ('', (176.499999999994, 114.999999999995, 3.50000000001265));
#2660 = B_SPLINE_CURVE_WITH_KNOTS ('', 1, (#2658, #2659), .UNSPECIFIED., .F., .U., (2, 2), (-0.61111111111114, 1.00000000000001), .UNSPECIFIED.);
#2661 = EDGE_CURVE ('', #2657, #2350, #2660, .T.);
#2662 = ORIENTED_EDGE ('', *, *, #2661, .F.);
#2663 = CARTESIAN_POINT ('', (179.499999999999, 114.999999999997, -10.9999999999873));
#2664 = VERTEX_POINT ('', #2663);
#2665 = CARTESIAN_POINT ('', (176.499999999994, 114.999999999997, -10.9999999999872));
#2666 = CARTESIAN_POINT ('', (179.499999999997, 114.999999999996, -10.9999999999872));
#2667 = B_SPLINE_CURVE_WITH_KNOTS ('', 1, (#2665, #2666), .UNSPECIFIED., .F., .U., (2, 2), (0.870129870129806, 0.94805194805195), .UNSPECIFIED.);
#2668 = EDGE_CURVE ('', #2657, #2664, #2667, .T.);
#2669 = ORIENTED_EDGE ('', *, *, #2668, .T.);
#2670 = CARTESIAN_POINT ('', (179.499999999998, 114.999999999994, 3.50000000001279));
#2671 = CARTESIAN_POINT ('', (179.499999999998, 114.999999999996, -10.9999999999872));
#2672 = B_SPLINE_CURVE_WITH_KNOTS ('', 1, (#2670, #2671), .UNSPECIFIED., .F., .U., (2, 2), (0.09375, 1.), .UNSPECIFIED.);
#2673 = EDGE_CURVE ('', #2357, #2664, #2672, .T.);
#2674 = ORIENTED_EDGE ('', *, *, #2673, .F.);
#2675 = EDGE_LOOP ('', (#2655, #2662, #2669, #2674));
#2676 = FACE_OUTER_BOUND ('', #2675, .T.);
#2677 = CARTESIAN_POINT ('', (176.499999999994, 114.999999999996, -10.9999999999875));
#2678 = CARTESIAN_POINT ('', (176.499999999994, 114.999999999994, 3.50000000001218));
#2679 = CARTESIAN_POINT ('', (179.499999999998, 114.999999999996, -10.9999999999875));
#2680 = CARTESIAN_POINT ('', (179.499999999998, 114.999999999994, 3.50000000001218));
#2681 = B_SPLINE_SURFACE_WITH_KNOTS ('', 1, 1, ((#2677, #2678), (#2679, #2680)), .UNSPECIFIED., .F., .F., .U., (2, 2), (2, 2), (-0.102913788107246, 1.28009442195908E-13), (0.651787324679195, 1.14920396719755), .UNSPECIFIED.);
#2682 = ADVANCED_FACE ('', (#2676), #2681, .T.);
#2683 = CARTESIAN_POINT ('', (177.980981719081, 132.908000284485, 5.00000000001515));
#2684 = VERTEX_POINT ('', #2683);
#2685 = CARTESIAN_POINT ('', (177.98098171908, 132.908000284484, 3.50000000001524));
#2686 = CARTESIAN_POINT ('', (177.98098171908, 132.908000284484, 4.00000000001521));
#2687 = CARTESIAN_POINT ('', (177.98098171908, 132.908000284484, 4.50000000001519));
#2688 = CARTESIAN_POINT ('', (177.98098171908, 132.908000284484, 5.00000000001515));
#2689 = B_SPLINE_CURVE_WITH_KNOTS ('', 3, (#2685, #2686, #2687, #2688), .UNSPECIFIED., .F., .U., (4, 4), (0., 1.49999999999993), .UNSPECIFIED.);
#2690 = EDGE_CURVE ('', #2371, #2684, #2689, .T.);
#2691 = ORIENTED_EDGE ('', *, *, #2690, .F.);
#2692 = ORIENTED_EDGE ('', *, *, #2375, .F.);
#2693 = CARTESIAN_POINT ('', (179.479327292819, 133.893664045493, 4.0453567249889));
#2694 = VERTEX_POINT ('', #2693);
#2695 = CARTESIAN_POINT ('', (179.499999999998, 133.907263028415, 3.50000000001527));
#2696 = CARTESIAN_POINT ('', (179.493136694027, 133.902748108455, 3.68177925586333));
#2697 = CARTESIAN_POINT ('', (179.486256614889, 133.898222154525, 3.86357837108774));
#2698 = CARTESIAN_POINT ('', (179.479361232259, 133.893686133429, 4.0453585635793));
#2699 = B_SPLINE_CURVE_WITH_KNOTS ('', 3, (#2695, #2696, #2697, #2698), .UNSPECIFIED., .F., .U., (4, 4), (0., 0.545894390839365), .UNSPECIFIED.);
#2700 = EDGE_CURVE ('', #2364, #2694, #2699, .T.);
#2701 = ORIENTED_EDGE ('', *, *, #2700, .T.);
#2702 = CARTESIAN_POINT ('', (178.644738657367, 133.344642547311, 5.00000000001521));
#2703 = VERTEX_POINT ('', #2702);
#2704 = CARTESIAN_POINT ('', (178.644738657365, 133.34464254731, 5.00000000001518));
#2705 = CARTESIAN_POINT ('', (178.664212697924, 133.357453244488, 5.00000000001516));
#2706 = CARTESIAN_POINT ('', (178.684491501445, 133.370793342566, 4.99913946773968));
#2707 = CARTESIAN_POINT ('', (178.723355423888, 133.396359374435, 4.99583688306716));
#2708 = CARTESIAN_POINT ('', (178.743462469709, 133.40958648436, 4.99326911692971));
#2709 = CARTESIAN_POINT ('', (178.782060431714, 133.434977558258, 4.98667824259915));
#2710 = CARTESIAN_POINT ('', (178.801897902785, 133.448027332592, 4.98242874242458));
#2711 = CARTESIAN_POINT ('', (178.840035639085, 133.47311565411, 4.97258041985269));
#2712 = CARTESIAN_POINT ('', (178.85950765467, 133.485925019189, 4.96668251212692));
#2713 = CARTESIAN_POINT ('', (178.896993418545, 133.510584450704, 4.95362392466652));
#2714 = CARTESIAN_POINT ('', (178.91600648212, 133.523091901284, 4.94611860143557));
#2715 = CARTESIAN_POINT ('', (178.952651989076, 133.547198582746, 4.92991299223581));
#2716 = CARTESIAN_POINT ('', (178.971115426933, 133.559344470526, 4.92084870934168));
#2717 = CARTESIAN_POINT ('', (179.006736779085, 133.58277742755, 4.90157502259602));
#2718 = CARTESIAN_POINT ('', (179.024563167125, 133.594504241934, 4.89100745859447));
#2719 = CARTESIAN_POINT ('', (179.067578715974, 133.622801357192, 4.8632029845542));
#2720 = CARTESIAN_POINT ('', (179.093115315848, 133.639600215495, 4.84454063422003));
#2721 = CARTESIAN_POINT ('', (179.141533840886, 133.671451595294, 4.80479430812122));
#2722 = CARTESIAN_POINT ('', (179.165113567234, 133.686963154534, 4.78315678059419));
#2723 = CARTESIAN_POINT ('', (179.209815663764, 133.716369739168, 4.73744574578962));
#2724 = CARTESIAN_POINT ('', (179.231205645537, 133.730440808719, 4.71311918939004));
#2725 = CARTESIAN_POINT ('', (179.271685645808, 133.757069952457, 4.66194627649248));
#2726 = CARTESIAN_POINT ('', (179.290680676486, 133.769565540374, 4.6352425893825));
#2727 = CARTESIAN_POINT ('', (179.326480947855, 133.793116196644, 4.57917052911329));
#2728 = CARTESIAN_POINT ('', (179.342905587569, 133.803920892516, 4.55042377718365));
#2729 = CARTESIAN_POINT ('', (179.373621337387, 133.824126774717, 4.49006859372567));
#2730 = CARTESIAN_POINT ('', (179.387331698292, 133.833145924144, 4.45963116301765));
#2731 = CARTESIAN_POINT ('', (179.408377620629, 133.846990659502, 4.40637747451949));
#2732 = CARTESIAN_POINT ('', (179.41600537952, 133.852008463023, 4.38518322362154));
#2733 = CARTESIAN_POINT ('', (179.430300997, 133.86141261446, 4.34128392374863));
#2734 = CARTESIAN_POINT ('', (179.436648037097, 133.86558791688, 4.31957271987623));
#2735 = CARTESIAN_POINT ('', (179.448346087441, 133.873283298846, 4.27455269856585));
#2736 = CARTESIAN_POINT ('', (179.453390082671, 133.8766014133, 4.25243616978813));
#2737 = CARTESIAN_POINT ('', (179.462431454533, 133.882549140308, 4.20651541785045));
#2738 = CARTESIAN_POINT ('', (179.466156880555, 133.884999854349, 4.18410654330793));
#2739 = CARTESIAN_POINT ('', (179.472495498449, 133.889169616352, 4.13750921875512));
#2740 = CARTESIAN_POINT ('', (179.474893702069, 133.890747237609, 4.11492174839172));
#2741 = CARTESIAN_POINT ('', (179.47787850005, 133.892710740918, 4.07594739745684));
#2742 = CARTESIAN_POINT ('', (179.478740811039, 133.8932779989, 4.06086497540166));
#2743 = CARTESIAN_POINT ('', (179.479327401592, 133.893663878446, 4.04535672387937));
#2744 = B_SPLINE_CURVE_WITH_KNOTS ('', 3, (#2704, #2705, #2706, #2707, #2708, #2709, #2710, #2711, #2712, #2713, #2714, #2715, #2716, #2717, #2718, #2719, #2720, #2721, #2722, #2723, #2724, #2725, #2726, #2727, #2728, #2729, #2730, #2731, #2732, #2733, #2734, #2735, #2736, #2737, #2738, #2739, #2740, #2741, #2742, #2743), .UNSPECIFIED., .F., .U., (4, 2, 2, 2, 2, 2, 2, 2, 2, 2, 2, 2, 2, 2, 2, 2, 2, 2, 2, 4), (0., 0.0699297501832985, 0.139908547518498, 0.209935251367718, 0.280008877203046, 0.350128585236683, 0.420293670983452, 0.490503557517819, 0.595842457825271, 0.701329812056406, 0.806964958313095, 0.91274806716518, 1.01868014211728, 1.12476303879303, 1.19541459247998, 1.26611211538832, 1.33685641952596, 1.40764845659443, 1.47848932822637, 1.525061741853), .UNSPECIFIED.);
#2745 = EDGE_CURVE ('', #2703, #2694, #2744, .T.);
#2746 = ORIENTED_EDGE ('', *, *, #2745, .F.);
#2747 = CARTESIAN_POINT ('', (177.98098171908, 132.908000284484, 5.00000000001512));
#2748 = CARTESIAN_POINT ('', (178.644738657365, 133.34464254731, 5.00000000001518));
#2749 = B_SPLINE_CURVE_WITH_KNOTS ('', 1, (#2747, #2748), .UNSPECIFIED., .F., .U., (2, 2), (0.782881158457611, 0.877754366579334), .UNSPECIFIED.);
#2750 = EDGE_CURVE ('', #2684, #2703, #2749, .T.);
#2751 = ORIENTED_EDGE ('', *, *, #2750, .F.);
#2752 = EDGE_LOOP ('', (#2691, #2692, #2701, #2746, #2751));
#2753 = FACE_OUTER_BOUND ('', #2752, .T.);
#2754 = CARTESIAN_POINT ('', (179.499999999997, 133.907263028415, 3.50000000001528));
#2755 = CARTESIAN_POINT ('', (177.980981719079, 132.908000284484, 3.50000000001515));
#2756 = CARTESIAN_POINT ('', (179.499999999997, 133.907263028414, 5.00000000001528));
#2757 = CARTESIAN_POINT ('', (177.980981719079, 132.908000284484, 5.00000000001515));
#2758 = B_SPLINE_SURFACE_WITH_KNOTS ('', 1, 1, ((#2754, #2755), (#2756, #2757)), .UNSPECIFIED., .F., .F., .U., (2, 2), (2, 2), (0., 0.0546252215075801), (0.167603905596023, 0.233817872037916), .UNSPECIFIED.);
#2759 = ADVANCED_FACE ('', (#2753), #2758, .T.);
#2760 = CARTESIAN_POINT ('', (169.000138821065, 138.579728308706, 5.00000000001593));
#2761 = VERTEX_POINT ('', #2760);
#2762 = CARTESIAN_POINT ('', (169.000138821063, 138.579728308704, 5.00000000001587));
#2763 = CARTESIAN_POINT ('', (170.284836791268, 138.579728308704, 5.00000000001587));
#2764 = CARTESIAN_POINT ('', (171.587179287593, 138.358434391044, 5.00000000001585));
#2765 = CARTESIAN_POINT ('', (174.012359725689, 137.509714301379, 5.00000000001573));
#2766 = CARTESIAN_POINT ('', (175.168509103811, 136.87062312382, 5.00000000001565));
#2767 = CARTESIAN_POINT ('', (177.130896899395, 135.305202721993, 5.00000000001543));
#2768 = CARTESIAN_POINT ('', (177.975906760696, 134.373402866358, 5.00000000001532));
#2769 = CARTESIAN_POINT ('', (178.644738657365, 133.34464254731, 5.00000000001518));
#2770 = B_SPLINE_CURVE_WITH_KNOTS ('', 3, (#2762, #2763, #2764, #2765, #2766, #2767, #2768, #2769), .UNSPECIFIED., .F., .U., (4, 2, 2, 4), (0., 3.85409391061587, 7.70820559736982, 11.3849346374157), .UNSPECIFIED.);
#2771 = EDGE_CURVE ('', #2761, #2703, #2770, .T.);
#2772 = ORIENTED_EDGE ('', *, *, #2771, .T.);
#2773 = ORIENTED_EDGE ('', *, *, #2745, .T.);
#2774 = CARTESIAN_POINT ('', (169.000138821065, 139.576286539656, 4.08289567134718));
#2775 = VERTEX_POINT ('', #2774);
#2776 = CARTESIAN_POINT ('', (169.000138821063, 139.576286539654, 4.08289567134714));
#2777 = CARTESIAN_POINT ('', (170.396133202813, 139.576285147933, 4.08291240239545));
#2778 = CARTESIAN_POINT ('', (171.811305792493, 139.335961001556, 4.08134360869811));
#2779 = CARTESIAN_POINT ('', (174.446841078776, 138.414129208977, 4.07528273590067));
#2780 = CARTESIAN_POINT ('', (175.703410771936, 137.719942149245, 4.07070656037781));
#2781 = CARTESIAN_POINT ('', (177.835046584957, 136.020446329953, 4.0594675342641));
#2782 = CARTESIAN_POINT ('', (178.752590972948, 135.009720965903, 4.05276948529996));
#2783 = CARTESIAN_POINT ('', (179.479327292818, 133.893664045492, 4.04535672498888));
#2784 = B_SPLINE_CURVE_WITH_KNOTS ('', 3, (#2776, #2777, #2778, #2779, #2780, #2781, #2782, #2783), .UNSPECIFIED., .F., .U., (4, 2, 2, 4), (0., 3.85409391061587, 7.70820559736982, 11.3796355909058), .UNSPECIFIED.);
#2785 = EDGE_CURVE ('', #2775, #2694, #2784, .T.);
#2786 = ORIENTED_EDGE ('', *, *, #2785, .F.);
#2787 = CARTESIAN_POINT ('', (169.000138821063, 139.576286539654, 4.08289567134714));
#2788 = CARTESIAN_POINT ('', (169.000138821063, 139.499999999997, 5.00000000001606));
#2789 = CARTESIAN_POINT ('', (169.000138821063, 138.579728308704, 5.00000000001587));
#2790 = (
   BOUNDED_CURVE ()
   B_SPLINE_CURVE (2, (#2787, #2788, #2789), .UNSPECIFIED., .F., .U.)
   B_SPLINE_CURVE_WITH_KNOTS ((3, 3), (0., 1.48780542175677), .UNSPECIFIED.)
   CURVE ()
   GEOMETRIC_REPRESENTATION_ITEM ()
   RATIONAL_B_SPLINE_CURVE ((1., 0.735831390785615, 1.))
   REPRESENTATION_ITEM ('')
);
#2791 = EDGE_CURVE ('', #2775, #2761, #2790, .T.);
#2792 = ORIENTED_EDGE ('', *, *, #2791, .T.);
#2793 = EDGE_LOOP ('', (#2772, #2773, #2786, #2792));
#2794 = FACE_OUTER_BOUND ('', #2793, .T.);
#2795 = CARTESIAN_POINT ('', (169.000138821063, 139.576286539654, 4.08289567134714));
#2796 = CARTESIAN_POINT ('', (170.396133202813, 139.576285147933, 4.08291240239545));
#2797 = CARTESIAN_POINT ('', (171.811305792493, 139.335961001556, 4.08134360869811));
#2798 = CARTESIAN_POINT ('', (173.129070396688, 138.8750461682, 4.07831317928798));
#2799 = CARTESIAN_POINT ('', (174.446841078776, 138.414129208977, 4.07528273590067));
#2800 = CARTESIAN_POINT ('', (175.703410771936, 137.719942149245, 4.07070656037781));
#2801 = CARTESIAN_POINT ('', (176.795101290425, 136.849566702933, 4.06495063426208));
#2802 = CARTESIAN_POINT ('', (177.836547558281, 136.019249644349, 4.05945962039894));
#2803 = CARTESIAN_POINT ('', (178.755239337384, 135.00680298833, 4.05275014791963));
#2804 = CARTESIAN_POINT ('', (179.482472838264, 133.888830907295, 4.04532462357922));
#2805 = CARTESIAN_POINT ('', (169.000138821063, 139.499999999997, 5.00000000001606));
#2806 = CARTESIAN_POINT ('', (170.398607524115, 139.51041832768, 5.00000000002553));
#2807 = CARTESIAN_POINT ('', (171.791199315745, 139.266792052501, 5.00000000002184));
#2808 = CARTESIAN_POINT ('', (173.105154507384, 138.806707563273, 5.00000000001588));
#2809 = CARTESIAN_POINT ('', (174.422848972566, 138.345313758652, 5.0000000000099));
#2810 = CARTESIAN_POINT ('', (175.665071874137, 137.664961846316, 5.00000000000164));
#2811 = CARTESIAN_POINT ('', (176.757148412831, 136.801989538543, 5.00000000000207));
#2812 = CARTESIAN_POINT ('', (177.804499911407, 135.974359507356, 5.00000000000249));
#2813 = CARTESIAN_POINT ('', (178.71613321107, 134.976892213024, 5.00000000001091));
#2814 = CARTESIAN_POINT ('', (179.445811230978, 133.86597352633, 5.00000000001471));
#2815 = CARTESIAN_POINT ('', (169.000138821063, 138.579728308704, 5.00000000001587));
#2816 = CARTESIAN_POINT ('', (170.284836791268, 138.579728308704, 5.00000000001587));
#2817 = CARTESIAN_POINT ('', (171.587179287593, 138.358434391044, 5.00000000001585));
#2818 = CARTESIAN_POINT ('', (172.799766710249, 137.934075324842, 5.00000000001579));
#2819 = CARTESIAN_POINT ('', (174.012359725689, 137.509714301379, 5.00000000001573));
#2820 = CARTESIAN_POINT ('', (175.168509103811, 136.87062312382, 5.00000000001565));
#2821 = CARTESIAN_POINT ('', (176.172814202177, 136.069476839595, 5.00000000001554));
#2822 = CARTESIAN_POINT ('', (177.130896899395, 135.305202721993, 5.00000000001544));
#2823 = CARTESIAN_POINT ('', (177.975906760696, 134.373402866358, 5.00000000001532));
#2824 = CARTESIAN_POINT ('', (178.644738657365, 133.34464254731, 5.00000000001518));
#2825 = (
   BOUNDED_SURFACE ()
   B_SPLINE_SURFACE (2, 3, ((#2795, #2796, #2797, #2798, #2799, #2800, #2801, #2802, #2803, #2804), (#2805, #2806, #2807, #2808, #2809, #2810, #2811, #2812, #2813, #2814), (#2815, #2816, #2817, #2818, #2819, #2820, #2821, #2822, #2823, #2824)), .UNSPECIFIED., .F., .F., .U.)
   B_SPLINE_SURFACE_WITH_KNOTS ((3, 3), (4, 3, 3, 4), (0., 1.), (0., 3.85409391061587, 7.70820559736982, 11.3849346374157), .UNSPECIFIED.)
   GEOMETRIC_REPRESENTATION_ITEM ()
   RATIONAL_B_SPLINE_SURFACE (((1., 1., 1., 1., 1., 1., 1., 1., 1., 1.), (0.735831390785644, 0.73585521143049, 0.735314452599823, 0.734272830517401, 0.733231203630733, 0.731688708872061, 0.729709063346778, 0.727820529546157, 0.725534158074854, 0.722955654921548), (1., 1., 1., 1., 1., 1., 1., 1., 1., 1.)))
   REPRESENTATION_ITEM ('')
   SURFACE ()
);
#2826 = ADVANCED_FACE ('', (#2794), #2825, .T.);
#2827 = CARTESIAN_POINT ('', (26.0000000000001, 138.579728308705, 5.00000000001593));
#2828 = VERTEX_POINT ('', #2827);
#2829 = CARTESIAN_POINT ('', (25.9999999999998, 138.579728308704, 5.00000000001587));
#2830 = CARTESIAN_POINT ('', (73.6667129403543, 138.579728308703, 5.00000000001587));
#2831 = CARTESIAN_POINT ('', (121.333425880709, 138.579728308704, 5.00000000001587));
#2832 = CARTESIAN_POINT ('', (169.000138821063, 138.579728308704, 5.00000000001587));
#2833 = B_SPLINE_CURVE_WITH_KNOTS ('', 3, (#2829, #2830, #2831, #2832), .UNSPECIFIED., .F., .U., (4, 4), (85.6395583514868, 228.639697172552), .UNSPECIFIED.);
#2834 = EDGE_CURVE ('', #2828, #2761, #2833, .T.);
#2835 = ORIENTED_EDGE ('', *, *, #2834, .T.);
#2836 = ORIENTED_EDGE ('', *, *, #2791, .F.);
#2837 = CARTESIAN_POINT ('', (26.0000000000002, 139.576286539656, 4.08289567134715));
#2838 = VERTEX_POINT ('', #2837);
#2839 = CARTESIAN_POINT ('', (25.9999999999998, 139.576286539654, 4.0828956713471));
#2840 = CARTESIAN_POINT ('', (73.6667129403543, 139.576286539654, 4.0828956713471));
#2841 = CARTESIAN_POINT ('', (121.333425880709, 139.576286539654, 4.08289567134714));
#2842 = CARTESIAN_POINT ('', (169.000138821063, 139.576286539654, 4.08289567134714));
#2843 = B_SPLINE_CURVE_WITH_KNOTS ('', 3, (#2839, #2840, #2841, #2842), .UNSPECIFIED., .F., .U., (4, 4), (85.639558351487, 228.639697172552), .UNSPECIFIED.);
#2844 = EDGE_CURVE ('', #2838, #2775, #2843, .T.);
#2845 = ORIENTED_EDGE ('', *, *, #2844, .F.);
#2846 = CARTESIAN_POINT ('', (25.9999999999998, 138.579728308704, 5.00000000001588));
#2847 = CARTESIAN_POINT ('', (25.9999999999998, 138.599333963369, 5.00000000001588));
#2848 = CARTESIAN_POINT ('', (25.9999999999998, 138.619604288824, 4.99939696214067));
#2849 = CARTESIAN_POINT ('', (25.9999999999998, 138.65875590776, 4.99706539389793));
#2850 = CARTESIAN_POINT ('', (25.9999999999998, 138.67890516469, 4.99526313724466));
#2851 = CARTESIAN_POINT ('', (25.9999999999998, 138.72755829943, 4.98944919551803));
#2852 = CARTESIAN_POINT ('', (25.9999999999998, 138.757775997426, 4.98446048026827));
#2853 = CARTESIAN_POINT ('', (25.9999999999998, 138.815304096094, 4.97230103333171));
#2854 = CARTESIAN_POINT ('', (25.9999999999998, 138.844800991217, 4.96467700501654));
#2855 = CARTESIAN_POINT ('', (25.9999999999998, 138.901075048147, 4.94741929554122));
#2856 = CARTESIAN_POINT ('', (25.9999999999998, 138.929628099, 4.93724979875428));
#2857 = CARTESIAN_POINT ('', (25.9999999999998, 138.984197778287, 4.91502637416609));
#2858 = CARTESIAN_POINT ('', (25.9999999999998, 139.01159349884, 4.90241967775081));
#2859 = CARTESIAN_POINT ('', (25.9999999999998, 139.064022797674, 4.87540242903278));
#2860 = CARTESIAN_POINT ('', (25.9999999999998, 139.090058826735, 4.86048435614461));
#2861 = CARTESIAN_POINT ('', (25.9999999999998, 139.139929442015, 4.82888297645176));
#2862 = CARTESIAN_POINT ('', (25.9999999999998, 139.164416033021, 4.81179588779874));
#2863 = CARTESIAN_POINT ('', (25.9999999999998, 139.211330571166, 4.77585604792734));
#2864 = CARTESIAN_POINT ('', (25.9999999999998, 139.234091989286, 4.75675768815916));
#2865 = CARTESIAN_POINT ('', (25.9999999999998, 139.27767699481, 4.7167589435256));
#2866 = CARTESIAN_POINT ('', (25.9999999999998, 139.298552809511, 4.69582116136115));
#2867 = CARTESIAN_POINT ('', (25.9999999999998, 139.338461589355, 4.65207460738065));
#2868 = CARTESIAN_POINT ('', (25.9999999999998, 139.35730785186, 4.62948196068043));
#2869 = CARTESIAN_POINT ('', (25.9999999999998, 139.393223074016, 4.58232765550277));
#2870 = CARTESIAN_POINT ('', (25.9999999999998, 139.409913370291, 4.5582759130316));
#2871 = CARTESIAN_POINT ('', (25.9999999999998, 139.441549417019, 4.50808008848386));
#2872 = CARTESIAN_POINT ('', (25.9999999999998, 139.455975788255, 4.48277464062499));
#2873 = CARTESIAN_POINT ('', (25.9999999999998, 139.483080846046, 4.42992672392205));
#2874 = CARTESIAN_POINT ('', (25.9999999999998, 139.495154569918, 4.40358091498729));
#2875 = CARTESIAN_POINT ('', (25.9999999999998, 139.517512440372, 4.348490385295));
#2876 = CARTESIAN_POINT ('', (25.9999999999998, 139.527164667733, 4.32132378038205));
#2877 = CARTESIAN_POINT ('', (25.9999999999998, 139.544596285596, 4.26441688565063));
#2878 = CARTESIAN_POINT ('', (25.9999999999998, 139.551778528705, 4.23665348517212));
#2879 = CARTESIAN_POINT ('', (25.9999999999998, 139.564143175492, 4.17836984579522));
#2880 = CARTESIAN_POINT ('', (25.9999999999998, 139.568827645359, 4.15023626083942));
#2881 = CARTESIAN_POINT ('', (25.9999999999998, 139.573960896739, 4.10799950595072));
#2882 = CARTESIAN_POINT ('', (25.9999999999998, 139.575230368143, 4.09559279286291));
#2883 = CARTESIAN_POINT ('', (25.9999999999998, 139.576286539654, 4.08289567134711));
#2884 = B_SPLINE_CURVE_WITH_KNOTS ('', 3, (#2846, #2847, #2848, #2849, #2850, #2851, #2852, #2853, #2854, #2855, #2856, #2857, #2858, #2859, #2860, #2861, #2862, #2863, #2864, #2865, #2866, #2867, #2868, #2869, #2870, #2871, #2872, #2873, #2874, #2875, #2876, #2877, #2878, #2879, #2880, #2881, #2882, #2883), .UNSPECIFIED., .F., .U., (4, 2, 2, 2, 2, 2, 2, 2, 2, 2, 2, 2, 2, 2, 2, 2, 2, 2, 4), (0., 0.0588169639953924, 0.117662947786272, 0.205814803930967, 0.294060250986309, 0.382397312059648, 0.470824428582253, 0.559340432695765, 0.647944526827604, 0.736636269685199, 0.825415568152874, 0.914282674782429, 1.003238190768, 1.09228307447677, 1.18141865580044, 1.27064665679325, 1.35996921929324, 1.44938894049444, 1.48761185950147), .UNSPECIFIED.);
#2885 = EDGE_CURVE ('', #2828, #2838, #2884, .T.);
#2886 = ORIENTED_EDGE ('', *, *, #2885, .F.);
#2887 = EDGE_LOOP ('', (#2835, #2836, #2845, #2886));
#2888 = FACE_OUTER_BOUND ('', #2887, .T.);
#2889 = CARTESIAN_POINT ('', (25.9999999999997, 139.576286539654, 4.0828956713471));
#2890 = CARTESIAN_POINT ('', (49.5833564701768, 139.576286539654, 4.08289567134711));
#2891 = CARTESIAN_POINT ('', (97.2500694105313, 139.576286539654, 4.08289567134712));
#2892 = CARTESIAN_POINT ('', (144.916782350886, 139.576286539654, 4.08289567134714));
#2893 = CARTESIAN_POINT ('', (169.000138821063, 139.576286539654, 4.08289567134714));
#2894 = CARTESIAN_POINT ('', (25.9999999999997, 139.499999999997, 5.000000000016));
#2895 = CARTESIAN_POINT ('', (49.5833564701766, 139.499999999997, 5.000000000016));
#2896 = CARTESIAN_POINT ('', (97.2500694105311, 139.499999999997, 5.00000000001602));
#2897 = CARTESIAN_POINT ('', (144.916782350886, 139.499999999997, 5.00000000001602));
#2898 = CARTESIAN_POINT ('', (169.000138821063, 139.499999999997, 5.000000000016));
#2899 = CARTESIAN_POINT ('', (25.9999999999998, 138.579728308704, 5.00000000001587));
#2900 = CARTESIAN_POINT ('', (49.5833564701769, 138.579728308704, 5.00000000001588));
#2901 = CARTESIAN_POINT ('', (97.2500694105313, 138.579728308704, 5.00000000001587));
#2902 = CARTESIAN_POINT ('', (144.916782350886, 138.579728308704, 5.00000000001587));
#2903 = CARTESIAN_POINT ('', (169.000138821063, 138.579728308704, 5.00000000001587));
#2904 = (
   BOUNDED_SURFACE ()
   B_SPLINE_SURFACE (2, 3, ((#2889, #2890, #2891, #2892, #2893), (#2894, #2895, #2896, #2897, #2898), (#2899, #2900, #2901, #2902, #2903)), .UNSPECIFIED., .F., .F., .U.)
   B_SPLINE_SURFACE_WITH_KNOTS ((3, 3), (4, 1, 4), (0., 1.), (85.6395583514868, 156.389627762019, 228.639697172552), .UNSPECIFIED.)
   GEOMETRIC_REPRESENTATION_ITEM ()
   RATIONAL_B_SPLINE_SURFACE (((1., 1., 1., 1., 1.), (0.735831390785654, 0.735831390785653, 0.735831390785651, 0.735831390785661, 0.735831390785673), (1., 1., 1., 1., 1.)))
   REPRESENTATION_ITEM ('')
   SURFACE ()
);
#2905 = ADVANCED_FACE ('', (#2888), #2904, .T.);
#2906 = CARTESIAN_POINT ('', (26.0000000000001, 137.749999999998, 5.00000000001582));
#2907 = VERTEX_POINT ('', #2906);
#2908 = CARTESIAN_POINT ('', (25.9999999999998, 138.579728308704, 5.00000000001587));
#2909 = CARTESIAN_POINT ('', (25.9999999999998, 137.749999999996, 5.00000000001576));
#2910 = B_SPLINE_CURVE_WITH_KNOTS ('', 1, (#2908, #2909), .UNSPECIFIED., .F., .U., (2, 2), (0., 0.768460270991059), .UNSPECIFIED.);
#2911 = EDGE_CURVE ('', #2828, #2907, #2910, .T.);
#2912 = ORIENTED_EDGE ('', *, *, #2911, .T.);
#2913 = CARTESIAN_POINT ('', (169., 137.749999999999, 5.00000000001582));
#2914 = VERTEX_POINT ('', #2913);
#2915 = CARTESIAN_POINT ('', (168.999999999998, 137.749999999997, 5.00000000001576));
#2916 = CARTESIAN_POINT ('', (25.9999999999999, 137.749999999997, 5.00000000001576));
#2917 = B_SPLINE_CURVE_WITH_KNOTS ('', 1, (#2915, #2916), .UNSPECIFIED., .F., .U., (2, 2), (0., 0.989619377162625), .UNSPECIFIED.);
#2918 = EDGE_CURVE ('', #2914, #2907, #2917, .T.);
#2919 = ORIENTED_EDGE ('', *, *, #2918, .F.);
#2920 = CARTESIAN_POINT ('', (168.999999999998, 137.749999999997, 5.00000000001576));
#2921 = CARTESIAN_POINT ('', (174.795746898264, 137.749999999997, 5.00000000001575));
#2922 = CARTESIAN_POINT ('', (177.98098171908, 132.908000284484, 5.00000000001512));
#2923 = (
   BOUNDED_CURVE ()
   B_SPLINE_CURVE (2, (#2920, #2921, #2922), .UNSPECIFIED., .F., .U.)
   B_SPLINE_CURVE_WITH_KNOTS ((3, 3), (0., 0.988933198673956), .UNSPECIFIED.)
   CURVE ()
   GEOMETRIC_REPRESENTATION_ITEM ()
   RATIONAL_B_SPLINE_CURVE ((1., 0.880221966839228, 1.))
   REPRESENTATION_ITEM ('')
);
#2924 = EDGE_CURVE ('', #2914, #2684, #2923, .T.);
#2925 = ORIENTED_EDGE ('', *, *, #2924, .T.);
#2926 = ORIENTED_EDGE ('', *, *, #2750, .T.);
#2927 = ORIENTED_EDGE ('', *, *, #2771, .F.);
#2928 = ORIENTED_EDGE ('', *, *, #2834, .F.);
#2929 = EDGE_LOOP ('', (#2912, #2919, #2925, #2926, #2927, #2928));
#2930 = FACE_OUTER_BOUND ('', #2929, .T.);
#2931 = CARTESIAN_POINT ('', (25.9999999999998, 132.908000284484, 5.00000000001512));
#2932 = CARTESIAN_POINT ('', (25.9999999999998, 138.579728308704, 5.00000000001587));
#2933 = CARTESIAN_POINT ('', (178.644738657365, 132.908000284484, 5.00000000001512));
#2934 = CARTESIAN_POINT ('', (178.644738657365, 138.579728308704, 5.00000000001587));
#2935 = B_SPLINE_SURFACE_WITH_KNOTS ('', 1, 1, ((#2931, #2932), (#2933, #2934)), .UNSPECIFIED., .F., .F., .U., (2, 2), (2, 2), (0.392526253169182, 0.722540348658558), (0.653952289109152, 0.666214422807556), .UNSPECIFIED.);
#2936 = ADVANCED_FACE ('', (#2930), #2935, .T.);
#2937 = ORIENTED_EDGE ('', *, *, #2383, .T.);
#2938 = ORIENTED_EDGE ('', *, *, #2690, .T.);
#2939 = ORIENTED_EDGE ('', *, *, #2924, .F.);
#2940 = CARTESIAN_POINT ('', (168.999999999998, 137.749999999997, 3.50000000001577));
#2941 = CARTESIAN_POINT ('', (168.999999999998, 137.749999999997, 5.00000000001576));
#2942 = B_SPLINE_CURVE_WITH_KNOTS ('', 1, (#2940, #2941), .UNSPECIFIED., .F., .U., (2, 2), (0., 1.), .UNSPECIFIED.);
#2943 = EDGE_CURVE ('', #2378, #2914, #2942, .T.);
#2944 = ORIENTED_EDGE ('', *, *, #2943, .F.);
#2945 = EDGE_LOOP ('', (#2937, #2938, #2939, #2944));
#2946 = FACE_OUTER_BOUND ('', #2945, .T.);
#2947 = CARTESIAN_POINT ('', (177.98098171908, 132.908000284484, 5.00000000001579));
#2948 = CARTESIAN_POINT ('', (177.98098171908, 132.908000284485, 3.50000000001472));
#2949 = CARTESIAN_POINT ('', (174.795746898265, 137.749999999996, 5.00000000001705));
#2950 = CARTESIAN_POINT ('', (174.795746898265, 137.749999999996, 3.50000000001598));
#2951 = CARTESIAN_POINT ('', (168.999999999999, 137.749999999996, 5.000000000017));
#2952 = CARTESIAN_POINT ('', (168.999999999999, 137.749999999997, 3.50000000001593));
#2953 = (
   BOUNDED_SURFACE ()
   B_SPLINE_SURFACE (2, 1, ((#2947, #2948), (#2949, #2950), (#2951, #2952)), .UNSPECIFIED., .F., .F., .U.)
   B_SPLINE_SURFACE_WITH_KNOTS ((3, 3), (2, 2), (0.229781499530493, 0.609936999948526), (0., 0.0541811098696977), .UNSPECIFIED.)
   GEOMETRIC_REPRESENTATION_ITEM ()
   RATIONAL_B_SPLINE_SURFACE (((0.862454719983463, 0.862454719983463), (0.817448411595832, 0.817448411595832), (1., 1.)))
   REPRESENTATION_ITEM ('')
   SURFACE ()
);
#2954 = ADVANCED_FACE ('', (#2946), #2953, .T.);
#2955 = ORIENTED_EDGE ('', *, *, #2390, .T.);
#2956 = ORIENTED_EDGE ('', *, *, #2943, .T.);
#2957 = ORIENTED_EDGE ('', *, *, #2918, .T.);
#2958 = CARTESIAN_POINT ('', (25.9999999999998, 137.749999999997, 5.00000000001575));
#2959 = CARTESIAN_POINT ('', (25.9999999999998, 137.749999999997, 3.50000000001579));
#2960 = B_SPLINE_CURVE_WITH_KNOTS ('', 1, (#2958, #2959), .UNSPECIFIED., .F., .U., (2, 2), (0., 1.), .UNSPECIFIED.);
#2961 = EDGE_CURVE ('', #2907, #2386, #2960, .T.);
#2962 = ORIENTED_EDGE ('', *, *, #2961, .T.);
#2963 = EDGE_LOOP ('', (#2955, #2956, #2957, #2962));
#2964 = FACE_OUTER_BOUND ('', #2963, .T.);
#2965 = CARTESIAN_POINT ('', (25.9999999999997, 137.749999999997, 3.50000000001578));
#2966 = CARTESIAN_POINT ('', (25.9999999999997, 137.749999999996, 5.00000000001576));
#2967 = CARTESIAN_POINT ('', (168.999999999998, 137.749999999997, 3.50000000001578));
#2968 = CARTESIAN_POINT ('', (168.999999999998, 137.749999999997, 5.00000000001576));
#2969 = B_SPLINE_SURFACE_WITH_KNOTS ('', 1, 1, ((#2965, #2966), (#2967, #2968)), .UNSPECIFIED., .F., .F., .U., (2, 2), (2, 2), (0.323429137858305, 5.22898637097033), (0., 0.0514568940536226), .UNSPECIFIED.);
#2970 = ADVANCED_FACE ('', (#2964), #2969, .T.);
#2971 = ORIENTED_EDGE ('', *, *, #2397, .F.);
#2972 = ORIENTED_EDGE ('', *, *, #2961, .F.);
#2973 = ORIENTED_EDGE ('', *, *, #2911, .F.);
#2974 = ORIENTED_EDGE ('', *, *, #2885, .T.);
#2975 = CARTESIAN_POINT ('', (26.0000000000001, 140.706138484407, -9.49999999998428));
#2976 = VERTEX_POINT ('', #2975);
#2977 = CARTESIAN_POINT ('', (25.9999999999998, 140.706138484405, -9.49999999998414));
#2978 = CARTESIAN_POINT ('', (25.9999999999998, 140.329521169668, -4.97236811170082));
#2979 = CARTESIAN_POINT ('', (25.9999999999998, 139.952903854391, -0.444736216936183));
#2980 = CARTESIAN_POINT ('', (25.9999999999998, 139.576286539654, 4.08289567134714));
#2981 = B_SPLINE_CURVE_WITH_KNOTS ('', 3, (#2977, #2978, #2979, #2980), .UNSPECIFIED., .F., .U., (4, 4), (0., 13.6298063103643), .UNSPECIFIED.);
#2982 = EDGE_CURVE ('', #2976, #2838, #2981, .T.);
#2983 = ORIENTED_EDGE ('', *, *, #2982, .F.);
#2984 = CARTESIAN_POINT ('', (26.0000000000001, 139.000000000001, -9.4999999999845));
#2985 = VERTEX_POINT ('', #2984);
#2986 = CARTESIAN_POINT ('', (25.9999999999998, 138.999999999999, -9.49999999998437));
#2987 = CARTESIAN_POINT ('', (25.9999999999998, 140.706138484405, -9.49999999998414));
#2988 = B_SPLINE_CURVE_WITH_KNOTS ('', 1, (#2986, #2987), .UNSPECIFIED., .F., .U., (2, 2), (0.20689655172442, 0.442225997849477), .UNSPECIFIED.);
#2989 = EDGE_CURVE ('', #2985, #2976, #2988, .T.);
#2990 = ORIENTED_EDGE ('', *, *, #2989, .F.);
#2991 = CARTESIAN_POINT ('', (25.9999999999997, 138.999999999997, 3.50000000001595));
#2992 = CARTESIAN_POINT ('', (25.9999999999997, 138.999999999999, -9.49999999998388));
#2993 = B_SPLINE_CURVE_WITH_KNOTS ('', 1, (#2991, #2992), .UNSPECIFIED., .F., .U., (2, 2), (0., 1.), .UNSPECIFIED.);
#2994 = EDGE_CURVE ('', #2393, #2985, #2993, .T.);
#2995 = ORIENTED_EDGE ('', *, *, #2994, .F.);
#2996 = EDGE_LOOP ('', (#2971, #2972, #2973, #2974, #2983, #2990, #2995));
#2997 = FACE_OUTER_BOUND ('', #2996, .T.);
#2998 = CARTESIAN_POINT ('', (25.9999999999998, 137.749999999997, 5.0000000000152));
#2999 = CARTESIAN_POINT ('', (25.9999999999998, 137.749999999998, -9.4999999999853));
#3000 = CARTESIAN_POINT ('', (25.9999999999998, 140.706138484403, 5.00000000001559));
#3001 = CARTESIAN_POINT ('', (25.9999999999998, 140.706138484405, -9.49999999998491));
#3002 = B_SPLINE_SURFACE_WITH_KNOTS ('', 1, 1, ((#2998, #2999), (#3000, #3001)), .UNSPECIFIED., .F., .F., .U., (2, 2), (2, 2), (0.00857614900900185, 0.10998528554231), (1.6123160136801, 2.10973265619847), .UNSPECIFIED.);
#3003 = ADVANCED_FACE ('', (#2997), #3002, .T.);
#3004 = CARTESIAN_POINT ('', (24.4999999999999, 137.5, -9.49999999998469));
#3005 = VERTEX_POINT ('', #3004);
#3006 = CARTESIAN_POINT ('', (25.9999999999997, 138.999999999999, -9.49999999998388));
#3007 = CARTESIAN_POINT ('', (25.9999999999997, 137.499999999998, -9.49999999998408));
#3008 = CARTESIAN_POINT ('', (24.4999999999995, 137.499999999998, -9.49999999998408));
#3009 = (
   BOUNDED_CURVE ()
   B_SPLINE_CURVE (2, (#3006, #3007, #3008), .UNSPECIFIED., .F., .U.)
   B_SPLINE_CURVE_WITH_KNOTS ((3, 3), (0., 1.5707963267949), .UNSPECIFIED.)
   CURVE ()
   GEOMETRIC_REPRESENTATION_ITEM ()
   RATIONAL_B_SPLINE_CURVE ((1., 0.707106781186542, 1.))
   REPRESENTATION_ITEM ('')
);
#3010 = EDGE_CURVE ('', #2985, #3005, #3009, .T.);
#3011 = ORIENTED_EDGE ('', *, *, #3010, .F.);
#3012 = ORIENTED_EDGE ('', *, *, #2989, .T.);
#3013 = CARTESIAN_POINT ('', (16.6008017903345, 140.706138484407, -9.49999999998429));
#3014 = VERTEX_POINT ('', #3013);
#3015 = CARTESIAN_POINT ('', (25.9999999999998, 140.706138484405, -9.49999999998414));
#3016 = CARTESIAN_POINT ('', (22.8669339301113, 140.706138484405, -9.49999999998415));
#3017 = CARTESIAN_POINT ('', (19.7338678602228, 140.706138484405, -9.49999999998415));
#3018 = CARTESIAN_POINT ('', (16.6008017903343, 140.706138484405, -9.49999999998416));
#3019 = B_SPLINE_CURVE_WITH_KNOTS ('', 3, (#3015, #3016, #3017, #3018), .UNSPECIFIED., .F., .U., (4, 4), (0., 9.39919820966569), .UNSPECIFIED.);
#3020 = EDGE_CURVE ('', #2976, #3014, #3019, .T.);
#3021 = ORIENTED_EDGE ('', *, *, #3020, .T.);
#3022 = CARTESIAN_POINT ('', (16., 140.69168908421, -9.49999999998429));
#3023 = VERTEX_POINT ('', #3022);
#3024 = CARTESIAN_POINT ('', (15.9999999999998, 140.691689084208, -9.49999999998415));
#3025 = CARTESIAN_POINT ('', (16.1500333200776, 140.698909922027, -9.49999999998415));
#3026 = CARTESIAN_POINT ('', (16.2970922486142, 140.703350590067, -9.49999999998415));
#3027 = CARTESIAN_POINT ('', (16.4985831416132, 140.705825743451, -9.49999999998415));
#3028 = CARTESIAN_POINT ('', (16.5495026779108, 140.706138484405, -9.49999999998416));
#3029 = CARTESIAN_POINT ('', (16.6008017903343, 140.706138484405, -9.49999999998416));
#3030 = B_SPLINE_CURVE_WITH_KNOTS ('', 3, (#3024, #3025, #3026, #3027, #3028, #3029), .UNSPECIFIED., .F., .U., (4, 2, 4), (0., 0.450620947905612, 0.604518285176139), .UNSPECIFIED.);
#3031 = EDGE_CURVE ('', #3023, #3014, #3030, .T.);
#3032 = ORIENTED_EDGE ('', *, *, #3031, .F.);
#3033 = CARTESIAN_POINT ('', (16., 139., -9.49999999998451));
#3034 = VERTEX_POINT ('', #3033);
#3035 = CARTESIAN_POINT ('', (15.9999999999998, 138.999999999998, -9.49999999998438));
#3036 = CARTESIAN_POINT ('', (15.9999999999998, 140.691689084208, -9.49999999998416));
#3037 = B_SPLINE_CURVE_WITH_KNOTS ('', 1, (#3035, #3036), .UNSPECIFIED., .F., .U., (2, 2), (0.206896551724405, 0.44023297713259), .UNSPECIFIED.);
#3038 = EDGE_CURVE ('', #3034, #3023, #3037, .T.);
#3039 = ORIENTED_EDGE ('', *, *, #3038, .F.);
#3040 = CARTESIAN_POINT ('', (17.5000000000001, 137.499999999999, -9.49999999998471));
#3041 = VERTEX_POINT ('', #3040);
#3042 = CARTESIAN_POINT ('', (15.9999999999997, 138.999999999998, -9.49999999998388));
#3043 = CARTESIAN_POINT ('', (15.9999999999998, 137.499999999998, -9.49999999998407));
#3044 = CARTESIAN_POINT ('', (17.4999999999999, 137.499999999998, -9.49999999998409));
#3045 = (
   BOUNDED_CURVE ()
   B_SPLINE_CURVE (2, (#3042, #3043, #3044), .UNSPECIFIED., .F., .U.)
   B_SPLINE_CURVE_WITH_KNOTS ((3, 3), (0., 1.5707963267949), .UNSPECIFIED.)
   CURVE ()
   GEOMETRIC_REPRESENTATION_ITEM ()
   RATIONAL_B_SPLINE_CURVE ((1., 0.707106781186558, 1.))
   REPRESENTATION_ITEM ('')
);
#3046 = EDGE_CURVE ('', #3034, #3041, #3045, .T.);
#3047 = ORIENTED_EDGE ('', *, *, #3046, .T.);
#3048 = CARTESIAN_POINT ('', (24.4999999999996, 137.499999999999, -9.49999999998456));
#3049 = CARTESIAN_POINT ('', (17.4999999999999, 137.499999999997, -9.49999999998457));
#3050 = B_SPLINE_CURVE_WITH_KNOTS ('', 1, (#3048, #3049), .UNSPECIFIED., .F., .U., (2, 2), (0.150000000000018, 0.849999999999991), .UNSPECIFIED.);
#3051 = EDGE_CURVE ('', #3005, #3041, #3050, .T.);
#3052 = ORIENTED_EDGE ('', *, *, #3051, .F.);
#3053 = EDGE_LOOP ('', (#3011, #3012, #3021, #3032, #3039, #3047, #3052));
#3054 = FACE_OUTER_BOUND ('', #3053, .T.);
#3055 = CARTESIAN_POINT ('', (25.9999999999999, 137.499999999997, -9.49999999998456));
#3056 = CARTESIAN_POINT ('', (16., 137.499999999997, -9.49999999998458));
#3057 = CARTESIAN_POINT ('', (25.9999999999999, 140.706138484405, -9.49999999998414));
#3058 = CARTESIAN_POINT ('', (16., 140.706138484405, -9.49999999998416));
#3059 = B_SPLINE_SURFACE_WITH_KNOTS ('', 1, 1, ((#3055, #3056), (#3057, #3058)), .UNSPECIFIED., .F., .F., .U., (2, 2), (2, 2), (0., 0.109985285542308), (2.10973265619846, 2.45277861655595), .UNSPECIFIED.);
#3060 = ADVANCED_FACE ('', (#3054), #3059, .T.);
#3061 = CARTESIAN_POINT ('', (16.0000000000005, 137.73477974951, 3.50000000001582));
#3062 = VERTEX_POINT ('', #3061);
#3063 = CARTESIAN_POINT ('', (16., 138.999999999999, 3.50000000001598));
#3064 = VERTEX_POINT ('', #3063);
#3065 = CARTESIAN_POINT ('', (15.9999999999998, 137.734779749508, 3.50000000001578));
#3066 = CARTESIAN_POINT ('', (15.9999999999997, 138.999999999997, 3.50000000001595));
#3067 = B_SPLINE_CURVE_WITH_KNOTS ('', 1, (#3065, #3066), .UNSPECIFIED., .F., .U., (2, 2), (3.23477974951095, 4.49999999999932), .UNSPECIFIED.);
#3068 = EDGE_CURVE ('', #3062, #3064, #3067, .T.);
#3069 = ORIENTED_EDGE ('', *, *, #3068, .T.);
#3070 = CARTESIAN_POINT ('', (15.9999999999997, 138.999999999997, 3.50000000001595));
#3071 = CARTESIAN_POINT ('', (15.9999999999997, 138.999999999999, -9.49999999998388));
#3072 = B_SPLINE_CURVE_WITH_KNOTS ('', 1, (#3070, #3071), .UNSPECIFIED., .F., .U., (2, 2), (0., 1.), .UNSPECIFIED.);
#3073 = EDGE_CURVE ('', #3064, #3034, #3072, .T.);
#3074 = ORIENTED_EDGE ('', *, *, #3073, .T.);
#3075 = ORIENTED_EDGE ('', *, *, #3038, .T.);
#3076 = CARTESIAN_POINT ('', (16.0000007534861, 139.563113383905, 4.08271859708762));
#3077 = VERTEX_POINT ('', #3076);
#3078 = CARTESIAN_POINT ('', (15.9999999999998, 140.691689084208, -9.49999999998415));
#3079 = CARTESIAN_POINT ('', (15.9999999999998, 140.315512603483, -4.9724263312101));
#3080 = CARTESIAN_POINT ('', (15.9999999999998, 139.939326152753, -0.444852056584665));
#3081 = CARTESIAN_POINT ('', (15.9999999999998, 139.563129976615, 4.08271997577679));
#3082 = B_SPLINE_CURVE_WITH_KNOTS ('', 3, (#3078, #3079, #3080, #3081), .UNSPECIFIED., .F., .U., (4, 4), (0., 13.6295226856058), .UNSPECIFIED.);
#3083 = EDGE_CURVE ('', #3023, #3077, #3082, .T.);
#3084 = ORIENTED_EDGE ('', *, *, #3083, .T.);
#3085 = CARTESIAN_POINT ('', (16., 138.565414712067, 5.00000000001594));
#3086 = VERTEX_POINT ('', #3085);
#3087 = CARTESIAN_POINT ('', (15.9999999999998, 138.565414712065, 5.00000000001587));
#3088 = CARTESIAN_POINT ('', (15.9999999999998, 138.585020892022, 5.00000000001587));
#3089 = CARTESIAN_POINT ('', (15.9999999999998, 138.605289065658, 4.99939853938052));
#3090 = CARTESIAN_POINT ('', (15.9999999999998, 138.644441920211, 4.99707270220847));
#3091 = CARTESIAN_POINT ('', (15.9999999999998, 138.664589860505, 4.99527504574022));
#3092 = CARTESIAN_POINT ('', (15.9999999999998, 138.713245404625, 4.98947520209946));
#3093 = CARTESIAN_POINT ('', (15.9999999999998, 138.743462467732, 4.98449894855955));
#3094 = CARTESIAN_POINT ('', (15.9999999999998, 138.800996734517, 4.97236812353549));
#3095 = CARTESIAN_POINT ('', (15.9999999999998, 138.830497266422, 4.96476194632837));
#3096 = CARTESIAN_POINT ('', (15.9999999999998, 138.886782195797, 4.94754323579125));
#3097 = CARTESIAN_POINT ('', (15.9999999999998, 138.915343807845, 4.93739570542909));
#3098 = CARTESIAN_POINT ('', (15.9999999999998, 138.969930565462, 4.91521983398081));
#3099 = CARTESIAN_POINT ('', (15.9999999999998, 138.997340062306, 4.90263785978394));
#3100 = CARTESIAN_POINT ('', (15.9999999999998, 139.049793733768, 4.87567456898292));
#3101 = CARTESIAN_POINT ('', (15.9999999999998, 139.075848695998, 4.86078262275221));
#3102 = CARTESIAN_POINT ('', (15.9999999999998, 139.125751592095, 4.8292392522521));
#3103 = CARTESIAN_POINT ('', (15.9999999999998, 139.150261903951, 4.81217843316671));
#3104 = CARTESIAN_POINT ('', (15.9999999999998, 139.197216740533, 4.77629823055835));
#3105 = CARTESIAN_POINT ('', (15.9999999999998, 139.220006043329, 4.7572251758329));
#3106 = CARTESIAN_POINT ('', (15.9999999999998, 139.263638974269, 4.71728534060542));
#3107 = CARTESIAN_POINT ('', (15.9999999999998, 139.284546026521, 4.69637098953851));
#3108 = CARTESIAN_POINT ('', (15.9999999999998, 139.324509506808, 4.65268045822306));
#3109 = CARTESIAN_POINT ('', (15.9999999999998, 139.343389433318, 4.63010868028577));
#3110 = CARTESIAN_POINT ('', (15.9999999999998, 139.379364888031, 4.58300566225088));
#3111 = CARTESIAN_POINT ('', (15.9999999999998, 139.396090302232, 4.55897176248284));
#3112 = CARTESIAN_POINT ('', (15.9999999999998, 139.427790576157, 4.50882103899695));
#3113 = CARTESIAN_POINT ('', (15.9999999999998, 139.442252562653, 4.48353015598437));
#3114 = CARTESIAN_POINT ('', (15.9999999999998, 139.469424125, 4.43072015890773));
#3115 = CARTESIAN_POINT ('', (15.9999999999998, 139.481533072174, 4.40438557191176));
#3116 = CARTESIAN_POINT ('', (15.9999999999998, 139.503957951363, 4.34932526250056));
#3117 = CARTESIAN_POINT ('', (15.9999999999998, 139.513644226886, 4.32216662488885));
#3118 = CARTESIAN_POINT ('', (15.9999999999998, 139.531141651898, 4.26528219740348));
#3119 = CARTESIAN_POINT ('', (15.9999999999998, 139.538356116866, 4.23752371349377));
#3120 = CARTESIAN_POINT ('', (15.9999999999998, 139.55078384406, 4.17925515230238));
#3121 = CARTESIAN_POINT ('', (15.9999999999998, 139.555498204057, 4.15112371418631));
#3122 = CARTESIAN_POINT ('', (15.9999999999998, 139.560717897153, 4.10853161767196));
#3123 = CARTESIAN_POINT ('', (15.9999999999998, 139.562028521955, 4.09577847265592));
#3124 = CARTESIAN_POINT ('', (15.9999999999998, 139.563113349717, 4.08271859672591));
#3125 = B_SPLINE_CURVE_WITH_KNOTS ('', 3, (#3087, #3088, #3089, #3090, #3091, #3092, #3093, #3094, #3095, #3096, #3097, #3098, #3099, #3100, #3101, #3102, #3103, #3104, #3105, #3106, #3107, #3108, #3109, #3110, #3111, #3112, #3113, #3114, #3115, #3116, #3117, #3118, #3119, #3120, #3121, #3122, #3123, #3124), .UNSPECIFIED., .F., .U., (4, 2, 2, 2, 2, 2, 2, 2, 2, 2, 2, 2, 2, 2, 2, 2, 2, 2, 4), (0., 0.0588185398712174, 0.117665627285245, 0.205818544765927, 0.294063299978721, 0.382397975633123, 0.47082118646256, 0.559332032009611, 0.647930049458071, 0.736615168711854, 0.825387672296685, 0.91424816268921, 1.00319753942507, 1.09223698789486, 1.1813679812055, 1.27059229595175, 1.35991204229844, 1.44932970848331, 1.4886442718819), .UNSPECIFIED.);
#3126 = EDGE_CURVE ('', #3086, #3077, #3125, .T.);
#3127 = ORIENTED_EDGE ('', *, *, #3126, .F.);
#3128 = CARTESIAN_POINT ('', (16.0000000000005, 137.73477974951, 5.00000000001582));
#3129 = VERTEX_POINT ('', #3128);
#3130 = CARTESIAN_POINT ('', (15.9999999999998, 137.734779749508, 5.00000000001577));
#3131 = CARTESIAN_POINT ('', (15.9999999999998, 138.565414712065, 5.00000000001588));
#3132 = B_SPLINE_CURVE_WITH_KNOTS ('', 1, (#3130, #3131), .UNSPECIFIED., .F., .U., (2, 2), (0.217443358315092, 0.98674333485262), .UNSPECIFIED.);
#3133 = EDGE_CURVE ('', #3129, #3086, #3132, .T.);
#3134 = ORIENTED_EDGE ('', *, *, #3133, .F.);
#3135 = CARTESIAN_POINT ('', (16., 137.734779749508, 5.00000000001576));
#3136 = CARTESIAN_POINT ('', (16., 137.734779749508, 4.50000000001578));
#3137 = CARTESIAN_POINT ('', (16., 137.734779749508, 4.00000000001577));
#3138 = CARTESIAN_POINT ('', (16., 137.734779749508, 3.50000000001578));
#3139 = B_SPLINE_CURVE_WITH_KNOTS ('', 3, (#3135, #3136, #3137, #3138), .UNSPECIFIED., .F., .U., (4, 4), (0., 1.5), .UNSPECIFIED.);
#3140 = EDGE_CURVE ('', #3129, #3062, #3139, .T.);
#3141 = ORIENTED_EDGE ('', *, *, #3140, .T.);
#3142 = EDGE_LOOP ('', (#3069, #3074, #3075, #3084, #3127, #3134, #3141));
#3143 = FACE_OUTER_BOUND ('', #3142, .T.);
#3144 = CARTESIAN_POINT ('', (15.9999999999998, 137.73477974951, -9.49999999998637));
#3145 = CARTESIAN_POINT ('', (15.9999999999998, 137.734779749508, 5.0000000000136));
#3146 = CARTESIAN_POINT ('', (15.9999999999998, 140.691689084208, -9.49999999998597));
#3147 = CARTESIAN_POINT ('', (15.9999999999998, 140.691689084206, 5.000000000014));
#3148 = B_SPLINE_SURFACE_WITH_KNOTS ('', 1, 1, ((#3144, #3145), (#3146, #3147)), .UNSPECIFIED., .F., .F., .U., (2, 2), (2, 2), (0.00805402446443088, 0.109489604705571), (2.45277861655595, 2.95019525907432), .UNSPECIFIED.);
#3149 = ADVANCED_FACE ('', (#3143), #3148, .T.);
#3150 = CARTESIAN_POINT ('', (6.27434807812047, 134.161048236748, 4.04536661342986));
#3151 = VERTEX_POINT ('', #3150);
#3152 = CARTESIAN_POINT ('', (6.27434807812044, 134.161048236747, 4.04536661342982));
#3153 = CARTESIAN_POINT ('', (6.50422414208834, 134.49579330991, 4.04762931788073));
#3154 = CARTESIAN_POINT ('', (6.74991094831308, 134.818813072325, 4.04981554801353));
#3155 = CARTESIAN_POINT ('', (7.90931871786415, 136.195726006768, 4.0591476566606));
#3156 = CARTESIAN_POINT ('', (9.00509207769858, 137.123390613477, 4.06547190559948));
#3157 = CARTESIAN_POINT ('', (10.8075365949979, 138.189662257415, 4.07281762925615));
#3158 = CARTESIAN_POINT ('', (11.4472294856639, 138.498698978423, 4.0749633104993));
#3159 = CARTESIAN_POINT ('', (12.7508809110172, 138.998204482928, 4.07847241682093));
#3160 = CARTESIAN_POINT ('', (13.4332674415695, 139.195734480703, 4.07988548260916));
#3161 = CARTESIAN_POINT ('', (14.4183927326745, 139.393020294539, 4.08134450537916));
#3162 = CARTESIAN_POINT ('', (14.7221339415013, 139.442297432978, 4.08171799300085));
#3163 = CARTESIAN_POINT ('', (15.3307652738701, 139.518167804584, 4.08231530030245));
#3164 = CARTESIAN_POINT ('', (15.6373062372071, 139.544966829377, 4.08254074038348));
#3165 = CARTESIAN_POINT ('', (15.9622676108684, 139.56135494628, 4.0827003546366));
#3166 = CARTESIAN_POINT ('', (15.9810843490473, 139.562255131712, 4.08270951755487));
#3167 = CARTESIAN_POINT ('', (16.0000007534859, 139.563113383903, 4.08271859708758));
#3168 = B_SPLINE_CURVE_WITH_KNOTS ('', 3, (#3152, #3153, #3154, #3155, #3156, #3157, #3158, #3159, #3160, #3161, #3162, #3163, #3164, #3165, #3166, #3167), .UNSPECIFIED., .F., .U., (4, 2, 2, 2, 2, 2, 2, 4), (6.59399225070247, 7.70836930146791, 11.5625126753937, 13.4895684606195, 15.4166242458454, 16.2632824775885, 17.1099407093315, 17.1615820101346), .UNSPECIFIED.);
#3169 = EDGE_CURVE ('', #3151, #3077, #3168, .T.);
#3170 = ORIENTED_EDGE ('', *, *, #3169, .F.);
#3171 = CARTESIAN_POINT ('', (7.09445837707611, 133.590729941133, 5.00000000001525));
#3172 = VERTEX_POINT ('', #3171);
#3173 = CARTESIAN_POINT ('', (7.09445837707605, 133.590729941132, 5.00000000001522));
#3174 = CARTESIAN_POINT ('', (7.07532115494497, 133.604038282611, 5.00000000001499));
#3175 = CARTESIAN_POINT ('', (7.05539228697534, 133.617897147727, 4.99913891172593));
#3176 = CARTESIAN_POINT ('', (7.01720066514115, 133.644456234595, 4.99583442626981));
#3177 = CARTESIAN_POINT ('', (6.99744068357187, 133.65819765331, 4.99326510265528));
#3178 = CARTESIAN_POINT ('', (6.95951074626726, 133.684574760418, 4.98667066200843));
#3179 = CARTESIAN_POINT ('', (6.94001587911701, 133.698131814171, 4.98241874243388));
#3180 = CARTESIAN_POINT ('', (6.90253868416323, 133.724194076745, 4.97256546684289));
#3181 = CARTESIAN_POINT ('', (6.88340323259591, 133.737501186944, 4.96666443769018));
#3182 = CARTESIAN_POINT ('', (6.84656731363284, 133.763117495564, 4.95359982002644));
#3183 = CARTESIAN_POINT ('', (6.82788320948719, 133.776110731285, 4.94609084677577));
#3184 = CARTESIAN_POINT ('', (6.79187364571735, 133.801152378806, 4.92987845652486));
#3185 = CARTESIAN_POINT ('', (6.77373001937066, 133.813769757307, 4.92081017477134));
#3186 = CARTESIAN_POINT ('', (6.73872752670236, 133.838111070891, 4.90152928505153));
#3187 = CARTESIAN_POINT ('', (6.72121028777207, 133.8502928492, 4.89095755211881));
#3188 = CARTESIAN_POINT ('', (6.67894298560202, 133.87968623173, 4.86314400278891));
#3189 = CARTESIAN_POINT ('', (6.65384952579277, 133.897136639617, 4.84447506105004));
#3190 = CARTESIAN_POINT ('', (6.60627462257159, 133.930221015894, 4.80471846850849));
#3191 = CARTESIAN_POINT ('', (6.58310481215518, 133.946333686109, 4.78307486364001));
#3192 = CARTESIAN_POINT ('', (6.53918253284821, 133.976877967172, 4.73735491853592));
#3193 = CARTESIAN_POINT ('', (6.5181649345928, 133.991493953375, 4.71302322445505));
#3194 = CARTESIAN_POINT ('', (6.47839154984737, 134.01915302439, 4.66184328586051));
#3195 = CARTESIAN_POINT ('', (6.45972748196785, 134.032132326559, 4.63513568118228));
#3196 = CARTESIAN_POINT ('', (6.42455201411379, 134.056593929955, 4.57905871347023));
#3197 = CARTESIAN_POINT ('', (6.40841352633655, 134.067816901859, 4.5503093864801));
#3198 = CARTESIAN_POINT ('', (6.37823311067355, 134.088804863166, 4.48995135123727));
#3199 = CARTESIAN_POINT ('', (6.3647612718055, 134.098173403217, 4.45951265633167));
#3200 = CARTESIAN_POINT ('', (6.34408103450689, 134.112554783019, 4.40625804066072));
#3201 = CARTESIAN_POINT ('', (6.33658560899669, 134.117767226159, 4.38506358034757));
#3202 = CARTESIAN_POINT ('', (6.32253752213097, 134.127536498619, 4.34116409442153));
#3203 = CARTESIAN_POINT ('', (6.31630016743487, 134.131874058462, 4.31945306266535));
#3204 = CARTESIAN_POINT ('', (6.30480360791413, 134.139868956514, 4.27443326580493));
#3205 = CARTESIAN_POINT ('', (6.29984623325798, 134.14331639702, 4.25231719914071));
#3206 = CARTESIAN_POINT ('', (6.29095927416466, 134.14949653568, 4.20639687967939));
#3207 = CARTESIAN_POINT ('', (6.28729712795934, 134.152043252853, 4.18398865839406));
#3208 = CARTESIAN_POINT ('', (6.28106508125434, 134.15637712143, 4.13739176820003));
#3209 = CARTESIAN_POINT ('', (6.27870668330496, 134.158017190456, 4.11480504243633));
#3210 = CARTESIAN_POINT ('', (6.27577334810932, 134.160057080372, 4.07587353199503));
#3211 = CARTESIAN_POINT ('', (6.27492606419504, 134.160646295651, 4.06083199652712));
#3212 = CARTESIAN_POINT ('', (6.27434807812045, 134.161048236747, 4.04536661342982));
#3213 = B_SPLINE_CURVE_WITH_KNOTS ('', 3, (#3173, #3174, #3175, #3176, #3177, #3178, #3179, #3180, #3181, #3182, #3183, #3184, #3185, #3186, #3187, #3188, #3189, #3190, #3191, #3192, #3193, #3194, #3195, #3196, #3197, #3198, #3199, #3200, #3201, #3202, #3203, #3204, #3205, #3206, #3207, #3208, #3209, #3210, #3211, #3212), .UNSPECIFIED., .F., .U., (4, 2, 2, 2, 2, 2, 2, 2, 2, 2, 2, 2, 2, 2, 2, 2, 2, 2, 2, 4), (0., 0.0699293001126335, 0.139907620519471, 0.209933825529209, 0.280006936746399, 0.350126121504384, 0.420290683203719, 0.490500053328139, 0.595837838294559, 0.701324165293087, 0.806958415097021, 0.912740796905868, 1.01867234705496, 1.12475494702345, 1.19540647932728, 1.26610405611873, 1.33684849029014, 1.4076407335448, 1.47848188673544, 1.52492608217516), .UNSPECIFIED.);
#3214 = EDGE_CURVE ('', #3172, #3151, #3213, .T.);
#3215 = ORIENTED_EDGE ('', *, *, #3214, .F.);
#3216 = CARTESIAN_POINT ('', (7.09445837707607, 133.590729941132, 5.00000000001522));
#3217 = CARTESIAN_POINT ('', (7.30674088123187, 133.900326462562, 5.00000000001525));
#3218 = CARTESIAN_POINT ('', (7.53371724947485, 134.199054144334, 5.00000000001529));
#3219 = CARTESIAN_POINT ('', (8.60125644456006, 135.467557581368, 5.00000000001546));
#3220 = CARTESIAN_POINT ('', (9.60926322219901, 136.321435392232, 5.00000000001558));
#3221 = CARTESIAN_POINT ('', (11.267602849781, 137.303012967934, 5.0000000000157));
#3222 = CARTESIAN_POINT ('', (11.8561905454089, 137.587526612644, 5.00000000001574));
#3223 = CARTESIAN_POINT ('', (13.0557588297026, 138.04741782917, 5.0000000000158));
#3224 = CARTESIAN_POINT ('', (13.6836959367908, 138.229296199498, 5.00000000001583));
#3225 = CARTESIAN_POINT ('', (14.5902451430636, 138.410957140504, 5.00000000001584));
#3226 = CARTESIAN_POINT ('', (14.8697629874724, 138.456333029744, 5.00000000001586));
#3227 = CARTESIAN_POINT ('', (15.4298611337366, 138.526198968414, 5.00000000001587));
#3228 = CARTESIAN_POINT ('', (15.7119606281705, 138.550878520007, 5.00000000001587));
#3229 = CARTESIAN_POINT ('', (15.9958808059843, 138.565208475754, 5.00000000001587));
#3230 = CARTESIAN_POINT ('', (15.9979403857417, 138.565311870823, 5.00000000001587));
#3231 = CARTESIAN_POINT ('', (15.9999999999998, 138.565414712065, 5.00000000001587));
#3232 = B_SPLINE_CURVE_WITH_KNOTS ('', 3, (#3216, #3217, #3218, #3219, #3220, #3221, #3222, #3223, #3224, #3225, #3226, #3227, #3228, #3229, #3230, #3231), .UNSPECIFIED., .F., .U., (4, 2, 2, 2, 2, 2, 2, 4), (6.58871451651261, 7.70836930146791, 11.5625126753937, 13.4895684606195, 15.4166242458454, 16.2632824775885, 17.1099407093315, 17.1161272084824), .UNSPECIFIED.);
#3233 = EDGE_CURVE ('', #3172, #3086, #3232, .T.);
#3234 = ORIENTED_EDGE ('', *, *, #3233, .T.);
#3235 = ORIENTED_EDGE ('', *, *, #3126, .T.);
#3236 = EDGE_LOOP ('', (#3170, #3215, #3234, #3235));
#3237 = FACE_OUTER_BOUND ('', #3236, .T.);
#3238 = CARTESIAN_POINT ('', (6.27108303554202, 134.15629134993, 4.04533445950986));
#3239 = CARTESIAN_POINT ('', (6.50189729900627, 134.492733322532, 4.04760860764493));
#3240 = CARTESIAN_POINT ('', (6.74867938529185, 134.817350467796, 4.04980563512505));
#3241 = CARTESIAN_POINT ('', (7.00995162449631, 135.127637439317, 4.05190862338056));
#3242 = CARTESIAN_POINT ('', (7.90931871786415, 136.195726006768, 4.0591476566606));
#3243 = CARTESIAN_POINT ('', (9.00509207769858, 137.123390613477, 4.06547190559948));
#3244 = CARTESIAN_POINT ('', (10.2067250610946, 137.834240331357, 4.070369068174));
#3245 = CARTESIAN_POINT ('', (10.8075365949979, 138.189662257415, 4.07281762925615));
#3246 = CARTESIAN_POINT ('', (11.4472294856639, 138.498698978423, 4.0749633104993));
#3247 = CARTESIAN_POINT ('', (12.0990551983406, 138.748451730675, 4.07671786366011));
#3248 = CARTESIAN_POINT ('', (12.7508809110172, 138.998204482928, 4.07847241682093));
#3249 = CARTESIAN_POINT ('', (13.4332674415695, 139.195734480703, 4.07988548260916));
#3250 = CARTESIAN_POINT ('', (14.1176896205621, 139.332800078155, 4.08089914813217));
#3251 = CARTESIAN_POINT ('', (14.4183927326745, 139.393020294539, 4.08134450537916));
#3252 = CARTESIAN_POINT ('', (14.7221339415013, 139.442297432978, 4.08171799300085));
#3253 = CARTESIAN_POINT ('', (15.0264496076857, 139.480232618781, 4.08201664665165));
#3254 = CARTESIAN_POINT ('', (15.3307652738701, 139.518167804584, 4.08231530030245));
#3255 = CARTESIAN_POINT ('', (15.6373062372071, 139.544966829377, 4.08254074038348));
#3256 = CARTESIAN_POINT ('', (15.94358628305, 139.560412828819, 4.08269117875778));
#3257 = CARTESIAN_POINT ('', (15.9622673628275, 139.561354933771, 4.08270035451477));
#3258 = CARTESIAN_POINT ('', (15.9810838493698, 139.562255107808, 4.08270951731156));
#3259 = CARTESIAN_POINT ('', (15.9999999999998, 139.563113349717, 4.08271859672592));
#3260 = CARTESIAN_POINT ('', (6.30617276063093, 134.130673836361, 5.00000000000623));
#3261 = CARTESIAN_POINT ('', (6.53723355759005, 134.4639843568, 5.00000000000565));
#3262 = CARTESIAN_POINT ('', (6.78464840743076, 134.786326286087, 5.00000000000549));
#3263 = CARTESIAN_POINT ('', (7.04765674626566, 135.095905798574, 5.000000000006));
#3264 = CARTESIAN_POINT ('', (7.94897364491798, 136.156819864332, 5.00000000000773));
#3265 = CARTESIAN_POINT ('', (9.03468649654309, 137.069172779758, 5.00000000001722));
#3266 = CARTESIAN_POINT ('', (10.2401290445532, 137.77780551575, 5.00000000001577));
#3267 = CARTESIAN_POINT ('', (10.8407693924141, 138.130898588294, 5.00000000001505));
#3268 = CARTESIAN_POINT ('', (11.4716984819662, 138.433776360048, 5.00000000001161));
#3269 = CARTESIAN_POINT ('', (12.1244862807354, 138.682117956994, 5.00000000001168));
#3270 = CARTESIAN_POINT ('', (12.7762059297091, 138.930053195201, 5.00000000001172));
#3271 = CARTESIAN_POINT ('', (13.450154608597, 139.123798695011, 5.00000000001528));
#3272 = CARTESIAN_POINT ('', (14.1323469239895, 139.259655203343, 5.00000000001591));
#3273 = CARTESIAN_POINT ('', (14.4318675427896, 139.319303816388, 5.00000000001619));
#3274 = CARTESIAN_POINT ('', (14.7330447555396, 139.367808252101, 5.00000000001591));
#3275 = CARTESIAN_POINT ('', (15.035800457084, 139.405269145682, 5.00000000001583));
#3276 = CARTESIAN_POINT ('', (15.3384725926169, 139.442719699383, 5.00000000001575));
#3277 = CARTESIAN_POINT ('', (15.6427635364686, 139.469137903416, 5.00000000001589));
#3278 = CARTESIAN_POINT ('', (15.9474230091975, 139.484395568943, 5.00000000001596));
#3279 = CARTESIAN_POINT ('', (15.9660038727629, 139.485326118054, 5.00000000001597));
#3280 = CARTESIAN_POINT ('', (15.9845861898404, 139.486215159403, 5.00000000001597));
#3281 = CARTESIAN_POINT ('', (16.0031696769302, 139.487062663367, 5.00000000001598));
#3282 = CARTESIAN_POINT ('', (7.09445837707609, 133.590729941132, 5.00000000001521));
#3283 = CARTESIAN_POINT ('', (7.30674088123188, 133.900326462562, 5.00000000001525));
#3284 = CARTESIAN_POINT ('', (7.53371724947485, 134.199054144334, 5.00000000001529));
#3285 = CARTESIAN_POINT ('', (7.7740316590514, 134.484607738918, 5.00000000001533));
#3286 = CARTESIAN_POINT ('', (8.60125644456006, 135.467557581368, 5.00000000001546));
#3287 = CARTESIAN_POINT ('', (9.60926322219901, 136.321435392232, 5.00000000001558));
#3288 = CARTESIAN_POINT ('', (10.7148260148674, 136.975822242648, 5.00000000001567));
#3289 = CARTESIAN_POINT ('', (11.267602849781, 137.303012967934, 5.0000000000157));
#3290 = CARTESIAN_POINT ('', (11.8561905454089, 137.587526612644, 5.00000000001574));
#3291 = CARTESIAN_POINT ('', (12.4559746875557, 137.817472220907, 5.00000000001577));
#3292 = CARTESIAN_POINT ('', (13.0557588297026, 138.04741782917, 5.0000000000158));
#3293 = CARTESIAN_POINT ('', (13.6836959367908, 138.229296199498, 5.00000000001583));
#3294 = CARTESIAN_POINT ('', (14.3135268717222, 138.355506315312, 5.00000000001585));
#3295 = CARTESIAN_POINT ('', (14.5902451430636, 138.410957140504, 5.00000000001584));
#3296 = CARTESIAN_POINT ('', (14.8697629874724, 138.456333029744, 5.00000000001586));
#3297 = CARTESIAN_POINT ('', (15.1498120606045, 138.491265999079, 5.00000000001586));
#3298 = CARTESIAN_POINT ('', (15.4298611337366, 138.526198968414, 5.00000000001587));
#3299 = CARTESIAN_POINT ('', (15.7119606281705, 138.550878520007, 5.00000000001587));
#3300 = CARTESIAN_POINT ('', (15.9938212611746, 138.565104526869, 5.00000000001587));
#3301 = CARTESIAN_POINT ('', (16.0110129164678, 138.565972220251, 5.00000000001587));
#3302 = CARTESIAN_POINT ('', (16.0282070068404, 138.566801325092, 5.00000000001587));
#3303 = CARTESIAN_POINT ('', (16.0454032721551, 138.567591834845, 5.00000000001587));
#3304 = (
   BOUNDED_SURFACE ()
   B_SPLINE_SURFACE (2, 3, ((#3238, #3239, #3240, #3241, #3242, #3243, #3244, #3245, #3246, #3247, #3248, #3249, #3250, #3251, #3252, #3253, #3254, #3255, #3256, #3257, #3258, #3259), (#3260, #3261, #3262, #3263, #3264, #3265, #3266, #3267, #3268, #3269, #3270, #3271, #3272, #3273, #3274, #3275, #3276, #3277, #3278, #3279, #3280, #3281), (#3282, #3283, #3284, #3285, #3286, #3287, #3288, #3289, #3290, #3291, #3292, #3293, #3294, #3295, #3296, #3297, #3298, #3299, #3300, #3301, #3302, #3303)), .UNSPECIFIED., .F., .F., .U.)
   B_SPLINE_SURFACE_WITH_KNOTS ((3, 3), (4, 3, 3, 3, 3, 3, 3, 4), (0., 1.), (6.58871451651264, 7.70836930146791, 11.5625126753937, 13.4895684606195, 15.4166242458454, 16.2632824775885, 17.1099407093315, 17.1615813244686), .UNSPECIFIED.)
   GEOMETRIC_REPRESENTATION_ITEM ()
   RATIONAL_B_SPLINE_SURFACE (((1., 1., 1., 1., 1., 1., 1., 1., 1., 1., 1., 1., 1., 1., 1., 1., 1., 1., 1., 1., 1., 1.), (0.722953759544747, 0.723739456263716, 0.724498521024033, 0.725227075947608, 0.727734951740189, 0.729881311688876, 0.731563075940216, 0.732403951127128, 0.733128679306561, 0.733729467736147, 0.734330256165734, 0.734807104845474, 0.735152755594452, 0.735304618376098, 0.735431155852888, 0.735532679979552, 0.735634204106216, 0.735710714882753, 0.735761910791048, 0.735765033406641, 0.735768061845807, 0.735770996040127), (1., 1., 1., 1., 1., 1., 1., 1., 1., 1., 1., 1., 1., 1., 1., 1., 1., 1., 1., 1., 1., 1.)))
   REPRESENTATION_ITEM ('')
   SURFACE ()
);
#3305 = ADVANCED_FACE ('', (#3237), #3304, .T.);
#3306 = CARTESIAN_POINT ('', (7.74613682605253, 133.137541945833, 3.50000000001519));
#3307 = VERTEX_POINT ('', #3306);
#3308 = CARTESIAN_POINT ('', (7.74613682605253, 133.137541945833, 5.00000000001519));
#3309 = VERTEX_POINT ('', #3308);
#3310 = CARTESIAN_POINT ('', (7.74613682605246, 133.137541945832, 3.50000000001526));
#3311 = CARTESIAN_POINT ('', (7.74613682605246, 133.137541945832, 4.00000000001524));
#3312 = CARTESIAN_POINT ('', (7.74613682605248, 133.137541945832, 4.50000000001522));
#3313 = CARTESIAN_POINT ('', (7.74613682605248, 133.137541945832, 5.0000000000152));
#3314 = B_SPLINE_CURVE_WITH_KNOTS ('', 3, (#3310, #3311, #3312, #3313), .UNSPECIFIED., .F., .U., (4, 4), (0., 1.49999999999996), .UNSPECIFIED.);
#3315 = EDGE_CURVE ('', #3307, #3309, #3314, .T.);
#3316 = ORIENTED_EDGE ('', *, *, #3315, .T.);
#3317 = CARTESIAN_POINT ('', (7.74613682605245, 133.137541945832, 5.00000000001517));
#3318 = CARTESIAN_POINT ('', (7.09445837707606, 133.590729941132, 5.00000000001522));
#3319 = B_SPLINE_CURVE_WITH_KNOTS ('', 1, (#3317, #3318), .UNSPECIFIED., .F., .U., (2, 2), (0.774369864503232, 0.872870074228518), .UNSPECIFIED.);
#3320 = EDGE_CURVE ('', #3309, #3172, #3319, .T.);
#3321 = ORIENTED_EDGE ('', *, *, #3320, .T.);
#3322 = ORIENTED_EDGE ('', *, *, #3214, .T.);
#3323 = CARTESIAN_POINT ('', (6.25336541822552, 134.175639926237, 3.50000000001533));
#3324 = VERTEX_POINT ('', #3323);
#3325 = CARTESIAN_POINT ('', (6.25336541822548, 134.175639926236, 3.50000000001531));
#3326 = CARTESIAN_POINT ('', (6.26011256971452, 134.170947845253, 3.68179492246565));
#3327 = CARTESIAN_POINT ('', (6.26687619693833, 134.166244306771, 3.86360918559469));
#3328 = CARTESIAN_POINT ('', (6.27365489067682, 134.161530290786, 4.0454049603927));
#3329 = B_SPLINE_CURVE_WITH_KNOTS ('', 3, (#3325, #3326, #3327, #3328), .UNSPECIFIED., .F., .U., (4, 4), (0., 0.545941756557413), .UNSPECIFIED.);
#3330 = EDGE_CURVE ('', #3324, #3151, #3329, .T.);
#3331 = ORIENTED_EDGE ('', *, *, #3330, .F.);
#3332 = CARTESIAN_POINT ('', (6.25336541822549, 134.175639926236, 3.50000000001531));
#3333 = CARTESIAN_POINT ('', (7.74613682605249, 133.137541945832, 3.50000000001517));
#3334 = B_SPLINE_CURVE_WITH_KNOTS ('', 1, (#3332, #3333), .UNSPECIFIED., .F., .U., (2, 2), (0., 1.81824472856243), .UNSPECIFIED.);
#3335 = EDGE_CURVE ('', #3324, #3307, #3334, .T.);
#3336 = ORIENTED_EDGE ('', *, *, #3335, .T.);
#3337 = EDGE_LOOP ('', (#3316, #3321, #3322, #3331, #3336));
#3338 = FACE_OUTER_BOUND ('', #3337, .T.);
#3339 = CARTESIAN_POINT ('', (6.25336541822549, 134.175639926236, 3.5000000000153));
#3340 = CARTESIAN_POINT ('', (6.25336541822549, 134.175639926236, 5.00000000001531));
#3341 = CARTESIAN_POINT ('', (7.74613682605247, 133.137541945832, 3.50000000001517));
#3342 = CARTESIAN_POINT ('', (7.74613682605247, 133.137541945832, 5.00000000001518));
#3343 = B_SPLINE_SURFACE_WITH_KNOTS ('', 1, 1, ((#3339, #3340), (#3341, #3342)), .UNSPECIFIED., .F., .F., .U., (2, 2), (2, 2), (0., 0.0662146807018069), (0., 0.0546252215075805), .UNSPECIFIED.);
#3344 = ADVANCED_FACE ('', (#3338), #3343, .T.);
#3345 = ORIENTED_EDGE ('', *, *, #3233, .F.);
#3346 = ORIENTED_EDGE ('', *, *, #3320, .F.);
#3347 = CARTESIAN_POINT ('', (7.74613682605248, 133.137541945832, 5.00000000001515));
#3348 = CARTESIAN_POINT ('', (10.7485944818508, 137.455037043974, 5.00000000001573));
#3349 = CARTESIAN_POINT ('', (16.0000000000003, 137.734779749508, 5.00000000001575));
#3350 = (
   BOUNDED_CURVE ()
   B_SPLINE_CURVE (2, (#3347, #3348, #3349), .UNSPECIFIED., .F., .U.)
   B_SPLINE_CURVE_WITH_KNOTS ((3, 3), (0., 0.909933353556287), .UNSPECIFIED.)
   CURVE ()
   GEOMETRIC_REPRESENTATION_ITEM ()
   RATIONAL_B_SPLINE_CURVE ((1., 0.89827567198, 1.))
   REPRESENTATION_ITEM ('')
);
#3351 = EDGE_CURVE ('', #3309, #3129, #3350, .T.);
#3352 = ORIENTED_EDGE ('', *, *, #3351, .T.);
#3353 = ORIENTED_EDGE ('', *, *, #3133, .T.);
#3354 = EDGE_LOOP ('', (#3345, #3346, #3352, #3353));
#3355 = FACE_OUTER_BOUND ('', #3354, .T.);
#3356 = CARTESIAN_POINT ('', (7.09445837707608, 133.137541945832, 5.00000000001515));
#3357 = CARTESIAN_POINT ('', (7.09445837707608, 138.565414712065, 5.00000000001587));
#3358 = CARTESIAN_POINT ('', (16.0000000000002, 133.137541945832, 5.00000000001515));
#3359 = CARTESIAN_POINT ('', (16.0000000000002, 138.565414712065, 5.00000000001587));
#3360 = B_SPLINE_SURFACE_WITH_KNOTS ('', 1, 1, ((#3356, #3357), (#3358, #3359)), .UNSPECIFIED., .F., .F., .U., (2, 2), (2, 2), (0.351652946474802, 0.370906504045032), (0.654448552422339, 0.666183477170717), .UNSPECIFIED.);
#3361 = ADVANCED_FACE ('', (#3355), #3360, .T.);
#3362 = ORIENTED_EDGE ('', *, *, #3351, .F.);
#3363 = ORIENTED_EDGE ('', *, *, #3315, .F.);
#3364 = CARTESIAN_POINT ('', (7.74613682605244, 133.137541945832, 3.50000000001518));
#3365 = CARTESIAN_POINT ('', (10.7485944818508, 137.455037043975, 3.50000000001575));
#3366 = CARTESIAN_POINT ('', (16.0000000000003, 137.734779749508, 3.50000000001578));
#3367 = (
   BOUNDED_CURVE ()
   B_SPLINE_CURVE (2, (#3364, #3365, #3366), .UNSPECIFIED., .F., .U.)
   B_SPLINE_CURVE_WITH_KNOTS ((3, 3), (0., 0.909933353556314), .UNSPECIFIED.)
   CURVE ()
   GEOMETRIC_REPRESENTATION_ITEM ()
   RATIONAL_B_SPLINE_CURVE ((1., 0.898275671979999, 1.))
   REPRESENTATION_ITEM ('')
);
#3368 = EDGE_CURVE ('', #3307, #3062, #3367, .T.);
#3369 = ORIENTED_EDGE ('', *, *, #3368, .T.);
#3370 = ORIENTED_EDGE ('', *, *, #3140, .F.);
#3371 = EDGE_LOOP ('', (#3362, #3363, #3369, #3370));
#3372 = FACE_OUTER_BOUND ('', #3371, .T.);
#3373 = CARTESIAN_POINT ('', (15.9999999999996, 137.734779749508, 5.00000000001594));
#3374 = CARTESIAN_POINT ('', (15.9999999999999, 137.734779749509, 3.5000000000182));
#3375 = CARTESIAN_POINT ('', (10.7485944818502, 137.455037043974, 5.00000000001478));
#3376 = CARTESIAN_POINT ('', (10.7485944818505, 137.455037043975, 3.50000000001704));
#3377 = CARTESIAN_POINT ('', (7.74613682605229, 133.137541945831, 5.00000000001349));
#3378 = CARTESIAN_POINT ('', (7.74613682605262, 133.137541945832, 3.50000000001575));
#3379 = (
   BOUNDED_SURFACE ()
   B_SPLINE_SURFACE (2, 1, ((#3373, #3374), (#3375, #3376), (#3377, #3378)), .UNSPECIFIED., .F., .F., .U.)
   B_SPLINE_SURFACE_WITH_KNOTS ((3, 3), (2, 2), (0.0226336137483288, 0.370485554003202), (0., 0.0541811098695775), .UNSPECIFIED.)
   GEOMETRIC_REPRESENTATION_ITEM ()
   RATIONAL_B_SPLINE_SURFACE (((0.979391118275767, 0.979391118275767), (0.827233022122486, 0.827233022122486), (0.865925019932885, 0.865925019932885)))
   REPRESENTATION_ITEM ('')
   SURFACE ()
);
#3380 = ADVANCED_FACE ('', (#3372), #3379, .T.);
#3381 = CARTESIAN_POINT ('', (54.0037623027867, 30.8667095146132, 3.50000000000169));
#3382 = VERTEX_POINT ('', #3381);
#3383 = CARTESIAN_POINT ('', (46.2499999999991, 26.3900727618663, 3.50000000000104));
#3384 = VERTEX_POINT ('', #3383);
#3385 = CARTESIAN_POINT ('', (54.0037623027849, 30.8667095146122, 3.5000000000016));
#3386 = CARTESIAN_POINT ('', (46.2499999999987, 26.390072761866, 3.50000000000102));
#3387 = B_SPLINE_CURVE_WITH_KNOTS ('', 1, (#3385, #3386), .UNSPECIFIED., .F., .U., (2, 2), (0., 0.950718580369476), .UNSPECIFIED.);
#3388 = EDGE_CURVE ('', #3382, #3384, #3387, .T.);
#3389 = ORIENTED_EDGE ('', *, *, #3388, .T.);
#3390 = CARTESIAN_POINT ('', (45.6071428474393, 26.5137906690538, 3.50000000000106));
#3391 = VERTEX_POINT ('', #3390);
#3392 = CARTESIAN_POINT ('', (46.2499999999987, 26.390072761866, 3.5000000000011));
#3393 = CARTESIAN_POINT ('', (45.8749999999987, 26.1735664109199, 3.50000000000108));
#3394 = CARTESIAN_POINT ('', (45.6071428571415, 26.5137906766924, 3.50000000000112));
#3395 = (
   BOUNDED_CURVE ()
   B_SPLINE_CURVE (2, (#3392, #3393, #3394), .UNSPECIFIED., .F., .U.)
   B_SPLINE_CURVE_WITH_KNOTS ((3, 3), (0., 1.42744875788958), .UNSPECIFIED.)
   CURVE ()
   GEOMETRIC_REPRESENTATION_ITEM ()
   RATIONAL_B_SPLINE_CURVE ((1., 0.755928946018458, 1.))
   REPRESENTATION_ITEM ('')
);
#3396 = EDGE_CURVE ('', #3384, #3391, #3395, .T.);
#3397 = ORIENTED_EDGE ('', *, *, #3396, .T.);
#3398 = CARTESIAN_POINT ('', (40.4642874048503, 23.5445613965863, 3.50000000000067));
#3399 = VERTEX_POINT ('', #3398);
#3400 = CARTESIAN_POINT ('', (45.6071428474389, 26.5137906690535, 3.50000000000104));
#3401 = CARTESIAN_POINT ('', (45.6063595716946, 26.5147855760608, 3.50000000000104));
#3402 = CARTESIAN_POINT ('', (45.6055756804701, 26.5157799624317, 3.50000000000104));
#3403 = CARTESIAN_POINT ('', (45.515539493626, 26.6298438250169, 3.50000000000105));
#3404 = CARTESIAN_POINT ('', (45.4178709861083, 26.7367441759078, 3.50000000000107));
#3405 = CARTESIAN_POINT ('', (45.2090264196168, 26.9346089032207, 3.50000000000109));
#3406 = CARTESIAN_POINT ('', (45.097353303955, 27.0261263479278, 3.5000000000011));
#3407 = CARTESIAN_POINT ('', (44.8629691319153, 27.1915671597284, 3.50000000000112));
#3408 = CARTESIAN_POINT ('', (44.7396901520129, 27.2659605999465, 3.50000000000113));
#3409 = CARTESIAN_POINT ('', (44.484754123495, 27.3958670239156, 3.50000000000115));
#3410 = CARTESIAN_POINT ('', (44.3524719795846, 27.4517593981084, 3.50000000000116));
#3411 = CARTESIAN_POINT ('', (44.0823255414956, 27.5437702869916, 3.50000000000117));
#3412 = CARTESIAN_POINT ('', (43.9437932663449, 27.5801718734919, 3.50000000000117));
#3413 = CARTESIAN_POINT ('', (43.6640218492992, 27.6327140541923, 3.50000000000118));
#3414 = CARTESIAN_POINT ('', (43.5220864594985, 27.64903785854, 3.50000000000118));
#3415 = CARTESIAN_POINT ('', (43.2384055371764, 27.6613487201398, 3.50000000000118));
#3416 = CARTESIAN_POINT ('', (43.0959501674037, 27.6574176839521, 3.50000000000118));
#3417 = CARTESIAN_POINT ('', (42.8140894950117, 27.6295513562772, 3.50000000000118));
#3418 = CARTESIAN_POINT ('', (42.6739752207389, 27.6055972983502, 3.50000000000118));
#3419 = CARTESIAN_POINT ('', (42.3995636349668, 27.5384144151254, 3.50000000000117));
#3420 = CARTESIAN_POINT ('', (42.2645721675017, 27.4950687861817, 3.50000000000116));
#3421 = CARTESIAN_POINT ('', (42.0030252666748, 27.3902101615603, 3.50000000000115));
#3422 = CARTESIAN_POINT ('', (41.8758036615899, 27.3284868593199, 3.50000000000114));
#3423 = CARTESIAN_POINT ('', (41.7375750276637, 27.2489528707371, 3.50000000000113));
#3424 = CARTESIAN_POINT ('', (41.7213930623144, 27.239438840577, 3.50000000000113));
#3425 = CARTESIAN_POINT ('', (41.5814863547401, 27.1554052644604, 3.50000000000112));
#3426 = CARTESIAN_POINT ('', (41.4627473400308, 27.0718548216958, 3.50000000000111));
#3427 = CARTESIAN_POINT ('', (41.239460094003, 26.8892694751839, 3.50000000000108));
#3428 = CARTESIAN_POINT ('', (41.1342936531329, 26.7898106086661, 3.50000000000107));
#3429 = CARTESIAN_POINT ('', (40.9401133867479, 26.5776684922379, 3.50000000000104));
#3430 = CARTESIAN_POINT ('', (40.8505559324746, 26.4644790292165, 3.50000000000103));
#3431 = CARTESIAN_POINT ('', (40.6892087285653, 26.2273707880105, 3.500000000001));
#3432 = CARTESIAN_POINT ('', (40.6169593690428, 26.1028765260316, 3.50000000000098));
#3433 = CARTESIAN_POINT ('', (40.4914687756476, 25.8458377129969, 3.50000000000094));
#3434 = CARTESIAN_POINT ('', (40.4378593964611, 25.7126621859737, 3.50000000000093));
#3435 = CARTESIAN_POINT ('', (40.3504941970754, 25.4410692531825, 3.5000000000009));
#3436 = CARTESIAN_POINT ('', (40.3164670837536, 25.3019797190486, 3.50000000000088));
#3437 = CARTESIAN_POINT ('', (40.2687045362772, 25.0214396725429, 3.50000000000084));
#3438 = CARTESIAN_POINT ('', (40.25479795308, 24.8792905197895, 3.50000000000083));
#3439 = CARTESIAN_POINT ('', (40.2473031495586, 24.5955266351583, 3.50000000000079));
#3440 = CARTESIAN_POINT ('', (40.2536451164843, 24.453201416761, 3.50000000000077));
#3441 = CARTESIAN_POINT ('', (40.2862667709227, 24.1719374202556, 3.50000000000074));
#3442 = CARTESIAN_POINT ('', (40.3125771076562, 24.0322907189363, 3.50000000000072));
#3443 = CARTESIAN_POINT ('', (40.3798166936926, 23.7764234847891, 3.50000000000068));
#3444 = CARTESIAN_POINT ('', (40.418558102033, 23.6589885732977, 3.50000000000066));
#3445 = CARTESIAN_POINT ('', (40.46428740485, 23.544561396586, 3.50000000000065));
#3446 = B_SPLINE_CURVE_WITH_KNOTS ('', 3, (#3400, #3401, #3402, #3403, #3404, #3405, #3406, #3407, #3408, #3409, #3410, #3411, #3412, #3413, #3414, #3415, #3416, #3417, #3418, #3419, #3420, #3421, #3422, #3423, #3424, #3425, #3426, #3427, #3428, #3429, #3430, #3431, #3432, #3433, #3434, #3435, #3436, #3437, #3438, #3439, #3440, #3441, #3442, #3443, #3444, #3445), .UNSPECIFIED., .F., .U., (4, 2, 2, 2, 2, 2, 2, 2, 2, 2, 2, 2, 2, 2, 2, 2, 2, 2, 2, 2, 2, 2, 4), (0.429664850445951, 0.433463395452033, 0.865616358303783, 1.29653843819655, 1.72629017619744, 2.15491627960671, 2.58244782240966, 3.0089037144888, 3.43429159155129, 3.85860821473235, 4.28183942137506, 4.70395962829169, 4.76026945303366, 5.19357147317782, 5.62557369259103, 6.05635318412442, 6.48596845333442, 6.91446248015423, 7.34186482139112, 7.76819300421536, 8.19345335390409, 8.61764133849853, 8.98711753412402), .UNSPECIFIED.);
#3447 = EDGE_CURVE ('', #3391, #3399, #3446, .T.);
#3448 = ORIENTED_EDGE ('', *, *, #3447, .T.);
#3449 = CARTESIAN_POINT ('', (40.2499999999991, 22.9259711467288, 3.50000000000059));
#3450 = VERTEX_POINT ('', #3449);
#3451 = CARTESIAN_POINT ('', (40.4642857142844, 23.5445607208603, 3.50000000000073));
#3452 = CARTESIAN_POINT ('', (40.6249999999986, 23.1424774976747, 3.50000000000067));
#3453 = CARTESIAN_POINT ('', (40.2499999999987, 22.9259711467286, 3.50000000000065));
#3454 = (
   BOUNDED_CURVE ()
   B_SPLINE_CURVE (2, (#3451, #3452, #3453), .UNSPECIFIED., .F., .U.)
   B_SPLINE_CURVE_WITH_KNOTS ((3, 3), (0., 1.4274487578893), .UNSPECIFIED.)
   CURVE ()
   GEOMETRIC_REPRESENTATION_ITEM ()
   RATIONAL_B_SPLINE_CURVE ((1., 0.755928946018515, 1.))
   REPRESENTATION_ITEM ('')
);
#3455 = EDGE_CURVE ('', #3399, #3450, #3454, .T.);
#3456 = ORIENTED_EDGE ('', *, *, #3455, .T.);
#3457 = CARTESIAN_POINT ('', (32.8576951545868, 18.6580219542979, 3.50000000000011));
#3458 = VERTEX_POINT ('', #3457);
#3459 = CARTESIAN_POINT ('', (40.2499999999987, 22.9259711467286, 3.50000000000056));
#3460 = CARTESIAN_POINT ('', (32.8576951545858, 18.6580219542973, 3.5));
#3461 = B_SPLINE_CURVE_WITH_KNOTS ('', 1, (#3459, #3460), .UNSPECIFIED., .F., .U., (2, 2), (0.0515668461264117, 1.), .UNSPECIFIED.);
#3462 = EDGE_CURVE ('', #3450, #3458, #3461, .T.);
#3463 = ORIENTED_EDGE ('', *, *, #3462, .T.);
#3464 = CARTESIAN_POINT ('', (22.6125046262036, 21.4032124826813, 3.50000000000047));
#3465 = VERTEX_POINT ('', #3464);
#3466 = CARTESIAN_POINT ('', (32.8576951545858, 18.6580219542973, 3.50000000000001));
#3467 = CARTESIAN_POINT ('', (32.6711287195902, 18.5503077728309, 3.5));
#3468 = CARTESIAN_POINT ('', (32.4797397999886, 18.4505470211671, 3.49999999999998));
#3469 = CARTESIAN_POINT ('', (32.0896571320987, 18.2681408297815, 3.49999999999996));
#3470 = CARTESIAN_POINT ('', (31.8906107530067, 18.1853082301127, 3.49999999999995));
#3471 = CARTESIAN_POINT ('', (31.4867168789344, 18.0372819191771, 3.49999999999993));
#3472 = CARTESIAN_POINT ('', (31.2815028993654, 17.9719332067951, 3.49999999999992));
#3473 = CARTESIAN_POINT ('', (30.8668126661712, 17.8592681342051, 3.49999999999991));
#3474 = CARTESIAN_POINT ('', (30.6569589812706, 17.8118297673095, 3.4999999999999));
#3475 = CARTESIAN_POINT ('', (30.234552190068, 17.7352463920954, 3.49999999999989));
#3476 = CARTESIAN_POINT ('', (30.0216136443403, 17.7060129624869, 3.49999999999989));
#3477 = CARTESIAN_POINT ('', (29.5946127117551, 17.6659666361278, 3.49999999999988));
#3478 = CARTESIAN_POINT ('', (29.3801598291387, 17.655099248318, 3.49999999999988));
#3479 = CARTESIAN_POINT ('', (28.951707170397, 17.6517779498066, 3.49999999999988));
#3480 = CARTESIAN_POINT ('', (28.73731478852, 17.6593035770001, 3.49999999999988));
#3481 = CARTESIAN_POINT ('', (28.3105500959181, 17.6926276014658, 3.49999999999988));
#3482 = CARTESIAN_POINT ('', (28.0977859911969, 17.7184394198311, 3.49999999999989));
#3483 = CARTESIAN_POINT ('', (27.6758235799752, 17.7880630164679, 3.4999999999999));
#3484 = CARTESIAN_POINT ('', (27.4662371691358, 17.8319217120696, 3.4999999999999));
#3485 = CARTESIAN_POINT ('', (27.0521435602038, 17.9372366531131, 3.49999999999992));
#3486 = CARTESIAN_POINT ('', (26.8472547622953, 17.9987726888903, 3.49999999999992));
#3487 = CARTESIAN_POINT ('', (26.4440266677593, 18.1389137375519, 3.49999999999994));
#3488 = CARTESIAN_POINT ('', (26.2453150087287, 18.217630560864, 3.49999999999995));
#3489 = CARTESIAN_POINT ('', (25.8558578816914, 18.3914827925869, 3.49999999999998));
#3490 = CARTESIAN_POINT ('', (25.6647519210954, 18.4867609571505, 3.49999999999998));
#3491 = CARTESIAN_POINT ('', (25.2918592257166, 18.6929688753984, 3.50000000000002));
#3492 = CARTESIAN_POINT ('', (25.1097263821451, 18.8040710449689, 3.50000000000003));
#3493 = CARTESIAN_POINT ('', (24.7560597334563, 19.0410494201058, 3.50000000000006));
#3494 = CARTESIAN_POINT ('', (24.5841965817396, 19.1671262150604, 3.50000000000008));
#3495 = CARTESIAN_POINT ('', (24.2522668972159, 19.4330725628256, 3.50000000000011));
#3496 = CARTESIAN_POINT ('', (24.0918900064855, 19.5731692049385, 3.50000000000013));
#3497 = CARTESIAN_POINT ('', (23.7840398029104, 19.8660778096623, 3.50000000000017));
#3498 = CARTESIAN_POINT ('', (23.6362771801068, 20.0191415148616, 3.50000000000019));
#3499 = CARTESIAN_POINT ('', (23.3546641398551, 20.336818892002, 3.50000000000023));
#3500 = CARTESIAN_POINT ('', (23.2205473383332, 20.5017069558242, 3.50000000000025));
#3501 = CARTESIAN_POINT ('', (22.9671292588863, 20.8417886387145, 3.50000000000029));
#3502 = CARTESIAN_POINT ('', (22.8475862063866, 21.0172771545568, 3.50000000000032));
#3503 = CARTESIAN_POINT ('', (22.6936029158516, 21.2653058067141, 3.50000000000035));
#3504 = CARTESIAN_POINT ('', (22.6524970255438, 21.3339436151056, 3.50000000000036));
#3505 = CARTESIAN_POINT ('', (22.6125046262028, 21.4032124826806, 3.50000000000037));
#3506 = B_SPLINE_CURVE_WITH_KNOTS ('', 3, (#3466, #3467, #3468, #3469, #3470, #3471, #3472, #3473, #3474, #3475, #3476, #3477, #3478, #3479, #3480, #3481, #3482, #3483, #3484, #3485, #3486, #3487, #3488, #3489, #3490, #3491, #3492, #3493, #3494, #3495, #3496, #3497, #3498, #3499, #3500, #3501, #3502, #3503, #3504, #3505), .UNSPECIFIED., .F., .U., (4, 2, 2, 2, 2, 2, 2, 2, 2, 2, 2, 2, 2, 2, 2, 2, 2, 2, 2, 4), (0., 0.646285088798582, 1.29187017846042, 1.93678051776421, 2.58103761242504, 3.22465962525822, 3.86766169977592, 4.51005622018907, 5.15185301773565, 5.79305953087638, 6.43368092501804, 7.07372017589062, 7.71317811941772, 8.35205346980696, 8.99034280656506, 9.62804053017179, 10.265138785168, 10.9016273483665, 11.5374934787391, 11.7774478747844), .UNSPECIFIED.);
#3507 = EDGE_CURVE ('', #3458, #3465, #3506, .T.);
#3508 = ORIENTED_EDGE ('', *, *, #3507, .T.);
#3509 = CARTESIAN_POINT ('', (9.22609515495257, 44.5891538178094, 3.50000000000349));
#3510 = VERTEX_POINT ('', #3509);
#3511 = CARTESIAN_POINT ('', (22.6125046262029, 21.4032124826806, 3.50000000000037));
#3512 = CARTESIAN_POINT ('', (9.22609515495223, 44.5891538178079, 3.50000000000339));
#3513 = B_SPLINE_CURVE_WITH_KNOTS ('', 1, (#3511, #3512), .UNSPECIFIED., .F., .U., (2, 2), (0., 1.), .UNSPECIFIED.);
#3514 = EDGE_CURVE ('', #3465, #3510, #3513, .T.);
#3515 = ORIENTED_EDGE ('', *, *, #3514, .T.);
#3516 = CARTESIAN_POINT ('', (7.54948948639713, 48.8405828136118, 3.50000000000398));
#3517 = VERTEX_POINT ('', #3516);
#3518 = CARTESIAN_POINT ('', (9.22609515495223, 44.589153817808, 3.5000000000034));
#3519 = CARTESIAN_POINT ('', (8.98512037406213, 45.0065343816524, 3.50000000000345));
#3520 = CARTESIAN_POINT ('', (8.76339303894132, 45.4356317645672, 3.50000000000351));
#3521 = CARTESIAN_POINT ('', (8.361544368507, 46.3111853650071, 3.50000000000362));
#3522 = CARTESIAN_POINT ('', (8.18094189136373, 46.7585705098598, 3.50000000000368));
#3523 = CARTESIAN_POINT ('', (7.86268044098494, 47.6667290235611, 3.5000000000038));
#3524 = CARTESIAN_POINT ('', (7.72463071329643, 48.1284690796066, 3.50000000000386));
#3525 = CARTESIAN_POINT ('', (7.5881458941129, 48.6767739149705, 3.50000000000393));
#3526 = CARTESIAN_POINT ('', (7.56848425885161, 48.7585995687333, 3.50000000000395));
#3527 = CARTESIAN_POINT ('', (7.54948948639706, 48.8405828136114, 3.50000000000396));
#3528 = B_SPLINE_CURVE_WITH_KNOTS ('', 3, (#3518, #3519, #3520, #3521, #3522, #3523, #3524, #3525, #3526, #3527), .UNSPECIFIED., .F., .U., (4, 2, 2, 2, 4), (0., 1.44584868534063, 2.89010175436068, 4.33278133631273, 4.58521139245448), .UNSPECIFIED.);
#3529 = EDGE_CURVE ('', #3510, #3517, #3528, .T.);
#3530 = ORIENTED_EDGE ('', *, *, #3529, .T.);
#3531 = CARTESIAN_POINT ('', (7.90985721912366, 49.4371146100793, 3.50000000000405));
#3532 = VERTEX_POINT ('', #3531);
#3533 = CARTESIAN_POINT ('', (7.54948891361117, 48.8405826809007, 3.50000000000373));
#3534 = CARTESIAN_POINT ('', (7.43981149425642, 49.3139556573101, 3.50000000000379));
#3535 = CARTESIAN_POINT ('', (7.90985757720563, 49.4371132434147, 3.5000000000038));
#3536 = (
   BOUNDED_CURVE ()
   B_SPLINE_CURVE (2, (#3533, #3534, #3535), .UNSPECIFIED., .F., .U.)
   B_SPLINE_CURVE_WITH_KNOTS ((3, 3), (0., 1.54222100952537), .UNSPECIFIED.)
   CURVE ()
   GEOMETRIC_REPRESENTATION_ITEM ()
   RATIONAL_B_SPLINE_CURVE ((1., 0.717137165600728, 1.))
   REPRESENTATION_ITEM ('')
);
#3537 = EDGE_CURVE ('', #3517, #3532, #3536, .T.);
#3538 = ORIENTED_EDGE ('', *, *, #3537, .T.);
#3539 = CARTESIAN_POINT ('', (7.65005329968993, 55.2970978431735, 3.50000000000482));
#3540 = VERTEX_POINT ('', #3539);
#3541 = CARTESIAN_POINT ('', (7.9098572191235, 49.4371146100789, 3.50000000000403));
#3542 = CARTESIAN_POINT ('', (8.03434539993979, 49.4697393086428, 3.50000000000404));
#3543 = CARTESIAN_POINT ('', (8.15695675202597, 49.5104519571249, 3.50000000000404));
#3544 = CARTESIAN_POINT ('', (8.4089931147476, 49.6125831044947, 3.50000000000405));
#3545 = CARTESIAN_POINT ('', (8.53827861825343, 49.6761100998684, 3.50000000000406));
#3546 = CARTESIAN_POINT ('', (8.78548220001959, 49.8204325855182, 3.50000000000408));
#3547 = CARTESIAN_POINT ('', (8.90405833633049, 49.9015490877463, 3.50000000000409));
#3548 = CARTESIAN_POINT ('', (9.12757838665708, 50.0791785643023, 3.50000000000412));
#3549 = CARTESIAN_POINT ('', (9.23312235526964, 50.1761009311139, 3.50000000000413));
#3550 = CARTESIAN_POINT ('', (9.42861252854295, 50.3831836414103, 3.50000000000415));
#3551 = CARTESIAN_POINT ('', (9.5190898728161, 50.4938313318366, 3.50000000000417));
#3552 = CARTESIAN_POINT ('', (9.68281612067378, 50.7259657105794, 3.5000000000042));
#3553 = CARTESIAN_POINT ('', (9.75651807776831, 50.8480060905248, 3.50000000000422));
#3554 = CARTESIAN_POINT ('', (9.88542643019844, 51.1003368611329, 3.50000000000425));
#3555 = CARTESIAN_POINT ('', (9.94100048928081, 51.2312347459809, 3.50000000000426));
#3556 = CARTESIAN_POINT ('', (10.0327707110721, 51.498555426939, 3.5000000000043));
#3557 = CARTESIAN_POINT ('', (10.0692438066856, 51.6356263182248, 3.50000000000432));
#3558 = CARTESIAN_POINT ('', (10.1223279495562, 51.9124880049009, 3.50000000000436));
#3559 = CARTESIAN_POINT ('', (10.1391218795267, 52.0529539249855, 3.50000000000437));
#3560 = CARTESIAN_POINT ('', (10.146861733475, 52.2122435245013, 3.50000000000439));
#3561 = CARTESIAN_POINT ('', (10.1475949602733, 52.230940247616, 3.50000000000439));
#3562 = CARTESIAN_POINT ('', (10.1485258610024, 52.2621253956443, 3.50000000000439));
#3563 = CARTESIAN_POINT ('', (10.1488205627769, 52.2746119867861, 3.5000000000044));
#3564 = CARTESIAN_POINT ('', (10.1515439733323, 52.4315448116615, 3.50000000000442));
#3565 = CARTESIAN_POINT ('', (10.1435689075473, 52.5765473039321, 3.50000000000444));
#3566 = CARTESIAN_POINT ('', (10.1069591949906, 52.8627133591289, 3.50000000000448));
#3567 = CARTESIAN_POINT ('', (10.0782926500923, 53.0046263805216, 3.5000000000045));
#3568 = CARTESIAN_POINT ('', (10.0011792129778, 53.2817511755236, 3.50000000000453));
#3569 = CARTESIAN_POINT ('', (9.95259098877963, 53.417692689829, 3.50000000000455));
#3570 = CARTESIAN_POINT ('', (9.83689642158824, 53.6801819874172, 3.50000000000458));
#3571 = CARTESIAN_POINT ('', (9.76954534850313, 53.8074248907363, 3.5000000000046));
#3572 = CARTESIAN_POINT ('', (9.61794181901315, 54.0500450298352, 3.50000000000463));
#3573 = CARTESIAN_POINT ('', (9.53334900045001, 54.166069133841, 3.50000000000465));
#3574 = CARTESIAN_POINT ('', (9.3491976937221, 54.3840464224704, 3.50000000000468));
#3575 = CARTESIAN_POINT ('', (9.24921254171434, 54.4865860443254, 3.50000000000469));
#3576 = CARTESIAN_POINT ('', (9.03648952313848, 54.6756963884426, 3.50000000000471));
#3577 = CARTESIAN_POINT ('', (8.92324938519227, 54.7627825588078, 3.50000000000473));
#3578 = CARTESIAN_POINT ('', (8.68645957507024, 54.9194295014976, 3.50000000000475));
#3579 = CARTESIAN_POINT ('', (8.56234385110449, 54.9894259441427, 3.50000000000476));
#3580 = CARTESIAN_POINT ('', (8.30642499124072, 55.1107055788927, 3.50000000000477));
#3581 = CARTESIAN_POINT ('', (8.17400472695753, 55.1623377651087, 3.50000000000478));
#3582 = CARTESIAN_POINT ('', (7.91167852502149, 55.2437748990801, 3.50000000000479));
#3583 = CARTESIAN_POINT ('', (7.78147262703637, 55.2748537110984, 3.50000000000479));
#3584 = CARTESIAN_POINT ('', (7.65005329968986, 55.297097843173, 3.50000000000479));
#3585 = B_SPLINE_CURVE_WITH_KNOTS ('', 3, (#3541, #3542, #3543, #3544, #3545, #3546, #3547, #3548, #3549, #3550, #3551, #3552, #3553, #3554, #3555, #3556, #3557, #3558, #3559, #3560, #3561, #3562, #3563, #3564, #3565, #3566, #3567, #3568, #3569, #3570, #3571, #3572, #3573, #3574, #3575, #3576, #3577, #3578, #3579, #3580, #3581, #3582, #3583, #3584), .UNSPECIFIED., .F., .U., (4, 2, 2, 2, 2, 2, 2, 2, 2, 2, 2, 2, 2, 2, 2, 2, 2, 2, 2, 2, 2, 4), (0.477590346218053, 0.863480173285358, 1.2934199206839, 1.72222770097883, 2.14993670076239, 2.57656774496085, 3.0021302740115, 3.42662281970419, 3.85003302827037, 4.27233723838289, 4.32846561148091, 4.36593435534397, 4.7993349738266, 5.23142932344225, 5.66229598551632, 6.09199470621897, 6.52056951910079, 6.94805090714882, 7.37445724237431, 7.79979565147374, 8.22406239404864, 8.62382440528336), .UNSPECIFIED.);
#3586 = EDGE_CURVE ('', #3532, #3540, #3585, .T.);
#3587 = ORIENTED_EDGE ('', *, *, #3586, .T.);
#3588 = CARTESIAN_POINT ('', (7.23364688988303, 55.8029764100745, 3.50000000000488));
#3589 = VERTEX_POINT ('', #3588);
#3590 = CARTESIAN_POINT ('', (7.65005336749397, 55.2970982438422, 3.50000000000458));
#3591 = CARTESIAN_POINT ('', (7.22246927741913, 55.3694570733906, 3.5000000000046));
#3592 = CARTESIAN_POINT ('', (7.23364688988296, 55.802976410074, 3.50000000000465));
#3593 = (
   BOUNDED_CURVE ()
   B_SPLINE_CURVE (2, (#3590, #3591, #3592), .UNSPECIFIED., .F., .U.)
   B_SPLINE_CURVE_WITH_KNOTS ((3, 3), (0., 1.42893513612079), .UNSPECIFIED.)
   CURVE ()
   GEOMETRIC_REPRESENTATION_ITEM ()
   RATIONAL_B_SPLINE_CURVE ((1., 0.755442205819542, 1.))
   REPRESENTATION_ITEM ('')
);
#3594 = EDGE_CURVE ('', #3540, #3589, #3593, .T.);
#3595 = ORIENTED_EDGE ('', *, *, #3594, .T.);
#3596 = CARTESIAN_POINT ('', (8.67052659170577, 111.531794817944, 3.50000000001216));
#3597 = VERTEX_POINT ('', #3596);
#3598 = CARTESIAN_POINT ('', (7.23364688988295, 55.802976410074, 3.50000000000486));
#3599 = CARTESIAN_POINT ('', (8.67052659170569, 111.531794817943, 3.50000000001214));
#3600 = B_SPLINE_CURVE_WITH_KNOTS ('', 1, (#3598, #3599), .UNSPECIFIED., .F., .U., (2, 2), (0.00820176176381078, 0.991811361569178), .UNSPECIFIED.);
#3601 = EDGE_CURVE ('', #3589, #3597, #3600, .T.);
#3602 = ORIENTED_EDGE ('', *, *, #3601, .T.);
#3603 = CARTESIAN_POINT ('', (9.11171088221766, 112.01545571254, 3.50000000001222));
#3604 = VERTEX_POINT ('', #3603);
#3605 = CARTESIAN_POINT ('', (8.67052659170562, 111.531794817943, 3.50000000001414));
#3606 = CARTESIAN_POINT ('', (8.6816874322274, 111.964663661403, 3.5000000000142));
#3607 = CARTESIAN_POINT ('', (9.11171088366611, 112.015455700276, 3.5000000000142));
#3608 = (
   BOUNDED_CURVE ()
   B_SPLINE_CURVE (2, (#3605, #3606, #3607), .UNSPECIFIED., .F., .U.)
   B_SPLINE_CURVE_WITH_KNOTS ((3, 3), (0., 1.42744875788968), .UNSPECIFIED.)
   CURVE ()
   GEOMETRIC_REPRESENTATION_ITEM ()
   RATIONAL_B_SPLINE_CURVE ((1., 0.755928946018392, 1.))
   REPRESENTATION_ITEM ('')
);
#3609 = EDGE_CURVE ('', #3597, #3604, #3608, .T.);
#3610 = ORIENTED_EDGE ('', *, *, #3609, .T.);
#3611 = CARTESIAN_POINT ('', (10.676696452651, 112.687028286591, 3.50000000001232));
#3612 = VERTEX_POINT ('', #3611);
#3613 = CARTESIAN_POINT ('', (9.1117108822176, 112.015455712539, 3.50000000001221));
#3614 = CARTESIAN_POINT ('', (9.11296838070668, 112.015604233227, 3.5000000000122));
#3615 = CARTESIAN_POINT ('', (9.11422575654743, 112.01575355068, 3.5000000000122));
#3616 = CARTESIAN_POINT ('', (9.25851804747229, 112.032981854977, 3.50000000001221));
#3617 = CARTESIAN_POINT ('', (9.40068619433148, 112.060459853448, 3.50000000001221));
#3618 = CARTESIAN_POINT ('', (9.6784845313048, 112.135256826932, 3.50000000001222));
#3619 = CARTESIAN_POINT ('', (9.81484594676587, 112.182710929187, 3.50000000001223));
#3620 = CARTESIAN_POINT ('', (10.0783271862497, 112.296219689871, 3.50000000001224));
#3621 = CARTESIAN_POINT ('', (10.2061444566885, 112.362513250726, 3.50000000001226));
#3622 = CARTESIAN_POINT ('', (10.4500514506147, 112.512104145966, 3.50000000001227));
#3623 = CARTESIAN_POINT ('', (10.566791134327, 112.595736492204, 3.50000000001228));
#3624 = CARTESIAN_POINT ('', (10.6766964526689, 112.687028286605, 3.5000000000123));
#3625 = B_SPLINE_CURVE_WITH_KNOTS ('', 3, (#3613, #3614, #3615, #3616, #3617, #3618, #3619, #3620, #3621, #3622, #3623, #3624), .UNSPECIFIED., .F., .U., (4, 2, 2, 2, 2, 4), (0.429664850445809, 0.43346339545197, 0.865616358297869, 1.2965384381848, 1.72629017617986, 2.15491627958329), .UNSPECIFIED.);
#3626 = EDGE_CURVE ('', #3604, #3612, #3625, .T.);
#3627 = ORIENTED_EDGE ('', *, *, #3626, .T.);
#3628 = CARTESIAN_POINT ('', (11.0345139585796, 116.950694692293, 3.50000000001287));
#3629 = VERTEX_POINT ('', #3628);
#3630 = CARTESIAN_POINT ('', (10.6766964526689, 112.687028286605, 3.5000000000123));
#3631 = CARTESIAN_POINT ('', (10.7863211114082, 112.77808695381, 3.50000000001231));
#3632 = CARTESIAN_POINT ('', (10.8897016126268, 112.877226949402, 3.50000000001232));
#3633 = CARTESIAN_POINT ('', (11.0805964280875, 113.088394882523, 3.50000000001234));
#3634 = CARTESIAN_POINT ('', (11.1686305428719, 113.20092095106, 3.50000000001236));
#3635 = CARTESIAN_POINT ('', (11.3272554373902, 113.436430114028, 3.50000000001239));
#3636 = CARTESIAN_POINT ('', (11.3982867166283, 113.559975825376, 3.50000000001241));
#3637 = CARTESIAN_POINT ('', (11.521696031258, 113.814911330792, 3.50000000001244));
#3638 = CARTESIAN_POINT ('', (11.5744282551828, 113.94691557052, 3.50000000001246));
#3639 = CARTESIAN_POINT ('', (11.6604168532015, 114.216027478869, 3.50000000001249));
#3640 = CARTESIAN_POINT ('', (11.6939360686782, 114.353788148259, 3.50000000001251));
#3641 = CARTESIAN_POINT ('', (11.7410755340429, 114.631601004863, 3.50000000001254));
#3642 = CARTESIAN_POINT ('', (11.7548642691987, 114.772331149547, 3.50000000001257));
#3643 = CARTESIAN_POINT ('', (11.7592105372986, 114.931748590659, 3.50000000001259));
#3644 = CARTESIAN_POINT ('', (11.7595459975208, 114.950517187806, 3.50000000001259));
#3645 = CARTESIAN_POINT ('', (11.7609310067281, 115.113715259145, 3.50000000001261));
#3646 = CARTESIAN_POINT ('', (11.751675227656, 115.258608187386, 3.50000000001263));
#3647 = CARTESIAN_POINT ('', (11.7125479464056, 115.544376728099, 3.50000000001267));
#3648 = CARTESIAN_POINT ('', (11.6826376690282, 115.686000955269, 3.50000000001268));
#3649 = CARTESIAN_POINT ('', (11.6031045174408, 115.962378832847, 3.50000000001273));
#3650 = CARTESIAN_POINT ('', (11.5533337780313, 116.097860439177, 3.50000000001274));
#3651 = CARTESIAN_POINT ('', (11.4353642941025, 116.359272831994, 3.50000000001277));
#3652 = CARTESIAN_POINT ('', (11.366914735942, 116.485896088961, 3.50000000001279));
#3653 = CARTESIAN_POINT ('', (11.2132247298636, 116.727135021284, 3.50000000001282));
#3654 = CARTESIAN_POINT ('', (11.127638383054, 116.842394137082, 3.50000000001284));
#3655 = CARTESIAN_POINT ('', (11.0345145312299, 116.95069402632, 3.50000000001285));
#3656 = CARTESIAN_POINT ('', (11.0345142449048, 116.950694359306, 3.50000000001285));
#3657 = CARTESIAN_POINT ('', (11.0345139585795, 116.950694692292, 3.50000000001286));
#3658 = B_SPLINE_CURVE_WITH_KNOTS ('', 3, (#3630, #3631, #3632, #3633, #3634, #3635, #3636, #3637, #3638, #3639, #3640, #3641, #3642, #3643, #3644, #3645, #3646, #3647, #3648, #3649, #3650, #3651, #3652, #3653, #3654, #3655, #3656, #3657), .UNSPECIFIED., .F., .U., (4, 2, 2, 2, 2, 2, 2, 2, 2, 2, 2, 2, 2, 4), (2.15491627960672, 2.58244782240965, 3.00890371448881, 3.43429159155128, 3.85860821473232, 4.28183942137504, 4.70395962829161, 4.76026945303358, 5.19357147317778, 5.62557369259097, 6.0563531841244, 6.48596845333437, 6.91446248015419, 6.9144637976357), .UNSPECIFIED.);
#3659 = EDGE_CURVE ('', #3612, #3629, #3658, .T.);
#3660 = ORIENTED_EDGE ('', *, *, #3659, .T.);
#3661 = CARTESIAN_POINT ('', (9.26477353294886, 117.951940901673, 3.500000000013));
#3662 = VERTEX_POINT ('', #3661);
#3663 = CARTESIAN_POINT ('', (11.0345139585795, 116.950694692292, 3.50000000001286));
#3664 = CARTESIAN_POINT ('', (10.9416278836523, 117.058717958594, 3.50000000001286));
#3665 = CARTESIAN_POINT ('', (10.8407730762421, 117.160364027891, 3.50000000001288));
#3666 = CARTESIAN_POINT ('', (10.6264542359266, 117.347583587155, 3.5000000000129));
#3667 = CARTESIAN_POINT ('', (10.5124836941182, 117.433667791773, 3.50000000001291));
#3668 = CARTESIAN_POINT ('', (10.2743890451838, 117.588228629146, 3.50000000001294));
#3669 = CARTESIAN_POINT ('', (10.1496954525623, 117.657135786216, 3.50000000001294));
#3670 = CARTESIAN_POINT ('', (9.89278580198428, 117.776177961551, 3.50000000001295));
#3671 = CARTESIAN_POINT ('', (9.75994998787296, 117.826656486666, 3.50000000001297));
#3672 = CARTESIAN_POINT ('', (9.50662402690985, 117.902913689228, 3.50000000001298));
#3673 = CARTESIAN_POINT ('', (9.38624059024076, 117.931192361986, 3.50000000001297));
#3674 = CARTESIAN_POINT ('', (9.26477353294869, 117.951940901672, 3.50000000001298));
#3675 = B_SPLINE_CURVE_WITH_KNOTS ('', 3, (#3663, #3664, #3665, #3666, #3667, #3668, #3669, #3670, #3671, #3672, #3673, #3674), .UNSPECIFIED., .F., .U., (4, 2, 2, 2, 2, 4), (6.9144637976357, 7.34186482139109, 7.76819300421532, 8.19345335390406, 8.6176413384985, 8.98711753412395), .UNSPECIFIED.);
#3676 = EDGE_CURVE ('', #3629, #3662, #3675, .T.);
#3677 = ORIENTED_EDGE ('', *, *, #3676, .T.);
#3678 = CARTESIAN_POINT ('', (8.84910004005494, 118.457696313312, 3.50000000001306));
#3679 = VERTEX_POINT ('', #3678);
#3680 = CARTESIAN_POINT ('', (9.26477383939402, 117.951942696305, 3.500000000015));
#3681 = CARTESIAN_POINT ('', (8.83793919953303, 118.024827469851, 3.500000000015));
#3682 = CARTESIAN_POINT ('', (8.84910004005482, 118.457696313311, 3.50000000001505));
#3683 = (
   BOUNDED_CURVE ()
   B_SPLINE_CURVE (2, (#3680, #3681, #3682), .UNSPECIFIED., .F., .U.)
   B_SPLINE_CURVE_WITH_KNOTS ((3, 3), (0., 1.42744875788951), .UNSPECIFIED.)
   CURVE ()
   GEOMETRIC_REPRESENTATION_ITEM ()
   RATIONAL_B_SPLINE_CURVE ((1., 0.755928946018493, 1.))
   REPRESENTATION_ITEM ('')
);
#3684 = EDGE_CURVE ('', #3662, #3679, #3683, .T.);
#3685 = ORIENTED_EDGE ('', *, *, #3684, .T.);
#3686 = CARTESIAN_POINT ('', (9.07433410028448, 127.193311428389, 3.50000000001427));
#3687 = VERTEX_POINT ('', #3686);
#3688 = CARTESIAN_POINT ('', (8.84910004005487, 118.457696313311, 3.50000000001305));
#3689 = CARTESIAN_POINT ('', (9.07433410028418, 127.193311428385, 3.50000000001419));
#3690 = B_SPLINE_CURVE_WITH_KNOTS ('', 1, (#3688, #3689), .UNSPECIFIED., .F., .U., (2, 2), (0.0504314662742175, 1.), .UNSPECIFIED.);
#3691 = EDGE_CURVE ('', #3679, #3687, #3690, .T.);
#3692 = ORIENTED_EDGE ('', *, *, #3691, .T.);
#3693 = CARTESIAN_POINT ('', (16.5718423991565, 134.499999999999, 3.50000000001523));
#3694 = VERTEX_POINT ('', #3693);
#3695 = CARTESIAN_POINT ('', (9.07433410028418, 127.193311428385, 3.50000000001419));
#3696 = CARTESIAN_POINT ('', (9.07988582155255, 127.408632770891, 3.50000000001422));
#3697 = CARTESIAN_POINT ('', (9.09473564631795, 127.623914023567, 3.50000000001424));
#3698 = CARTESIAN_POINT ('', (9.14284046628426, 128.051772075793, 3.5000000000143));
#3699 = CARTESIAN_POINT ('', (9.17612006161628, 128.264747138381, 3.50000000001432));
#3700 = CARTESIAN_POINT ('', (9.26074626975979, 128.686437476414, 3.50000000001438));
#3701 = CARTESIAN_POINT ('', (9.31215210438306, 128.895546042464, 3.50000000001441));
#3702 = CARTESIAN_POINT ('', (9.43256333834571, 129.307985989516, 3.50000000001447));
#3703 = CARTESIAN_POINT ('', (9.5016617792352, 129.511702776528, 3.5000000000145));
#3704 = CARTESIAN_POINT ('', (9.65686528008009, 129.911890410626, 3.50000000001454));
#3705 = CARTESIAN_POINT ('', (9.74309617414223, 130.10873596743, 3.50000000001456));
#3706 = CARTESIAN_POINT ('', (9.93185086224564, 130.493771370151, 3.50000000001462));
#3707 = CARTESIAN_POINT ('', (10.034532038758, 130.682322534618, 3.50000000001464));
#3708 = CARTESIAN_POINT ('', (10.2553583913668, 131.049428262, 3.50000000001469));
#3709 = CARTESIAN_POINT ('', (10.373691046944, 131.228328190291, 3.50000000001472));
#3710 = CARTESIAN_POINT ('', (10.6248826953213, 131.574868812824, 3.50000000001475));
#3711 = CARTESIAN_POINT ('', (10.7579576174939, 131.74283650563, 3.50000000001478));
#3712 = CARTESIAN_POINT ('', (11.0375945704384, 132.066337072997, 3.50000000001481));
#3713 = CARTESIAN_POINT ('', (11.1843991504629, 132.222176328793, 3.50000000001484));
#3714 = CARTESIAN_POINT ('', (11.490362540348, 132.520339624511, 3.50000000001488));
#3715 = CARTESIAN_POINT ('', (11.6497885206849, 132.662947354766, 3.5000000000149));
#3716 = CARTESIAN_POINT ('', (11.979776758167, 132.933669816066, 3.50000000001494));
#3717 = CARTESIAN_POINT ('', (12.1506286552406, 133.062043662648, 3.50000000001495));
#3718 = CARTESIAN_POINT ('', (12.5021748695541, 133.303429851793, 3.50000000001498));
#3719 = CARTESIAN_POINT ('', (12.6831790079896, 133.416675052406, 3.500000000015));
#3720 = CARTESIAN_POINT ('', (13.0536696413785, 133.627050577191, 3.50000000001503));
#3721 = CARTESIAN_POINT ('', (13.2434837319571, 133.724386030612, 3.50000000001504));
#3722 = CARTESIAN_POINT ('', (13.6301781493862, 133.902308823925, 3.50000000001506));
#3723 = CARTESIAN_POINT ('', (13.8274013395034, 133.983072313051, 3.50000000001507));
#3724 = CARTESIAN_POINT ('', (14.2274523084193, 134.127342194028, 3.50000000001509));
#3725 = CARTESIAN_POINT ('', (14.4306356309085, 134.190994731185, 3.5000000000151));
#3726 = CARTESIAN_POINT ('', (14.8411105205561, 134.300661183681, 3.50000000001512));
#3727 = CARTESIAN_POINT ('', (15.0487676644008, 134.346790449364, 3.50000000001513));
#3728 = CARTESIAN_POINT ('', (15.4666702101057, 134.42115856696, 3.50000000001513));
#3729 = CARTESIAN_POINT ('', (15.6772885348044, 134.449481420018, 3.50000000001513));
#3730 = CARTESIAN_POINT ('', (16.1155953558532, 134.489581096115, 3.50000000001514));
#3731 = CARTESIAN_POINT ('', (16.3438372240422, 134.499999999995, 3.50000000001514));
#3732 = CARTESIAN_POINT ('', (16.5718423991559, 134.499999999995, 3.50000000001514));
#3733 = B_SPLINE_CURVE_WITH_KNOTS ('', 3, (#3695, #3696, #3697, #3698, #3699, #3700, #3701, #3702, #3703, #3704, #3705, #3706, #3707, #3708, #3709, #3710, #3711, #3712, #3713, #3714, #3715, #3716, #3717, #3718, #3719, #3720, #3721, #3722, #3723, #3724, #3725, #3726, #3727, #3728, #3729, #3730, #3731, #3732), .UNSPECIFIED., .F., .U., (4, 2, 2, 2, 2, 2, 2, 2, 2, 2, 2, 2, 2, 2, 2, 2, 2, 2, 4), (0., 0.646178705410955, 1.29166144133442, 1.93647286824777, 2.58063396885132, 3.22416243581942, 3.86707298515187, 4.50937760758793, 5.15108576761117, 5.79220455727745, 6.43273881027703, 7.07269118015242, 7.71206218533523, 8.35085022257132, 8.9890515492917, 9.62666023452069, 10.2636680769224, 10.9000644875347, 11.584080012876), .UNSPECIFIED.);
#3734 = EDGE_CURVE ('', #3687, #3694, #3733, .T.);
#3735 = ORIENTED_EDGE ('', *, *, #3734, .T.);
#3736 = CARTESIAN_POINT ('', (17.5, 134.499999999999, 3.50000000001524));
#3737 = VERTEX_POINT ('', #3736);
#3738 = CARTESIAN_POINT ('', (16.5718423991559, 134.499999999995, 3.50000000001514));
#3739 = CARTESIAN_POINT ('', (17.4999999999994, 134.499999999995, 3.50000000001514));
#3740 = B_SPLINE_CURVE_WITH_KNOTS ('', 1, (#3738, #3739), .UNSPECIFIED., .F., .U., (2, 2), (0., 0.0396171827361307), .UNSPECIFIED.);
#3741 = EDGE_CURVE ('', #3694, #3737, #3740, .T.);
#3742 = ORIENTED_EDGE ('', *, *, #3741, .T.);
#3743 = CARTESIAN_POINT ('', (17.5, 137.499999999999, 3.50000000001562));
#3744 = VERTEX_POINT ('', #3743);
#3745 = CARTESIAN_POINT ('', (17.4999999999994, 134.499999999995, 3.50000000001515));
#3746 = CARTESIAN_POINT ('', (17.4999999999994, 137.499999999995, 3.50000000001554));
#3747 = B_SPLINE_CURVE_WITH_KNOTS ('', 1, (#3745, #3746), .UNSPECIFIED., .F., .U., (2, 2), (0.828571428571423, 1.), .UNSPECIFIED.);
#3748 = EDGE_CURVE ('', #3737, #3744, #3747, .T.);
#3749 = ORIENTED_EDGE ('', *, *, #3748, .T.);
#3750 = CARTESIAN_POINT ('', (15.9999999999997, 138.999999999997, 3.50000000001595));
#3751 = CARTESIAN_POINT ('', (15.9999999999996, 137.499999999997, 3.50000000001574));
#3752 = CARTESIAN_POINT ('', (17.4999999999996, 137.499999999997, 3.50000000001578));
#3753 = (
   BOUNDED_CURVE ()
   B_SPLINE_CURVE (2, (#3750, #3751, #3752), .UNSPECIFIED., .F., .U.)
   B_SPLINE_CURVE_WITH_KNOTS ((3, 3), (0., 1.5707963267949), .UNSPECIFIED.)
   CURVE ()
   GEOMETRIC_REPRESENTATION_ITEM ()
   RATIONAL_B_SPLINE_CURVE ((1., 0.707106781186529, 1.))
   REPRESENTATION_ITEM ('')
);
#3754 = EDGE_CURVE ('', #3064, #3744, #3753, .T.);
#3755 = ORIENTED_EDGE ('', *, *, #3754, .F.);
#3756 = ORIENTED_EDGE ('', *, *, #3068, .F.);
#3757 = ORIENTED_EDGE ('', *, *, #3368, .F.);
#3758 = ORIENTED_EDGE ('', *, *, #3335, .F.);
#3759 = CARTESIAN_POINT ('', (3.92477635981962, 43.862222165632, 3.50000000000338));
#3760 = VERTEX_POINT ('', #3759);
#3761 = CARTESIAN_POINT ('', (3.92477635981957, 43.8622221656316, 3.50000000000336));
#3762 = CARTESIAN_POINT ('', (6.25336541822547, 134.175639926236, 3.50000000001531));
#3763 = B_SPLINE_CURVE_WITH_KNOTS ('', 1, (#3761, #3762), .UNSPECIFIED., .F., .U., (2, 2), (0., 1.), .UNSPECIFIED.);
#3764 = EDGE_CURVE ('', #3760, #3324, #3763, .T.);
#3765 = ORIENTED_EDGE ('', *, *, #3764, .F.);
#3766 = CARTESIAN_POINT ('', (5.56834964054411, 44.6062901093198, 3.50000000000347));
#3767 = VERTEX_POINT ('', #3766);
#3768 = CARTESIAN_POINT ('', (5.56834964054411, 44.6062901093194, 3.50000000000346));
#3769 = CARTESIAN_POINT ('', (3.9247763598196, 43.8622221656316, 3.50000000000336));
#3770 = B_SPLINE_CURVE_WITH_KNOTS ('', 1, (#3768, #3769), .UNSPECIFIED., .F., .U., (2, 2), (37.2500000000001, 39.0541536059704), .UNSPECIFIED.);
#3771 = EDGE_CURVE ('', #3767, #3760, #3770, .T.);
#3772 = ORIENTED_EDGE ('', *, *, #3771, .F.);
#3773 = CARTESIAN_POINT ('', (6.41151259265344, 42.9641538178093, 3.50000000000327));
#3774 = VERTEX_POINT ('', #3773);
#3775 = CARTESIAN_POINT ('', (6.41151259265336, 42.9641538178087, 3.50000000000323));
#3776 = CARTESIAN_POINT ('', (5.94946468236388, 43.7644442739611, 3.50000000000334));
#3777 = CARTESIAN_POINT ('', (5.56834964054411, 44.6062901093195, 3.50000000000345));
#3778 = (
   BOUNDED_CURVE ()
   B_SPLINE_CURVE (2, (#3775, #3776, #3777), .UNSPECIFIED., .F., .U.)
   B_SPLINE_CURVE_WITH_KNOTS ((3, 3), (0., 0.098490527227517), .UNSPECIFIED.)
   CURVE ()
   GEOMETRIC_REPRESENTATION_ITEM ()
   RATIONAL_B_SPLINE_CURVE ((1., 0.998787697030752, 1.))
   REPRESENTATION_ITEM ('')
);
#3779 = EDGE_CURVE ('', #3774, #3767, #3778, .T.);
#3780 = ORIENTED_EDGE ('', *, *, #3779, .F.);
#3781 = CARTESIAN_POINT ('', (19.7979220639045, 19.7782124826812, 3.5000000000002));
#3782 = VERTEX_POINT ('', #3781);
#3783 = CARTESIAN_POINT ('', (19.7979220639045, 19.7782124826812, 3.50000000000016));
#3784 = CARTESIAN_POINT ('', (6.41151259265354, 42.9641538178091, 3.50000000000323));
#3785 = B_SPLINE_CURVE_WITH_KNOTS ('', 1, (#3783, #3784), .UNSPECIFIED., .F., .U., (2, 2), (941.136367370882, 967.909186313384), .UNSPECIFIED.);
#3786 = EDGE_CURVE ('', #3782, #3774, #3785, .T.);
#3787 = ORIENTED_EDGE ('', *, *, #3786, .F.);
#3788 = CARTESIAN_POINT ('', (34.4826951545866, 15.8434393919986, 3.49999999999968));
#3789 = VERTEX_POINT ('', #3788);
#3790 = CARTESIAN_POINT ('', (34.4826951545862, 15.8434393919984, 3.49999999999964));
#3791 = CARTESIAN_POINT ('', (25.1729220639041, 10.4684393919987, 3.49999999999894));
#3792 = CARTESIAN_POINT ('', (19.7979220639043, 19.7782124826808, 3.50000000000016));
#3793 = (
   BOUNDED_CURVE ()
   B_SPLINE_CURVE (2, (#3790, #3791, #3792), .UNSPECIFIED., .F., .U.)
   B_SPLINE_CURVE_WITH_KNOTS ((3, 3), (0., 1.5707963267949), .UNSPECIFIED.)
   CURVE ()
   GEOMETRIC_REPRESENTATION_ITEM ()
   RATIONAL_B_SPLINE_CURVE ((1., 0.707106781186547, 1.))
   REPRESENTATION_ITEM ('')
);
#3794 = EDGE_CURVE ('', #3789, #3782, #3793, .T.);
#3795 = ORIENTED_EDGE ('', *, *, #3794, .F.);
#3796 = CARTESIAN_POINT ('', (55.6287623027866, 28.0521269523138, 3.5000000000013));
#3797 = VERTEX_POINT ('', #3796);
#3798 = CARTESIAN_POINT ('', (55.6287623027856, 28.0521269523134, 3.50000000000126));
#3799 = CARTESIAN_POINT ('', (34.4826951545859, 15.8434393919982, 3.49999999999964));
#3800 = B_SPLINE_CURVE_WITH_KNOTS ('', 1, (#3798, #3799), .UNSPECIFIED., .F., .U., (2, 2), (915.718992250252, 940.136367370882), .UNSPECIFIED.);
#3801 = EDGE_CURVE ('', #3797, #3789, #3800, .T.);
#3802 = ORIENTED_EDGE ('', *, *, #3801, .F.);
#3803 = CARTESIAN_POINT ('', (66.7833814667954, 32.6725214931533, 3.50000000000191));
#3804 = VERTEX_POINT ('', #3803);
#3805 = CARTESIAN_POINT ('', (66.7833814667945, 32.6725214931529, 3.50000000000187));
#3806 = CARTESIAN_POINT ('', (60.9019286442198, 31.0965909590223, 3.50000000000166));
#3807 = CARTESIAN_POINT ('', (55.6287623027859, 28.0521269523134, 3.50000000000126));
#3808 = (
   BOUNDED_CURVE ()
   B_SPLINE_CURVE (2, (#3805, #3806, #3807), .UNSPECIFIED., .F., .U.)
   B_SPLINE_CURVE_WITH_KNOTS ((3, 3), (0., 0.261799387799205), .UNSPECIFIED.)
   CURVE ()
   GEOMETRIC_REPRESENTATION_ITEM ()
   RATIONAL_B_SPLINE_CURVE ((1., 0.991444861373793, 1.))
   REPRESENTATION_ITEM ('')
);
#3809 = EDGE_CURVE ('', #3804, #3797, #3808, .T.);
#3810 = ORIENTED_EDGE ('', *, *, #3809, .F.);
#3811 = CARTESIAN_POINT ('', (70.5212093871866, 33.6740694658685, 3.50000000000204));
#3812 = VERTEX_POINT ('', #3811);
#3813 = CARTESIAN_POINT ('', (70.5212093871852, 33.6740694658678, 3.50000000000202));
#3814 = CARTESIAN_POINT ('', (66.7833814667933, 32.6725214931527, 3.50000000000188));
#3815 = B_SPLINE_CURVE_WITH_KNOTS ('', 1, (#3813, #3814), .UNSPECIFIED., .F., .U., (2, 2), (910.849308037799, 914.718992250252), .UNSPECIFIED.);
#3816 = EDGE_CURVE ('', #3812, #3804, #3815, .T.);
#3817 = ORIENTED_EDGE ('', *, *, #3816, .F.);
#3818 = CARTESIAN_POINT ('', (82.491590223178, 35.2499999999991, 3.50000000000225));
#3819 = VERTEX_POINT ('', #3818);
#3820 = CARTESIAN_POINT ('', (82.4915902231769, 35.2499999999986, 3.50000000000221));
#3821 = CARTESIAN_POINT ('', (76.4026622097601, 35.2499999999986, 3.50000000000221));
#3822 = CARTESIAN_POINT ('', (70.5212093871857, 33.674069465868, 3.500000000002));
#3823 = (
   BOUNDED_CURVE ()
   B_SPLINE_CURVE (2, (#3820, #3821, #3822), .UNSPECIFIED., .F., .U.)
   B_SPLINE_CURVE_WITH_KNOTS ((3, 3), (0., 0.261799387799155), .UNSPECIFIED.)
   CURVE ()
   GEOMETRIC_REPRESENTATION_ITEM ()
   RATIONAL_B_SPLINE_CURVE ((1., 0.991444861373819, 1.))
   REPRESENTATION_ITEM ('')
);
#3824 = EDGE_CURVE ('', #3819, #3812, #3823, .T.);
#3825 = ORIENTED_EDGE ('', *, *, #3824, .F.);
#3826 = CARTESIAN_POINT ('', (169., 35.2499999999994, 3.50000000000225));
#3827 = VERTEX_POINT ('', #3826);
#3828 = CARTESIAN_POINT ('', (168.999999999997, 35.249999999999, 3.50000000000221));
#3829 = CARTESIAN_POINT ('', (82.4915902231768, 35.2499999999987, 3.50000000000221));
#3830 = B_SPLINE_CURVE_WITH_KNOTS ('', 1, (#3828, #3829), .UNSPECIFIED., .F., .U., (2, 2), (823.340898260977, 909.849308037799), .UNSPECIFIED.);
#3831 = EDGE_CURVE ('', #3827, #3819, #3830, .T.);
#3832 = ORIENTED_EDGE ('', *, *, #3831, .F.);
#3833 = CARTESIAN_POINT ('', (177.980929513856, 40.0919203570756, 3.50000000000288));
#3834 = VERTEX_POINT ('', #3833);
#3835 = CARTESIAN_POINT ('', (177.980929513855, 40.0919203570752, 3.50000000000285));
#3836 = CARTESIAN_POINT ('', (174.795685597826, 35.249999999999, 3.50000000000222));
#3837 = CARTESIAN_POINT ('', (168.999999999998, 35.249999999999, 3.50000000000222));
#3838 = (
   BOUNDED_CURVE ()
   B_SPLINE_CURVE (2, (#3835, #3836, #3837), .UNSPECIFIED., .F., .U.)
   B_SPLINE_CURVE_WITH_KNOTS ((3, 3), (0., 0.988924362371801), .UNSPECIFIED.)
   CURVE ()
   GEOMETRIC_REPRESENTATION_ITEM ()
   RATIONAL_B_SPLINE_CURVE ((1., 0.880224063518172, 1.))
   REPRESENTATION_ITEM ('')
);
#3839 = EDGE_CURVE ('', #3834, #3827, #3838, .T.);
#3840 = ORIENTED_EDGE ('', *, *, #3839, .F.);
#3841 = CARTESIAN_POINT ('', (179.499999999999, 39.0926040389264, 3.50000000000274));
#3842 = VERTEX_POINT ('', #3841);
#3843 = CARTESIAN_POINT ('', (179.499999999998, 39.092604038926, 3.50000000000272));
#3844 = CARTESIAN_POINT ('', (177.980929513855, 40.0919203570752, 3.50000000000285));
#3845 = B_SPLINE_CURVE_WITH_KNOTS ('', 1, (#3843, #3844), .UNSPECIFIED., .F., .U., (2, 2), (4.60250984674954, 6.42080801965432), .UNSPECIFIED.);
#3846 = EDGE_CURVE ('', #3842, #3834, #3845, .T.);
#3847 = ORIENTED_EDGE ('', *, *, #3846, .F.);
#3848 = CARTESIAN_POINT ('', (179.499999999999, 43.6951138856759, 3.50000000000335));
#3849 = VERTEX_POINT ('', #3848);
#3850 = CARTESIAN_POINT ('', (179.499999999997, 43.6951138856755, 3.50000000000333));
#3851 = CARTESIAN_POINT ('', (179.499999999998, 39.092604038926, 3.50000000000272));
#3852 = B_SPLINE_CURVE_WITH_KNOTS ('', 1, (#3850, #3851), .UNSPECIFIED., .F., .U., (2, 2), (0., 4.60250984674954), .UNSPECIFIED.);
#3853 = EDGE_CURVE ('', #3849, #3842, #3852, .T.);
#3854 = ORIENTED_EDGE ('', *, *, #3853, .F.);
#3855 = CARTESIAN_POINT ('', (179.5, 95.9999999999968, 3.50000000001029));
#3856 = VERTEX_POINT ('', #3855);
#3857 = CARTESIAN_POINT ('', (179.499999999998, 43.6951138856756, 3.50000000000328));
#3858 = CARTESIAN_POINT ('', (179.499999999998, 95.999999999996, 3.50000000001012));
#3859 = B_SPLINE_CURVE_WITH_KNOTS ('', 1, (#3857, #3858), .UNSPECIFIED., .F., .U., (2, 2), (0.169456330158408, 0.625272331154671), .UNSPECIFIED.);
#3860 = EDGE_CURVE ('', #3849, #3856, #3859, .T.);
#3861 = ORIENTED_EDGE ('', *, *, #3860, .T.);
#3862 = CARTESIAN_POINT ('', (176.5, 95.9999999999987, 3.50000000001022));
#3863 = VERTEX_POINT ('', #3862);
#3864 = CARTESIAN_POINT ('', (179.499999999994, 95.9999999999956, 3.50000000001013));
#3865 = CARTESIAN_POINT ('', (176.499999999994, 95.9999999999956, 3.50000000001012));
#3866 = B_SPLINE_CURVE_WITH_KNOTS ('', 1, (#3864, #3865), .UNSPECIFIED., .F., .U., (2, 2), (1.4324324324326, 4.02702702702715), .UNSPECIFIED.);
#3867 = EDGE_CURVE ('', #3856, #3863, #3866, .T.);
#3868 = ORIENTED_EDGE ('', *, *, #3867, .T.);
#3869 = CARTESIAN_POINT ('', (176.499999999996, 80.4641016151359, 3.50000000000811));
#3870 = VERTEX_POINT ('', #3869);
#3871 = CARTESIAN_POINT ('', (176.499999999994, 95.9999999999956, 3.50000000001012));
#3872 = CARTESIAN_POINT ('', (176.499999999994, 80.4641016151352, 3.50000000000809));
#3873 = B_SPLINE_CURVE_WITH_KNOTS ('', 1, (#3871, #3872), .UNSPECIFIED., .F., .U., (2, 2), (0.659574468085127, 0.990125497550259), .UNSPECIFIED.);
#3874 = EDGE_CURVE ('', #3863, #3870, #3873, .T.);
#3875 = ORIENTED_EDGE ('', *, *, #3874, .T.);
#3876 = CARTESIAN_POINT ('', (176.071428573189, 79.9692299436084, 3.50000000000804));
#3877 = VERTEX_POINT ('', #3876);
#3878 = CARTESIAN_POINT ('', (176.499999999994, 80.4641016151352, 3.50000000000498));
#3879 = CARTESIAN_POINT ('', (176.499999999994, 80.0310889132429, 3.50000000000492));
#3880 = CARTESIAN_POINT ('', (176.071428571423, 79.9692299558298, 3.50000000000491));
#3881 = (
   BOUNDED_CURVE ()
   B_SPLINE_CURVE (2, (#3878, #3879, #3880), .UNSPECIFIED., .F., .U.)
   B_SPLINE_CURVE_WITH_KNOTS ((3, 3), (0., 1.42744875788942), .UNSPECIFIED.)
   CURVE ()
   GEOMETRIC_REPRESENTATION_ITEM ()
   RATIONAL_B_SPLINE_CURVE ((1., 0.755928946018376, 1.))
   REPRESENTATION_ITEM ('')
);
#3882 = EDGE_CURVE ('', #3870, #3877, #3881, .T.);
#3883 = ORIENTED_EDGE ('', *, *, #3882, .T.);
#3884 = CARTESIAN_POINT ('', (176.071428831511, 74.0307718461015, 3.50000000000727));
#3885 = VERTEX_POINT ('', #3884);
#3886 = CARTESIAN_POINT ('', (176.071428573187, 79.9692299436077, 3.50000000000802));
#3887 = CARTESIAN_POINT ('', (176.070175320572, 79.9690490604186, 3.50000000000802));
#3888 = CARTESIAN_POINT ('', (176.068922211101, 79.9688673838898, 3.50000000000802));
#3889 = CARTESIAN_POINT ('', (175.925121915027, 79.9479256901155, 3.50000000000802));
#3890 = CARTESIAN_POINT ('', (175.783709241723, 79.9167924569009, 3.50000000000801));
#3891 = CARTESIAN_POINT ('', (175.507931078112, 79.8348601205334, 3.500000000008));
#3892 = CARTESIAN_POINT ('', (175.372838088274, 79.7839070878039, 3.500000000008));
#3893 = CARTESIAN_POINT ('', (175.112370056413, 79.6636448464728, 3.50000000000798));
#3894 = CARTESIAN_POINT ('', (174.986303957358, 79.5940788382339, 3.50000000000797));
#3895 = CARTESIAN_POINT ('', (174.746333679827, 79.438250973182, 3.50000000000795));
#3896 = CARTESIAN_POINT ('', (174.631788391943, 79.3516374631847, 3.50000000000794));
#3897 = CARTESIAN_POINT ('', (174.4170314057, 79.1636892294992, 3.50000000000792));
#3898 = CARTESIAN_POINT ('', (174.316240569478, 79.0619175532248, 3.5000000000079));
#3899 = CARTESIAN_POINT ('', (174.130851997698, 78.8458994891605, 3.50000000000787));
#3900 = CARTESIAN_POINT ('', (174.045747473546, 78.7311417380708, 3.50000000000786));
#3901 = CARTESIAN_POINT ('', (173.893245493497, 78.4916222835707, 3.50000000000783));
#3902 = CARTESIAN_POINT ('', (173.825422185813, 78.366286796348, 3.5000000000078));
#3903 = CARTESIAN_POINT ('', (173.708624797293, 78.1082551298911, 3.50000000000777));
#3904 = CARTESIAN_POINT ('', (173.659312482845, 77.9749355799743, 3.50000000000776));
#3905 = CARTESIAN_POINT ('', (173.580288773532, 77.7036967339903, 3.50000000000772));
#3906 = CARTESIAN_POINT ('', (173.550331455607, 77.5651178793996, 3.50000000000771));
#3907 = CARTESIAN_POINT ('', (173.510368237922, 77.2861823066916, 3.50000000000766));
#3908 = CARTESIAN_POINT ('', (173.500211383125, 77.1451435136577, 3.50000000000765));
#3909 = CARTESIAN_POINT ('', (173.499975520739, 76.9856670108558, 3.50000000000763));
#3910 = CARTESIAN_POINT ('', (173.500123929876, 76.9668960027001, 3.50000000000763));
#3911 = CARTESIAN_POINT ('', (173.502945787777, 76.8037164517227, 3.50000000000761));
#3912 = CARTESIAN_POINT ('', (173.515933086354, 76.6591102271817, 3.50000000000759));
#3913 = CARTESIAN_POINT ('', (173.562413011778, 76.3744451265247, 3.50000000000755));
#3914 = CARTESIAN_POINT ('', (173.595963696379, 76.233638883847, 3.50000000000753));
#3915 = CARTESIAN_POINT ('', (173.682594025226, 75.95940278203, 3.50000000000749));
#3916 = CARTESIAN_POINT ('', (173.735840248506, 75.8252490200206, 3.50000000000747));
#3917 = CARTESIAN_POINT ('', (173.860508406883, 75.5669641220026, 3.50000000000744));
#3918 = CARTESIAN_POINT ('', (173.932198920621, 75.4421472102593, 3.50000000000743));
#3919 = CARTESIAN_POINT ('', (174.09205576577, 75.2049497619257, 3.5000000000074));
#3920 = CARTESIAN_POINT ('', (174.180584465741, 75.0919349141575, 3.50000000000738));
#3921 = CARTESIAN_POINT ('', (174.372108245334, 74.8804779656872, 3.50000000000735));
#3922 = CARTESIAN_POINT ('', (174.475549758634, 74.7814648540662, 3.50000000000734));
#3923 = CARTESIAN_POINT ('', (174.694623291949, 74.5998312513494, 3.50000000000732));
#3924 = CARTESIAN_POINT ('', (174.810774777761, 74.5167132206443, 3.5000000000073));
#3925 = CARTESIAN_POINT ('', (175.052774108767, 74.3683405880829, 3.50000000000728));
#3926 = CARTESIAN_POINT ('', (175.179202346961, 74.3026702833518, 3.50000000000728));
#3927 = CARTESIAN_POINT ('', (175.439094940324, 74.1902894665564, 3.50000000000726));
#3928 = CARTESIAN_POINT ('', (175.573187699588, 74.1432515358902, 3.50000000000725));
#3929 = CARTESIAN_POINT ('', (175.828395017373, 74.0735491084642, 3.50000000000724));
#3930 = CARTESIAN_POINT ('', (175.949467338186, 74.0483826965197, 3.50000000000724));
#3931 = CARTESIAN_POINT ('', (176.07142883151, 74.0307718461009, 3.50000000000724));
#3932 = B_SPLINE_CURVE_WITH_KNOTS ('', 3, (#3886, #3887, #3888, #3889, #3890, #3891, #3892, #3893, #3894, #3895, #3896, #3897, #3898, #3899, #3900, #3901, #3902, #3903, #3904, #3905, #3906, #3907, #3908, #3909, #3910, #3911, #3912, #3913, #3914, #3915, #3916, #3917, #3918, #3919, #3920, #3921, #3922, #3923, #3924, #3925, #3926, #3927, #3928, #3929, #3930, #3931), .UNSPECIFIED., .F., .U., (4, 2, 2, 2, 2, 2, 2, 2, 2, 2, 2, 2, 2, 2, 2, 2, 2, 2, 2, 2, 2, 2, 4), (0.429664850445888, 0.433463395452059, 0.865616358303542, 1.29653843819645, 1.7262901761974, 2.15491627960661, 2.58244782241019, 3.00890371448934, 3.43429159155206, 3.85860821473351, 4.28183942137643, 4.70395962829281, 4.76026945303491, 5.19357147317893, 5.62557369259209, 6.0563531841252, 6.48596845333532, 6.91446248015522, 7.34186482139242, 7.76819300421654, 8.19345335390488, 8.61764133849914, 8.98711753412385), .UNSPECIFIED.);
#3933 = EDGE_CURVE ('', #3877, #3885, #3932, .T.);
#3934 = ORIENTED_EDGE ('', *, *, #3933, .T.);
#3935 = CARTESIAN_POINT ('', (176.499999999996, 73.5358983848605, 3.5000000000072));
#3936 = VERTEX_POINT ('', #3935);
#3937 = CARTESIAN_POINT ('', (176.071428571423, 74.0307700441653, 3.50000000000419));
#3938 = CARTESIAN_POINT ('', (176.499999999994, 73.9689110867521, 3.50000000000417));
#3939 = CARTESIAN_POINT ('', (176.499999999994, 73.5358983848598, 3.50000000000413));
#3940 = (
   BOUNDED_CURVE ()
   B_SPLINE_CURVE (2, (#3937, #3938, #3939), .UNSPECIFIED., .F., .U.)
   B_SPLINE_CURVE_WITH_KNOTS ((3, 3), (0., 1.42744875788951), .UNSPECIFIED.)
   CURVE ()
   GEOMETRIC_REPRESENTATION_ITEM ()
   RATIONAL_B_SPLINE_CURVE ((1., 0.755928946018614, 1.))
   REPRESENTATION_ITEM ('')
);
#3941 = EDGE_CURVE ('', #3885, #3936, #3940, .T.);
#3942 = ORIENTED_EDGE ('', *, *, #3941, .T.);
#3943 = CARTESIAN_POINT ('', (176.5, 45.999999999999, 3.50000000000368));
#3944 = VERTEX_POINT ('', #3943);
#3945 = CARTESIAN_POINT ('', (176.499999999994, 73.5358983848599, 3.50000000000718));
#3946 = CARTESIAN_POINT ('', (176.499999999995, 45.9999999999976, 3.50000000000358));
#3947 = B_SPLINE_CURVE_WITH_KNOTS ('', 1, (#3945, #3946), .UNSPECIFIED., .F., .U., (2, 2), (0.0165750576834906, 1.), .UNSPECIFIED.);
#3948 = EDGE_CURVE ('', #3936, #3944, #3947, .T.);
#3949 = ORIENTED_EDGE ('', *, *, #3948, .T.);
#3950 = CARTESIAN_POINT ('', (169., 38.4999999999993, 3.5000000000027));
#3951 = VERTEX_POINT ('', #3950);
#3952 = CARTESIAN_POINT ('', (176.499999999994, 45.9999999999975, 3.50000000000359));
#3953 = CARTESIAN_POINT ('', (176.499999999994, 45.7845716370646, 3.50000000000356));
#3954 = CARTESIAN_POINT ('', (176.490700885435, 45.5689435948549, 3.50000000000353));
#3955 = CARTESIAN_POINT ('', (176.453627947038, 45.1399189991935, 3.50000000000347));
#3956 = CARTESIAN_POINT ('', (176.425839893066, 44.9261234785342, 3.50000000000344));
#3957 = CARTESIAN_POINT ('', (176.352087501729, 44.502327967687, 3.50000000000338));
#3958 = CARTESIAN_POINT ('', (176.306074156972, 44.2919330919775, 3.50000000000336));
#3959 = CARTESIAN_POINT ('', (176.196299855357, 43.8764682790352, 3.5000000000033));
#3960 = CARTESIAN_POINT ('', (176.132455843752, 43.6710104733856, 3.50000000000327));
#3961 = CARTESIAN_POINT ('', (175.987575596594, 43.266903773866, 3.50000000000322));
#3962 = CARTESIAN_POINT ('', (175.906423216411, 43.0678768690167, 3.50000000000319));
#3963 = CARTESIAN_POINT ('', (175.727603886074, 42.6780600507787, 3.50000000000314));
#3964 = CARTESIAN_POINT ('', (175.629788878681, 42.4869047126132, 3.50000000000312));
#3965 = CARTESIAN_POINT ('', (175.418438878195, 42.1141931765682, 3.50000000000307));
#3966 = CARTESIAN_POINT ('', (175.304725302928, 41.9322867410816, 3.50000000000305));
#3967 = CARTESIAN_POINT ('', (175.062483504883, 41.5793596880831, 3.500000000003));
#3968 = CARTESIAN_POINT ('', (174.9337477621, 41.4080064775636, 3.50000000000298));
#3969 = CARTESIAN_POINT ('', (174.662470753099, 41.0773881083219, 3.50000000000294));
#3970 = CARTESIAN_POINT ('', (174.519694803111, 40.9178103000476, 3.50000000000291));
#3971 = CARTESIAN_POINT ('', (174.221442584303, 40.6118521856895, 3.50000000000288));
#3972 = CARTESIAN_POINT ('', (174.065706415118, 40.4651812996386, 3.50000000000285));
#3973 = CARTESIAN_POINT ('', (173.742726659596, 40.1860460505815, 3.50000000000282));
#3974 = CARTESIAN_POINT ('', (173.575200061388, 40.0533151174891, 3.5000000000028));
#3975 = CARTESIAN_POINT ('', (173.229911048692, 39.8029614676514, 3.50000000000277));
#3976 = CARTESIAN_POINT ('', (173.051844757456, 39.6850979332424, 3.50000000000275));
#3977 = CARTESIAN_POINT ('', (172.686817114103, 39.4652673452828, 3.50000000000272));
#3978 = CARTESIAN_POINT ('', (172.499533391054, 39.3630867606716, 3.50000000000271));
#3979 = CARTESIAN_POINT ('', (172.117470773693, 39.1752916460043, 3.50000000000269));
#3980 = CARTESIAN_POINT ('', (171.922353490576, 39.0894921881204, 3.50000000000268));
#3981 = CARTESIAN_POINT ('', (171.526072355106, 38.9350058229353, 3.50000000000266));
#3982 = CARTESIAN_POINT ('', (171.324556658686, 38.8661636824392, 3.50000000000265));
#3983 = CARTESIAN_POINT ('', (170.916965264221, 38.7460118879449, 3.50000000000263));
#3984 = CARTESIAN_POINT ('', (170.710526895719, 38.6945775554667, 3.50000000000263));
#3985 = CARTESIAN_POINT ('', (170.294603696782, 38.609532197142, 3.50000000000261));
#3986 = CARTESIAN_POINT ('', (170.084748043971, 38.5758276718608, 3.50000000000261));
#3987 = CARTESIAN_POINT ('', (169.663519627502, 38.5264020187267, 3.50000000000261));
#3988 = CARTESIAN_POINT ('', (169.451770588461, 38.5106189563371, 3.5000000000026));
#3989 = CARTESIAN_POINT ('', (169.159979829558, 38.501279841054, 3.5000000000026));
#3990 = CARTESIAN_POINT ('', (169.079984798677, 38.4999999999981, 3.50000000000261));
#3991 = CARTESIAN_POINT ('', (168.999999999995, 38.4999999999981, 3.50000000000261));
#3992 = B_SPLINE_CURVE_WITH_KNOTS ('', 3, (#3952, #3953, #3954, #3955, #3956, #3957, #3958, #3959, #3960, #3961, #3962, #3963, #3964, #3965, #3966, #3967, #3968, #3969, #3970, #3971, #3972, #3973, #3974, #3975, #3976, #3977, #3978, #3979, #3980, #3981, #3982, #3983, #3984, #3985, #3986, #3987, #3988, #3989, #3990, #3991), .UNSPECIFIED., .F., .U., (4, 2, 2, 2, 2, 2, 2, 2, 2, 2, 2, 2, 2, 2, 2, 2, 2, 2, 2, 4), (0., 0.646285088798747, 1.29187017846037, 1.936780517764, 2.58103761242479, 3.22465962525813, 3.86766169977572, 4.51005622018879, 5.15185301773536, 5.79305953087589, 6.43368092501785, 7.07372017589043, 7.71317811941733, 8.35205346980623, 8.99034280656419, 9.62804053017111, 10.2651387851672, 10.9016273483656, 11.5374934787381, 11.7774478747845), .UNSPECIFIED.);
#3993 = EDGE_CURVE ('', #3944, #3951, #3992, .T.);
#3994 = ORIENTED_EDGE ('', *, *, #3993, .T.);
#3995 = CARTESIAN_POINT ('', (155.714101615134, 38.4999999999983, 3.50000000000262));
#3996 = VERTEX_POINT ('', #3995);
#3997 = CARTESIAN_POINT ('', (168.999999999994, 38.4999999999981, 3.5000000000026));
#3998 = CARTESIAN_POINT ('', (155.714101615133, 38.4999999999979, 3.5000000000026));
#3999 = B_SPLINE_CURVE_WITH_KNOTS ('', 1, (#3997, #3998), .UNSPECIFIED., .F., .U., (2, 2), (0., 0.966247155262708), .UNSPECIFIED.);
#4000 = EDGE_CURVE ('', #3951, #3996, #3999, .T.);
#4001 = ORIENTED_EDGE ('', *, *, #4000, .T.);
#4002 = CARTESIAN_POINT ('', (155.219229943607, 38.9285714268056, 3.50000000000268));
#4003 = VERTEX_POINT ('', #4002);
#4004 = CARTESIAN_POINT ('', (155.714101615133, 38.4999999999979, 3.50000000000001));
#4005 = CARTESIAN_POINT ('', (155.281088913241, 38.4999999999979, 3.50000000000001));
#4006 = CARTESIAN_POINT ('', (155.219229955827, 38.9285714285693, 3.50000000000006));
#4007 = (
   BOUNDED_CURVE ()
   B_SPLINE_CURVE (2, (#4004, #4005, #4006), .UNSPECIFIED., .F., .U.)
   B_SPLINE_CURVE_WITH_KNOTS ((3, 3), (0., 1.42744875788969), .UNSPECIFIED.)
   CURVE ()
   GEOMETRIC_REPRESENTATION_ITEM ()
   RATIONAL_B_SPLINE_CURVE ((1., 0.755928946018378, 1.))
   REPRESENTATION_ITEM ('')
);
#4008 = EDGE_CURVE ('', #3996, #4003, #4007, .T.);
#4009 = ORIENTED_EDGE ('', *, *, #4008, .T.);
#4010 = CARTESIAN_POINT ('', (154.507543204491, 40.4757273799375, 3.50000000000288));
#4011 = VERTEX_POINT ('', #4010);
#4012 = CARTESIAN_POINT ('', (155.219229943605, 38.9285714268052, 3.50000000000266));
#4013 = CARTESIAN_POINT ('', (155.219049060416, 38.9298246794201, 3.50000000000265));
#4014 = CARTESIAN_POINT ('', (155.218867383887, 38.9310777888908, 3.50000000000265));
#4015 = CARTESIAN_POINT ('', (155.197925690113, 39.0748780849653, 3.50000000000267));
#4016 = CARTESIAN_POINT ('', (155.166792456898, 39.2162907582692, 3.50000000000269));
#4017 = CARTESIAN_POINT ('', (155.084860120531, 39.4920689218807, 3.50000000000273));
#4018 = CARTESIAN_POINT ('', (155.033907087802, 39.6271619117177, 3.50000000000275));
#4019 = CARTESIAN_POINT ('', (154.91364484647, 39.8876299435796, 3.50000000000278));
#4020 = CARTESIAN_POINT ('', (154.844078838231, 40.0136960426344, 3.50000000000279));
#4021 = CARTESIAN_POINT ('', (154.68825097318, 40.2536663201653, 3.50000000000282));
#4022 = CARTESIAN_POINT ('', (154.601637463182, 40.3682116080495, 3.50000000000284));
#4023 = CARTESIAN_POINT ('', (154.507543204486, 40.4757273799405, 3.50000000000285));
#4024 = B_SPLINE_CURVE_WITH_KNOTS ('', 3, (#4012, #4013, #4014, #4015, #4016, #4017, #4018, #4019, #4020, #4021, #4022, #4023), .UNSPECIFIED., .F., .U., (4, 2, 2, 2, 2, 4), (0.429664850445861, 0.433463395451971, 0.865616358302379, 1.2965384381942, 1.72629017619407, 2.15491627960226), .UNSPECIFIED.);
#4025 = EDGE_CURVE ('', #4003, #4011, #4024, .T.);
#4026 = ORIENTED_EDGE ('', *, *, #4025, .T.);
#4027 = CARTESIAN_POINT ('', (150.236067579896, 40.7235278741807, 3.50000000000291));
#4028 = VERTEX_POINT ('', #4027);
#4029 = CARTESIAN_POINT ('', (154.507543204486, 40.4757273799405, 3.50000000000285));
#4030 = CARTESIAN_POINT ('', (154.413689229497, 40.5829685942918, 3.50000000000287));
#4031 = CARTESIAN_POINT ('', (154.311917553222, 40.6837594305143, 3.50000000000289));
#4032 = CARTESIAN_POINT ('', (154.095899489158, 40.8691480022941, 3.50000000000291));
#4033 = CARTESIAN_POINT ('', (153.981141738068, 40.9542525264459, 3.50000000000292));
#4034 = CARTESIAN_POINT ('', (153.741622283568, 41.1067545064948, 3.50000000000294));
#4035 = CARTESIAN_POINT ('', (153.616286796346, 41.1745778141796, 3.50000000000295));
#4036 = CARTESIAN_POINT ('', (153.358255129889, 41.2913752026989, 3.50000000000297));
#4037 = CARTESIAN_POINT ('', (153.224935579972, 41.3406875171467, 3.50000000000297));
#4038 = CARTESIAN_POINT ('', (152.953696733988, 41.4197112264606, 3.50000000000298));
#4039 = CARTESIAN_POINT ('', (152.815117879397, 41.4496685443848, 3.50000000000298));
#4040 = CARTESIAN_POINT ('', (152.536182306689, 41.4896317620701, 3.50000000000299));
#4041 = CARTESIAN_POINT ('', (152.395143513655, 41.4997886168668, 3.50000000000299));
#4042 = CARTESIAN_POINT ('', (152.235667010853, 41.5000244792529, 3.50000000000299));
#4043 = CARTESIAN_POINT ('', (152.216896002698, 41.4998760701164, 3.50000000000299));
#4044 = CARTESIAN_POINT ('', (152.05371645172, 41.4970542122157, 3.50000000000299));
#4045 = CARTESIAN_POINT ('', (151.909110227179, 41.4840669136387, 3.50000000000299));
#4046 = CARTESIAN_POINT ('', (151.624445126522, 41.4375869882144, 3.50000000000298));
#4047 = CARTESIAN_POINT ('', (151.483638883845, 41.4040363036134, 3.50000000000298));
#4048 = CARTESIAN_POINT ('', (151.209402782028, 41.3174059747664, 3.50000000000297));
#4049 = CARTESIAN_POINT ('', (151.075249020018, 41.2641597514858, 3.50000000000296));
#4050 = CARTESIAN_POINT ('', (150.816964122, 41.1394915931093, 3.50000000000295));
#4051 = CARTESIAN_POINT ('', (150.692147210257, 41.0678010793713, 3.50000000000294));
#4052 = CARTESIAN_POINT ('', (150.454949761923, 40.9079442342222, 3.50000000000292));
#4053 = CARTESIAN_POINT ('', (150.341934914155, 40.8194155342509, 3.5000000000029));
#4054 = CARTESIAN_POINT ('', (150.236070249641, 40.7235302922674, 3.50000000000289));
#4055 = CARTESIAN_POINT ('', (150.236068914767, 40.7235290832245, 3.50000000000289));
#4056 = CARTESIAN_POINT ('', (150.236067579894, 40.7235278741804, 3.50000000000289));
#4057 = B_SPLINE_CURVE_WITH_KNOTS ('', 3, (#4029, #4030, #4031, #4032, #4033, #4034, #4035, #4036, #4037, #4038, #4039, #4040, #4041, #4042, #4043, #4044, #4045, #4046, #4047, #4048, #4049, #4050, #4051, #4052, #4053, #4054, #4055, #4056), .UNSPECIFIED., .F., .U., (4, 2, 2, 2, 2, 2, 2, 2, 2, 2, 2, 2, 2, 4), (2.15491627960665, 2.58244782241018, 3.00890371448937, 3.43429159155214, 3.8586082147335, 4.28183942137647, 4.70395962829286, 4.76026945303495, 5.19357147317902, 5.62557369259218, 6.05635318412527, 6.48596845333544, 6.91446248015533, 6.91446788321479), .UNSPECIFIED.);
#4058 = EDGE_CURVE ('', #4011, #4028, #4057, .T.);
#4059 = ORIENTED_EDGE ('', *, *, #4058, .T.);
#4060 = CARTESIAN_POINT ('', (149.2807718461, 38.9285711684827, 3.50000000000268));
#4061 = VERTEX_POINT ('', #4060);
#4062 = CARTESIAN_POINT ('', (150.236067579894, 40.7235278741804, 3.50000000000289));
#4063 = CARTESIAN_POINT ('', (150.130475462313, 40.6278891393197, 3.50000000000287));
#4064 = CARTESIAN_POINT ('', (150.031463704547, 40.5244488548936, 3.50000000000286));
#4065 = CARTESIAN_POINT ('', (149.849831251347, 40.3053767080437, 3.50000000000283));
#4066 = CARTESIAN_POINT ('', (149.766713220642, 40.1892252222316, 3.50000000000282));
#4067 = CARTESIAN_POINT ('', (149.618340588081, 39.9472258912252, 3.50000000000279));
#4068 = CARTESIAN_POINT ('', (149.552670283349, 39.8207976530308, 3.50000000000277));
#4069 = CARTESIAN_POINT ('', (149.440289466554, 39.5609050596681, 3.50000000000274));
#4070 = CARTESIAN_POINT ('', (149.393251535888, 39.4268123004043, 3.50000000000272));
#4071 = CARTESIAN_POINT ('', (149.323549108462, 39.1716049826189, 3.50000000000269));
#4072 = CARTESIAN_POINT ('', (149.298382696517, 39.0505326618062, 3.50000000000267));
#4073 = CARTESIAN_POINT ('', (149.280771846098, 38.9285711684823, 3.50000000000266));
#4074 = B_SPLINE_CURVE_WITH_KNOTS ('', 3, (#4062, #4063, #4064, #4065, #4066, #4067, #4068, #4069, #4070, #4071, #4072, #4073), .UNSPECIFIED., .F., .U., (4, 2, 2, 2, 2, 4), (6.91446788321479, 7.34186482139249, 7.76819300421659, 8.19345335390496, 8.6176413384992, 8.98711753412405), .UNSPECIFIED.);
#4075 = EDGE_CURVE ('', #4028, #4061, #4074, .T.);
#4076 = ORIENTED_EDGE ('', *, *, #4075, .T.);
#4077 = CARTESIAN_POINT ('', (148.785898384859, 38.4999999999983, 3.50000000000263));
#4078 = VERTEX_POINT ('', #4077);
#4079 = CARTESIAN_POINT ('', (149.280770044163, 38.9285714285693, 3.50000000000012));
#4080 = CARTESIAN_POINT ('', (149.21891108675, 38.4999999999979, 3.50000000000006));
#4081 = CARTESIAN_POINT ('', (148.785898384857, 38.4999999999979, 3.50000000000007));
#4082 = (
   BOUNDED_CURVE ()
   B_SPLINE_CURVE (2, (#4079, #4080, #4081), .UNSPECIFIED., .F., .U.)
   B_SPLINE_CURVE_WITH_KNOTS ((3, 3), (0., 1.42744875788933), .UNSPECIFIED.)
   CURVE ()
   GEOMETRIC_REPRESENTATION_ITEM ()
   RATIONAL_B_SPLINE_CURVE ((1., 0.755928946018528, 1.))
   REPRESENTATION_ITEM ('')
);
#4083 = EDGE_CURVE ('', #4061, #4078, #4082, .T.);
#4084 = ORIENTED_EDGE ('', *, *, #4083, .T.);
#4085 = CARTESIAN_POINT ('', (98.7141016151356, 38.4999999999981, 3.50000000000263));
#4086 = VERTEX_POINT ('', #4085);
#4087 = CARTESIAN_POINT ('', (148.785898384857, 38.499999999998, 3.5000000000026));
#4088 = CARTESIAN_POINT ('', (98.7141016151346, 38.4999999999978, 3.5000000000026));
#4089 = B_SPLINE_CURVE_WITH_KNOTS ('', 1, (#4087, #4088), .UNSPECIFIED., .F., .U., (2, 2), (0.00910003166936847, 0.990899968330632), .UNSPECIFIED.);
#4090 = EDGE_CURVE ('', #4078, #4086, #4089, .T.);
#4091 = ORIENTED_EDGE ('', *, *, #4090, .T.);
#4092 = CARTESIAN_POINT ('', (98.2192299436079, 38.9285714268054, 3.50000000000268));
#4093 = VERTEX_POINT ('', #4092);
#4094 = CARTESIAN_POINT ('', (98.7141016151347, 38.4999999999977, 3.50000000000044));
#4095 = CARTESIAN_POINT ('', (98.2810889132425, 38.4999999999978, 3.50000000000045));
#4096 = CARTESIAN_POINT ('', (98.2192299558293, 38.9285714285692, 3.5000000000005));
#4097 = (
   BOUNDED_CURVE ()
   B_SPLINE_CURVE (2, (#4094, #4095, #4096), .UNSPECIFIED., .F., .U.)
   B_SPLINE_CURVE_WITH_KNOTS ((3, 3), (0., 1.4274487578895), .UNSPECIFIED.)
   CURVE ()
   GEOMETRIC_REPRESENTATION_ITEM ()
   RATIONAL_B_SPLINE_CURVE ((1., 0.755928946018459, 1.))
   REPRESENTATION_ITEM ('')
);
#4098 = EDGE_CURVE ('', #4086, #4093, #4097, .T.);
#4099 = ORIENTED_EDGE ('', *, *, #4098, .T.);
#4100 = CARTESIAN_POINT ('', (92.2807718461011, 38.9285711684826, 3.50000000000268));
#4101 = VERTEX_POINT ('', #4100);
#4102 = CARTESIAN_POINT ('', (98.2192299436071, 38.9285714268051, 3.50000000000266));
#4103 = CARTESIAN_POINT ('', (98.219049060418, 38.9298246794199, 3.50000000000266));
#4104 = CARTESIAN_POINT ('', (98.2188673838892, 38.9310777888906, 3.50000000000266));
#4105 = CARTESIAN_POINT ('', (98.1979256901149, 39.0748780849652, 3.50000000000267));
#4106 = CARTESIAN_POINT ('', (98.1667924569003, 39.2162907582691, 3.5000000000027));
#4107 = CARTESIAN_POINT ('', (98.0848601205329, 39.4920689218806, 3.50000000000273));
#4108 = CARTESIAN_POINT ('', (98.0339070878034, 39.6271619117176, 3.50000000000275));
#4109 = CARTESIAN_POINT ('', (97.9136448464722, 39.8876299435794, 3.50000000000278));
#4110 = CARTESIAN_POINT ('', (97.8440788382333, 40.0136960426343, 3.50000000000279));
#4111 = CARTESIAN_POINT ('', (97.6882509731815, 40.2536663201652, 3.50000000000282));
#4112 = CARTESIAN_POINT ('', (97.6016374631842, 40.3682116080494, 3.50000000000284));
#4113 = CARTESIAN_POINT ('', (97.4136892294986, 40.5829685942917, 3.50000000000287));
#4114 = CARTESIAN_POINT ('', (97.3119175532243, 40.6837594305142, 3.50000000000289));
#4115 = CARTESIAN_POINT ('', (97.09589948916, 40.8691480022939, 3.50000000000291));
#4116 = CARTESIAN_POINT ('', (96.9811417380703, 40.9542525264458, 3.50000000000292));
#4117 = CARTESIAN_POINT ('', (96.7416222835702, 41.1067545064947, 3.50000000000294));
#4118 = CARTESIAN_POINT ('', (96.6162867963474, 41.1745778141794, 3.50000000000295));
#4119 = CARTESIAN_POINT ('', (96.3582551298905, 41.2913752026988, 3.50000000000296));
#4120 = CARTESIAN_POINT ('', (96.2249355799737, 41.3406875171466, 3.50000000000297));
#4121 = CARTESIAN_POINT ('', (95.9536967339898, 41.4197112264604, 3.50000000000298));
#4122 = CARTESIAN_POINT ('', (95.815117879399, 41.4496685443847, 3.50000000000299));
#4123 = CARTESIAN_POINT ('', (95.5361823066911, 41.48963176207, 3.50000000000299));
#4124 = CARTESIAN_POINT ('', (95.3951435136571, 41.4997886168667, 3.50000000000299));
#4125 = CARTESIAN_POINT ('', (95.2356670108553, 41.5000244792527, 3.50000000000299));
#4126 = CARTESIAN_POINT ('', (95.2168960026995, 41.4998760701163, 3.50000000000299));
#4127 = CARTESIAN_POINT ('', (95.0537164517221, 41.4970542122155, 3.50000000000299));
#4128 = CARTESIAN_POINT ('', (94.9091102271811, 41.4840669136385, 3.50000000000299));
#4129 = CARTESIAN_POINT ('', (94.6244451265241, 41.4375869882142, 3.50000000000298));
#4130 = CARTESIAN_POINT ('', (94.4836388838464, 41.4040363036132, 3.50000000000298));
#4131 = CARTESIAN_POINT ('', (94.2094027820295, 41.3174059747662, 3.50000000000297));
#4132 = CARTESIAN_POINT ('', (94.07524902002, 41.2641597514857, 3.50000000000296));
#4133 = CARTESIAN_POINT ('', (93.816964122002, 41.1394915931091, 3.50000000000294));
#4134 = CARTESIAN_POINT ('', (93.6921472102588, 41.0678010793712, 3.50000000000294));
#4135 = CARTESIAN_POINT ('', (93.4549497619251, 40.907944234222, 3.50000000000291));
#4136 = CARTESIAN_POINT ('', (93.341934914157, 40.8194155342507, 3.5000000000029));
#4137 = CARTESIAN_POINT ('', (93.1304779656867, 40.6278917546578, 3.50000000000287));
#4138 = CARTESIAN_POINT ('', (93.0314648540656, 40.5244502413583, 3.50000000000286));
#4139 = CARTESIAN_POINT ('', (92.8498312513489, 40.3053767080435, 3.50000000000283));
#4140 = CARTESIAN_POINT ('', (92.7667132206438, 40.1892252222314, 3.50000000000282));
#4141 = CARTESIAN_POINT ('', (92.6183405880824, 39.947225891225, 3.50000000000279));
#4142 = CARTESIAN_POINT ('', (92.5526702833512, 39.8207976530306, 3.50000000000277));
#4143 = CARTESIAN_POINT ('', (92.4402894665559, 39.560905059668, 3.50000000000274));
#4144 = CARTESIAN_POINT ('', (92.3932515358897, 39.4268123004042, 3.50000000000272));
#4145 = CARTESIAN_POINT ('', (92.3235491084637, 39.1716049826188, 3.50000000000268));
#4146 = CARTESIAN_POINT ('', (92.2983826965192, 39.050532661806, 3.50000000000267));
#4147 = CARTESIAN_POINT ('', (92.2807718461003, 38.9285711684822, 3.50000000000265));
#4148 = B_SPLINE_CURVE_WITH_KNOTS ('', 3, (#4102, #4103, #4104, #4105, #4106, #4107, #4108, #4109, #4110, #4111, #4112, #4113, #4114, #4115, #4116, #4117, #4118, #4119, #4120, #4121, #4122, #4123, #4124, #4125, #4126, #4127, #4128, #4129, #4130, #4131, #4132, #4133, #4134, #4135, #4136, #4137, #4138, #4139, #4140, #4141, #4142, #4143, #4144, #4145, #4146, #4147), .UNSPECIFIED., .F., .U., (4, 2, 2, 2, 2, 2, 2, 2, 2, 2, 2, 2, 2, 2, 2, 2, 2, 2, 2, 2, 2, 2, 4), (0.42966485044588, 0.433463395452038, 0.865616358303559, 1.29653843819647, 1.72629017619739, 2.15491627960667, 2.5824478224102, 3.00890371448939, 3.43429159155211, 3.85860821473353, 4.28183942137643, 4.70395962829288, 4.76026945303497, 5.19357147317904, 5.62557369259219, 6.05635318412528, 6.48596845333542, 6.91446248015532, 7.34186482139252, 7.76819300421663, 8.19345335390501, 8.61764133849925, 8.98711753412401), .UNSPECIFIED.);
#4149 = EDGE_CURVE ('', #4093, #4101, #4148, .T.);
#4150 = ORIENTED_EDGE ('', *, *, #4149, .T.);
#4151 = CARTESIAN_POINT ('', (91.7858983848601, 38.4999999999981, 3.50000000000262));
#4152 = VERTEX_POINT ('', #4151);
#4153 = CARTESIAN_POINT ('', (92.2807700441647, 38.9285714285692, 3.50000000000054));
#4154 = CARTESIAN_POINT ('', (92.2189110867515, 38.4999999999978, 3.50000000000049));
#4155 = CARTESIAN_POINT ('', (91.7858983848593, 38.4999999999978, 3.5000000000005));
#4156 = (
   BOUNDED_CURVE ()
   B_SPLINE_CURVE (2, (#4153, #4154, #4155), .UNSPECIFIED., .F., .U.)
   B_SPLINE_CURVE_WITH_KNOTS ((3, 3), (0., 1.42744875788959), .UNSPECIFIED.)
   CURVE ()
   GEOMETRIC_REPRESENTATION_ITEM ()
   RATIONAL_B_SPLINE_CURVE ((1., 0.75592894601839, 1.))
   REPRESENTATION_ITEM ('')
);
#4157 = EDGE_CURVE ('', #4101, #4152, #4156, .T.);
#4158 = ORIENTED_EDGE ('', *, *, #4157, .T.);
#4159 = CARTESIAN_POINT ('', (82.491590223178, 38.499999999999, 3.50000000000269));
#4160 = VERTEX_POINT ('', #4159);
#4161 = CARTESIAN_POINT ('', (91.7858983848593, 38.4999999999978, 3.5000000000026));
#4162 = CARTESIAN_POINT ('', (82.4915902231753, 38.4999999999978, 3.5000000000026));
#4163 = B_SPLINE_CURVE_WITH_KNOTS ('', 1, (#4161, #4162), .UNSPECIFIED., .F., .U., (2, 2), (0.0475591439334758, 1.), .UNSPECIFIED.);
#4164 = EDGE_CURVE ('', #4152, #4160, #4163, .T.);
#4165 = ORIENTED_EDGE ('', *, *, #4164, .T.);
#4166 = CARTESIAN_POINT ('', (69.6800474906035, 36.8133284013079, 3.50000000000248));
#4167 = VERTEX_POINT ('', #4166);
#4168 = CARTESIAN_POINT ('', (82.4915902231754, 38.4999999999978, 3.50000000000261));
#4169 = CARTESIAN_POINT ('', (81.4095290062339, 38.4999999999978, 3.50000000000261));
#4170 = CARTESIAN_POINT ('', (80.3268865605469, 38.4644813429798, 3.5000000000026));
#4171 = CARTESIAN_POINT ('', (78.1679993981273, 38.3226738695282, 3.50000000000258));
#4172 = CARTESIAN_POINT ('', (77.0905931495294, 38.2163471406886, 3.50000000000256));
#4173 = CARTESIAN_POINT ('', (74.9467860535948, 37.9335699785155, 3.50000000000253));
#4174 = CARTESIAN_POINT ('', (73.8792305349525, 37.7570056648298, 3.5000000000025));
#4175 = CARTESIAN_POINT ('', (71.7654000581241, 37.3358392350275, 3.50000000000245));
#4176 = CARTESIAN_POINT ('', (70.7179167045121, 37.0914246190232, 3.50000000000242));
#4177 = CARTESIAN_POINT ('', (69.6800474906012, 36.8133284013067, 3.50000000000238));
#4178 = B_SPLINE_CURVE_WITH_KNOTS ('', 3, (#4168, #4169, #4170, #4171, #4172, #4173, #4174, #4175, #4176, #4177), .UNSPECIFIED., .F., .U., (4, 2, 2, 2, 4), (0., 3.24618365082465, 6.49061848025917, 9.73331291516311, 12.9567567417917), .UNSPECIFIED.);
#4179 = EDGE_CURVE ('', #4160, #4167, #4178, .T.);
#4180 = ORIENTED_EDGE ('', *, *, #4179, .T.);
#4181 = CARTESIAN_POINT ('', (65.9422195702123, 35.8117804285927, 3.50000000000235));
#4182 = VERTEX_POINT ('', #4181);
#4183 = CARTESIAN_POINT ('', (69.6800474906012, 36.8133284013067, 3.50000000000238));
#4184 = CARTESIAN_POINT ('', (65.9422195702102, 35.8117804285915, 3.50000000000225));
#4185 = B_SPLINE_CURVE_WITH_KNOTS ('', 1, (#4183, #4184), .UNSPECIFIED., .F., .U., (2, 2), (0., 1.), .UNSPECIFIED.);
#4186 = EDGE_CURVE ('', #4167, #4182, #4185, .T.);
#4187 = ORIENTED_EDGE ('', *, *, #4186, .T.);
#4188 = CARTESIAN_POINT ('', (65.9422195702102, 35.8117804285915, 3.50000000000225));
#4189 = CARTESIAN_POINT ('', (64.8970286951406, 35.5317223776802, 3.50000000000221));
#4190 = CARTESIAN_POINT ('', (63.8604693011076, 35.2172055055713, 3.50000000000217));
#4191 = CARTESIAN_POINT ('', (61.8118469097499, 34.5214688907421, 3.50000000000208));
#4192 = CARTESIAN_POINT ('', (60.7986717712511, 34.1399119008816, 3.50000000000204));
#4193 = CARTESIAN_POINT ('', (58.8011012457966, 33.3119120314001, 3.50000000000192));
#4194 = CARTESIAN_POINT ('', (57.8156200064098, 32.8650603008811, 3.50000000000187));
#4195 = CARTESIAN_POINT ('', (55.8828224496347, 31.9111451836477, 3.50000000000174));
#4196 = CARTESIAN_POINT ('', (54.934290383296, 31.4039501523838, 3.50000000000167));
#4197 = CARTESIAN_POINT ('', (54.0037623027849, 30.8667095146122, 3.5000000000016));
#4198 = B_SPLINE_CURVE_WITH_KNOTS ('', 3, (#4188, #4189, #4190, #4191, #4192, #4193, #4194, #4195, #4196, #4197), .UNSPECIFIED., .F., .U., (4, 2, 2, 2, 4), (0., 3.24618365082452, 6.49061848025891, 9.73331291516289, 12.9567567417924), .UNSPECIFIED.);
#4199 = EDGE_CURVE ('', #4182, #3382, #4198, .T.);
#4200 = ORIENTED_EDGE ('', *, *, #4199, .T.);
#4201 = EDGE_LOOP ('', (#3389, #3397, #3448, #3456, #3463, #3508, #3515, #3530, #3538, #3587, #3595, #3602, #3610, #3627, #3660, #3677, #3685, #3692, #3735, #3742, #3749, #3755, #3756, #3757, #3758, #3765, #3772, #3780, #3787, #3795, #3802, #3810, #3817, #3825, #3832, #3840, #3847, #3854, #3861, #3868, #3875, #3883, #3934, #3942, #3949, #3994, #4001, #4009, #4026, #4059, #4076, #4084, #4091, #4099, #4150, #4158, #4165, #4180, #4187, #4200));
#4202 = FACE_OUTER_BOUND ('', #4201, .T.);
#4203 = CARTESIAN_POINT ('', (9.50981331588009, 114.994745565623, 3.50000000001261));
#4204 = VERTEX_POINT ('', #4203);
#4205 = CARTESIAN_POINT ('', (8.00981331588076, 114.994745565631, 3.50000000001267));
#4206 = VERTEX_POINT ('', #4205);
#4207 = CARTESIAN_POINT ('', (9.50981331588009, 114.994745565623, 3.50000000001261));
#4208 = CARTESIAN_POINT ('', (9.50981331587641, 114.244745565623, 3.50000000001252));
#4209 = CARTESIAN_POINT ('', (8.75981331587657, 114.244745565627, 3.50000000001251));
#4210 = CARTESIAN_POINT ('', (8.00981331587674, 114.244745565631, 3.5000000000125));
#4211 = CARTESIAN_POINT ('', (8.00981331588044, 114.994745565631, 3.5000000000126));
#4212 = (
   BOUNDED_CURVE ()
   B_SPLINE_CURVE (2, (#4207, #4208, #4209, #4210, #4211), .UNSPECIFIED., .F., .U.)
   B_SPLINE_CURVE_WITH_KNOTS ((3, 2, 3), (3.14159265359051, 4.71238898038541, 6.28318530718031), .UNSPECIFIED.)
   CURVE ()
   GEOMETRIC_REPRESENTATION_ITEM ()
   RATIONAL_B_SPLINE_CURVE ((1., 0.707106781186537, 1., 0.707106781186537, 1.))
   REPRESENTATION_ITEM ('')
);
#4213 = EDGE_CURVE ('', #4204, #4206, #4212, .T.);
#4214 = ORIENTED_EDGE ('', *, *, #4213, .T.);
#4215 = CARTESIAN_POINT ('', (8.00981331588044, 114.994745565631, 3.5000000000126));
#4216 = CARTESIAN_POINT ('', (8.00981331588414, 115.74474556563, 3.50000000001269));
#4217 = CARTESIAN_POINT ('', (8.75981331588397, 115.744745565627, 3.5000000000127));
#4218 = CARTESIAN_POINT ('', (9.5098133158838, 115.744745565623, 3.50000000001271));
#4219 = CARTESIAN_POINT ('', (9.50981331588009, 114.994745565623, 3.50000000001261));
#4220 = (
   BOUNDED_CURVE ()
   B_SPLINE_CURVE (2, (#4215, #4216, #4217, #4218, #4219), .UNSPECIFIED., .F., .U.)
   B_SPLINE_CURVE_WITH_KNOTS ((3, 2, 3), (7.21281837172095E-13, 1.57079632679562, 3.14159265359051), .UNSPECIFIED.)
   CURVE ()
   GEOMETRIC_REPRESENTATION_ITEM ()
   RATIONAL_B_SPLINE_CURVE ((1., 0.707106781186537, 1., 0.707106781186537, 1.))
   REPRESENTATION_ITEM ('')
);
#4221 = EDGE_CURVE ('', #4206, #4204, #4220, .T.);
#4222 = ORIENTED_EDGE ('', *, *, #4221, .T.);
#4223 = EDGE_LOOP ('', (#4214, #4222));
#4224 = FACE_BOUND ('', #4223, .T.);
#4225 = CARTESIAN_POINT ('', (43.9999999999985, 24.6580219542964, 3.50000000000081));
#4226 = VERTEX_POINT ('', #4225);
#4227 = CARTESIAN_POINT ('', (42.5000000000002, 24.6580219542981, 3.50000000000089));
#4228 = VERTEX_POINT ('', #4227);
#4229 = CARTESIAN_POINT ('', (43.9999999999985, 24.6580219542964, 3.50000000000081));
#4230 = CARTESIAN_POINT ('', (43.9999999999976, 23.9080219542966, 3.50000000000071));
#4231 = CARTESIAN_POINT ('', (43.2499999999978, 23.9080219542974, 3.5000000000007));
#4232 = CARTESIAN_POINT ('', (42.499999999998, 23.9080219542983, 3.50000000000069));
#4233 = CARTESIAN_POINT ('', (42.4999999999988, 24.6580219542981, 3.50000000000079));
#4234 = (
   BOUNDED_CURVE ()
   B_SPLINE_CURVE (2, (#4229, #4230, #4231, #4232, #4233), .UNSPECIFIED., .F., .U.)
   B_SPLINE_CURVE_WITH_KNOTS ((3, 2, 3), (3.14159265358995, 4.71238898038485, 6.28318530717975), .UNSPECIFIED.)
   CURVE ()
   GEOMETRIC_REPRESENTATION_ITEM ()
   RATIONAL_B_SPLINE_CURVE ((1., 0.707106781186552, 1., 0.70710678118654, 1.))
   REPRESENTATION_ITEM ('')
);
#4235 = EDGE_CURVE ('', #4226, #4228, #4234, .T.);
#4236 = ORIENTED_EDGE ('', *, *, #4235, .T.);
#4237 = CARTESIAN_POINT ('', (42.4999999999988, 24.6580219542981, 3.50000000000079));
#4238 = CARTESIAN_POINT ('', (42.4999999999997, 25.4080219542979, 3.50000000000089));
#4239 = CARTESIAN_POINT ('', (43.2499999999995, 25.4080219542971, 3.5000000000009));
#4240 = CARTESIAN_POINT ('', (43.9999999999993, 25.4080219542962, 3.50000000000091));
#4241 = CARTESIAN_POINT ('', (43.9999999999985, 24.6580219542964, 3.50000000000081));
#4242 = (
   BOUNDED_CURVE ()
   B_SPLINE_CURVE (2, (#4237, #4238, #4239, #4240, #4241), .UNSPECIFIED., .F., .U.)
   B_SPLINE_CURVE_WITH_KNOTS ((3, 2, 3), (1.63927690266402E-13, 1.57079632679506, 3.14159265358995), .UNSPECIFIED.)
   CURVE ()
   GEOMETRIC_REPRESENTATION_ITEM ()
   RATIONAL_B_SPLINE_CURVE ((1., 0.707106781186552, 1., 0.70710678118654, 1.))
   REPRESENTATION_ITEM ('')
);
#4243 = EDGE_CURVE ('', #4228, #4226, #4242, .T.);
#4244 = ORIENTED_EDGE ('', *, *, #4243, .T.);
#4245 = EDGE_LOOP ('', (#4236, #4244));
#4246 = FACE_BOUND ('', #4245, .T.);
#4247 = CARTESIAN_POINT ('', (95.9999999999967, 38.4999999999966, 3.50000000000261));
#4248 = VERTEX_POINT ('', #4247);
#4249 = CARTESIAN_POINT ('', (94.5000000000002, 38.499999999999, 3.50000000000269));
#4250 = VERTEX_POINT ('', #4249);
#4251 = CARTESIAN_POINT ('', (95.9999999999967, 38.4999999999966, 3.50000000000261));
#4252 = CARTESIAN_POINT ('', (95.9999999999955, 37.7499999999968, 3.50000000000251));
#4253 = CARTESIAN_POINT ('', (95.2499999999957, 37.749999999998, 3.5000000000025));
#4254 = CARTESIAN_POINT ('', (94.4999999999959, 37.7499999999993, 3.5000000000025));
#4255 = CARTESIAN_POINT ('', (94.4999999999971, 38.499999999999, 3.5000000000026));
#4256 = (
   BOUNDED_CURVE ()
   B_SPLINE_CURVE (2, (#4251, #4252, #4253, #4254, #4255), .UNSPECIFIED., .F., .U.)
   B_SPLINE_CURVE_WITH_KNOTS ((3, 2, 3), (3.14159265359005, 4.71238898038494, 6.28318530717984), .UNSPECIFIED.)
   CURVE ()
   GEOMETRIC_REPRESENTATION_ITEM ()
   RATIONAL_B_SPLINE_CURVE ((1., 0.707106781186559, 1., 0.707106781186559, 1.))
   REPRESENTATION_ITEM ('')
);
#4257 = EDGE_CURVE ('', #4248, #4250, #4256, .T.);
#4258 = ORIENTED_EDGE ('', *, *, #4257, .T.);
#4259 = CARTESIAN_POINT ('', (94.4999999999971, 38.499999999999, 3.5000000000026));
#4260 = CARTESIAN_POINT ('', (94.4999999999984, 39.2499999999988, 3.50000000000271));
#4261 = CARTESIAN_POINT ('', (95.2499999999982, 39.2499999999976, 3.50000000000271));
#4262 = CARTESIAN_POINT ('', (95.9999999999979, 39.2499999999963, 3.50000000000271));
#4263 = CARTESIAN_POINT ('', (95.9999999999967, 38.4999999999966, 3.50000000000261));
#4264 = (
   BOUNDED_CURVE ()
   B_SPLINE_CURVE (2, (#4259, #4260, #4261, #4262, #4263), .UNSPECIFIED., .F., .U.)
   B_SPLINE_CURVE_WITH_KNOTS ((3, 2, 3), (2.54087919912947E-13, 1.57079632679515, 3.14159265359005), .UNSPECIFIED.)
   CURVE ()
   GEOMETRIC_REPRESENTATION_ITEM ()
   RATIONAL_B_SPLINE_CURVE ((1., 0.707106781186559, 1., 0.707106781186559, 1.))
   REPRESENTATION_ITEM ('')
);
#4265 = EDGE_CURVE ('', #4250, #4248, #4264, .T.);
#4266 = ORIENTED_EDGE ('', *, *, #4265, .T.);
#4267 = EDGE_LOOP ('', (#4258, #4266));
#4268 = FACE_BOUND ('', #4267, .T.);
#4269 = CARTESIAN_POINT ('', (152.999999999995, 38.4999999999967, 3.50000000000261));
#4270 = VERTEX_POINT ('', #4269);
#4271 = CARTESIAN_POINT ('', (151.5, 38.4999999999992, 3.5000000000027));
#4272 = VERTEX_POINT ('', #4271);
#4273 = CARTESIAN_POINT ('', (152.999999999995, 38.4999999999967, 3.50000000000261));
#4274 = CARTESIAN_POINT ('', (152.999999999994, 37.7499999999969, 3.50000000000251));
#4275 = CARTESIAN_POINT ('', (152.249999999994, 37.7499999999981, 3.50000000000251));
#4276 = CARTESIAN_POINT ('', (151.499999999994, 37.7499999999994, 3.50000000000251));
#4277 = CARTESIAN_POINT ('', (151.499999999995, 38.4999999999992, 3.50000000000261));
#4278 = (
   BOUNDED_CURVE ()
   B_SPLINE_CURVE (2, (#4273, #4274, #4275, #4276, #4277), .UNSPECIFIED., .F., .U.)
   B_SPLINE_CURVE_WITH_KNOTS ((3, 2, 3), (3.14159265359005, 4.71238898038495, 6.28318530717984), .UNSPECIFIED.)
   CURVE ()
   GEOMETRIC_REPRESENTATION_ITEM ()
   RATIONAL_B_SPLINE_CURVE ((1., 0.70710678118656, 1., 0.707106781186546, 1.))
   REPRESENTATION_ITEM ('')
);
#4279 = EDGE_CURVE ('', #4270, #4272, #4278, .T.);
#4280 = ORIENTED_EDGE ('', *, *, #4279, .T.);
#4281 = CARTESIAN_POINT ('', (151.499999999995, 38.4999999999992, 3.50000000000261));
#4282 = CARTESIAN_POINT ('', (151.499999999997, 39.249999999999, 3.50000000000271));
#4283 = CARTESIAN_POINT ('', (152.249999999996, 39.2499999999977, 3.50000000000271));
#4284 = CARTESIAN_POINT ('', (152.999999999996, 39.2499999999965, 3.50000000000271));
#4285 = CARTESIAN_POINT ('', (152.999999999995, 38.4999999999967, 3.50000000000261));
#4286 = (
   BOUNDED_CURVE ()
   B_SPLINE_CURVE (2, (#4281, #4282, #4283, #4284, #4285), .UNSPECIFIED., .F., .U.)
   B_SPLINE_CURVE_WITH_KNOTS ((3, 2, 3), (2.54087919912977E-13, 1.57079632679515, 3.14159265359005), .UNSPECIFIED.)
   CURVE ()
   GEOMETRIC_REPRESENTATION_ITEM ()
   RATIONAL_B_SPLINE_CURVE ((1., 0.70710678118656, 1., 0.707106781186546, 1.))
   REPRESENTATION_ITEM ('')
);
#4287 = EDGE_CURVE ('', #4272, #4270, #4286, .T.);
#4288 = ORIENTED_EDGE ('', *, *, #4287, .T.);
#4289 = EDGE_LOOP ('', (#4280, #4288));
#4290 = FACE_BOUND ('', #4289, .T.);
#4291 = CARTESIAN_POINT ('', (7.89948891361071, 52.339153817806, 3.50000000000441));
#4292 = VERTEX_POINT ('', #4291);
#4293 = CARTESIAN_POINT ('', (6.39948891361134, 52.3391538178094, 3.5000000000045));
#4294 = VERTEX_POINT ('', #4293);
#4295 = CARTESIAN_POINT ('', (7.89948891361071, 52.339153817806, 3.50000000000441));
#4296 = CARTESIAN_POINT ('', (7.899488913609, 51.5891538178062, 3.50000000000431));
#4297 = CARTESIAN_POINT ('', (7.14948891360918, 51.5891538178079, 3.50000000000431));
#4298 = CARTESIAN_POINT ('', (6.39948891360937, 51.5891538178096, 3.50000000000431));
#4299 = CARTESIAN_POINT ('', (6.39948891361108, 52.3391538178094, 3.50000000000441));
#4300 = (
   BOUNDED_CURVE ()
   B_SPLINE_CURVE (2, (#4295, #4296, #4297, #4298, #4299), .UNSPECIFIED., .F., .U.)
   B_SPLINE_CURVE_WITH_KNOTS ((3, 2, 3), (3.14159265359014, 4.71238898038504, 6.28318530717993), .UNSPECIFIED.)
   CURVE ()
   GEOMETRIC_REPRESENTATION_ITEM ()
   RATIONAL_B_SPLINE_CURVE ((1., 0.70710678118655, 1., 0.707106781186533, 1.))
   REPRESENTATION_ITEM ('')
);
#4301 = EDGE_CURVE ('', #4292, #4294, #4300, .T.);
#4302 = ORIENTED_EDGE ('', *, *, #4301, .T.);
#4303 = CARTESIAN_POINT ('', (6.39948891361108, 52.3391538178094, 3.50000000000441));
#4304 = CARTESIAN_POINT ('', (6.39948891361279, 53.0891538178092, 3.50000000000451));
#4305 = CARTESIAN_POINT ('', (7.14948891361261, 53.0891538178075, 3.50000000000451));
#4306 = CARTESIAN_POINT ('', (7.89948891361242, 53.0891538178058, 3.5000000000045));
#4307 = CARTESIAN_POINT ('', (7.89948891361071, 52.339153817806, 3.50000000000441));
#4308 = (
   BOUNDED_CURVE ()
   B_SPLINE_CURVE (2, (#4303, #4304, #4305, #4306, #4307), .UNSPECIFIED., .F., .U.)
   B_SPLINE_CURVE_WITH_KNOTS ((3, 2, 3), (3.442481495594E-13, 1.57079632679524, 3.14159265359014), .UNSPECIFIED.)
   CURVE ()
   GEOMETRIC_REPRESENTATION_ITEM ()
   RATIONAL_B_SPLINE_CURVE ((1., 0.70710678118655, 1., 0.707106781186533, 1.))
   REPRESENTATION_ITEM ('')
);
#4309 = EDGE_CURVE ('', #4294, #4292, #4308, .T.);
#4310 = ORIENTED_EDGE ('', *, *, #4309, .T.);
#4311 = EDGE_LOOP ('', (#4302, #4310));
#4312 = FACE_BOUND ('', #4311, .T.);
#4313 = CARTESIAN_POINT ('', (177.249999999994, 76.999999999995, 3.50000000000762));
#4314 = VERTEX_POINT ('', #4313);
#4315 = CARTESIAN_POINT ('', (175.75, 77., 3.50000000000772));
#4316 = VERTEX_POINT ('', #4315);
#4317 = CARTESIAN_POINT ('', (177.249999999994, 76.999999999995, 3.50000000000762));
#4318 = CARTESIAN_POINT ('', (177.249999999992, 76.2499999999952, 3.50000000000752));
#4319 = CARTESIAN_POINT ('', (176.499999999992, 76.2499999999977, 3.50000000000753));
#4320 = CARTESIAN_POINT ('', (175.749999999992, 76.2500000000002, 3.50000000000754));
#4321 = CARTESIAN_POINT ('', (175.749999999995, 77., 3.50000000000763));
#4322 = (
   BOUNDED_CURVE ()
   B_SPLINE_CURVE (2, (#4317, #4318, #4319, #4320, #4321), .UNSPECIFIED., .F., .U.)
   B_SPLINE_CURVE_WITH_KNOTS ((3, 2, 3), (3.14159265359031, 4.7123889803852, 6.28318530718009), .UNSPECIFIED.)
   CURVE ()
   GEOMETRIC_REPRESENTATION_ITEM ()
   RATIONAL_B_SPLINE_CURVE ((1., 0.707106781186532, 1., 0.707106781186548, 1.))
   REPRESENTATION_ITEM ('')
);
#4323 = EDGE_CURVE ('', #4314, #4316, #4322, .T.);
#4324 = ORIENTED_EDGE ('', *, *, #4323, .T.);
#4325 = CARTESIAN_POINT ('', (175.749999999995, 77., 3.50000000000763));
#4326 = CARTESIAN_POINT ('', (175.749999999997, 77.7499999999998, 3.50000000000773));
#4327 = CARTESIAN_POINT ('', (176.499999999997, 77.7499999999973, 3.50000000000773));
#4328 = CARTESIAN_POINT ('', (177.249999999997, 77.7499999999948, 3.50000000000772));
#4329 = CARTESIAN_POINT ('', (177.249999999994, 76.999999999995, 3.50000000000762));
#4330 = (
   BOUNDED_CURVE ()
   B_SPLINE_CURVE (2, (#4325, #4326, #4327, #4328, #4329), .UNSPECIFIED., .F., .U.)
   B_SPLINE_CURVE_WITH_KNOTS ((3, 2, 3), (5.08175839825851E-13, 1.5707963267954, 3.14159265359031), .UNSPECIFIED.)
   CURVE ()
   GEOMETRIC_REPRESENTATION_ITEM ()
   RATIONAL_B_SPLINE_CURVE ((1., 0.707106781186533, 1., 0.707106781186548, 1.))
   REPRESENTATION_ITEM ('')
);
#4331 = EDGE_CURVE ('', #4316, #4314, #4330, .T.);
#4332 = ORIENTED_EDGE ('', *, *, #4331, .T.);
#4333 = EDGE_LOOP ('', (#4324, #4332));
#4334 = FACE_BOUND ('', #4333, .T.);
#4335 = CARTESIAN_POINT ('', (3.9247763598195, 14.4032124826812, 3.49999999999946));
#4336 = CARTESIAN_POINT ('', (3.9247763598195, 138.999999999997, 3.50000000001575));
#4337 = CARTESIAN_POINT ('', (179.499999999997, 14.4032124826812, 3.49999999999946));
#4338 = CARTESIAN_POINT ('', (179.499999999997, 138.999999999997, 3.50000000001575));
#4339 = B_SPLINE_SURFACE_WITH_KNOTS ('', 1, 1, ((#4335, #4336), (#4337, #4338)), .UNSPECIFIED., .F., .F., .U., (2, 2), (2, 2), (0.340651706762887, 0.73026357618036), (0.393569216435591, 0.670056902463089), .UNSPECIFIED.);
#4340 = ADVANCED_FACE ('', (#4202, #4224, #4246, #4268, #4290, #4312, #4334), #4339, .T.);
#4341 = CARTESIAN_POINT ('', (177.249999999994, 76.9999999999962, -5.49999999999209));
#4342 = VERTEX_POINT ('', #4341);
#4343 = CARTESIAN_POINT ('', (177.249999999994, 76.9999999999975, 3.50000000000763));
#4344 = CARTESIAN_POINT ('', (177.249999999994, 76.9999999999986, -5.4999999999921));
#4345 = B_SPLINE_CURVE_WITH_KNOTS ('', 1, (#4343, #4344), .UNSPECIFIED., .F., .U., (2, 2), (0., 0.325086659217944), .UNSPECIFIED.);
#4346 = EDGE_CURVE ('', #4314, #4342, #4345, .T.);
#4347 = ORIENTED_EDGE ('', *, *, #4346, .T.);
#4348 = CARTESIAN_POINT ('', (175.75, 77.0000000000011, -5.49999999999228));
#4349 = VERTEX_POINT ('', #4348);
#4350 = CARTESIAN_POINT ('', (177.249999999994, 76.9999999999962, -5.49999999999209));
#4351 = CARTESIAN_POINT ('', (177.249999999992, 76.2499999999964, -5.49999999999219));
#4352 = CARTESIAN_POINT ('', (176.499999999992, 76.2499999999989, -5.49999999999219));
#4353 = CARTESIAN_POINT ('', (175.749999999992, 76.2500000000013, -5.49999999999218));
#4354 = CARTESIAN_POINT ('', (175.749999999995, 77.0000000000011, -5.49999999999208));
#4355 = (
   BOUNDED_CURVE ()
   B_SPLINE_CURVE (2, (#4350, #4351, #4352, #4353, #4354), .UNSPECIFIED., .F., .U.)
   B_SPLINE_CURVE_WITH_KNOTS ((3, 2, 3), (3.14159265359031, 4.7123889803852, 6.28318530718011), .UNSPECIFIED.)
   CURVE ()
   GEOMETRIC_REPRESENTATION_ITEM ()
   RATIONAL_B_SPLINE_CURVE ((1., 0.707106781186532, 1., 0.707106781186588, 1.))
   REPRESENTATION_ITEM ('')
);
#4356 = EDGE_CURVE ('', #4342, #4349, #4355, .T.);
#4357 = ORIENTED_EDGE ('', *, *, #4356, .T.);
#4358 = CARTESIAN_POINT ('', (175.749999999995, 76.9999999999987, -5.49999999999209));
#4359 = CARTESIAN_POINT ('', (175.749999999995, 76.9999999999975, 3.50000000000762));
#4360 = B_SPLINE_CURVE_WITH_KNOTS ('', 1, (#4358, #4359), .UNSPECIFIED., .F., .U., (2, 2), (0., 0.818181818181818), .UNSPECIFIED.);
#4361 = EDGE_CURVE ('', #4349, #4316, #4360, .T.);
#4362 = ORIENTED_EDGE ('', *, *, #4361, .T.);
#4363 = ORIENTED_EDGE ('', *, *, #4323, .F.);
#4364 = EDGE_LOOP ('', (#4347, #4357, #4362, #4363));
#4365 = FACE_OUTER_BOUND ('', #4364, .T.);
#4366 = CARTESIAN_POINT ('', (175.749999999995, 76.9999999999975, 3.50000000000763));
#4367 = CARTESIAN_POINT ('', (175.749999999995, 76.9999999999986, -5.49999999999209));
#4368 = CARTESIAN_POINT ('', (175.749999999995, 76.2499999999977, 3.50000000000754));
#4369 = CARTESIAN_POINT ('', (175.749999999995, 76.2499999999988, -5.49999999999218));
#4370 = CARTESIAN_POINT ('', (176.499999999994, 76.2499999999977, 3.50000000000754));
#4371 = CARTESIAN_POINT ('', (176.499999999994, 76.2499999999988, -5.49999999999218));
#4372 = CARTESIAN_POINT ('', (177.249999999994, 76.2499999999977, 3.50000000000754));
#4373 = CARTESIAN_POINT ('', (177.249999999994, 76.2499999999988, -5.49999999999219));
#4374 = CARTESIAN_POINT ('', (177.249999999994, 76.9999999999975, 3.50000000000763));
#4375 = CARTESIAN_POINT ('', (177.249999999994, 76.9999999999986, -5.4999999999921));
#4376 = (
   BOUNDED_SURFACE ()
   B_SPLINE_SURFACE (2, 1, ((#4366, #4367), (#4368, #4369), (#4370, #4371), (#4372, #4373), (#4374, #4375)), .UNSPECIFIED., .F., .F., .U.)
   B_SPLINE_SURFACE_WITH_KNOTS ((3, 2, 3), (2, 2), (0., 0.0425537441824517, 0.0851074883649034), (0., 0.325086659217944), .UNSPECIFIED.)
   GEOMETRIC_REPRESENTATION_ITEM ()
   RATIONAL_B_SPLINE_SURFACE (((1., 1.), (0.707106781186547, 0.707106781186547), (1., 1.), (0.707106781186547, 0.707106781186547), (1., 1.)))
   REPRESENTATION_ITEM ('')
   SURFACE ()
);
#4377 = ADVANCED_FACE ('', (#4365), #4376, .T.);
#4378 = ORIENTED_EDGE ('', *, *, #4356, .F.);
#4379 = CARTESIAN_POINT ('', (175.749999999995, 77.0000000000011, -5.49999999999208));
#4380 = CARTESIAN_POINT ('', (175.749999999997, 77.7500000000009, -5.49999999999199));
#4381 = CARTESIAN_POINT ('', (176.499999999997, 77.7499999999985, -5.49999999999199));
#4382 = CARTESIAN_POINT ('', (177.249999999997, 77.749999999996, -5.49999999999199));
#4383 = CARTESIAN_POINT ('', (177.249999999994, 76.9999999999962, -5.49999999999209));
#4384 = (
   BOUNDED_CURVE ()
   B_SPLINE_CURVE (2, (#4379, #4380, #4381, #4382, #4383), .UNSPECIFIED., .F., .U.)
   B_SPLINE_CURVE_WITH_KNOTS ((3, 2, 3), (5.2456860885269E-13, 1.5707963267954, 3.14159265359031), .UNSPECIFIED.)
   CURVE ()
   GEOMETRIC_REPRESENTATION_ITEM ()
   RATIONAL_B_SPLINE_CURVE ((1., 0.707106781186533, 1., 0.707106781186587, 1.))
   REPRESENTATION_ITEM ('')
);
#4385 = EDGE_CURVE ('', #4349, #4342, #4384, .T.);
#4386 = ORIENTED_EDGE ('', *, *, #4385, .F.);
#4387 = EDGE_LOOP ('', (#4378, #4386));
#4388 = FACE_OUTER_BOUND ('', #4387, .T.);
#4389 = CARTESIAN_POINT ('', (175.749999999992, 76.2499999999964, -5.49999999999218));
#4390 = CARTESIAN_POINT ('', (175.749999999992, 77.7500000000009, -5.49999999999199));
#4391 = CARTESIAN_POINT ('', (177.249999999997, 76.2499999999964, -5.49999999999218));
#4392 = CARTESIAN_POINT ('', (177.249999999997, 77.7500000000009, -5.49999999999199));
#4393 = B_SPLINE_SURFACE_WITH_KNOTS ('', 1, 1, ((#4389, #4390), (#4391, #4392)), .UNSPECIFIED., .F., .F., .U., (2, 2), (2, 2), (0.32560064406929, 0.66231815892112), (0.310610165994937, 0.647327680846776), .UNSPECIFIED.);
#4394 = ADVANCED_FACE ('', (#4388), #4393, .T.);
#4395 = CARTESIAN_POINT ('', (7.89948891361067, 52.3391538178072, -5.49999999999532));
#4396 = VERTEX_POINT ('', #4395);
#4397 = CARTESIAN_POINT ('', (7.89948891361075, 52.3391538178076, 3.50000000000438));
#4398 = CARTESIAN_POINT ('', (7.89948891361073, 52.3391538178088, -5.49999999999531));
#4399 = B_SPLINE_CURVE_WITH_KNOTS ('', 1, (#4397, #4398), .UNSPECIFIED., .F., .U., (2, 2), (0., 0.325086659217943), .UNSPECIFIED.);
#4400 = EDGE_CURVE ('', #4292, #4396, #4399, .T.);
#4401 = ORIENTED_EDGE ('', *, *, #4400, .T.);
#4402 = CARTESIAN_POINT ('', (6.39948891361134, 52.3391538178106, -5.4999999999955));
#4403 = VERTEX_POINT ('', #4402);
#4404 = CARTESIAN_POINT ('', (7.89948891361067, 52.3391538178072, -5.49999999999532));
#4405 = CARTESIAN_POINT ('', (7.89948891360896, 51.5891538178074, -5.49999999999541));
#4406 = CARTESIAN_POINT ('', (7.14948891360917, 51.5891538178091, -5.49999999999541));
#4407 = CARTESIAN_POINT ('', (6.39948891360937, 51.5891538178108, -5.4999999999954));
#4408 = CARTESIAN_POINT ('', (6.39948891361109, 52.3391538178106, -5.49999999999531));
#4409 = (
   BOUNDED_CURVE ()
   B_SPLINE_CURVE (2, (#4404, #4405, #4406, #4407, #4408), .UNSPECIFIED., .F., .U.)
   B_SPLINE_CURVE_WITH_KNOTS ((3, 2, 3), (3.14159265359013, 4.71238898038503, 6.28318530717993), .UNSPECIFIED.)
   CURVE ()
   GEOMETRIC_REPRESENTATION_ITEM ()
   RATIONAL_B_SPLINE_CURVE ((1., 0.707106781186541, 1., 0.707106781186541, 1.))
   REPRESENTATION_ITEM ('')
);
#4410 = EDGE_CURVE ('', #4396, #4403, #4409, .T.);
#4411 = ORIENTED_EDGE ('', *, *, #4410, .T.);
#4412 = CARTESIAN_POINT ('', (6.39948891361113, 52.3391538178089, -5.49999999999531));
#4413 = CARTESIAN_POINT ('', (6.39948891361113, 52.3391538178077, 3.5000000000044));
#4414 = B_SPLINE_CURVE_WITH_KNOTS ('', 1, (#4412, #4413), .UNSPECIFIED., .F., .U., (2, 2), (0., 0.818181818181818), .UNSPECIFIED.);
#4415 = EDGE_CURVE ('', #4403, #4294, #4414, .T.);
#4416 = ORIENTED_EDGE ('', *, *, #4415, .T.);
#4417 = ORIENTED_EDGE ('', *, *, #4301, .F.);
#4418 = EDGE_LOOP ('', (#4401, #4411, #4416, #4417));
#4419 = FACE_OUTER_BOUND ('', #4418, .T.);
#4420 = CARTESIAN_POINT ('', (6.39948891361111, 52.3391538178077, 3.50000000000439));
#4421 = CARTESIAN_POINT ('', (6.39948891361109, 52.3391538178089, -5.4999999999953));
#4422 = CARTESIAN_POINT ('', (6.39948891361107, 51.5891538178079, 3.50000000000429));
#4423 = CARTESIAN_POINT ('', (6.39948891361105, 51.5891538178091, -5.4999999999954));
#4424 = CARTESIAN_POINT ('', (7.14948891361089, 51.5891538178078, 3.50000000000428));
#4425 = CARTESIAN_POINT ('', (7.14948891361087, 51.589153817809, -5.4999999999954));
#4426 = CARTESIAN_POINT ('', (7.89948891361071, 51.5891538178078, 3.50000000000428));
#4427 = CARTESIAN_POINT ('', (7.89948891361069, 51.589153817809, -5.49999999999541));
#4428 = CARTESIAN_POINT ('', (7.89948891361075, 52.3391538178076, 3.50000000000438));
#4429 = CARTESIAN_POINT ('', (7.89948891361073, 52.3391538178088, -5.49999999999531));
#4430 = (
   BOUNDED_SURFACE ()
   B_SPLINE_SURFACE (2, 1, ((#4420, #4421), (#4422, #4423), (#4424, #4425), (#4426, #4427), (#4428, #4429)), .UNSPECIFIED., .F., .F., .U.)
   B_SPLINE_SURFACE_WITH_KNOTS ((3, 2, 3), (2, 2), (0., 0.0425537441824554, 0.0851074883649108), (0., 0.325086659217943), .UNSPECIFIED.)
   GEOMETRIC_REPRESENTATION_ITEM ()
   RATIONAL_B_SPLINE_SURFACE (((1., 1.), (0.707106781186547, 0.707106781186547), (1., 1.), (0.707106781186547, 0.707106781186547), (1., 1.)))
   REPRESENTATION_ITEM ('')
   SURFACE ()
);
#4431 = ADVANCED_FACE ('', (#4419), #4430, .T.);
#4432 = ORIENTED_EDGE ('', *, *, #4410, .F.);
#4433 = CARTESIAN_POINT ('', (6.39948891361109, 52.3391538178106, -5.49999999999531));
#4434 = CARTESIAN_POINT ('', (6.39948891361279, 53.0891538178104, -5.49999999999521));
#4435 = CARTESIAN_POINT ('', (7.14948891361259, 53.0891538178087, -5.49999999999521));
#4436 = CARTESIAN_POINT ('', (7.89948891361237, 53.089153817807, -5.49999999999522));
#4437 = CARTESIAN_POINT ('', (7.89948891361067, 52.3391538178072, -5.49999999999532));
#4438 = (
   BOUNDED_CURVE ()
   B_SPLINE_CURVE (2, (#4433, #4434, #4435, #4436, #4437), .UNSPECIFIED., .F., .U.)
   B_SPLINE_CURVE_WITH_KNOTS ((3, 2, 3), (3.44248149559443E-13, 1.57079632679524, 3.14159265359013), .UNSPECIFIED.)
   CURVE ()
   GEOMETRIC_REPRESENTATION_ITEM ()
   RATIONAL_B_SPLINE_CURVE ((1., 0.707106781186541, 1., 0.707106781186541, 1.))
   REPRESENTATION_ITEM ('')
);
#4439 = EDGE_CURVE ('', #4403, #4396, #4438, .T.);
#4440 = ORIENTED_EDGE ('', *, *, #4439, .F.);
#4441 = EDGE_LOOP ('', (#4432, #4440));
#4442 = FACE_OUTER_BOUND ('', #4441, .T.);
#4443 = CARTESIAN_POINT ('', (6.39948891360938, 51.5891538178074, -5.49999999999541));
#4444 = CARTESIAN_POINT ('', (6.39948891360938, 53.0891538178104, -5.49999999999521));
#4445 = CARTESIAN_POINT ('', (7.89948891361237, 51.5891538178074, -5.49999999999541));
#4446 = CARTESIAN_POINT ('', (7.89948891361237, 53.0891538178104, -5.49999999999521));
#4447 = B_SPLINE_SURFACE_WITH_KNOTS ('', 1, 1, ((#4443, #4444), (#4445, #4446)), .UNSPECIFIED., .F., .F., .U., (2, 2), (2, 2), (0.325600644069419, 0.662318158920914), (0.310610165995113, 0.647327680846611), .UNSPECIFIED.);
#4448 = ADVANCED_FACE ('', (#4442), #4447, .T.);
#4449 = CARTESIAN_POINT ('', (152.999999999995, 38.4999999999979, -5.49999999999711));
#4450 = VERTEX_POINT ('', #4449);
#4451 = CARTESIAN_POINT ('', (152.999999999995, 38.4999999999978, 3.5000000000026));
#4452 = CARTESIAN_POINT ('', (152.999999999995, 38.499999999999, -5.49999999999712));
#4453 = B_SPLINE_CURVE_WITH_KNOTS ('', 1, (#4451, #4452), .UNSPECIFIED., .F., .U., (2, 2), (0., 0.325086659217944), .UNSPECIFIED.);
#4454 = EDGE_CURVE ('', #4270, #4450, #4453, .T.);
#4455 = ORIENTED_EDGE ('', *, *, #4454, .T.);
#4456 = CARTESIAN_POINT ('', (151.5, 38.5000000000004, -5.49999999999731));
#4457 = VERTEX_POINT ('', #4456);
#4458 = CARTESIAN_POINT ('', (152.999999999995, 38.4999999999979, -5.49999999999711));
#4459 = CARTESIAN_POINT ('', (152.999999999994, 37.7499999999981, -5.4999999999972));
#4460 = CARTESIAN_POINT ('', (152.249999999994, 37.7499999999993, -5.49999999999721));
#4461 = CARTESIAN_POINT ('', (151.499999999994, 37.7500000000006, -5.49999999999721));
#4462 = CARTESIAN_POINT ('', (151.499999999995, 38.5000000000004, -5.49999999999712));
#4463 = (
   BOUNDED_CURVE ()
   B_SPLINE_CURVE (2, (#4458, #4459, #4460, #4461, #4462), .UNSPECIFIED., .F., .U.)
   B_SPLINE_CURVE_WITH_KNOTS ((3, 2, 3), (3.14159265359004, 4.71238898038494, 6.28318530717984), .UNSPECIFIED.)
   CURVE ()
   GEOMETRIC_REPRESENTATION_ITEM ()
   RATIONAL_B_SPLINE_CURVE ((1., 0.707106781186529, 1., 0.707106781186577, 1.))
   REPRESENTATION_ITEM ('')
);
#4464 = EDGE_CURVE ('', #4450, #4457, #4463, .T.);
#4465 = ORIENTED_EDGE ('', *, *, #4464, .T.);
#4466 = CARTESIAN_POINT ('', (151.499999999995, 38.4999999999991, -5.49999999999712));
#4467 = CARTESIAN_POINT ('', (151.499999999995, 38.499999999998, 3.50000000000259));
#4468 = B_SPLINE_CURVE_WITH_KNOTS ('', 1, (#4466, #4467), .UNSPECIFIED., .F., .U., (2, 2), (0., 0.818181818181818), .UNSPECIFIED.);
#4469 = EDGE_CURVE ('', #4457, #4272, #4468, .T.);
#4470 = ORIENTED_EDGE ('', *, *, #4469, .T.);
#4471 = ORIENTED_EDGE ('', *, *, #4279, .F.);
#4472 = EDGE_LOOP ('', (#4455, #4465, #4470, #4471));
#4473 = FACE_OUTER_BOUND ('', #4472, .T.);
#4474 = CARTESIAN_POINT ('', (151.499999999995, 38.499999999998, 3.5000000000026));
#4475 = CARTESIAN_POINT ('', (151.499999999995, 38.4999999999992, -5.49999999999711));
#4476 = CARTESIAN_POINT ('', (151.499999999995, 37.7499999999981, 3.5000000000025));
#4477 = CARTESIAN_POINT ('', (151.499999999995, 37.7499999999994, -5.49999999999721));
#4478 = CARTESIAN_POINT ('', (152.249999999995, 37.7499999999981, 3.5000000000025));
#4479 = CARTESIAN_POINT ('', (152.249999999995, 37.7499999999993, -5.49999999999722));
#4480 = CARTESIAN_POINT ('', (152.999999999995, 37.749999999998, 3.5000000000025));
#4481 = CARTESIAN_POINT ('', (152.999999999995, 37.7499999999992, -5.49999999999722));
#4482 = CARTESIAN_POINT ('', (152.999999999995, 38.4999999999978, 3.5000000000026));
#4483 = CARTESIAN_POINT ('', (152.999999999995, 38.499999999999, -5.49999999999712));
#4484 = (
   BOUNDED_SURFACE ()
   B_SPLINE_SURFACE (2, 1, ((#4474, #4475), (#4476, #4477), (#4478, #4479), (#4480, #4481), (#4482, #4483)), .UNSPECIFIED., .F., .F., .U.)
   B_SPLINE_SURFACE_WITH_KNOTS ((3, 2, 3), (2, 2), (0., 0.0425537441824552, 0.0851074883649104), (0., 0.325086659217944), .UNSPECIFIED.)
   GEOMETRIC_REPRESENTATION_ITEM ()
   RATIONAL_B_SPLINE_SURFACE (((1., 1.), (0.707106781186547, 0.707106781186547), (1., 1.), (0.707106781186547, 0.707106781186547), (1., 1.)))
   REPRESENTATION_ITEM ('')
   SURFACE ()
);
#4485 = ADVANCED_FACE ('', (#4473), #4484, .T.);
#4486 = ORIENTED_EDGE ('', *, *, #4464, .F.);
#4487 = CARTESIAN_POINT ('', (151.499999999995, 38.5000000000004, -5.49999999999712));
#4488 = CARTESIAN_POINT ('', (151.499999999997, 39.2500000000002, -5.49999999999702));
#4489 = CARTESIAN_POINT ('', (152.249999999996, 39.2499999999989, -5.49999999999702));
#4490 = CARTESIAN_POINT ('', (152.999999999996, 39.2499999999977, -5.49999999999701));
#4491 = CARTESIAN_POINT ('', (152.999999999995, 38.4999999999979, -5.49999999999711));
#4492 = (
   BOUNDED_CURVE ()
   B_SPLINE_CURVE (2, (#4487, #4488, #4489, #4490, #4491), .UNSPECIFIED., .F., .U.)
   B_SPLINE_CURVE_WITH_KNOTS ((3, 2, 3), (2.54087919912953E-13, 1.57079632679515, 3.14159265359004), .UNSPECIFIED.)
   CURVE ()
   GEOMETRIC_REPRESENTATION_ITEM ()
   RATIONAL_B_SPLINE_CURVE ((1., 0.707106781186529, 1., 0.707106781186577, 1.))
   REPRESENTATION_ITEM ('')
);
#4493 = EDGE_CURVE ('', #4457, #4450, #4492, .T.);
#4494 = ORIENTED_EDGE ('', *, *, #4493, .F.);
#4495 = EDGE_LOOP ('', (#4486, #4494));
#4496 = FACE_OUTER_BOUND ('', #4495, .T.);
#4497 = CARTESIAN_POINT ('', (151.499999999994, 37.7499999999981, -5.49999999999721));
#4498 = CARTESIAN_POINT ('', (151.499999999994, 39.2500000000002, -5.49999999999702));
#4499 = CARTESIAN_POINT ('', (152.999999999996, 37.7499999999981, -5.49999999999721));
#4500 = CARTESIAN_POINT ('', (152.999999999996, 39.2500000000002, -5.49999999999702));
#4501 = B_SPLINE_SURFACE_WITH_KNOTS ('', 1, 1, ((#4497, #4498), (#4499, #4500)), .UNSPECIFIED., .F., .F., .U., (2, 2), (2, 2), (0.325600644069542, 0.662318158920836), (0.310610165995207, 0.647327680846503), .UNSPECIFIED.);
#4502 = ADVANCED_FACE ('', (#4496), #4501, .T.);
#4503 = CARTESIAN_POINT ('', (95.9999999999967, 38.4999999999977, -5.49999999999712));
#4504 = VERTEX_POINT ('', #4503);
#4505 = CARTESIAN_POINT ('', (95.9999999999966, 38.4999999999978, 3.50000000000259));
#4506 = CARTESIAN_POINT ('', (95.9999999999966, 38.4999999999989, -5.49999999999713));
#4507 = B_SPLINE_CURVE_WITH_KNOTS ('', 1, (#4505, #4506), .UNSPECIFIED., .F., .U., (2, 2), (0., 0.325086659217944), .UNSPECIFIED.);
#4508 = EDGE_CURVE ('', #4248, #4504, #4507, .T.);
#4509 = ORIENTED_EDGE ('', *, *, #4508, .T.);
#4510 = CARTESIAN_POINT ('', (94.5000000000002, 38.5000000000002, -5.49999999999731));
#4511 = VERTEX_POINT ('', #4510);
#4512 = CARTESIAN_POINT ('', (95.9999999999967, 38.4999999999977, -5.49999999999712));
#4513 = CARTESIAN_POINT ('', (95.9999999999955, 37.7499999999979, -5.49999999999722));
#4514 = CARTESIAN_POINT ('', (95.2499999999957, 37.7499999999991, -5.49999999999721));
#4515 = CARTESIAN_POINT ('', (94.4999999999959, 37.7500000000004, -5.49999999999721));
#4516 = CARTESIAN_POINT ('', (94.4999999999971, 38.5000000000002, -5.49999999999711));
#4517 = (
   BOUNDED_CURVE ()
   B_SPLINE_CURVE (2, (#4512, #4513, #4514, #4515, #4516), .UNSPECIFIED., .F., .U.)
   B_SPLINE_CURVE_WITH_KNOTS ((3, 2, 3), (3.14159265359004, 4.71238898038493, 6.28318530717983), .UNSPECIFIED.)
   CURVE ()
   GEOMETRIC_REPRESENTATION_ITEM ()
   RATIONAL_B_SPLINE_CURVE ((1., 0.707106781186519, 1., 0.707106781186519, 1.))
   REPRESENTATION_ITEM ('')
);
#4518 = EDGE_CURVE ('', #4504, #4511, #4517, .T.);
#4519 = ORIENTED_EDGE ('', *, *, #4518, .T.);
#4520 = CARTESIAN_POINT ('', (94.4999999999971, 38.499999999999, -5.49999999999712));
#4521 = CARTESIAN_POINT ('', (94.4999999999971, 38.4999999999978, 3.50000000000259));
#4522 = B_SPLINE_CURVE_WITH_KNOTS ('', 1, (#4520, #4521), .UNSPECIFIED., .F., .U., (2, 2), (0., 0.818181818181818), .UNSPECIFIED.);
#4523 = EDGE_CURVE ('', #4511, #4250, #4522, .T.);
#4524 = ORIENTED_EDGE ('', *, *, #4523, .T.);
#4525 = ORIENTED_EDGE ('', *, *, #4257, .F.);
#4526 = EDGE_LOOP ('', (#4509, #4519, #4524, #4525));
#4527 = FACE_OUTER_BOUND ('', #4526, .T.);
#4528 = CARTESIAN_POINT ('', (94.499999999997, 38.4999999999978, 3.50000000000261));
#4529 = CARTESIAN_POINT ('', (94.4999999999969, 38.499999999999, -5.49999999999712));
#4530 = CARTESIAN_POINT ('', (94.499999999997, 37.749999999998, 3.50000000000251));
#4531 = CARTESIAN_POINT ('', (94.4999999999969, 37.7499999999992, -5.49999999999722));
#4532 = CARTESIAN_POINT ('', (95.2499999999968, 37.749999999998, 3.5000000000025));
#4533 = CARTESIAN_POINT ('', (95.2499999999967, 37.7499999999992, -5.49999999999722));
#4534 = CARTESIAN_POINT ('', (95.9999999999966, 37.749999999998, 3.5000000000025));
#4535 = CARTESIAN_POINT ('', (95.9999999999965, 37.7499999999991, -5.49999999999723));
#4536 = CARTESIAN_POINT ('', (95.9999999999966, 38.4999999999978, 3.50000000000259));
#4537 = CARTESIAN_POINT ('', (95.9999999999966, 38.4999999999989, -5.49999999999713));
#4538 = (
   BOUNDED_SURFACE ()
   B_SPLINE_SURFACE (2, 1, ((#4528, #4529), (#4530, #4531), (#4532, #4533), (#4534, #4535), (#4536, #4537)), .UNSPECIFIED., .F., .F., .U.)
   B_SPLINE_SURFACE_WITH_KNOTS ((3, 2, 3), (2, 2), (0., 0.0425537441824547, 0.0851074883649094), (0., 0.325086659217944), .UNSPECIFIED.)
   GEOMETRIC_REPRESENTATION_ITEM ()
   RATIONAL_B_SPLINE_SURFACE (((1., 1.), (0.707106781186547, 0.707106781186547), (1., 1.), (0.707106781186547, 0.707106781186547), (1., 1.)))
   REPRESENTATION_ITEM ('')
   SURFACE ()
);
#4539 = ADVANCED_FACE ('', (#4527), #4538, .T.);
#4540 = ORIENTED_EDGE ('', *, *, #4518, .F.);
#4541 = CARTESIAN_POINT ('', (94.4999999999971, 38.5000000000002, -5.49999999999711));
#4542 = CARTESIAN_POINT ('', (94.4999999999984, 39.25, -5.49999999999702));
#4543 = CARTESIAN_POINT ('', (95.2499999999982, 39.2499999999987, -5.49999999999702));
#4544 = CARTESIAN_POINT ('', (95.999999999998, 39.2499999999975, -5.49999999999702));
#4545 = CARTESIAN_POINT ('', (95.9999999999967, 38.4999999999977, -5.49999999999712));
#4546 = (
   BOUNDED_CURVE ()
   B_SPLINE_CURVE (2, (#4541, #4542, #4543, #4544, #4545), .UNSPECIFIED., .F., .U.)
   B_SPLINE_CURVE_WITH_KNOTS ((3, 2, 3), (2.45891535399584E-13, 1.57079632679514, 3.14159265359004), .UNSPECIFIED.)
   CURVE ()
   GEOMETRIC_REPRESENTATION_ITEM ()
   RATIONAL_B_SPLINE_CURVE ((1., 0.707106781186519, 1., 0.707106781186519, 1.))
   REPRESENTATION_ITEM ('')
);
#4547 = EDGE_CURVE ('', #4511, #4504, #4546, .T.);
#4548 = ORIENTED_EDGE ('', *, *, #4547, .F.);
#4549 = EDGE_LOOP ('', (#4540, #4548));
#4550 = FACE_OUTER_BOUND ('', #4549, .T.);
#4551 = CARTESIAN_POINT ('', (94.4999999999959, 37.7499999999978, -5.49999999999721));
#4552 = CARTESIAN_POINT ('', (94.4999999999959, 39.25, -5.49999999999702));
#4553 = CARTESIAN_POINT ('', (95.999999999998, 37.7499999999978, -5.49999999999721));
#4554 = CARTESIAN_POINT ('', (95.999999999998, 39.25, -5.49999999999702));
#4555 = B_SPLINE_SURFACE_WITH_KNOTS ('', 1, 1, ((#4551, #4552), (#4553, #4554)), .UNSPECIFIED., .F., .F., .U., (2, 2), (2, 2), (0.325600644069521, 0.662318158920826), (0.310610165995203, 0.647327680846508), .UNSPECIFIED.);
#4556 = ADVANCED_FACE ('', (#4550), #4555, .T.);
#4557 = CARTESIAN_POINT ('', (43.9999999999984, 24.6580219542976, -5.49999999999893));
#4558 = VERTEX_POINT ('', #4557);
#4559 = CARTESIAN_POINT ('', (43.9999999999985, 24.6580219542973, 3.50000000000079));
#4560 = CARTESIAN_POINT ('', (43.9999999999985, 24.6580219542985, -5.49999999999893));
#4561 = B_SPLINE_CURVE_WITH_KNOTS ('', 1, (#4559, #4560), .UNSPECIFIED., .F., .U., (2, 2), (0., 0.325086659217944), .UNSPECIFIED.);
#4562 = EDGE_CURVE ('', #4226, #4558, #4561, .T.);
#4563 = ORIENTED_EDGE ('', *, *, #4562, .T.);
#4564 = CARTESIAN_POINT ('', (42.5000000000002, 24.6580219542993, -5.49999999999911));
#4565 = VERTEX_POINT ('', #4564);
#4566 = CARTESIAN_POINT ('', (43.9999999999984, 24.6580219542976, -5.49999999999893));
#4567 = CARTESIAN_POINT ('', (43.9999999999976, 23.9080219542978, -5.49999999999903));
#4568 = CARTESIAN_POINT ('', (43.2499999999978, 23.9080219542986, -5.49999999999902));
#4569 = CARTESIAN_POINT ('', (42.499999999998, 23.9080219542995, -5.49999999999902));
#4570 = CARTESIAN_POINT ('', (42.4999999999988, 24.6580219542993, -5.49999999999892));
#4571 = (
   BOUNDED_CURVE ()
   B_SPLINE_CURVE (2, (#4566, #4567, #4568, #4569, #4570), .UNSPECIFIED., .F., .U.)
   B_SPLINE_CURVE_WITH_KNOTS ((3, 2, 3), (3.14159265358996, 4.71238898038486, 6.28318530717975), .UNSPECIFIED.)
   CURVE ()
   GEOMETRIC_REPRESENTATION_ITEM ()
   RATIONAL_B_SPLINE_CURVE ((1., 0.707106781186557, 1., 0.707106781186545, 1.))
   REPRESENTATION_ITEM ('')
);
#4572 = EDGE_CURVE ('', #4558, #4565, #4571, .T.);
#4573 = ORIENTED_EDGE ('', *, *, #4572, .T.);
#4574 = CARTESIAN_POINT ('', (42.4999999999989, 24.6580219542985, -5.49999999999893));
#4575 = CARTESIAN_POINT ('', (42.4999999999989, 24.6580219542973, 3.50000000000078));
#4576 = B_SPLINE_CURVE_WITH_KNOTS ('', 1, (#4574, #4575), .UNSPECIFIED., .F., .U., (2, 2), (0., 0.818181818181818), .UNSPECIFIED.);
#4577 = EDGE_CURVE ('', #4565, #4228, #4576, .T.);
#4578 = ORIENTED_EDGE ('', *, *, #4577, .T.);
#4579 = ORIENTED_EDGE ('', *, *, #4235, .F.);
#4580 = EDGE_LOOP ('', (#4563, #4573, #4578, #4579));
#4581 = FACE_OUTER_BOUND ('', #4580, .T.);
#4582 = CARTESIAN_POINT ('', (42.4999999999989, 24.6580219542972, 3.5000000000008));
#4583 = CARTESIAN_POINT ('', (42.4999999999988, 24.6580219542984, -5.49999999999891));
#4584 = CARTESIAN_POINT ('', (42.4999999999989, 23.9080219542974, 3.5000000000007));
#4585 = CARTESIAN_POINT ('', (42.4999999999989, 23.9080219542986, -5.49999999999901));
#4586 = CARTESIAN_POINT ('', (43.2499999999987, 23.9080219542975, 3.5000000000007));
#4587 = CARTESIAN_POINT ('', (43.2499999999987, 23.9080219542986, -5.49999999999902));
#4588 = CARTESIAN_POINT ('', (43.9999999999986, 23.9080219542975, 3.50000000000069));
#4589 = CARTESIAN_POINT ('', (43.9999999999985, 23.9080219542987, -5.49999999999902));
#4590 = CARTESIAN_POINT ('', (43.9999999999985, 24.6580219542973, 3.50000000000079));
#4591 = CARTESIAN_POINT ('', (43.9999999999985, 24.6580219542985, -5.49999999999893));
#4592 = (
   BOUNDED_SURFACE ()
   B_SPLINE_SURFACE (2, 1, ((#4582, #4583), (#4584, #4585), (#4586, #4587), (#4588, #4589), (#4590, #4591)), .UNSPECIFIED., .F., .F., .U.)
   B_SPLINE_SURFACE_WITH_KNOTS ((3, 2, 3), (2, 2), (0., 0.0425537441824542, 0.0851074883649083), (0., 0.325086659217944), .UNSPECIFIED.)
   GEOMETRIC_REPRESENTATION_ITEM ()
   RATIONAL_B_SPLINE_SURFACE (((1., 1.), (0.707106781186547, 0.707106781186547), (1., 1.), (0.707106781186547, 0.707106781186547), (1., 1.)))
   REPRESENTATION_ITEM ('')
   SURFACE ()
);
#4593 = ADVANCED_FACE ('', (#4581), #4592, .T.);
#4594 = ORIENTED_EDGE ('', *, *, #4572, .F.);
#4595 = CARTESIAN_POINT ('', (42.4999999999988, 24.6580219542993, -5.49999999999892));
#4596 = CARTESIAN_POINT ('', (42.4999999999996, 25.4080219542991, -5.49999999999882));
#4597 = CARTESIAN_POINT ('', (43.2499999999994, 25.4080219542982, -5.49999999999883));
#4598 = CARTESIAN_POINT ('', (43.9999999999993, 25.4080219542974, -5.49999999999883));
#4599 = CARTESIAN_POINT ('', (43.9999999999984, 24.6580219542976, -5.49999999999893));
#4600 = (
   BOUNDED_CURVE ()
   B_SPLINE_CURVE (2, (#4595, #4596, #4597, #4598, #4599), .UNSPECIFIED., .F., .U.)
   B_SPLINE_CURVE_WITH_KNOTS ((3, 2, 3), (1.63927690266406E-13, 1.57079632679506, 3.14159265358996), .UNSPECIFIED.)
   CURVE ()
   GEOMETRIC_REPRESENTATION_ITEM ()
   RATIONAL_B_SPLINE_CURVE ((1., 0.707106781186557, 1., 0.707106781186545, 1.))
   REPRESENTATION_ITEM ('')
);
#4601 = EDGE_CURVE ('', #4565, #4558, #4600, .T.);
#4602 = ORIENTED_EDGE ('', *, *, #4601, .F.);
#4603 = EDGE_LOOP ('', (#4594, #4602));
#4604 = FACE_OUTER_BOUND ('', #4603, .T.);
#4605 = CARTESIAN_POINT ('', (42.499999999998, 23.9080219542978, -5.49999999999902));
#4606 = CARTESIAN_POINT ('', (42.499999999998, 25.4080219542991, -5.49999999999882));
#4607 = CARTESIAN_POINT ('', (43.9999999999993, 23.9080219542978, -5.49999999999902));
#4608 = CARTESIAN_POINT ('', (43.9999999999993, 25.4080219542991, -5.49999999999882));
#4609 = B_SPLINE_SURFACE_WITH_KNOTS ('', 1, 1, ((#4605, #4606), (#4607, #4608)), .UNSPECIFIED., .F., .F., .U., (2, 2), (2, 2), (0.325600644069619, 0.662318158920725), (0.310610165995307, 0.647327680846412), .UNSPECIFIED.);
#4610 = ADVANCED_FACE ('', (#4604), #4609, .T.);
#4611 = CARTESIAN_POINT ('', (9.50981331588004, 114.994745565624, -5.49999999998712));
#4612 = VERTEX_POINT ('', #4611);
#4613 = CARTESIAN_POINT ('', (9.50981331588014, 114.994745565627, 3.50000000001257));
#4614 = CARTESIAN_POINT ('', (9.50981331587999, 114.994745565628, -5.49999999998715));
#4615 = B_SPLINE_CURVE_WITH_KNOTS ('', 1, (#4613, #4614), .UNSPECIFIED., .F., .U., (2, 2), (0., 0.325086659217944), .UNSPECIFIED.);
#4616 = EDGE_CURVE ('', #4204, #4612, #4615, .T.);
#4617 = ORIENTED_EDGE ('', *, *, #4616, .T.);
#4618 = CARTESIAN_POINT ('', (8.00981331588074, 114.994745565632, -5.49999999998732));
#4619 = VERTEX_POINT ('', #4618);
#4620 = CARTESIAN_POINT ('', (9.50981331588004, 114.994745565624, -5.49999999998712));
#4621 = CARTESIAN_POINT ('', (9.50981331587632, 114.244745565625, -5.49999999998722));
#4622 = CARTESIAN_POINT ('', (8.75981331587653, 114.244745565628, -5.49999999998722));
#4623 = CARTESIAN_POINT ('', (8.00981331587673, 114.244745565632, -5.49999999998722));
#4624 = CARTESIAN_POINT ('', (8.00981331588044, 114.994745565632, -5.49999999998712));
#4625 = (
   BOUNDED_CURVE ()
   B_SPLINE_CURVE (2, (#4620, #4621, #4622, #4623, #4624), .UNSPECIFIED., .F., .U.)
   B_SPLINE_CURVE_WITH_KNOTS ((3, 2, 3), (3.14159265359058, 4.71238898038548, 6.28318530718037), .UNSPECIFIED.)
   CURVE ()
   GEOMETRIC_REPRESENTATION_ITEM ()
   RATIONAL_B_SPLINE_CURVE ((1., 0.707106781186539, 1., 0.707106781186539, 1.))
   REPRESENTATION_ITEM ('')
);
#4626 = EDGE_CURVE ('', #4612, #4619, #4625, .T.);
#4627 = ORIENTED_EDGE ('', *, *, #4626, .T.);
#4628 = CARTESIAN_POINT ('', (8.00981331588047, 114.994745565628, -5.49999999998712));
#4629 = CARTESIAN_POINT ('', (8.00981331588047, 114.994745565627, 3.50000000001258));
#4630 = B_SPLINE_CURVE_WITH_KNOTS ('', 1, (#4628, #4629), .UNSPECIFIED., .F., .U., (2, 2), (0., 0.818181818181818), .UNSPECIFIED.);
#4631 = EDGE_CURVE ('', #4619, #4206, #4630, .T.);
#4632 = ORIENTED_EDGE ('', *, *, #4631, .T.);
#4633 = ORIENTED_EDGE ('', *, *, #4213, .F.);
#4634 = EDGE_LOOP ('', (#4617, #4627, #4632, #4633));
#4635 = FACE_OUTER_BOUND ('', #4634, .T.);
#4636 = CARTESIAN_POINT ('', (8.0098133158805, 114.994745565627, 3.5000000000126));
#4637 = CARTESIAN_POINT ('', (8.00981331588034, 114.994745565628, -5.49999999998712));
#4638 = CARTESIAN_POINT ('', (8.00981331588046, 114.244745565627, 3.5000000000125));
#4639 = CARTESIAN_POINT ('', (8.00981331588031, 114.244745565628, -5.49999999998722));
#4640 = CARTESIAN_POINT ('', (8.75981331588029, 114.244745565627, 3.50000000001249));
#4641 = CARTESIAN_POINT ('', (8.75981331588013, 114.244745565628, -5.49999999998724));
#4642 = CARTESIAN_POINT ('', (9.50981331588009, 114.244745565627, 3.50000000001248));
#4643 = CARTESIAN_POINT ('', (9.50981331587995, 114.244745565628, -5.49999999998725));
#4644 = CARTESIAN_POINT ('', (9.50981331588014, 114.994745565627, 3.50000000001257));
#4645 = CARTESIAN_POINT ('', (9.50981331587999, 114.994745565628, -5.49999999998715));
#4646 = (
   BOUNDED_SURFACE ()
   B_SPLINE_SURFACE (2, 1, ((#4636, #4637), (#4638, #4639), (#4640, #4641), (#4642, #4643), (#4644, #4645)), .UNSPECIFIED., .F., .F., .U.)
   B_SPLINE_SURFACE_WITH_KNOTS ((3, 2, 3), (2, 2), (0., 0.0425537441824553, 0.0851074883649106), (0., 0.325086659217944), .UNSPECIFIED.)
   GEOMETRIC_REPRESENTATION_ITEM ()
   RATIONAL_B_SPLINE_SURFACE (((1., 1.), (0.707106781186547, 0.707106781186547), (1., 1.), (0.707106781186547, 0.707106781186547), (1., 1.)))
   REPRESENTATION_ITEM ('')
   SURFACE ()
);
#4647 = ADVANCED_FACE ('', (#4635), #4646, .T.);
#4648 = ORIENTED_EDGE ('', *, *, #4626, .F.);
#4649 = CARTESIAN_POINT ('', (8.00981331588044, 114.994745565632, -5.49999999998712));
#4650 = CARTESIAN_POINT ('', (8.00981331588416, 115.744745565632, -5.49999999998703));
#4651 = CARTESIAN_POINT ('', (8.75981331588395, 115.744745565628, -5.49999999998702));
#4652 = CARTESIAN_POINT ('', (9.50981331588375, 115.744745565624, -5.49999999998702));
#4653 = CARTESIAN_POINT ('', (9.50981331588004, 114.994745565624, -5.49999999998712));
#4654 = (
   BOUNDED_CURVE ()
   B_SPLINE_CURVE (2, (#4649, #4650, #4651, #4652, #4653), .UNSPECIFIED., .F., .U.)
   B_SPLINE_CURVE_WITH_KNOTS ((3, 2, 3), (7.86852913278791E-13, 1.57079632679568, 3.14159265359058), .UNSPECIFIED.)
   CURVE ()
   GEOMETRIC_REPRESENTATION_ITEM ()
   RATIONAL_B_SPLINE_CURVE ((1., 0.707106781186539, 1., 0.707106781186539, 1.))
   REPRESENTATION_ITEM ('')
);
#4655 = EDGE_CURVE ('', #4619, #4612, #4654, .T.);
#4656 = ORIENTED_EDGE ('', *, *, #4655, .F.);
#4657 = EDGE_LOOP ('', (#4648, #4656));
#4658 = FACE_OUTER_BOUND ('', #4657, .T.);
#4659 = CARTESIAN_POINT ('', (8.00981331587673, 114.244745565625, -5.49999999998722));
#4660 = CARTESIAN_POINT ('', (8.00981331587673, 115.744745565632, -5.49999999998703));
#4661 = CARTESIAN_POINT ('', (9.50981331588374, 114.244745565625, -5.49999999998722));
#4662 = CARTESIAN_POINT ('', (9.50981331588374, 115.744745565632, -5.49999999998703));
#4663 = B_SPLINE_SURFACE_WITH_KNOTS ('', 1, 1, ((#4659, #4660), (#4661, #4662)), .UNSPECIFIED., .F., .F., .U., (2, 2), (2, 2), (0.325600644068968, 0.662318158921364), (0.310610165994658, 0.647327680847055), .UNSPECIFIED.);
#4664 = ADVANCED_FACE ('', (#4658), #4663, .T.);
#4665 = CARTESIAN_POINT ('', (46.2499999999994, 26.3900727618675, -4.72639657773336));
#4666 = VERTEX_POINT ('', #4665);
#4667 = CARTESIAN_POINT ('', (46.2499999999987, 26.3900727618671, -4.72639657773329));
#4668 = CARTESIAN_POINT ('', (46.2499999999988, 26.390072761866, 3.500000000001));
#4669 = B_SPLINE_CURVE_WITH_KNOTS ('', 1, (#4667, #4668), .UNSPECIFIED., .F., .U., (2, 2), (-0.00776644314305998, 0.274436768285982), .UNSPECIFIED.);
#4670 = EDGE_CURVE ('', #4666, #3384, #4669, .T.);
#4671 = ORIENTED_EDGE ('', *, *, #4670, .F.);
#4672 = CARTESIAN_POINT ('', (45.6071428571422, 26.5137906766938, -4.73722049275572));
#4673 = VERTEX_POINT ('', #4672);
#4674 = CARTESIAN_POINT ('', (46.2499999999987, 26.3900727618671, -4.72639657773329));
#4675 = CARTESIAN_POINT ('', (46.2294778104589, 26.3782242702119, -4.72535996903358));
#4676 = CARTESIAN_POINT ('', (46.2083773239865, 26.3679581028106, -4.7244617957681));
#4677 = CARTESIAN_POINT ('', (46.1643236785061, 26.3502613354155, -4.72291352923998));
#4678 = CARTESIAN_POINT ('', (46.1422616010943, 26.3431615952661, -4.72229238246293));
#4679 = CARTESIAN_POINT ('', (46.1037924801595, 26.3337207045578, -4.72146641155237));
#4680 = CARTESIAN_POINT ('', (46.0886619188662, 26.3307543975637, -4.72120689331784));
#4681 = CARTESIAN_POINT ('', (46.0573084528131, 26.3261275676476, -4.72080209815212));
#4682 = CARTESIAN_POINT ('', (46.0420552172759, 26.3246049689632, -4.72066888802814));
#4683 = CARTESIAN_POINT ('', (46.0103656669431, 26.3229408781247, -4.7205232989447));
#4684 = CARTESIAN_POINT ('', (45.9951291196029, 26.3228571857672, -4.72051597681219));
#4685 = CARTESIAN_POINT ('', (45.9633842551265, 26.3241746822051, -4.72063124281475));
#4686 = CARTESIAN_POINT ('', (45.9483019727705, 26.3255113860178, -4.72074818924485));
#4687 = CARTESIAN_POINT ('', (45.9255857892136, 26.3286039602334, -4.72101875442982));
#4688 = CARTESIAN_POINT ('', (45.9188088679702, 26.3296714111502, -4.72111214428391));
#4689 = CARTESIAN_POINT ('', (45.9049950510406, 26.3321444270844, -4.72132850514287));
#4690 = CARTESIAN_POINT ('', (45.8981360814795, 26.3335215988344, -4.72144899205873));
#4691 = CARTESIAN_POINT ('', (45.8760524693506, 26.3384401687423, -4.72187931116642));
#4692 = CARTESIAN_POINT ('', (45.8601445707389, 26.3427892835201, -4.72225980940585));
#4693 = CARTESIAN_POINT ('', (45.830420297452, 26.3524610902241, -4.72310598284827));
#4694 = CARTESIAN_POINT ('', (45.8150976060949, 26.3582676894471, -4.72361399445392));
#4695 = CARTESIAN_POINT ('', (45.7863996885552, 26.3707360808985, -4.72470483735832));
#4696 = CARTESIAN_POINT ('', (45.7717908569103, 26.3779276229019, -4.72533401575688));
#4697 = CARTESIAN_POINT ('', (45.7443819596317, 26.393079744533, -4.72665965462797));
#4698 = CARTESIAN_POINT ('', (45.7306074446187, 26.4015727197366, -4.72740269367789));
#4699 = CARTESIAN_POINT ('', (45.7047371766433, 26.4192714218364, -4.72895112947074));
#4700 = CARTESIAN_POINT ('', (45.6919082717271, 26.4289722423419, -4.72979984129188));
#4701 = CARTESIAN_POINT ('', (45.6678110059639, 26.4490576844711, -4.73155708978008));
#4702 = CARTESIAN_POINT ('', (45.6560289997665, 26.4598636561758, -4.73250248980262));
#4703 = CARTESIAN_POINT ('', (45.6339219044252, 26.4821550989694, -4.7344527383407));
#4704 = CARTESIAN_POINT ('', (45.6232773646595, 26.4939554511788, -4.73548513538464));
#4705 = CARTESIAN_POINT ('', (45.611238868503, 26.5086405633131, -4.73676991621899));
#4706 = CARTESIAN_POINT ('', (45.6091768028881, 26.51120721862, -4.73699446946152));
#4707 = CARTESIAN_POINT ('', (45.6071428571415, 26.5137906766935, -4.73722049275565));
#4708 = B_SPLINE_CURVE_WITH_KNOTS ('', 3, (#4674, #4675, #4676, #4677, #4678, #4679, #4680, #4681, #4682, #4683, #4684, #4685, #4686, #4687, #4688, #4689, #4690, #4691, #4692, #4693, #4694, #4695, #4696, #4697, #4698, #4699, #4700, #4701, #4702, #4703, #4704, #4705, #4706, #4707), .UNSPECIFIED., .F., .U., (4, 2, 2, 2, 2, 2, 2, 2, 2, 2, 2, 2, 2, 2, 2, 2, 4), (0., 0.071158936054956, 0.142501464800611, 0.19001672165291, 0.237588273715536, 0.285217362160796, 0.332905478530214, 0.353999336148883, 0.375010791995065, 0.421885791809705, 0.468819802711794, 0.515811244976842, 0.562858761794477, 0.609961190653261, 0.657117555152722, 0.704327074321542, 0.714214465131242), .UNSPECIFIED.);
#4709 = EDGE_CURVE ('', #4666, #4673, #4708, .T.);
#4710 = ORIENTED_EDGE ('', *, *, #4709, .T.);
#4711 = CARTESIAN_POINT ('', (45.6071428571416, 26.5137906766924, 3.50000000000102));
#4712 = CARTESIAN_POINT ('', (45.6071428571416, 26.5137906766935, -4.73722049275565));
#4713 = B_SPLINE_CURVE_WITH_KNOTS ('', 1, (#4711, #4712), .UNSPECIFIED., .F., .U., (2, 2), (-0.274436768285982, 0.00813775317542779), .UNSPECIFIED.);
#4714 = EDGE_CURVE ('', #3391, #4673, #4713, .T.);
#4715 = ORIENTED_EDGE ('', *, *, #4714, .F.);
#4716 = ORIENTED_EDGE ('', *, *, #3396, .F.);
#4717 = EDGE_LOOP ('', (#4671, #4710, #4715, #4716));
#4718 = FACE_OUTER_BOUND ('', #4717, .T.);
#4719 = CARTESIAN_POINT ('', (45.6071428571415, 26.5137906766924, 3.50000000000112));
#4720 = CARTESIAN_POINT ('', (45.6071428571415, 26.5137906766936, -4.73722049275568));
#4721 = CARTESIAN_POINT ('', (45.7224555912602, 26.3673238329066, 3.5000000000011));
#4722 = CARTESIAN_POINT ('', (45.7224555912602, 26.3673238329078, -4.7372204927557));
#4723 = CARTESIAN_POINT ('', (45.9055088817464, 26.3320952107272, 3.50000000000109));
#4724 = CARTESIAN_POINT ('', (45.9055088817464, 26.3320952107284, -4.7372204927557));
#4725 = CARTESIAN_POINT ('', (46.0885621722326, 26.2968665885478, 3.50000000000109));
#4726 = CARTESIAN_POINT ('', (46.0885621722326, 26.296866588549, -4.73722049275571));
#4727 = CARTESIAN_POINT ('', (46.2499999999988, 26.390072761866, 3.5000000000011));
#4728 = CARTESIAN_POINT ('', (46.2499999999988, 26.3900727618672, -4.73722049275569));
#4729 = (
   BOUNDED_SURFACE ()
   B_SPLINE_SURFACE (2, 1, ((#4719, #4720), (#4721, #4722), (#4723, #4724), (#4725, #4726), (#4727, #4728)), .UNSPECIFIED., .F., .F., .U.)
   B_SPLINE_SURFACE_WITH_KNOTS ((3, 2, 3), (2, 2), (0.0437814901726292, 0.0567383255766203, 0.0696951609806105), (0., 0.297534499025775), .UNSPECIFIED.)
   GEOMETRIC_REPRESENTATION_ITEM ()
   RATIONAL_B_SPLINE_SURFACE (((0.854650533810433, 0.854650533810433), (0.866229072199662, 0.866229072199662), (1., 1.), (0.866229072199672, 0.866229072199672), (0.854650533810435, 0.854650533810435)))
   REPRESENTATION_ITEM ('')
   SURFACE ()
);
#4730 = ADVANCED_FACE ('', (#4718), #4729, .T.);
#4731 = CARTESIAN_POINT ('', (40.464285714285, 23.5445607208616, -4.47744653221918));
#4732 = VERTEX_POINT ('', #4731);
#4733 = CARTESIAN_POINT ('', (40.2499999999993, 22.9259711467299, -4.42332695710737));
#4734 = VERTEX_POINT ('', #4733);
#4735 = CARTESIAN_POINT ('', (40.4642857142844, 23.5445607208613, -4.47744653221911));
#4736 = CARTESIAN_POINT ('', (40.4730603091637, 23.5226079904272, -4.47552591717268));
#4737 = CARTESIAN_POINT ('', (40.4801899767396, 23.5003208752418, -4.47357604725127));
#4738 = CARTESIAN_POINT ('', (40.4913947563578, 23.4543388369413, -4.46955314017417));
#4739 = CARTESIAN_POINT ('', (40.495270883353, 23.4315643860149, -4.46756063390008));
#4740 = CARTESIAN_POINT ('', (40.4991390422583, 23.3922876680422, -4.46412436633697));
#4741 = CARTESIAN_POINT ('', (40.49992642147, 23.3769416570274, -4.46278176434283));
#4742 = CARTESIAN_POINT ('', (40.5000641443695, 23.345369836306, -4.46001958794284));
#4743 = CARTESIAN_POINT ('', (40.4994152773393, 23.3301067707571, -4.45868424273666));
#4744 = CARTESIAN_POINT ('', (40.4965950105357, 23.2986224437508, -4.45592972104487));
#4745 = CARTESIAN_POINT ('', (40.4945339960628, 23.2835764339457, -4.45461336575563));
#4746 = CARTESIAN_POINT ('', (40.4887758863027, 23.2524526043412, -4.45189038349973));
#4747 = CARTESIAN_POINT ('', (40.4853393411039, 23.2377544135863, -4.45060445843433));
#4748 = CARTESIAN_POINT ('', (40.4791043149769, 23.2157772050823, -4.44868170183429));
#4749 = CARTESIAN_POINT ('', (40.4771010281268, 23.209238381052, -4.44810962885885));
#4750 = CARTESIAN_POINT ('', (40.4727245749835, 23.1959493229367, -4.44694698692482));
#4751 = CARTESIAN_POINT ('', (40.4704128021482, 23.1893943864929, -4.44637350429586));
#4752 = CARTESIAN_POINT ('', (40.4624664726725, 23.1682817313402, -4.44452638631306));
#4753 = CARTESIAN_POINT ('', (40.4559511736029, 23.1531897992907, -4.44320601334804));
#4754 = CARTESIAN_POINT ('', (40.4422476913643, 23.1251885448756, -4.44075622102221));
#4755 = CARTESIAN_POINT ('', (40.4343746688629, 23.1108668197824, -4.43950323243442));
#4756 = CARTESIAN_POINT ('', (40.4180507382317, 23.084252021974, -4.43717473934416));
#4757 = CARTESIAN_POINT ('', (40.4089059085484, 23.0708170250478, -4.43599932941861));
#4758 = CARTESIAN_POINT ('', (40.3901034404994, 23.0458320707353, -4.43381342915756));
#4759 = CARTESIAN_POINT ('', (40.3797825950011, 23.0333919499083, -4.4327250596123));
#4760 = CARTESIAN_POINT ('', (40.3586658307891, 23.0102657868832, -4.43070178251676));
#4761 = CARTESIAN_POINT ('', (40.3472739666512, 22.9989193626125, -4.42970909902151));
#4762 = CARTESIAN_POINT ('', (40.3240281130033, 22.9778644720427, -4.42786703478488));
#4763 = CARTESIAN_POINT ('', (40.3116786365982, 22.9677003207986, -4.42697778677666));
#4764 = CARTESIAN_POINT ('', (40.2865083059825, 22.9489107878824, -4.42533391565355));
#4765 = CARTESIAN_POINT ('', (40.2733221087977, 22.9400063853458, -4.42455488137613));
#4766 = CARTESIAN_POINT ('', (40.2566199714777, 22.9298441605177, -4.42366580190747));
#4767 = CARTESIAN_POINT ('', (40.2533185762639, 22.9278871276296, -4.42349458371561));
#4768 = CARTESIAN_POINT ('', (40.2499999999987, 22.9259711467296, -4.42332695710733));
#4769 = B_SPLINE_CURVE_WITH_KNOTS ('', 3, (#4735, #4736, #4737, #4738, #4739, #4740, #4741, #4742, #4743, #4744, #4745, #4746, #4747, #4748, #4749, #4750, #4751, #4752, #4753, #4754, #4755, #4756, #4757, #4758, #4759, #4760, #4761, #4762, #4763, #4764, #4765, #4766, #4767, #4768), .UNSPECIFIED., .F., .U., (4, 2, 2, 2, 2, 2, 2, 2, 2, 2, 2, 2, 2, 2, 2, 2, 4), (0., 0.0711578657542252, 0.14249459086309, 0.190006006106145, 0.237572748436437, 0.285196537540238, 0.332879458937808, 0.35397249363248, 0.374997593936449, 0.421874642649968, 0.468809716876443, 0.515800999352212, 0.562847103910285, 0.609947041092208, 0.65710017794185, 0.704306193404158, 0.715813072618507), .UNSPECIFIED.);
#4770 = EDGE_CURVE ('', #4732, #4734, #4769, .T.);
#4771 = ORIENTED_EDGE ('', *, *, #4770, .F.);
#4772 = CARTESIAN_POINT ('', (40.4642857142845, 23.5445607208613, -4.47744653221911));
#4773 = CARTESIAN_POINT ('', (40.4446962168363, 23.5935707279028, -4.48173435223456));
#4774 = CARTESIAN_POINT ('', (40.425943114675, 23.6443712720804, -4.48617882395104));
#4775 = CARTESIAN_POINT ('', (40.392032518052, 23.7443431135336, -4.49492522675));
#4776 = CARTESIAN_POINT ('', (40.3760405845314, 23.7959640714691, -4.49944147536969));
#4777 = CARTESIAN_POINT ('', (40.3474864076308, 23.8976250333964, -4.50833565706146));
#4778 = CARTESIAN_POINT ('', (40.3342876153143, 23.949919287656, -4.51291081147672));
#4779 = CARTESIAN_POINT ('', (40.3111706101216, 24.0529831166463, -4.52192772813292));
#4780 = CARTESIAN_POINT ('', (40.3007893636044, 24.1058024564383, -4.52654882157965));
#4781 = CARTESIAN_POINT ('', (40.2831751458871, 24.2099794487563, -4.53566312740768));
#4782 = CARTESIAN_POINT ('', (40.2756282483101, 24.2631749317159, -4.54031712911743));
#4783 = CARTESIAN_POINT ('', (40.2635671916087, 24.3681726961039, -4.54950324319693));
#4784 = CARTESIAN_POINT ('', (40.2588638254455, 24.4215950100443, -4.55417709004603));
#4785 = CARTESIAN_POINT ('', (40.252390987613, 24.5271192288123, -4.56340926291565));
#4786 = CARTESIAN_POINT ('', (40.2505327093829, 24.5806190536516, -4.5680898910897));
#4787 = CARTESIAN_POINT ('', (40.2496677908255, 24.6863742414895, -4.57734227113456));
#4788 = CARTESIAN_POINT ('', (40.2506485395916, 24.7398026115949, -4.58201664782945));
#4789 = CARTESIAN_POINT ('', (40.2565819228861, 24.8718980084568, -4.5935734975588));
#4790 = CARTESIAN_POINT ('', (40.2633758600948, 24.951912477, -4.60057385647438));
#4791 = CARTESIAN_POINT ('', (40.2830935685859, 25.1094325387217, -4.61435507615291));
#4792 = CARTESIAN_POINT ('', (40.2961788433335, 25.1883492987436, -4.62125939801701));
#4793 = CARTESIAN_POINT ('', (40.3486131844562, 25.4416621664111, -4.64342140226313));
#4794 = CARTESIAN_POINT ('', (40.4007186638715, 25.6139285704697, -4.65849275972461));
#4795 = CARTESIAN_POINT ('', (40.497597663732, 25.8541093180711, -4.67950585233689));
#4796 = CARTESIAN_POINT ('', (40.5300435096817, 25.9261635711088, -4.68580978263651));
#4797 = CARTESIAN_POINT ('', (40.6012085431252, 26.0687878542905, -4.6982877905584));
#4798 = CARTESIAN_POINT ('', (40.6391252836353, 26.1377831042347, -4.70432409276564));
#4799 = CARTESIAN_POINT ('', (40.7076966820974, 26.2516082311858, -4.71428250099825));
#4800 = CARTESIAN_POINT ('', (40.735984911647, 26.2958719321144, -4.7181550730352));
#4801 = CARTESIAN_POINT ('', (40.7955842166378, 26.3839042300044, -4.72585690112471));
#4802 = CARTESIAN_POINT ('', (40.8261248120337, 26.4265401528683, -4.72958706103425));
#4803 = CARTESIAN_POINT ('', (40.8903330621567, 26.5113437205821, -4.73700641183575));
#4804 = CARTESIAN_POINT ('', (40.9230323881968, 26.552237484016, -4.74058415254513));
#4805 = CARTESIAN_POINT ('', (40.9916748301625, 26.6335725812173, -4.74770005149701));
#4806 = CARTESIAN_POINT ('', (41.0264332946972, 26.6726149885397, -4.75111581953448));
#4807 = CARTESIAN_POINT ('', (41.0993226692727, 26.7502511847384, -4.75790810658113));
#4808 = CARTESIAN_POINT ('', (41.1360349846602, 26.7873385561777, -4.76115283114203));
#4809 = CARTESIAN_POINT ('', (41.2129719928035, 26.8610553991368, -4.76760221921187));
#4810 = CARTESIAN_POINT ('', (41.2515274579446, 26.8960898933411, -4.77066734028711));
#4811 = CARTESIAN_POINT ('', (41.3323012673571, 26.9656775602683, -4.77675547226445));
#4812 = CARTESIAN_POINT ('', (41.3725840699627, 26.9985674834833, -4.77963296768999));
#4813 = CARTESIAN_POINT ('', (41.4569728626505, 27.063827411876, -4.78534247160686));
#4814 = CARTESIAN_POINT ('', (41.4988624012115, 27.0944875132016, -4.7880248828954));
#4815 = CARTESIAN_POINT ('', (41.5866339623025, 27.1552330079134, -4.79333942504295));
#4816 = CARTESIAN_POINT ('', (41.6300051870574, 27.1835847591042, -4.79581988186325));
#4817 = CARTESIAN_POINT ('', (41.6955930936046, 27.2240264493363, -4.79935807129238));
#4818 = CARTESIAN_POINT ('', (41.7155937798789, 27.2360362172083, -4.80040878983276));
#4819 = CARTESIAN_POINT ('', (41.7496134824839, 27.2559226640516, -4.80214862848935));
#4820 = CARTESIAN_POINT ('', (41.7632481986215, 27.2637496658027, -4.80283340241198));
#4821 = CARTESIAN_POINT ('', (41.8230048717047, 27.2974306550803, -4.8057801071501));
#4822 = CARTESIAN_POINT ('', (41.87123513799, 27.3229425503961, -4.80801210877529));
#4823 = CARTESIAN_POINT ('', (41.9659950490663, 27.3698714782384, -4.81211785795291));
#4824 = CARTESIAN_POINT ('', (42.0154284572549, 27.392730445145, -4.81411775841715));
#4825 = CARTESIAN_POINT ('', (42.1126117947386, 27.434557148345, -4.81777712077981));
#4826 = CARTESIAN_POINT ('', (42.1631038186005, 27.4547087602864, -4.81954015837645));
#4827 = CARTESIAN_POINT ('', (42.2624333066114, 27.4913088411042, -4.82274225053214));
#4828 = CARTESIAN_POINT ('', (42.3138368032609, 27.5087063844883, -4.82426433835144));
#4829 = CARTESIAN_POINT ('', (42.4150287401855, 27.5399706658001, -4.82699960853951));
#4830 = CARTESIAN_POINT ('', (42.4671943773932, 27.5545753082139, -4.82827734918557));
#4831 = CARTESIAN_POINT ('', (42.5699594881901, 27.5804101869107, -4.8305376081951));
#4832 = CARTESIAN_POINT ('', (42.6227361863443, 27.5921911169639, -4.83156830602054));
#4833 = CARTESIAN_POINT ('', (42.7267804996488, 27.6125188667795, -4.8333467536844));
#4834 = CARTESIAN_POINT ('', (42.7800158857486, 27.6214534041712, -4.83412842442002));
#4835 = CARTESIAN_POINT ('', (42.8850416322656, 27.6362124254298, -4.83541967146488));
#4836 = CARTESIAN_POINT ('', (42.9385825031527, 27.6422861001444, -4.83595104914835));
#4837 = CARTESIAN_POINT ('', (43.0442890315061, 27.6514311142386, -4.83675113420938));
#4838 = CARTESIAN_POINT ('', (43.0979818234209, 27.6546377141169, -4.83703167534719));
#4839 = CARTESIAN_POINT ('', (43.2040665293422, 27.6581399009008, -4.83733807698834));
#4840 = CARTESIAN_POINT ('', (43.2577577908303, 27.6584814871944, -4.83736796191664));
#4841 = CARTESIAN_POINT ('', (43.3904331174036, 27.6557908147906, -4.83713255858405));
#4842 = CARTESIAN_POINT ('', (43.4710029327117, 27.6509297108372, -4.8367072670959));
#4843 = CARTESIAN_POINT ('', (43.6295047402803, 27.6349877758838, -4.83531252851281));
#4844 = CARTESIAN_POINT ('', (43.7091052141526, 27.6237546934481, -4.83432976114324));
#4845 = CARTESIAN_POINT ('', (43.9052374799463, 27.5880369056557, -4.83120485962518));
#4846 = CARTESIAN_POINT ('', (44.0221201872528, 27.5594264655553, -4.82870177045792));
#4847 = CARTESIAN_POINT ('', (44.2509540774235, 27.4886509127989, -4.82250971193696));
#4848 = CARTESIAN_POINT ('', (44.3625504881463, 27.446676135412, -4.81883739476159));
#4849 = CARTESIAN_POINT ('', (44.5449568156679, 27.3653212176949, -4.81171976173927));
#4850 = CARTESIAN_POINT ('', (44.6158253389712, 27.3302682973501, -4.80865302858562));
#4851 = CARTESIAN_POINT ('', (44.7561358751321, 27.2537770148884, -4.80196090851168));
#4852 = CARTESIAN_POINT ('', (44.8237052853818, 27.2133766987343, -4.79842633884533));
#4853 = CARTESIAN_POINT ('', (44.9351822272166, 27.1405600004382, -4.79205570322904));
#4854 = CARTESIAN_POINT ('', (44.9783924336956, 27.1106721152845, -4.78944085210133));
#4855 = CARTESIAN_POINT ('', (45.0643257505694, 27.0478038131993, -4.78394058837377));
#4856 = CARTESIAN_POINT ('', (45.1058091879569, 27.0157340681286, -4.78113484923792));
#4857 = CARTESIAN_POINT ('', (45.1883074023652, 26.9483932411181, -4.77524329028204));
#4858 = CARTESIAN_POINT ('', (45.2279547555527, 26.9142422605744, -4.77225546663618));
#4859 = CARTESIAN_POINT ('', (45.3067873594861, 26.8426186973382, -4.76598921681169));
#4860 = CARTESIAN_POINT ('', (45.3444951824231, 26.8064925637556, -4.7628285896662));
#4861 = CARTESIAN_POINT ('', (45.419442496238, 26.7307875941956, -4.75620526305712));
#4862 = CARTESIAN_POINT ('', (45.4551134740674, 26.6927975114283, -4.75288156148858));
#4863 = CARTESIAN_POINT ('', (45.5311283552575, 26.6074269650479, -4.74541260648129));
#4864 = CARTESIAN_POINT ('', (45.5693897422382, 26.5617435730084, -4.74141582756643));
#4865 = CARTESIAN_POINT ('', (45.6071428571416, 26.5137906766935, -4.73722049275565));
#4866 = B_SPLINE_CURVE_WITH_KNOTS ('', 3, (#4772, #4773, #4774, #4775, #4776, #4777, #4778, #4779, #4780, #4781, #4782, #4783, #4784, #4785, #4786, #4787, #4788, #4789, #4790, #4791, #4792, #4793, #4794, #4795, #4796, #4797, #4798, #4799, #4800, #4801, #4802, #4803, #4804, #4805, #4806, #4807, #4808, #4809, #4810, #4811, #4812, #4813, #4814, #4815, #4816, #4817, #4818, #4819, #4820, #4821, #4822, #4823, #4824, #4825, #4826, #4827, #4828, #4829, #4830, #4831, #4832, #4833, #4834, #4835, #4836, #4837, #4838, #4839, #4840, #4841, #4842, #4843, #4844, #4845, #4846, #4847, #4848, #4849, #4850, #4851, #4852, #4853, #4854, #4855, #4856, #4857, #4858, #4859, #4860, #4861, #4862, #4863, #4864, #4865), .UNSPECIFIED., .F., .U., (4, 2, 2, 2, 2, 2, 2, 2, 2, 2, 2, 2, 2, 2, 2, 2, 2, 2, 2, 2, 2, 2, 2, 2, 2, 2, 2, 2, 2, 2, 2, 2, 2, 2, 2, 2, 2, 2, 2, 2, 2, 2, 2, 2, 2, 2, 4), (0., 0.158861673819313, 0.317784793341528, 0.476768244996806, 0.6358110218993, 0.794912226056359, 0.954071070859167, 1.11328688354179, 1.27255910733319, 1.5114848709371, 1.75059835153724, 2.29037594893457, 2.53010135970414, 2.77001814826467, 2.92987166245698, 3.08978326057061, 3.24975370512976, 3.40978383876205, 3.5698745814341, 3.73002692905356, 3.89024195373859, 4.05052080603228, 4.21086471930802, 4.28192608515652, 4.32919705532561, 4.48790076507998, 4.64666768345879, 4.8054967128842, 4.96438689673841, 5.12333740535049, 5.28234752248714, 5.44141663255211, 5.60054420872075, 5.75972980224324, 5.91897303314122, 6.15783825069201, 6.39689585357861, 6.75598582406908, 7.1157228339612, 7.35554580014216, 7.59556106283981, 7.75545789796809, 7.9154124366273, 8.07542520171876, 8.23549683372283, 8.39562810063721, 8.57915305549805), .UNSPECIFIED.);
#4867 = EDGE_CURVE ('', #4732, #4673, #4866, .T.);
#4868 = ORIENTED_EDGE ('', *, *, #4867, .T.);
#4869 = ORIENTED_EDGE ('', *, *, #4709, .F.);
#4870 = CARTESIAN_POINT ('', (49.6073461222407, 28.3284374493063, -4.89598151366299));
#4871 = VERTEX_POINT ('', #4870);
#4872 = CARTESIAN_POINT ('', (46.2499999999989, 26.3900727618672, -4.72639657773329));
#4873 = CARTESIAN_POINT ('', (49.6073461222403, 28.3284374493061, -4.89598151366293));
#4874 = B_SPLINE_CURVE_WITH_KNOTS ('', 1, (#4872, #4873), .UNSPECIFIED., .F., .U., (2, 2), (4.86443839178797, 5.00472992499132), .UNSPECIFIED.);
#4875 = EDGE_CURVE ('', #4666, #4871, #4874, .T.);
#4876 = ORIENTED_EDGE ('', *, *, #4875, .T.);
#4877 = CARTESIAN_POINT ('', (44.9789204922882, 28.1183977863388, -4.87760542426255));
#4878 = VERTEX_POINT ('', #4877);
#4879 = CARTESIAN_POINT ('', (49.6073461222402, 28.3284374493061, -4.89598151366294));
#4880 = CARTESIAN_POINT ('', (47.3520778162887, 27.02635768577, -4.78206429534717));
#4881 = CARTESIAN_POINT ('', (44.9789204922997, 28.1183977863329, -4.877605424262));
#4882 = (
   BOUNDED_CURVE ()
   B_SPLINE_CURVE (2, (#4879, #4880, #4881), .UNSPECIFIED., .F., .U.)
   B_SPLINE_CURVE_WITH_KNOTS ((3, 3), (0.610817552416256, 1.5707963267949), .UNSPECIFIED.)
   CURVE ()
   GEOMETRIC_REPRESENTATION_ITEM ()
   RATIONAL_B_SPLINE_CURVE ((1., 0.88699982350431, 1.))
   REPRESENTATION_ITEM ('')
);
#4883 = EDGE_CURVE ('', #4871, #4878, #4882, .T.);
#4884 = ORIENTED_EDGE ('', *, *, #4883, .T.);
#4885 = CARTESIAN_POINT ('', (33.301140637541, 33.4920844602517, -5.34774208956706));
#4886 = VERTEX_POINT ('', #4885);
#4887 = CARTESIAN_POINT ('', (33.3011406375405, 33.492084460251, -5.34774208956952));
#4888 = CARTESIAN_POINT ('', (44.9789204922877, 28.1183977863385, -4.87760542426249));
#4889 = B_SPLINE_CURVE_WITH_KNOTS ('', 1, (#4887, #4888), .UNSPECIFIED., .F., .U., (2, 2), (27.9097187891058, 40.7731584258979), .UNSPECIFIED.);
#4890 = EDGE_CURVE ('', #4886, #4878, #4889, .T.);
#4891 = ORIENTED_EDGE ('', *, *, #4890, .F.);
#4892 = CARTESIAN_POINT ('', (22.9311860458026, 32.2829553912351, -5.24195700328859));
#4893 = VERTEX_POINT ('', #4892);
#4894 = CARTESIAN_POINT ('', (22.9311860458022, 32.2829553912346, -5.24195700328851));
#4895 = CARTESIAN_POINT ('', (27.7447220094743, 36.0489448487592, -5.57143838777961));
#4896 = CARTESIAN_POINT ('', (33.3011406375405, 33.4920844602512, -5.34774208956697));
#4897 = (
   BOUNDED_CURVE ()
   B_SPLINE_CURVE (2, (#4894, #4895, #4896), .UNSPECIFIED., .F., .U.)
   B_SPLINE_CURVE_WITH_KNOTS ((3, 3), (0., 1.09847544221554), .UNSPECIFIED.)
   CURVE ()
   GEOMETRIC_REPRESENTATION_ITEM ()
   RATIONAL_B_SPLINE_CURVE ((1., 0.852922707774953, 1.))
   REPRESENTATION_ITEM ('')
);
#4898 = EDGE_CURVE ('', #4893, #4886, #4897, .T.);
#4899 = ORIENTED_EDGE ('', *, *, #4898, .F.);
#4900 = CARTESIAN_POINT ('', (15.5052534779373, 33.7133325736309, -5.36709879131425));
#4901 = VERTEX_POINT ('', #4900);
#4902 = CARTESIAN_POINT ('', (22.9311860458022, 32.2829553912346, -5.24195700328848));
#4903 = CARTESIAN_POINT ('', (22.6746424406968, 32.0822421277389, -5.22439686811333));
#4904 = CARTESIAN_POINT ('', (22.1246401742062, 31.7326446118879, -5.1938110486797));
#4905 = CARTESIAN_POINT ('', (21.5173425327742, 31.4951400048525, -5.17303208802891));
#4906 = CARTESIAN_POINT ('', (20.8898266263463, 31.3179282992377, -5.15752807274355));
#4907 = CARTESIAN_POINT ('', (20.2480904520621, 31.2026391066244, -5.14744157536281));
#4908 = CARTESIAN_POINT ('', (19.5960912898855, 31.2126882045897, -5.14832075751344));
#4909 = CARTESIAN_POINT ('', (18.948543021186, 31.2861430797645, -5.15474722637193));
#4910 = CARTESIAN_POINT ('', (18.3116304353129, 31.4221701235024, -5.16664805063186));
#4911 = CARTESIAN_POINT ('', (17.7129732460535, 31.6778995740652, -5.18902147848582));
#4912 = CARTESIAN_POINT ('', (17.2282128577133, 31.94359991611, -5.21226724630967));
#4913 = CARTESIAN_POINT ('', (16.8453230645849, 32.1888217311191, -5.23372137517221));
#4914 = CARTESIAN_POINT ('', (16.4993843216224, 32.4835399656613, -5.25950587962897));
#4915 = CARTESIAN_POINT ('', (16.1744692630309, 32.8011248609957, -5.28729095767777));
#4916 = CARTESIAN_POINT ('', (15.8721055467244, 33.140083118446, -5.31694596261312));
#4917 = CARTESIAN_POINT ('', (15.6187267226627, 33.516791148466, -5.34990364469901));
#4918 = CARTESIAN_POINT ('', (15.5052534779371, 33.7133325736305, -5.3670987913141));
#4919 = B_SPLINE_CURVE_WITH_KNOTS ('', 3, (#4902, #4903, #4904, #4905, #4906, #4907, #4908, #4909, #4910, #4911, #4912, #4913, #4914, #4915, #4916, #4917, #4918), .UNSPECIFIED., .F., .U., (4, 1, 2, 1, 2, 1, 2, 1, 2, 1, 4), (0., 0.0356038325786306, 0.0712076651572612, 0.106793962522175, 0.142380259887089, 0.177929449819755, 0.213478639752421, 0.238320926654988, 0.263163213557555, 0.288005443290153, 0.312847673022751), .UNSPECIFIED.);
#4920 = EDGE_CURVE ('', #4893, #4901, #4919, .T.);
#4921 = ORIENTED_EDGE ('', *, *, #4920, .T.);
#4922 = CARTESIAN_POINT ('', (22.6125046262032, 21.4032124826819, -4.29010283671494));
#4923 = VERTEX_POINT ('', #4922);
#4924 = CARTESIAN_POINT ('', (15.5052534779371, 33.7133325736305, -5.36709879131413));
#4925 = CARTESIAN_POINT ('', (22.6125046262029, 21.4032124826817, -4.29010283671488));
#4926 = B_SPLINE_CURVE_WITH_KNOTS ('', 1, (#4924, #4925), .UNSPECIFIED., .F., .U., (2, 2), (-1.02785663695096, 1.), .UNSPECIFIED.);
#4927 = EDGE_CURVE ('', #4901, #4923, #4926, .T.);
#4928 = ORIENTED_EDGE ('', *, *, #4927, .T.);
#4929 = CARTESIAN_POINT ('', (32.8576951545862, 18.6580219542986, -4.04992978626299));
#4930 = VERTEX_POINT ('', #4929);
#4931 = CARTESIAN_POINT ('', (22.6125046262029, 21.4032124826817, -4.29010283671488));
#4932 = CARTESIAN_POINT ('', (22.6447655320188, 21.3473349547104, -4.28521418647154));
#4933 = CARTESIAN_POINT ('', (22.6782756821644, 21.2909943331962, -4.28028502079306));
#4934 = CARTESIAN_POINT ('', (22.7456841643313, 21.18093596317, -4.27065616108964));
#4935 = CARTESIAN_POINT ('', (22.7806310493183, 21.1255053014687, -4.26580660657904));
#4936 = CARTESIAN_POINT ('', (22.85088507531, 21.0172127541874, -4.25633223634759));
#4937 = CARTESIAN_POINT ('', (22.8872443000581, 20.9627282566496, -4.25156546047514));
#4938 = CARTESIAN_POINT ('', (22.960297679875, 20.8562749738776, -4.24225200503748));
#4939 = CARTESIAN_POINT ('', (22.9980439332945, 20.8027722294893, -4.23757112143599));
#4940 = CARTESIAN_POINT ('', (23.0738485787907, 20.6982304715998, -4.22842490275559));
#4941 = CARTESIAN_POINT ('', (23.1129556472388, 20.6457444297893, -4.22383296910383));
#4942 = CARTESIAN_POINT ('', (23.1914615996911, 20.543185226523, -4.2148602014778));
#4943 = CARTESIAN_POINT ('', (23.2319023811434, 20.4917501731417, -4.21036021739909));
#4944 = CARTESIAN_POINT ('', (23.313057840148, 20.3912432747797, -4.20156700318628));
#4945 = CARTESIAN_POINT ('', (23.3548043590953, 20.3408928082805, -4.19716190816436));
#4946 = CARTESIAN_POINT ('', (23.4385557128055, 20.2425066372722, -4.18855423355342));
#4947 = CARTESIAN_POINT ('', (23.4815791358807, 20.1932736451102, -4.18424690486779));
#4948 = CARTESIAN_POINT ('', (23.5678709925972, 20.0970752481984, -4.17583063568865));
#4949 = CARTESIAN_POINT ('', (23.61214164494, 20.048991883481, -4.1716238863717));
#4950 = CARTESIAN_POINT ('', (23.7009168660645, 19.9550468843701, -4.16340476395455));
#4951 = CARTESIAN_POINT ('', (23.7464042484278, 19.9081445427833, -4.15930134077289));
#4952 = CARTESIAN_POINT ('', (23.8376039827876, 19.8165170953965, -4.15128497785874));
#4953 = CARTESIAN_POINT ('', (23.8842767893897, 19.7708263924371, -4.14728755932128));
#4954 = CARTESIAN_POINT ('', (23.9778405089394, 19.6815791348113, -4.13947943602825));
#4955 = CARTESIAN_POINT ('', (24.0256666460631, 19.6371298833551, -4.13559063042362));
#4956 = CARTESIAN_POINT ('', (24.1215321829684, 19.5503238922241, -4.12799609027354));
#4957 = CARTESIAN_POINT ('', (24.1704787883075, 19.5071450804597, -4.12421843373964));
#4958 = CARTESIAN_POINT ('', (24.2685823734114, 19.4228398265777, -4.1168426797493));
#4959 = CARTESIAN_POINT ('', (24.3186158361626, 19.3809595963399, -4.11317863437765));
#4960 = CARTESIAN_POINT ('', (24.4188921388347, 19.2992129005981, -4.10602672521954));
#4961 = CARTESIAN_POINT ('', (24.4699781205319, 19.2586585261319, -4.10247867719736));
#4962 = CARTESIAN_POINT ('', (24.5723602898954, 19.1795265165234, -4.09555552343461));
#4963 = CARTESIAN_POINT ('', (24.6244637459807, 19.1403243837113, -4.09212578122752));
#4964 = CARTESIAN_POINT ('', (24.7288834535122, 19.0638614532009, -4.0854361416279));
#4965 = CARTESIAN_POINT ('', (24.7819686556358, 19.0260370392887, -4.08212693420608));
#4966 = CARTESIAN_POINT ('', (24.8883561391279, 18.9522958046434, -4.07567541214021));
#4967 = CARTESIAN_POINT ('', (24.9423866981683, 18.9158736584965, -4.07248888725107));
#4968 = CARTESIAN_POINT ('', (25.0506708070419, 18.844904920135, -4.06627992717972));
#4969 = CARTESIAN_POINT ('', (25.1056096968334, 18.8099086430596, -4.06321814967001));
#4970 = CARTESIAN_POINT ('', (25.243215528419, 18.7247427615722, -4.05576710052068));
#4971 = CARTESIAN_POINT ('', (25.327456625576, 18.6748465730714, -4.05140174967372));
#4972 = CARTESIAN_POINT ('', (25.4964562426568, 18.5791433229103, -4.04302880022204));
#4973 = CARTESIAN_POINT ('', (25.5825049595951, 18.5326031274932, -4.03895706072477));
#4974 = CARTESIAN_POINT ('', (25.7551566956262, 18.4435236955568, -4.03116362027702));
#4975 = CARTESIAN_POINT ('', (25.8428792047939, 18.4004044166701, -4.02739117219503));
#4976 = CARTESIAN_POINT ('', (26.018922005866, 18.3180881979783, -4.02018943623518));
#4977 = CARTESIAN_POINT ('', (26.1081820353038, 18.2784494552178, -4.01672149560722));
#4978 = CARTESIAN_POINT ('', (26.2873494055311, 18.2030255010868, -4.01012275466247));
#4979 = CARTESIAN_POINT ('', (26.3780084530424, 18.1669215018983, -4.00696406402553));
#4980 = CARTESIAN_POINT ('', (26.605538035195, 18.0814034607475, -3.9994822048979));
#4981 = CARTESIAN_POINT ('', (26.7440516567428, 18.0339099650935, -3.99532706243697));
#4982 = CARTESIAN_POINT ('', (27.1973788757586, 17.8931292652616, -3.98301034715845));
#4983 = CARTESIAN_POINT ('', (27.5177371682083, 17.8163058171937, -3.97628916635954));
#4984 = CARTESIAN_POINT ('', (27.9859186500394, 17.7361399157006, -3.96927555877757));
#4985 = CARTESIAN_POINT ('', (28.1299520387254, 17.7157822120771, -3.96749449049509));
#4986 = CARTESIAN_POINT ('', (28.3719608451657, 17.6887512934538, -3.96512959155087));
#4987 = CARTESIAN_POINT ('', (28.4685031278584, 17.6798651812452, -3.9643521574698));
#4988 = CARTESIAN_POINT ('', (28.6628079934051, 17.6657853284059, -3.96312032996225));
#4989 = CARTESIAN_POINT ('', (28.75953215977, 17.6606646647493, -3.96267232994256));
#4990 = CARTESIAN_POINT ('', (28.9542780314315, 17.6541487332872, -3.96210225980732));
#4991 = CARTESIAN_POINT ('', (29.0510359901793, 17.6527935777564, -3.96198369906107));
#4992 = CARTESIAN_POINT ('', (29.2459263760956, 17.6538531892516, -3.96207640305464));
#4993 = CARTESIAN_POINT ('', (29.3425702784979, 17.6562576863515, -3.96228676929235));
#4994 = CARTESIAN_POINT ('', (29.5373085267876, 17.6648926722891, -3.9630422326716));
#4995 = CARTESIAN_POINT ('', (29.633691013325, 17.6710450674476, -3.9635804975015));
#4996 = CARTESIAN_POINT ('', (29.7955523486022, 17.6845398398232, -3.96476113710123));
#4997 = CARTESIAN_POINT ('', (29.8597590245304, 17.6907317730811, -3.9653028610666));
#4998 = CARTESIAN_POINT ('', (29.9888908430586, 17.7048762054477, -3.96654033855069));
#4999 = CARTESIAN_POINT ('', (30.052886210167, 17.7127264228637, -3.9672271435808));
#5000 = CARTESIAN_POINT ('', (30.1816162645961, 17.7302135520005, -3.96875706913788));
#5001 = CARTESIAN_POINT ('', (30.2453571183368, 17.7397150160588, -3.96958833952988));
#5002 = CARTESIAN_POINT ('', (30.3735983622704, 17.7605330468528, -3.97140968122129));
#5003 = CARTESIAN_POINT ('', (30.4370417255018, 17.7716775758073, -3.97238470116514));
#5004 = CARTESIAN_POINT ('', (30.5647074838161, 17.7958124185478, -3.97449622630091));
#5005 = CARTESIAN_POINT ('', (30.6278106382792, 17.8085906937798, -3.97561418052313));
#5006 = CARTESIAN_POINT ('', (30.7548146705426, 17.8360259773441, -3.97801445681562));
#5007 = CARTESIAN_POINT ('', (30.8175351880406, 17.8504275516551, -3.97927443130475));
#5008 = CARTESIAN_POINT ('', (30.9437917513695, 17.8811446386587, -3.98196182819411));
#5009 = CARTESIAN_POINT ('', (31.0060875246176, 17.897157945479, -3.98336281100643));
#5010 = CARTESIAN_POINT ('', (31.1315114358934, 17.9311359493562, -3.98633550115493));
#5011 = CARTESIAN_POINT ('', (31.1933407090083, 17.9487483128525, -3.98787638329875));
#5012 = CARTESIAN_POINT ('', (31.3178474063794, 17.9859641168335, -3.99113234425108));
#5013 = CARTESIAN_POINT ('', (31.3791688049789, 18.0051617628942, -3.99281192064778));
#5014 = CARTESIAN_POINT ('', (31.5026744085764, 18.0455900408395, -3.99634893665387));
#5015 = CARTESIAN_POINT ('', (31.5634469694608, 18.0663581089151, -3.99816590717381));
#5016 = CARTESIAN_POINT ('', (31.6858683412575, 18.1099713479656, -4.00198157117037));
#5017 = CARTESIAN_POINT ('', (31.7460515416466, 18.1322939037427, -4.00393454174179));
#5018 = CARTESIAN_POINT ('', (31.8673063443941, 18.1790624287375, -4.00802625748866));
#5019 = CARTESIAN_POINT ('', (31.926860130694, 18.202922477623, -4.01011374127731));
#5020 = CARTESIAN_POINT ('', (32.0468668858737, 18.2528144772372, -4.01447872564418));
#5021 = CARTESIAN_POINT ('', (32.1057517019507, 18.278193978627, -4.01669914430173));
#5022 = CARTESIAN_POINT ('', (32.224429846679, 18.3311755331767, -4.02133442970081));
#5023 = CARTESIAN_POINT ('', (32.2826066616178, 18.3580554154839, -4.02368611467959));
#5024 = CARTESIAN_POINT ('', (32.3998766044504, 18.4140905263444, -4.0285885516393));
#5025 = CARTESIAN_POINT ('', (32.4573069397774, 18.4424507027615, -4.03106974557138));
#5026 = CARTESIAN_POINT ('', (32.5730901153585, 18.5015013233401, -4.03623600544617));
#5027 = CARTESIAN_POINT ('', (32.6297360717103, 18.5313207083075, -4.03884486358414));
#5028 = CARTESIAN_POINT ('', (32.7445090017846, 18.5936476278107, -4.04429776247315));
#5029 = CARTESIAN_POINT ('', (32.8008710040655, 18.6252145156989, -4.04705950730616));
#5030 = CARTESIAN_POINT ('', (32.857695154586, 18.6580219542984, -4.04992978626293));
#5031 = B_SPLINE_CURVE_WITH_KNOTS ('', 3, (#4931, #4932, #4933, #4934, #4935, #4936, #4937, #4938, #4939, #4940, #4941, #4942, #4943, #4944, #4945, #4946, #4947, #4948, #4949, #4950, #4951, #4952, #4953, #4954, #4955, #4956, #4957, #4958, #4959, #4960, #4961, #4962, #4963, #4964, #4965, #4966, #4967, #4968, #4969, #4970, #4971, #4972, #4973, #4974, #4975, #4976, #4977, #4978, #4979, #4980, #4981, #4982, #4983, #4984, #4985, #4986, #4987, #4988, #4989, #4990, #4991, #4992, #4993, #4994, #4995, #4996, #4997, #4998, #4999, #5000, #5001, #5002, #5003, #5004, #5005, #5006, #5007, #5008, #5009, #5010, #5011, #5012, #5013, #5014, #5015, #5016, #5017, #5018, #5019, #5020, #5021, #5022, #5023, #5024, #5025, #5026, #5027, #5028, #5029, #5030), .UNSPECIFIED., .F., .U., (4, 2, 2, 2, 2, 2, 2, 2, 2, 2, 2, 2, 2, 2, 2, 2, 2, 2, 2, 2, 2, 2, 2, 2, 2, 2, 2, 2, 2, 2, 2, 2, 2, 2, 2, 2, 2, 2, 2, 2, 2, 2, 2, 2, 2, 2, 2, 2, 2, 4), (0., 0.194120240307346, 0.388259151830985, 0.582416530405457, 0.776592183532103, 0.970785930124672, 1.16499760024945, 1.35922703485868, 1.55347408551655, 1.74773861411711, 1.94202049259386, 2.13631960262098, 2.33063583530642, 2.52496909087746, 2.71931927835928, 2.91368631524767, 3.10807012717694, 3.30247064758451, 3.4968878173736, 3.69132158457583, 3.98288883949584, 4.27451177698866, 4.56619025708717, 4.85792418174955, 5.14971349153197, 5.58747967586593, 6.57424438617389, 7.01262070799125, 7.30482000260901, 7.5970753802036, 7.88938704910397, 8.18175524563294, 8.4741802360393, 8.6690368396229, 8.86391040662535, 9.05880100606054, 9.25370871220917, 9.44863360496208, 9.64357577018552, 9.83853530010688, 10.0335122937188, 10.2285068571997, 10.4235191043496, 10.6185491570381, 10.8135971456638, 11.0086632096239, 11.2037474977906, 11.398850168995, 11.5939713925166, 11.791004271753), .UNSPECIFIED.);
#5032 = EDGE_CURVE ('', #4923, #4930, #5031, .T.);
#5033 = ORIENTED_EDGE ('', *, *, #5032, .T.);
#5034 = CARTESIAN_POINT ('', (32.8576951545859, 18.6580219542983, -4.04992978626292));
#5035 = CARTESIAN_POINT ('', (40.2499999999982, 22.9259711467293, -4.4233269571073));
#5036 = B_SPLINE_CURVE_WITH_KNOTS ('', 1, (#5034, #5035), .UNSPECIFIED., .F., .U., (2, 2), (0., 1.), .UNSPECIFIED.);
#5037 = EDGE_CURVE ('', #4930, #4734, #5036, .T.);
#5038 = ORIENTED_EDGE ('', *, *, #5037, .T.);
#5039 = EDGE_LOOP ('', (#4771, #4868, #4869, #4876, #4884, #4891, #4899, #4921, #4928, #5033, #5038));
#5040 = FACE_OUTER_BOUND ('', #5039, .T.);
#5041 = CARTESIAN_POINT ('', (15.5052534779371, 17.6527935777562, -3.96198369906361));
#5042 = CARTESIAN_POINT ('', (15.5052534779371, 34.4103054197799, -5.42807601414008));
#5043 = CARTESIAN_POINT ('', (49.6073461222402, 17.6527935777562, -3.9619836990636));
#5044 = CARTESIAN_POINT ('', (49.6073461222402, 34.4103054197799, -5.42807601414007));
#5045 = B_SPLINE_SURFACE_WITH_KNOTS ('', 1, 1, ((#5041, #5042), (#5043, #5044)), .UNSPECIFIED., .F., .F., .U., (2, 2), (2, 2), (-0.15404266227244, 0.696510096135044), (0.291941029718916, 0.711492779227458), .UNSPECIFIED.);
#5046 = ADVANCED_FACE ('', (#5040), #5045, .T.);
#5047 = CARTESIAN_POINT ('', (40.4642857142844, 23.5445607208613, -4.47744653221911));
#5048 = CARTESIAN_POINT ('', (40.4642857142844, 23.5445607208603, 3.50000000000064));
#5049 = B_SPLINE_CURVE_WITH_KNOTS ('', 1, (#5047, #5048), .UNSPECIFIED., .F., .U., (2, 2), (0.000773687601397996, 0.274436768285982), .UNSPECIFIED.);
#5050 = EDGE_CURVE ('', #4732, #3399, #5049, .T.);
#5051 = ORIENTED_EDGE ('', *, *, #5050, .T.);
#5052 = ORIENTED_EDGE ('', *, *, #3447, .F.);
#5053 = ORIENTED_EDGE ('', *, *, #4714, .T.);
#5054 = ORIENTED_EDGE ('', *, *, #4867, .F.);
#5055 = EDGE_LOOP ('', (#5051, #5052, #5053, #5054));
#5056 = FACE_OUTER_BOUND ('', #5055, .T.);
#5057 = CARTESIAN_POINT ('', (45.6071428571416, 26.5137906766924, 3.50000000000105));
#5058 = CARTESIAN_POINT ('', (43.9999999999988, 28.5551362713272, 3.50000000000131));
#5059 = CARTESIAN_POINT ('', (41.7499999999988, 27.2560981656506, 3.50000000000115));
#5060 = CARTESIAN_POINT ('', (39.4999999999988, 25.9570600599741, 3.50000000000098));
#5061 = CARTESIAN_POINT ('', (40.4642857142845, 23.5445607208602, 3.50000000000067));
#5062 = CARTESIAN_POINT ('', (45.6071428571416, 26.5137906766935, -4.83736796191678));
#5063 = CARTESIAN_POINT ('', (43.9999999999988, 28.5551362713282, -4.83736796191652));
#5064 = CARTESIAN_POINT ('', (41.7499999999988, 27.2560981656517, -4.83736796191669));
#5065 = CARTESIAN_POINT ('', (39.4999999999988, 25.9570600599751, -4.83736796191685));
#5066 = CARTESIAN_POINT ('', (40.4642857142845, 23.5445607208613, -4.83736796191716));
#5067 = (
   BOUNDED_SURFACE ()
   B_SPLINE_SURFACE (1, 2, ((#5057, #5058, #5059, #5060, #5061), (#5062, #5063, #5064, #5065, #5066)), .UNSPECIFIED., .F., .F., .U.)
   B_SPLINE_SURFACE_WITH_KNOTS ((2, 2), (3, 2, 3), (0., 0.301151899712297), (0.357213758594551, 0.510644930189574, 0.664076101784601), .UNSPECIFIED.)
   GEOMETRIC_REPRESENTATION_ITEM ()
   RATIONAL_B_SPLINE_SURFACE (((0.947934768606326, 0.735987099501201, 1., 0.735987099501194, 0.947934768606338), (0.947934768606326, 0.735987099501201, 1., 0.735987099501194, 0.947934768606338)))
   REPRESENTATION_ITEM ('')
   SURFACE ()
);
#5068 = ADVANCED_FACE ('', (#5056), #5067, .T.);
#5069 = ORIENTED_EDGE ('', *, *, #5050, .F.);
#5070 = ORIENTED_EDGE ('', *, *, #4770, .T.);
#5071 = CARTESIAN_POINT ('', (40.2499999999987, 22.9259711467285, 3.50000000000054));
#5072 = CARTESIAN_POINT ('', (40.2499999999987, 22.9259711467296, -4.4233269571073));
#5073 = B_SPLINE_CURVE_WITH_KNOTS ('', 1, (#5071, #5072), .UNSPECIFIED., .F., .U., (2, 2), (-0.274436768285982, -0.00263023776323784), .UNSPECIFIED.);
#5074 = EDGE_CURVE ('', #3450, #4734, #5073, .T.);
#5075 = ORIENTED_EDGE ('', *, *, #5074, .F.);
#5076 = ORIENTED_EDGE ('', *, *, #3455, .F.);
#5077 = EDGE_LOOP ('', (#5069, #5070, #5075, #5076));
#5078 = FACE_OUTER_BOUND ('', #5077, .T.);
#5079 = CARTESIAN_POINT ('', (40.2499999999987, 22.9259711467286, 3.50000000000065));
#5080 = CARTESIAN_POINT ('', (40.2499999999986, 22.9259711467296, -4.47744653221921));
#5081 = CARTESIAN_POINT ('', (40.4114378277649, 23.0191773200467, 3.50000000000066));
#5082 = CARTESIAN_POINT ('', (40.4114378277648, 23.0191773200478, -4.4774465322192));
#5083 = CARTESIAN_POINT ('', (40.4724555912602, 23.1953204309438, 3.50000000000068));
#5084 = CARTESIAN_POINT ('', (40.4724555912601, 23.1953204309448, -4.47744653221917));
#5085 = CARTESIAN_POINT ('', (40.5334733547556, 23.3714635418408, 3.5000000000007));
#5086 = CARTESIAN_POINT ('', (40.5334733547555, 23.3714635418419, -4.47744653221915));
#5087 = CARTESIAN_POINT ('', (40.4642857142844, 23.5445607208603, 3.50000000000072));
#5088 = CARTESIAN_POINT ('', (40.4642857142843, 23.5445607208613, -4.47744653221913));
#5089 = (
   BOUNDED_SURFACE ()
   B_SPLINE_SURFACE (2, 1, ((#5079, #5080), (#5081, #5082), (#5083, #5084), (#5085, #5086), (#5087, #5088)), .UNSPECIFIED., .F., .F., .U.)
   B_SPLINE_SURFACE_WITH_KNOTS ((3, 2, 3), (2, 2), (0.0437814901726308, 0.0567383255766202, 0.0696951609806064), (0., 0.288151271361023), .UNSPECIFIED.)
   GEOMETRIC_REPRESENTATION_ITEM ()
   RATIONAL_B_SPLINE_SURFACE (((0.854650533810436, 0.854650533810436), (0.86622907219968, 0.86622907219968), (1., 1.), (0.866229072199713, 0.866229072199713), (0.854650533810442, 0.854650533810442)))
   REPRESENTATION_ITEM ('')
   SURFACE ()
);
#5090 = ADVANCED_FACE ('', (#5078), #5089, .T.);
#5091 = ORIENTED_EDGE ('', *, *, #5037, .F.);
#5092 = CARTESIAN_POINT ('', (32.8576951545858, 18.6580219542984, -4.04992978626293));
#5093 = CARTESIAN_POINT ('', (32.8576951545858, 18.6580219542974, 3.50000000000006));
#5094 = B_SPLINE_CURVE_WITH_KNOTS ('', 1, (#5092, #5093), .UNSPECIFIED., .F., .U., (2, 2), (0.131824564885166, 0.818181818181824), .UNSPECIFIED.);
#5095 = EDGE_CURVE ('', #4930, #3458, #5094, .T.);
#5096 = ORIENTED_EDGE ('', *, *, #5095, .T.);
#5097 = ORIENTED_EDGE ('', *, *, #3462, .F.);
#5098 = ORIENTED_EDGE ('', *, *, #5074, .T.);
#5099 = EDGE_LOOP ('', (#5091, #5096, #5097, #5098));
#5100 = FACE_OUTER_BOUND ('', #5099, .T.);
#5101 = CARTESIAN_POINT ('', (32.8576951545847, 18.6580219542977, -4.4233269571078));
#5102 = CARTESIAN_POINT ('', (40.2499999999976, 22.9259711467289, -4.42332695710724));
#5103 = CARTESIAN_POINT ('', (32.8576951545847, 18.6580219542966, 3.50000000000023));
#5104 = CARTESIAN_POINT ('', (40.2499999999976, 22.9259711467279, 3.5000000000008));
#5105 = B_SPLINE_SURFACE_WITH_KNOTS ('', 1, 1, ((#5101, #5102), (#5103, #5104)), .UNSPECIFIED., .F., .F., .U., (2, 2), (2, 2), (0.0490704353029469, 0.410183872107008), (10.3854896761405, 10.774521659631), .UNSPECIFIED.);
#5106 = ADVANCED_FACE ('', (#5100), #5105, .T.);
#5107 = ORIENTED_EDGE ('', *, *, #5032, .F.);
#5108 = CARTESIAN_POINT ('', (22.6125046262029, 21.4032124826816, -4.29010283671488));
#5109 = CARTESIAN_POINT ('', (22.6125046262029, 21.4032124826806, 3.50000000000043));
#5110 = B_SPLINE_CURVE_WITH_KNOTS ('', 1, (#5108, #5109), .UNSPECIFIED., .F., .U., (2, 2), (0.109990651207683, 0.818181818181824), .UNSPECIFIED.);
#5111 = EDGE_CURVE ('', #4923, #3465, #5110, .T.);
#5112 = ORIENTED_EDGE ('', *, *, #5111, .T.);
#5113 = ORIENTED_EDGE ('', *, *, #3507, .F.);
#5114 = ORIENTED_EDGE ('', *, *, #5095, .F.);
#5115 = EDGE_LOOP ('', (#5107, #5112, #5113, #5114));
#5116 = FACE_OUTER_BOUND ('', #5115, .T.);
#5117 = CARTESIAN_POINT ('', (22.6125046262029, 21.4032124826816, -4.29010283671488));
#5118 = CARTESIAN_POINT ('', (26.3625046262028, 14.9080219542985, -4.29010283671577));
#5119 = CARTESIAN_POINT ('', (32.857695154586, 18.6580219542984, -4.29010283671529));
#5120 = CARTESIAN_POINT ('', (22.6125046262029, 21.4032124826806, 3.5000000000005));
#5121 = CARTESIAN_POINT ('', (26.3625046262029, 14.9080219542974, 3.4999999999996));
#5122 = CARTESIAN_POINT ('', (32.857695154586, 18.6580219542974, 3.50000000000008));
#5123 = (
   BOUNDED_SURFACE ()
   B_SPLINE_SURFACE (1, 2, ((#5117, #5118, #5119), (#5120, #5121, #5122)), .UNSPECIFIED., .F., .F., .U.)
   B_SPLINE_SURFACE_WITH_KNOTS ((2, 2), (3, 3), (-0.281384278461345, 0.), (0., 0.425537441824646), .UNSPECIFIED.)
   GEOMETRIC_REPRESENTATION_ITEM ()
   RATIONAL_B_SPLINE_SURFACE (((1., 0.707106781186547, 1.), (1., 0.707106781186547, 1.)))
   REPRESENTATION_ITEM ('')
   SURFACE ()
);
#5124 = ADVANCED_FACE ('', (#5116), #5123, .T.);
#5125 = ORIENTED_EDGE ('', *, *, #3609, .F.);
#5126 = CARTESIAN_POINT ('', (8.67052659170577, 111.531794817946, -12.1753320507025));
#5127 = VERTEX_POINT ('', #5126);
#5128 = CARTESIAN_POINT ('', (8.67052659170569, 111.531794817945, -12.1753320507024));
#5129 = CARTESIAN_POINT ('', (8.67052659170569, 111.531794817943, 3.50000000001211));
#5130 = B_SPLINE_CURVE_WITH_KNOTS ('', 1, (#5128, #5129), .UNSPECIFIED., .F., .U., (2, 2), (-0.263299165440006, 0.274436768285982), .UNSPECIFIED.);
#5131 = EDGE_CURVE ('', #5127, #3597, #5130, .T.);
#5132 = ORIENTED_EDGE ('', *, *, #5131, .F.);
#5133 = CARTESIAN_POINT ('', (9.11171088366635, 112.015455700279, -12.2176468948975));
#5134 = VERTEX_POINT ('', #5133);
#5135 = CARTESIAN_POINT ('', (8.67052659170579, 111.531794817945, -12.1753320507024));
#5136 = CARTESIAN_POINT ('', (8.67113561184791, 111.555415426451, -12.1773985861722));
#5137 = CARTESIAN_POINT ('', (8.67338641197995, 111.578700330424, -12.1794357513012));
#5138 = CARTESIAN_POINT ('', (8.68125078781486, 111.625363743512, -12.1835182709478));
#5139 = CARTESIAN_POINT ('', (8.68668415940402, 111.647821069923, -12.1854830324219));
#5140 = CARTESIAN_POINT ('', (8.69864594207578, 111.68544411805, -12.1887746226203));
#5141 = CARTESIAN_POINT ('', (8.70398573359641, 111.699859866091, -12.1900358371501));
#5142 = CARTESIAN_POINT ('', (8.71633661168792, 111.728936237866, -12.1925796900569));
#5143 = CARTESIAN_POINT ('', (8.72296590405924, 111.742710925258, -12.1937848190473));
#5144 = CARTESIAN_POINT ('', (8.73800705616168, 111.770544137087, -12.1962199095518));
#5145 = CARTESIAN_POINT ('', (8.74585120653048, 111.783562958721, -12.1973589088573));
#5146 = CARTESIAN_POINT ('', (8.76345740906378, 111.809907756424, -12.1996637799991));
#5147 = CARTESIAN_POINT ('', (8.77243128154883, 111.822063861836, -12.2007273014154));
#5148 = CARTESIAN_POINT ('', (8.78686266052465, 111.839810231734, -12.2022799076001));
#5149 = CARTESIAN_POINT ('', (8.79129243164439, 111.845031049853, -12.2027366699999));
#5150 = CARTESIAN_POINT ('', (8.80057692971656, 111.855521451445, -12.203654461215));
#5151 = CARTESIAN_POINT ('', (8.80529976300878, 111.860637676739, -12.2041020729283));
#5152 = CARTESIAN_POINT ('', (8.82096576076285, 111.876910912727, -12.2055257965961));
#5153 = CARTESIAN_POINT ('', (8.83293576785437, 111.888214757822, -12.2065147548962));
#5154 = CARTESIAN_POINT ('', (8.85662941979537, 111.908544132818, -12.2082933447449));
#5155 = CARTESIAN_POINT ('', (8.86954580203324, 111.918600610603, -12.2091731725461));
#5156 = CARTESIAN_POINT ('', (8.89510452294334, 111.936614087265, -12.2107491475447));
#5157 = CARTESIAN_POINT ('', (8.90884092376218, 111.945348956069, -12.2115133495424));
#5158 = CARTESIAN_POINT ('', (8.93603589242344, 111.960877354615, -12.2128719083779));
#5159 = CARTESIAN_POINT ('', (8.95045996410698, 111.968228398926, -12.2135150414202));
#5160 = CARTESIAN_POINT ('', (8.97904713642944, 111.981125279132, -12.2146433722331));
#5161 = CARTESIAN_POINT ('', (8.99402167702294, 111.987042969689, -12.215161103071));
#5162 = CARTESIAN_POINT ('', (9.02374403260779, 111.997186046496, -12.216048507305));
#5163 = CARTESIAN_POINT ('', (9.03912822882502, 112.001634069965, -12.2164376589336));
#5164 = CARTESIAN_POINT ('', (9.07321884592435, 112.009760931193, -12.2171486671611));
#5165 = CARTESIAN_POINT ('', (9.09251017037078, 112.013187816113, -12.2174484807428));
#5166 = CARTESIAN_POINT ('', (9.11171088366637, 112.015455700278, -12.2176468948974));
#5167 = B_SPLINE_CURVE_WITH_KNOTS ('', 3, (#5135, #5136, #5137, #5138, #5139, #5140, #5141, #5142, #5143, #5144, #5145, #5146, #5147, #5148, #5149, #5150, #5151, #5152, #5153, #5154, #5155, #5156, #5157, #5158, #5159, #5160, #5161, #5162, #5163, #5164, #5165, #5166), .UNSPECIFIED., .F., .U., (4, 2, 2, 2, 2, 2, 2, 2, 2, 2, 2, 2, 2, 2, 2, 4), (0., 0.0711559666157709, 0.142491773286549, 0.19000340264028, 0.237570987396799, 0.285196272262975, 0.332881283176644, 0.35397475993705, 0.374998203013027, 0.421874820011057, 0.468809311667076, 0.515800084338386, 0.562845945358453, 0.609946043561122, 0.657099811242871, 0.715105418906231), .UNSPECIFIED.);
#5168 = EDGE_CURVE ('', #5127, #5134, #5167, .T.);
#5169 = ORIENTED_EDGE ('', *, *, #5168, .T.);
#5170 = CARTESIAN_POINT ('', (9.11171088366611, 112.015455700275, 3.50000000001219));
#5171 = CARTESIAN_POINT ('', (9.11171088366625, 112.015455700278, -12.2176468948974));
#5172 = B_SPLINE_CURVE_WITH_KNOTS ('', 1, (#5170, #5171), .UNSPECIFIED., .F., .U., (2, 2), (-0.274436768285982, 0.264750759076433), .UNSPECIFIED.);
#5173 = EDGE_CURVE ('', #3604, #5134, #5172, .T.);
#5174 = ORIENTED_EDGE ('', *, *, #5173, .F.);
#5175 = EDGE_LOOP ('', (#5125, #5132, #5169, #5174));
#5176 = FACE_OUTER_BOUND ('', #5175, .T.);
#5177 = CARTESIAN_POINT ('', (9.11171088371152, 112.015455700281, 3.5000000000142));
#5178 = CARTESIAN_POINT ('', (9.11171088371185, 112.015455700283, -12.2176468948974));
#5179 = CARTESIAN_POINT ('', (8.9265854119803, 111.993589683166, 3.50000000001419));
#5180 = CARTESIAN_POINT ('', (8.92658541198064, 111.993589683168, -12.2176468948975));
#5181 = CARTESIAN_POINT ('', (8.80095837763402, 111.855867458273, 3.50000000001417));
#5182 = CARTESIAN_POINT ('', (8.80095837763437, 111.855867458275, -12.2176468948975));
#5183 = CARTESIAN_POINT ('', (8.67533134330531, 111.718145233399, 3.50000000001415));
#5184 = CARTESIAN_POINT ('', (8.67533134330565, 111.718145233401, -12.2176468948975));
#5185 = CARTESIAN_POINT ('', (8.67052659170559, 111.531794817943, 3.50000000001413));
#5186 = CARTESIAN_POINT ('', (8.67052659170593, 111.531794817945, -12.2176468948975));
#5187 = (
   BOUNDED_SURFACE ()
   B_SPLINE_SURFACE (2, 1, ((#5177, #5178), (#5179, #5180), (#5181, #5182), (#5183, #5184), (#5185, #5186)), .UNSPECIFIED., .F., .F., .U.)
   B_SPLINE_SURFACE_WITH_KNOTS ((3, 2, 3), (2, 2), (0.0437814901710648, 0.0567383255766213, 0.0696951609806094), (0., 0.567733035537142), .UNSPECIFIED.)
   GEOMETRIC_REPRESENTATION_ITEM ()
   RATIONAL_B_SPLINE_SURFACE (((0.854650533807636, 0.854650533807636), (0.866229072183504, 0.866229072183504), (1., 1.), (0.866229072199696, 0.866229072199696), (0.854650533810439, 0.854650533810439)))
   REPRESENTATION_ITEM ('')
   SURFACE ()
);
#5188 = ADVANCED_FACE ('', (#5176), #5187, .T.);
#5189 = CARTESIAN_POINT ('', (16.5718423991561, 134.499999999999, -14.1847896256668));
#5190 = VERTEX_POINT ('', #5189);
#5191 = CARTESIAN_POINT ('', (9.0743341002843, 127.193311428389, -13.5455372077373));
#5192 = VERTEX_POINT ('', #5191);
#5193 = CARTESIAN_POINT ('', (16.5718423991559, 134.499999999997, -14.1847896256666));
#5194 = CARTESIAN_POINT ('', (16.5071371808335, 134.499999999997, -14.1847896256666));
#5195 = CARTESIAN_POINT ('', (16.4413968909341, 134.499144665422, -14.1847147935877));
#5196 = CARTESIAN_POINT ('', (16.3120243066412, 134.495777619199, -14.1844202152136));
#5197 = CARTESIAN_POINT ('', (16.2463607638991, 134.493213542785, -14.184195887595));
#5198 = CARTESIAN_POINT ('', (16.1171080501592, 134.486481481407, -14.1836069085423));
#5199 = CARTESIAN_POINT ('', (16.0515656527973, 134.482212259662, -14.1832334000375));
#5200 = CARTESIAN_POINT ('', (15.9225210726067, 134.472119565857, -14.1823504037451));
#5201 = CARTESIAN_POINT ('', (15.8571440901161, 134.466149956142, -14.1818281305694));
#5202 = CARTESIAN_POINT ('', (15.728395736334, 134.452703359262, -14.1806517057794));
#5203 = CARTESIAN_POINT ('', (15.6632282771286, 134.445039275784, -14.1799811853588));
#5204 = CARTESIAN_POINT ('', (15.5348640075112, 134.428247844776, -14.1785121255012));
#5205 = CARTESIAN_POINT ('', (15.4699499867597, 134.418896353522, -14.1776939760294));
#5206 = CARTESIAN_POINT ('', (15.3420573593065, 134.398771487895, -14.1759332784321));
#5207 = CARTESIAN_POINT ('', (15.2774404669874, 134.387740800524, -14.1749682183362));
#5208 = CARTESIAN_POINT ('', (15.1501066756764, 134.364296219341, -14.1729170832616));
#5209 = CARTESIAN_POINT ('', (15.0858303448968, 134.351595686048, -14.1718059305777));
#5210 = CARTESIAN_POINT ('', (14.9591421558835, 134.324847414956, -14.1694657600882));
#5211 = CARTESIAN_POINT ('', (14.8952495315049, 134.310487516335, -14.1682094317495));
#5212 = CARTESIAN_POINT ('', (14.7692932198603, 134.280453872659, -14.1655818284035));
#5213 = CARTESIAN_POINT ('', (14.7058271274711, 134.264446210567, -14.1641813394409));
#5214 = CARTESIAN_POINT ('', (14.5806884145303, 134.231147786508, -14.1612681048225));
#5215 = CARTESIAN_POINT ('', (14.5176913298029, 134.213505073975, -14.1597245674819));
#5216 = CARTESIAN_POINT ('', (14.3934553211957, 134.17696471792, -14.1565277005659));
#5217 = CARTESIAN_POINT ('', (14.3309693396649, 134.157700768108, -14.1548423233427));
#5218 = CARTESIAN_POINT ('', (14.2077204640965, 134.117943564112, -14.1513640186996));
#5219 = CARTESIAN_POINT ('', (14.1457872713947, 134.097073278372, -14.1495381052928));
#5220 = CARTESIAN_POINT ('', (14.0236092202432, 134.054126523834, -14.1457807511355));
#5221 = CARTESIAN_POINT ('', (13.9622700628239, 134.031665878865, -14.1438156993252));
#5222 = CARTESIAN_POINT ('', (13.8412457306178, 133.985559060448, -14.1397818754025));
#5223 = CARTESIAN_POINT ('', (13.7805413869983, 133.961525094603, -14.1376791758514));
#5224 = CARTESIAN_POINT ('', (13.6607528128359, 133.912289862441, -14.1333716511912));
#5225 = CARTESIAN_POINT ('', (13.600723565388, 133.886700661204, -14.1311328861743));
#5226 = CARTESIAN_POINT ('', (13.4822518753563, 133.83437080144, -14.126554616681));
#5227 = CARTESIAN_POINT ('', (13.4229374826704, 133.807245482112, -14.1241814587454));
#5228 = CARTESIAN_POINT ('', (13.3058628333188, 133.751856887821, -14.1193355846563));
#5229 = CARTESIAN_POINT ('', (13.2473025031651, 133.723215583434, -14.1168297952138));
#5230 = CARTESIAN_POINT ('', (13.1317040260866, 133.664806223988, -14.1117196384184));
#5231 = CARTESIAN_POINT ('', (13.073936388996, 133.634670066486, -14.1090830662748));
#5232 = CARTESIAN_POINT ('', (12.9314111943214, 133.557948641717, -14.102370811358));
#5233 = CARTESIAN_POINT ('', (12.8461163237917, 133.509868858609, -14.0981643753913));
#5234 = CARTESIAN_POINT ('', (12.6788243622373, 133.411227772551, -14.0895343986033));
#5235 = CARTESIAN_POINT ('', (12.5955568710926, 133.359919958809, -14.0850455465506));
#5236 = CARTESIAN_POINT ('', (12.4322213895964, 133.254835729384, -14.0758518677605));
#5237 = CARTESIAN_POINT ('', (12.351102368846, 133.200385722481, -14.0710881094277));
#5238 = CARTESIAN_POINT ('', (12.1919709136769, 133.089019533864, -14.0613448304236));
#5239 = CARTESIAN_POINT ('', (12.1131177913685, 133.031517662938, -14.056314068586));
#5240 = CARTESIAN_POINT ('', (11.95843109278, 132.914040086919, -14.0460361124659));
#5241 = CARTESIAN_POINT ('', (11.8819574704229, 132.853581011911, -14.0407466287954));
#5242 = CARTESIAN_POINT ('', (11.6944428196511, 132.699315928821, -14.0272501828472));
#5243 = CARTESIAN_POINT ('', (11.584271149468, 132.603155574303, -14.0188372419463));
#5244 = CARTESIAN_POINT ('', (11.2363895153504, 132.281170137183, -13.9906671663778));
#5245 = CARTESIAN_POINT ('', (11.0102709512031, 132.042482636216, -13.9697847159179));
#5246 = CARTESIAN_POINT ('', (10.7075557016973, 131.677755671138, -13.9378752411914));
#5247 = CARTESIAN_POINT ('', (10.61815883101, 131.563430663124, -13.9278730990327));
#5248 = CARTESIAN_POINT ('', (10.4741522182172, 131.36779284278, -13.9107570075957));
#5249 = CARTESIAN_POINT ('', (10.4183455131684, 131.288812575326, -13.9038471295513));
#5250 = CARTESIAN_POINT ('', (10.3093147466649, 131.127976281485, -13.8897757771566));
#5251 = CARTESIAN_POINT ('', (10.2566700368192, 131.046978658953, -13.8826894034125));
#5252 = CARTESIAN_POINT ('', (10.1539525131399, 130.882026687232, -13.8682579758607));
#5253 = CARTESIAN_POINT ('', (10.1045410421332, 130.799138388723, -13.8610061894023));
#5254 = CARTESIAN_POINT ('', (10.0082892943696, 130.630318657078, -13.8462363767039));
#5255 = CARTESIAN_POINT ('', (9.96217725449583, 130.545668801168, -13.8388304739426));
#5256 = CARTESIAN_POINT ('', (9.87253402790705, 130.37323457676, -13.823744434103));
#5257 = CARTESIAN_POINT ('', (9.82978248483099, 130.286954526651, -13.8161959078301));
#5258 = CARTESIAN_POINT ('', (9.74688057640535, 130.111164039458, -13.8008162330451));
#5259 = CARTESIAN_POINT ('', (9.70754540072416, 130.023387206984, -13.7931367552833));
#5260 = CARTESIAN_POINT ('', (9.6442002476456, 129.874363722105, -13.7800988897573));
#5261 = CARTESIAN_POINT ('', (9.61982867203804, 129.814906241125, -13.7748970342098));
#5262 = CARTESIAN_POINT ('', (9.57226552462362, 129.69446029995, -13.7643593797892));
#5263 = CARTESIAN_POINT ('', (9.5494491601089, 129.634423158853, -13.7591068105528));
#5264 = CARTESIAN_POINT ('', (9.50501162061823, 129.512786432982, -13.7484649759707));
#5265 = CARTESIAN_POINT ('', (9.48376387122214, 129.452210263815, -13.7431652478887));
#5266 = CARTESIAN_POINT ('', (9.44248106058769, 129.329463464324, -13.7324262944492));
#5267 = CARTESIAN_POINT ('', (9.42281427695621, 129.268389198375, -13.7270829885455));
#5268 = CARTESIAN_POINT ('', (9.38471324627342, 129.144613700342, -13.7162540356454));
#5269 = CARTESIAN_POINT ('', (9.36663871973722, 129.08308254206, -13.710870756842));
#5270 = CARTESIAN_POINT ('', (9.3317444380372, 128.958360333185, -13.6999589774756));
#5271 = CARTESIAN_POINT ('', (9.31527239522759, 128.896413734048, -13.6945393523071));
#5272 = CARTESIAN_POINT ('', (9.28360773838715, 128.770827363261, -13.6835519685699));
#5273 = CARTESIAN_POINT ('', (9.26874733639654, 128.708506995612, -13.6780996428938));
#5274 = CARTESIAN_POINT ('', (9.24033307716424, 128.582139521688, -13.6670439214872));
#5275 = CARTESIAN_POINT ('', (9.2270923992451, 128.51948725253, -13.6615625581917));
#5276 = CARTESIAN_POINT ('', (9.20194719836316, 128.392422192732, -13.6504458059291));
#5277 = CARTESIAN_POINT ('', (9.19033325015936, 128.329480057498, -13.644939082638));
#5278 = CARTESIAN_POINT ('', (9.16847364856282, 128.201801336229, -13.6337686419535));
#5279 = CARTESIAN_POINT ('', (9.15849235486846, 128.138611512519, -13.6282402487286));
#5280 = CARTESIAN_POINT ('', (9.1399327669439, 128.010403410023, -13.6170234931881));
#5281 = CARTESIAN_POINT ('', (9.13158896898489, 127.94700819132, -13.6114771302299));
#5282 = CARTESIAN_POINT ('', (9.11634167687346, 127.818355292406, -13.6002214600452));
#5283 = CARTESIAN_POINT ('', (9.10963913010769, 127.754797061774, -13.5946608353911));
#5284 = CARTESIAN_POINT ('', (9.09771427903805, 127.625784204587, -13.5833736729381));
#5285 = CARTESIAN_POINT ('', (9.09265565147108, 127.562105408342, -13.5778025001598));
#5286 = CARTESIAN_POINT ('', (9.08406124611036, 127.432817633167, -13.5664912854995));
#5287 = CARTESIAN_POINT ('', (9.08064811712338, 127.369060754543, -13.5609132813981));
#5288 = CARTESIAN_POINT ('', (9.07651247097957, 127.267222958383, -13.5520036287157));
#5289 = CARTESIAN_POINT ('', (9.07529118824237, 127.230431711288, -13.5487848116779));
#5290 = CARTESIAN_POINT ('', (9.07433410028411, 127.193311428387, -13.5455372077372));
#5291 = B_SPLINE_CURVE_WITH_KNOTS ('', 3, (#5193, #5194, #5195, #5196, #5197, #5198, #5199, #5200, #5201, #5202, #5203, #5204, #5205, #5206, #5207, #5208, #5209, #5210, #5211, #5212, #5213, #5214, #5215, #5216, #5217, #5218, #5219, #5220, #5221, #5222, #5223, #5224, #5225, #5226, #5227, #5228, #5229, #5230, #5231, #5232, #5233, #5234, #5235, #5236, #5237, #5238, #5239, #5240, #5241, #5242, #5243, #5244, #5245, #5246, #5247, #5248, #5249, #5250, #5251, #5252, #5253, #5254, #5255, #5256, #5257, #5258, #5259, #5260, #5261, #5262, #5263, #5264, #5265, #5266, #5267, #5268, #5269, #5270, #5271, #5272, #5273, #5274, #5275, #5276, #5277, #5278, #5279, #5280, #5281, #5282, #5283, #5284, #5285, #5286, #5287, #5288, #5289, #5290), .UNSPECIFIED., .F., .U., (4, 2, 2, 2, 2, 2, 2, 2, 2, 2, 2, 2, 2, 2, 2, 2, 2, 2, 2, 2, 2, 2, 2, 2, 2, 2, 2, 2, 2, 2, 2, 2, 2, 2, 2, 2, 2, 2, 2, 2, 2, 2, 2, 2, 2, 2, 2, 2, 4), (0., 0.194115654967419, 0.388250182343403, 0.582403414242249, 0.776575191125347, 0.970765361272396, 1.16497378028261, 1.35920031060709, 1.55344482111338, 1.74770718668336, 1.94198728784512, 2.13628501043976, 2.33060024532363, 2.52493288810646, 2.71928283892556, 2.91365000225615, 3.10803428675767, 3.30243560515552, 3.49685387415796, 3.69128901440689, 3.98286000839382, 4.27448732272962, 4.56617063462389, 4.85790965285879, 5.14970411928894, 5.58748112126458, 6.57427712762664, 7.01265636074984, 7.30485580016631, 7.59711013973751, 7.88941955094071, 8.18178426518391, 8.47420457619833, 8.76668084222934, 8.96156003232216, 9.15645600701596, 9.35136886977827, 9.54629873330725, 9.74124571964039, 9.93620996025124, 10.1311915961355, 10.3261907778868, 10.521207665765, 10.7162424297573, 10.9112952496349, 11.1063663150067, 11.3014558253732, 11.4965639901822, 11.6083870878061), .UNSPECIFIED.);
#5292 = EDGE_CURVE ('', #5190, #5192, #5291, .T.);
#5293 = ORIENTED_EDGE ('', *, *, #5292, .T.);
#5294 = CARTESIAN_POINT ('', (8.84910004005501, 118.457696313315, -12.7812699162437));
#5295 = VERTEX_POINT ('', #5294);
#5296 = CARTESIAN_POINT ('', (9.0743341002842, 127.193311428387, -13.5455372077372));
#5297 = CARTESIAN_POINT ('', (8.84910004005494, 118.457696313314, -12.7812699162436));
#5298 = B_SPLINE_CURVE_WITH_KNOTS ('', 1, (#5296, #5297), .UNSPECIFIED., .F., .U., (2, 2), (0., 1.), .UNSPECIFIED.);
#5299 = EDGE_CURVE ('', #5192, #5295, #5298, .T.);
#5300 = ORIENTED_EDGE ('', *, *, #5299, .T.);
#5301 = CARTESIAN_POINT ('', (9.26477383939425, 117.951942696309, -12.7370222082185));
#5302 = VERTEX_POINT ('', #5301);
#5303 = CARTESIAN_POINT ('', (9.26477383939417, 117.951942696308, -12.7370222082184));
#5304 = CARTESIAN_POINT ('', (9.24139412594083, 117.955934933491, -12.7373714837141));
#5305 = CARTESIAN_POINT ('', (9.21859128127026, 117.961514912941, -12.7378596686586));
#5306 = CARTESIAN_POINT ('', (9.17338155105789, 117.976037606794, -12.7391302397346));
#5307 = CARTESIAN_POINT ('', (9.15187648267764, 117.984664243328, -12.7398849726356));
#5308 = CARTESIAN_POINT ('', (9.11626359560646, 118.001960148955, -12.7413981683035));
#5309 = CARTESIAN_POINT ('', (9.10273606577761, 118.009335638766, -12.7420434400499));
#5310 = CARTESIAN_POINT ('', (9.07568029775621, 118.025782189182, -12.7434823267654));
#5311 = CARTESIAN_POINT ('', (9.06298357752394, 118.034341896324, -12.7442312041034));
#5312 = CARTESIAN_POINT ('', (9.03756843318383, 118.053269773114, -12.7458871787471));
#5313 = CARTESIAN_POINT ('', (9.02580476540926, 118.062920529988, -12.7467315105681));
#5314 = CARTESIAN_POINT ('', (9.00225413699101, 118.08416375901, -12.7485900522842));
#5315 = CARTESIAN_POINT ('', (8.99151561677921, 118.094803519699, -12.7495209107271));
#5316 = CARTESIAN_POINT ('', (8.97603481028363, 118.111649042726, -12.7509947030231));
#5317 = CARTESIAN_POINT ('', (8.97150781530512, 118.11678640646, -12.7514441641102));
#5318 = CARTESIAN_POINT ('', (8.96247026299594, 118.12748462497, -12.7523801369498));
#5319 = CARTESIAN_POINT ('', (8.95808140725455, 118.132906428836, -12.7528544833239));
#5320 = CARTESIAN_POINT ('', (8.9442476454815, 118.150747665961, -12.7544153893156));
#5321 = CARTESIAN_POINT ('', (8.93479789313184, 118.164212792594, -12.755593435249));
#5322 = CARTESIAN_POINT ('', (8.9181182366084, 118.190562397034, -12.7578987269258));
#5323 = CARTESIAN_POINT ('', (8.91004310364538, 118.204771117376, -12.759141828879));
#5324 = CARTESIAN_POINT ('', (8.8959263972756, 118.232610729855, -12.7615774793678));
#5325 = CARTESIAN_POINT ('', (8.88927712409109, 118.247427600967, -12.7628737876191));
#5326 = CARTESIAN_POINT ('', (8.87785142983924, 118.276506757701, -12.7654178841782));
#5327 = CARTESIAN_POINT ('', (8.87266670584618, 118.291793355283, -12.7667552881705));
#5328 = CARTESIAN_POINT ('', (8.86403567902495, 118.321851693403, -12.7693850520004));
#5329 = CARTESIAN_POINT ('', (8.86034149266192, 118.33746767106, -12.7707512730153));
#5330 = CARTESIAN_POINT ('', (8.85458381121125, 118.368237225457, -12.7734432602068));
#5331 = CARTESIAN_POINT ('', (8.85239337750676, 118.384041369783, -12.774825943672));
#5332 = CARTESIAN_POINT ('', (8.84923498286635, 118.418857715222, -12.7778719792033));
#5333 = CARTESIAN_POINT ('', (8.84860259439439, 118.438403077518, -12.7795819768287));
#5334 = CARTESIAN_POINT ('', (8.84910004005516, 118.457696313313, -12.7812699162435));
#5335 = B_SPLINE_CURVE_WITH_KNOTS ('', 3, (#5303, #5304, #5305, #5306, #5307, #5308, #5309, #5310, #5311, #5312, #5313, #5314, #5315, #5316, #5317, #5318, #5319, #5320, #5321, #5322, #5323, #5324, #5325, #5326, #5327, #5328, #5329, #5330, #5331, #5332, #5333, #5334), .UNSPECIFIED., .F., .U., (4, 2, 2, 2, 2, 2, 2, 2, 2, 2, 2, 2, 2, 2, 2, 4), (0., 0.0711620585029703, 0.142506084927639, 0.190020977156147, 0.237591131013188, 0.285217757578156, 0.332902460346725, 0.353995600783287, 0.375010030754659, 0.421885748892735, 0.468820705467713, 0.515812956532086, 0.562860837619375, 0.609962973795237, 0.657118296299657, 0.71523825717245), .UNSPECIFIED.);
#5336 = EDGE_CURVE ('', #5302, #5295, #5335, .T.);
#5337 = ORIENTED_EDGE ('', *, *, #5336, .F.);
#5338 = CARTESIAN_POINT ('', (11.0345129296319, 116.950695888926, -12.6494244631811));
#5339 = VERTEX_POINT ('', #5338);
#5340 = CARTESIAN_POINT ('', (9.26477383939385, 117.951942696307, -12.7370222082184));
#5341 = CARTESIAN_POINT ('', (9.3827894116998, 117.931790774558, -12.735259143517));
#5342 = CARTESIAN_POINT ('', (9.49975345951199, 117.904523461753, -12.7328735627617));
#5343 = CARTESIAN_POINT ('', (9.72920392500334, 117.836331576397, -12.7269075458487));
#5344 = CARTESIAN_POINT ('', (9.84216203202642, 117.795239524014, -12.7233124571041));
#5345 = CARTESIAN_POINT ('', (10.0007249754286, 117.726588402179, -12.7173062622052));
#5346 = CARTESIAN_POINT ('', (10.0488996527806, 117.704188265747, -12.715346504206));
#5347 = CARTESIAN_POINT ('', (10.1678326134891, 117.64498702287, -12.7101670665877));
#5348 = CARTESIAN_POINT ('', (10.2378614584101, 117.606576554803, -12.7068065860711));
#5349 = CARTESIAN_POINT ('', (10.3744630651606, 117.524421900164, -12.6996189851343));
#5350 = CARTESIAN_POINT ('', (10.4410827958637, 117.480639226201, -12.6957884975037));
#5351 = CARTESIAN_POINT ('', (10.570673199363, 117.387874203616, -12.6876726096558));
#5352 = CARTESIAN_POINT ('', (10.633634621049, 117.338908679222, -12.6833886813677));
#5353 = CARTESIAN_POINT ('', (10.7350935014337, 117.253305954335, -12.6758994133732));
#5354 = CARTESIAN_POINT ('', (10.7747565123809, 117.217988695339, -12.6728095535842));
#5355 = CARTESIAN_POINT ('', (10.8911654067953, 117.108658866693, -12.6632444329924));
#5356 = CARTESIAN_POINT ('', (10.9650285469042, 117.03150380319, -12.6564942396023));
#5357 = CARTESIAN_POINT ('', (11.0345139585794, 116.950694692295, -12.6494243584894));
#5358 = B_SPLINE_CURVE_WITH_KNOTS ('', 3, (#5340, #5341, #5342, #5343, #5344, #5345, #5346, #5347, #5348, #5349, #5350, #5351, #5352, #5353, #5354, #5355, #5356, #5357), .UNSPECIFIED., .F., .U., (4, 2, 2, 2, 2, 2, 2, 2, 4), (0., 0.359210179263133, 0.718330832070652, 0.87788283262068, 1.11719166729525, 1.35657838375522, 1.59592333281176, 1.75545227418791, 2.07588145907137), .UNSPECIFIED.);
#5359 = EDGE_CURVE ('', #5302, #5339, #5358, .T.);
#5360 = ORIENTED_EDGE ('', *, *, #5359, .T.);
#5361 = CARTESIAN_POINT ('', (11.0345129296318, 116.950695888924, -12.6494244631809));
#5362 = CARTESIAN_POINT ('', (11.1125341299854, 116.859960049576, -12.6414861058624));
#5363 = CARTESIAN_POINT ('', (11.184536431381, 116.765345916697, -12.6332084418262));
#5364 = CARTESIAN_POINT ('', (11.2955938513793, 116.599792368752, -12.6187243831745));
#5365 = CARTESIAN_POINT ('', (11.3368925419389, 116.532606873405, -12.6128464139783));
#5366 = CARTESIAN_POINT ('', (11.4149578960935, 116.393520776915, -12.6006779572814));
#5367 = CARTESIAN_POINT ('', (11.4506473463489, 116.323569838244, -12.5945580431447));
#5368 = CARTESIAN_POINT ('', (11.5063034984234, 116.202890813711, -12.5839999965727));
#5369 = CARTESIAN_POINT ('', (11.526990329933, 116.154725657328, -12.5797860914122));
#5370 = CARTESIAN_POINT ('', (11.5663333683666, 116.056004094795, -12.5711490738451));
#5371 = CARTESIAN_POINT ('', (11.5844106000294, 116.00690855517, -12.5668537706981));
#5372 = CARTESIAN_POINT ('', (11.618490454626, 115.906222832073, -12.5580449113483));
#5373 = CARTESIAN_POINT ('', (11.6339189415946, 115.856338278412, -12.5536805784179));
#5374 = CARTESIAN_POINT ('', (11.6626411648617, 115.753967348501, -12.5447242825761));
#5375 = CARTESIAN_POINT ('', (11.6753893392209, 115.703436718778, -12.5403034253145));
#5376 = CARTESIAN_POINT ('', (11.6986741411734, 115.599663633581, -12.5312244567807));
#5377 = CARTESIAN_POINT ('', (11.7087180714128, 115.548631052383, -12.5267596844554));
#5378 = CARTESIAN_POINT ('', (11.7265004504776, 115.443742220427, -12.5175831007288));
#5379 = CARTESIAN_POINT ('', (11.7338238854264, 115.392352615405, -12.5130870928663));
#5380 = CARTESIAN_POINT ('', (11.7460537270366, 115.286637063689, -12.5038381805327));
#5381 = CARTESIAN_POINT ('', (11.7506481244193, 115.235035780776, -12.4993236532545));
#5382 = CARTESIAN_POINT ('', (11.7572902685176, 115.128784418827, -12.4900278635998));
#5383 = CARTESIAN_POINT ('', (11.7591548082282, 115.077116836437, -12.4855075358689));
#5384 = CARTESIAN_POINT ('', (11.760016000242, 114.988443673048, -12.4777496393134));
#5385 = CARTESIAN_POINT ('', (11.7597424334338, 114.953743662651, -12.4747137817794));
#5386 = CARTESIAN_POINT ('', (11.7579430475533, 114.883136519125, -12.4685364571569));
#5387 = CARTESIAN_POINT ('', (11.7563914328425, 114.847239345739, -12.465395861433));
#5388 = CARTESIAN_POINT ('', (11.7510400459226, 114.759498549224, -12.4577195364093));
#5389 = CARTESIAN_POINT ('', (11.7462892065739, 114.705366127448, -12.4529835631746));
#5390 = CARTESIAN_POINT ('', (11.7342769514406, 114.600604729944, -12.443818128518));
#5391 = CARTESIAN_POINT ('', (11.7266668739934, 114.546904974924, -12.4391200087196));
#5392 = CARTESIAN_POINT ('', (11.7090899257474, 114.442884282805, -12.4300193773871));
#5393 = CARTESIAN_POINT ('', (11.6986534727457, 114.389764280799, -12.425371979405));
#5394 = CARTESIAN_POINT ('', (11.675558168081, 114.286778118778, -12.4163618577281));
#5395 = CARTESIAN_POINT ('', (11.6623355341309, 114.234382983877, -12.4117778774004));
#5396 = CARTESIAN_POINT ('', (11.6337834747714, 114.132722306338, -12.4028837205894));
#5397 = CARTESIAN_POINT ('', (11.6178221085136, 114.081194827032, -12.3983756502901));
#5398 = CARTESIAN_POINT ('', (11.5838900056402, 113.981146966173, -12.3896225966549));
#5399 = CARTESIAN_POINT ('', (11.5652445155019, 113.93062725104, -12.3852026942962));
#5400 = CARTESIAN_POINT ('', (11.5260240023718, 113.832475169036, -12.3766154998194));
#5401 = CARTESIAN_POINT ('', (11.5047560453393, 113.783100291894, -12.3722957578065));
#5402 = CARTESIAN_POINT ('', (11.4603534573943, 113.687121837788, -12.3638987311295));
#5403 = CARTESIAN_POINT ('', (11.4365316099644, 113.639025482848, -12.3596908453153));
#5404 = CARTESIAN_POINT ('', (11.3870677316264, 113.545492655005, -12.3515077832116));
#5405 = CARTESIAN_POINT ('', (11.3607673420572, 113.498804762768, -12.3474231219169));
#5406 = CARTESIAN_POINT ('', (11.3063771193245, 113.407982977944, -12.3394772453436));
#5407 = CARTESIAN_POINT ('', (11.2776801403211, 113.362829392836, -12.3355268185292));
#5408 = CARTESIAN_POINT ('', (11.2037305478214, 113.253028654328, -12.3259204986629));
#5409 = CARTESIAN_POINT ('', (11.1561851898968, 113.188170150978, -12.3202461148865));
#5410 = CARTESIAN_POINT ('', (11.0571610082366, 113.063808888501, -12.3093659142381));
#5411 = CARTESIAN_POINT ('', (11.0047920944528, 113.003164045504, -12.3040601779745));
#5412 = CARTESIAN_POINT ('', (10.8277708110976, 112.813967538872, -12.2875076284655));
#5413 = CARTESIAN_POINT ('', (10.6932472885924, 112.693850573432, -12.2769987556924));
#5414 = CARTESIAN_POINT ('', (10.4849667435666, 112.539096215457, -12.2634595037384));
#5415 = CARTESIAN_POINT ('', (10.4195828953554, 112.494438259581, -12.259552438863));
#5416 = CARTESIAN_POINT ('', (10.2842195449284, 112.409679293996, -12.2521369902422));
#5417 = CARTESIAN_POINT ('', (10.2157501975289, 112.370506034444, -12.248709774118));
#5418 = CARTESIAN_POINT ('', (10.0976403443247, 112.309032713346, -12.2433315554126));
#5419 = CARTESIAN_POINT ('', (10.0503246081343, 112.285979021219, -12.2413146186991));
#5420 = CARTESIAN_POINT ('', (9.95336258146926, 112.241878366795, -12.2374563113829));
#5421 = CARTESIAN_POINT ('', (9.90497237366204, 112.221399351812, -12.2356646297317));
#5422 = CARTESIAN_POINT ('', (9.80575839311084, 112.18247966707, -12.2322595985289));
#5423 = CARTESIAN_POINT ('', (9.75643518015611, 112.164624334066, -12.2306974593075));
#5424 = CARTESIAN_POINT ('', (9.65524758461572, 112.130999606088, -12.2277556767953));
#5425 = CARTESIAN_POINT ('', (9.60513519468536, 112.115809128079, -12.226426682176));
#5426 = CARTESIAN_POINT ('', (9.50225817284471, 112.087578236983, -12.2239567992438));
#5427 = CARTESIAN_POINT ('', (9.45150235398117, 112.075085816226, -12.2228638540476));
#5428 = CARTESIAN_POINT ('', (9.34722509058883, 112.052332208094, -12.2208731712818));
#5429 = CARTESIAN_POINT ('', (9.29597305940675, 112.04256296394, -12.220018473167));
#5430 = CARTESIAN_POINT ('', (9.19926833220009, 112.026771681373, -12.2186369149599));
#5431 = CARTESIAN_POINT ('', (9.15601095239305, 112.020688184239, -12.2181046779261));
#5432 = CARTESIAN_POINT ('', (9.11171088366622, 112.015455700278, -12.2176468948974));
#5433 = B_SPLINE_CURVE_WITH_KNOTS ('', 3, (#5361, #5362, #5363, #5364, #5365, #5366, #5367, #5368, #5369, #5370, #5371, #5372, #5373, #5374, #5375, #5376, #5377, #5378, #5379, #5380, #5381, #5382, #5383, #5384, #5385, #5386, #5387, #5388, #5389, #5390, #5391, #5392, #5393, #5394, #5395, #5396, #5397, #5398, #5399, #5400, #5401, #5402, #5403, #5404, #5405, #5406, #5407, #5408, #5409, #5410, #5411, #5412, #5413, #5414, #5415, #5416, #5417, #5418, #5419, #5420, #5421, #5422, #5423, #5424, #5425, #5426, #5427, #5428, #5429, #5430, #5431, #5432), .UNSPECIFIED., .F., .U., (4, 2, 2, 2, 2, 2, 2, 2, 2, 2, 2, 2, 2, 2, 2, 2, 2, 2, 2, 2, 2, 2, 2, 2, 2, 2, 2, 2, 2, 2, 2, 2, 2, 2, 2, 4), (0., 0.359791411619006, 0.599636257710245, 0.839671519405238, 0.999576952264271, 1.15953989372546, 1.31956105491708, 1.47964128035014, 1.6397815507422, 1.79998298520413, 1.96024684296407, 2.12057452485636, 2.22729498215328, 2.33327359070508, 2.49201010474228, 2.65080980730716, 2.80967136284914, 2.96859357753786, 3.12757539756711, 3.28661590716631, 3.44571432609881, 3.60487000648495, 3.76408242884983, 3.92335119735584, 4.16226986223106, 4.40137736642863, 4.94114890162115, 5.18087532847108, 5.42079540674496, 5.58065087400224, 5.74056485468948, 5.900537963945, 6.06057087520258, 6.22066432401151, 6.3808191140008, 6.51465020488108), .UNSPECIFIED.);
#5434 = EDGE_CURVE ('', #5339, #5134, #5433, .T.);
#5435 = ORIENTED_EDGE ('', *, *, #5434, .T.);
#5436 = ORIENTED_EDGE ('', *, *, #5168, .F.);
#5437 = CARTESIAN_POINT ('', (8.55010416642763, 106.861258055511, -11.7667130314089));
#5438 = VERTEX_POINT ('', #5437);
#5439 = CARTESIAN_POINT ('', (8.67052659170571, 111.531794817945, -12.1753320507024));
#5440 = CARTESIAN_POINT ('', (8.55010416642757, 106.86125805551, -11.7667130314088));
#5441 = B_SPLINE_CURVE_WITH_KNOTS ('', 1, (#5439, #5440), .UNSPECIFIED., .F., .U., (2, 2), (2.22677851079702, 2.39633586419492), .UNSPECIFIED.);
#5442 = EDGE_CURVE ('', #5127, #5438, #5441, .T.);
#5443 = ORIENTED_EDGE ('', *, *, #5442, .T.);
#5444 = CARTESIAN_POINT ('', (10.7477015447748, 110.859563047829, -12.1165193915553));
#5445 = VERTEX_POINT ('', #5444);
#5446 = CARTESIAN_POINT ('', (8.5501041664274, 106.86125805551, -11.7667130314088));
#5447 = CARTESIAN_POINT ('', (8.61617502909059, 109.423719357399, -11.9908993460477));
#5448 = CARTESIAN_POINT ('', (10.7477015447747, 110.859563047828, -12.1165193915553));
#5449 = (
   BOUNDED_CURVE ()
   B_SPLINE_CURVE (2, (#5446, #5447, #5448), .UNSPECIFIED., .F., .U.)
   B_SPLINE_CURVE_WITH_KNOTS ((3, 3), (0., 0.950545524189833), .UNSPECIFIED.)
   CURVE ()
   GEOMETRIC_REPRESENTATION_ITEM ()
   RATIONAL_B_SPLINE_CURVE ((1., 0.889167943950461, 1.))
   REPRESENTATION_ITEM ('')
);
#5450 = EDGE_CURVE ('', #5438, #5445, #5449, .T.);
#5451 = ORIENTED_EDGE ('', *, *, #5450, .T.);
#5452 = CARTESIAN_POINT ('', (22.1006442774689, 118.507167517943, -12.7855980858197));
#5453 = VERTEX_POINT ('', #5452);
#5454 = CARTESIAN_POINT ('', (22.1006442774686, 118.507167517942, -12.7855980858195));
#5455 = CARTESIAN_POINT ('', (10.7477015447747, 110.859563047828, -12.1165193915552));
#5456 = B_SPLINE_CURVE_WITH_KNOTS ('', 1, (#5454, #5455), .UNSPECIFIED., .F., .U., (2, 2), (0., 13.704846920789), .UNSPECIFIED.);
#5457 = EDGE_CURVE ('', #5453, #5445, #5456, .T.);
#5458 = ORIENTED_EDGE ('', *, *, #5457, .F.);
#5459 = CARTESIAN_POINT ('', (26.3295017839717, 128.586511192498, -13.6674263931237));
#5460 = VERTEX_POINT ('', #5459);
#5461 = CARTESIAN_POINT ('', (26.3295017839713, 128.586511192497, -13.6674263931236));
#5462 = CARTESIAN_POINT ('', (27.5319237181601, 122.165802808108, -13.1056871976845));
#5463 = CARTESIAN_POINT ('', (22.1006442774686, 118.507167517942, -12.7855980858195));
#5464 = (
   BOUNDED_CURVE ()
   B_SPLINE_CURVE (2, (#5461, #5462, #5463), .UNSPECIFIED., .F., .U.)
   B_SPLINE_CURVE_WITH_KNOTS ((3, 3), (0., 1.16066488714385), .UNSPECIFIED.)
   CURVE ()
   GEOMETRIC_REPRESENTATION_ITEM ()
   RATIONAL_B_SPLINE_CURVE ((1., 0.836280416661101, 1.))
   REPRESENTATION_ITEM ('')
);
#5465 = EDGE_CURVE ('', #5460, #5453, #5464, .T.);
#5466 = ORIENTED_EDGE ('', *, *, #5465, .F.);
#5467 = CARTESIAN_POINT ('', (31.2375339589163, 134.499999999999, -14.1847896256668));
#5468 = VERTEX_POINT ('', #5467);
#5469 = CARTESIAN_POINT ('', (26.3295017839713, 128.586511192497, -13.6674263931236));
#5470 = CARTESIAN_POINT ('', (26.2693011986444, 128.907971066076, -13.6955504878402));
#5471 = CARTESIAN_POINT ('', (26.2125139403697, 129.559598125078, -13.7525604683495));
#5472 = CARTESIAN_POINT ('', (26.282878074048, 130.20989094863, -13.8094537183825));
#5473 = CARTESIAN_POINT ('', (26.4166299916607, 130.849496227038, -13.8654119293745));
#5474 = CARTESIAN_POINT ('', (26.6122553691815, 131.472423069724, -13.9199109663154));
#5475 = CARTESIAN_POINT ('', (26.9248417227887, 132.046000356315, -13.9700924765481));
#5476 = CARTESIAN_POINT ('', (27.2915889122124, 132.585114603176, -14.0172588614936));
#5477 = CARTESIAN_POINT ('', (27.7085198407074, 133.084879974745, -14.0609826659287));
#5478 = CARTESIAN_POINT ('', (28.2143925216934, 133.495070194336, -14.0968696600321));
#5479 = CARTESIAN_POINT ('', (28.6891865706503, 133.808334622168, -14.1242767461532));
#5480 = CARTESIAN_POINT ('', (29.1134824532042, 134.04573891499, -14.1450469304475));
#5481 = CARTESIAN_POINT ('', (29.5678947305014, 134.21920703272, -14.160223424232));
#5482 = CARTESIAN_POINT ('', (30.0338767540552, 134.359045222201, -14.1724576805396));
#5483 = CARTESIAN_POINT ('', (30.5088663615043, 134.4644831314, -14.1816823023004));
#5484 = CARTESIAN_POINT ('', (30.9941986740683, 134.499999999997, -14.1847896256666));
#5485 = CARTESIAN_POINT ('', (31.2375339589159, 134.499999999997, -14.1847896256666));
#5486 = B_SPLINE_CURVE_WITH_KNOTS ('', 3, (#5469, #5470, #5471, #5472, #5473, #5474, #5475, #5476, #5477, #5478, #5479, #5480, #5481, #5482, #5483, #5484, #5485), .UNSPECIFIED., .F., .U., (4, 1, 2, 1, 2, 1, 2, 1, 2, 1, 4), (0., 0.0358277639096806, 0.0716555278193612, 0.107410976191977, 0.143166424564592, 0.178769689981395, 0.214372955398197, 0.240935661871885, 0.267498368345572, 0.294061479978909, 0.320624591612245), .UNSPECIFIED.);
#5487 = EDGE_CURVE ('', #5460, #5468, #5486, .T.);
#5488 = ORIENTED_EDGE ('', *, *, #5487, .T.);
#5489 = CARTESIAN_POINT ('', (31.2375339589159, 134.499999999997, -14.1847896256666));
#5490 = CARTESIAN_POINT ('', (16.5718423991559, 134.499999999997, -14.1847896256666));
#5491 = B_SPLINE_CURVE_WITH_KNOTS ('', 1, (#5489, #5490), .UNSPECIFIED., .F., .U., (2, 2), (-0.477314025811311, 1.), .UNSPECIFIED.);
#5492 = EDGE_CURVE ('', #5468, #5190, #5491, .T.);
#5493 = ORIENTED_EDGE ('', *, *, #5492, .T.);
#5494 = EDGE_LOOP ('', (#5293, #5300, #5337, #5360, #5435, #5436, #5443, #5451, #5458, #5466, #5488, #5493));
#5495 = FACE_OUTER_BOUND ('', #5494, .T.);
#5496 = CARTESIAN_POINT ('', (8.55010416642762, 106.86125805551, -11.7667130314088));
#5497 = CARTESIAN_POINT ('', (8.55010416642762, 134.499999999998, -14.1847896256667));
#5498 = CARTESIAN_POINT ('', (31.2375339589161, 106.86125805551, -11.7667130314088));
#5499 = CARTESIAN_POINT ('', (31.2375339589161, 134.499999999998, -14.1847896256667));
#5500 = B_SPLINE_SURFACE_WITH_KNOTS ('', 1, 1, ((#5496, #5497), (#5498, #5499)), .UNSPECIFIED., .F., .F., .U., (2, 2), (2, 2), (0.416469624370315, 0.935656505012755), (0.274489130057423, 0.909399552412582), .UNSPECIFIED.);
#5501 = ADVANCED_FACE ('', (#5495), #5500, .T.);
#5502 = ORIENTED_EDGE ('', *, *, #5434, .F.);
#5503 = CARTESIAN_POINT ('', (11.0345129296318, 116.950695888924, -12.6494244631809));
#5504 = CARTESIAN_POINT ('', (11.0345129296318, 116.950695888924, -9.93294964211625));
#5505 = CARTESIAN_POINT ('', (11.0345129296317, 116.950695888924, -7.21647482105156));
#5506 = CARTESIAN_POINT ('', (11.0345129296317, 116.950695888923, -3.16666666661982));
#5507 = CARTESIAN_POINT ('', (11.0345044028718, 116.950705805193, -1.83333333327354));
#5508 = CARTESIAN_POINT ('', (11.0345037032033, 116.950706618874, 0.833333333408447));
#5509 = CARTESIAN_POINT ('', (11.0345139585796, 116.950694692293, 2.16666666669771));
#5510 = CARTESIAN_POINT ('', (11.0345139585795, 116.950694692292, 3.50000000001287));
#5511 = B_SPLINE_CURVE_WITH_KNOTS ('', 3, (#5503, #5504, #5505, #5506, #5507, #5508, #5509, #5510), .UNSPECIFIED., .F., .U., (4, 2, 2, 4), (-8.14942446319412, 0., 4.0000000001012, 8.0000000000467), .UNSPECIFIED.);
#5512 = EDGE_CURVE ('', #5339, #3629, #5511, .T.);
#5513 = ORIENTED_EDGE ('', *, *, #5512, .T.);
#5514 = ORIENTED_EDGE ('', *, *, #3659, .F.);
#5515 = ORIENTED_EDGE ('', *, *, #3626, .F.);
#5516 = ORIENTED_EDGE ('', *, *, #5173, .T.);
#5517 = EDGE_LOOP ('', (#5502, #5513, #5514, #5515, #5516));
#5518 = FACE_OUTER_BOUND ('', #5517, .T.);
#5519 = CARTESIAN_POINT ('', (9.11171088366612, 112.015455700275, 3.50000000001219));
#5520 = CARTESIAN_POINT ('', (11.6918515922981, 112.320207933508, 3.50000000001225));
#5521 = CARTESIAN_POINT ('', (11.7588166354291, 114.917420994271, 3.50000000001261));
#5522 = CARTESIAN_POINT ('', (11.7886291052754, 116.073686001181, 3.50000000001276));
#5523 = CARTESIAN_POINT ('', (11.0345129296317, 116.950695888922, 3.50000000001287));
#5524 = CARTESIAN_POINT ('', (9.11171088366624, 112.015455700278, -12.6494244631817));
#5525 = CARTESIAN_POINT ('', (11.6918515922983, 112.32020793351, -12.6494244631816));
#5526 = CARTESIAN_POINT ('', (11.7588166354292, 114.917420994273, -12.6494244631813));
#5527 = CARTESIAN_POINT ('', (11.7886291052755, 116.073686001183, -12.6494244631811));
#5528 = CARTESIAN_POINT ('', (11.0345129296319, 116.950695888924, -12.649424463181));
#5529 = (
   BOUNDED_SURFACE ()
   B_SPLINE_SURFACE (1, 2, ((#5519, #5520, #5521, #5522, #5523), (#5524, #5525, #5526, #5527, #5528)), .UNSPECIFIED., .F., .F., .U.)
   B_SPLINE_SURFACE_WITH_KNOTS ((2, 2), (3, 2, 3), (0., 0.583329160781377), (0.357213758594546, 0.510644930189575, 0.590673963163186), .UNSPECIFIED.)
   GEOMETRIC_REPRESENTATION_ITEM ()
   RATIONAL_B_SPLINE_SURFACE (((0.947934768606342, 0.735987099501191, 1., 0.862292017327186, 0.854074833851701), (0.947934768606342, 0.735987099501191, 1., 0.862292017327186, 0.854074833851701)))
   REPRESENTATION_ITEM ('')
   SURFACE ()
);
#5530 = ADVANCED_FACE ('', (#5518), #5529, .T.);
#5531 = ORIENTED_EDGE ('', *, *, #3676, .F.);
#5532 = ORIENTED_EDGE ('', *, *, #5512, .F.);
#5533 = ORIENTED_EDGE ('', *, *, #5359, .F.);
#5534 = CARTESIAN_POINT ('', (9.26477383939414, 117.951942696307, -12.7370222082184));
#5535 = CARTESIAN_POINT ('', (9.26477383939401, 117.951942696305, 3.50000000001296));
#5536 = B_SPLINE_CURVE_WITH_KNOTS ('', 1, (#5534, #5535), .UNSPECIFIED., .F., .U., (2, 2), (-0.282567719390877, 0.274436768285982), .UNSPECIFIED.);
#5537 = EDGE_CURVE ('', #5302, #3662, #5536, .T.);
#5538 = ORIENTED_EDGE ('', *, *, #5537, .T.);
#5539 = EDGE_LOOP ('', (#5531, #5532, #5533, #5538));
#5540 = FACE_OUTER_BOUND ('', #5539, .T.);
#5541 = CARTESIAN_POINT ('', (11.0345148175549, 116.950693693333, 3.50000000960798));
#5542 = CARTESIAN_POINT ('', (10.9416285054305, 117.058717331937, 3.500000009608));
#5543 = CARTESIAN_POINT ('', (10.8407734069806, 117.160363738973, 3.50000000960802));
#5544 = CARTESIAN_POINT ('', (10.6264542359266, 117.347583587155, 3.50000000960804));
#5545 = CARTESIAN_POINT ('', (10.5124836941182, 117.433667791773, 3.50000000960805));
#5546 = CARTESIAN_POINT ('', (10.2743890451837, 117.588228629146, 3.50000000960807));
#5547 = CARTESIAN_POINT ('', (10.1496954525622, 117.657135786216, 3.50000000960807));
#5548 = CARTESIAN_POINT ('', (9.89278580198426, 117.776177961551, 3.50000000960809));
#5549 = CARTESIAN_POINT ('', (9.75994998787293, 117.826656486666, 3.50000000960809));
#5550 = CARTESIAN_POINT ('', (9.50662402690983, 117.902913689228, 3.50000000960811));
#5551 = CARTESIAN_POINT ('', (9.38624210067597, 117.931201205597, 3.50000000961013));
#5552 = CARTESIAN_POINT ('', (9.26477383939399, 117.951942696305, 3.50000000961013));
#5553 = CARTESIAN_POINT ('', (11.0345148175548, 116.950693693336, -12.7370222082205));
#5554 = CARTESIAN_POINT ('', (10.9416285054304, 117.058717331939, -12.7370222082205));
#5555 = CARTESIAN_POINT ('', (10.8407734069805, 117.160363738975, -12.7370222082205));
#5556 = CARTESIAN_POINT ('', (10.6264542359264, 117.347583587158, -12.7370222082204));
#5557 = CARTESIAN_POINT ('', (10.5124836941181, 117.433667791775, -12.7370222082204));
#5558 = CARTESIAN_POINT ('', (10.2743890451836, 117.588228629149, -12.7370222082204));
#5559 = CARTESIAN_POINT ('', (10.1496954525621, 117.657135786219, -12.7370222082204));
#5560 = CARTESIAN_POINT ('', (9.89278580198413, 117.776177961553, -12.7370222082204));
#5561 = CARTESIAN_POINT ('', (9.75994998787279, 117.826656486668, -12.7370222082204));
#5562 = CARTESIAN_POINT ('', (9.50662402690969, 117.90291368923, -12.7370222082204));
#5563 = CARTESIAN_POINT ('', (9.38624210067585, 117.9312012056, -12.7370222082183));
#5564 = CARTESIAN_POINT ('', (9.26477383939386, 117.951942696308, -12.7370222082183));
#5565 = B_SPLINE_SURFACE_WITH_KNOTS ('', 1, 3, ((#5541, #5542, #5543, #5544, #5545, #5546, #5547, #5548, #5549, #5550, #5551, #5552), (#5553, #5554, #5555, #5556, #5557, #5558, #5559, #5560, #5561, #5562, #5563, #5564)), .UNSPECIFIED., .F., .F., .U., (2, 2), (4, 2, 2, 2, 2, 4), (0.140703210879099, 0.761713865743123), (128.829883269566, 129.257285610803, 129.683613793627, 130.108874143316, 130.53306212791, 130.902538323536), .UNSPECIFIED.);
#5566 = ADVANCED_FACE ('', (#5540), #5565, .T.);
#5567 = ORIENTED_EDGE ('', *, *, #3684, .F.);
#5568 = ORIENTED_EDGE ('', *, *, #5537, .F.);
#5569 = ORIENTED_EDGE ('', *, *, #5336, .T.);
#5570 = CARTESIAN_POINT ('', (8.84910004005492, 118.457696313311, 3.50000000001303));
#5571 = CARTESIAN_POINT ('', (8.84910004005492, 118.457696313313, -12.7812699162436));
#5572 = B_SPLINE_CURVE_WITH_KNOTS ('', 1, (#5570, #5571), .UNSPECIFIED., .F., .U., (2, 2), (-0.274436768285982, 0.284085619140193), .UNSPECIFIED.);
#5573 = EDGE_CURVE ('', #3679, #5295, #5572, .T.);
#5574 = ORIENTED_EDGE ('', *, *, #5573, .F.);
#5575 = EDGE_LOOP ('', (#5567, #5568, #5569, #5574));
#5576 = FACE_OUTER_BOUND ('', #5575, .T.);
#5577 = CARTESIAN_POINT ('', (8.84910004005722, 118.457696313405, 3.50000000001504));
#5578 = CARTESIAN_POINT ('', (8.84910004005772, 118.457696313408, -12.7812699162437));
#5579 = CARTESIAN_POINT ('', (8.84429528842102, 118.271345897897, 3.50000000001501));
#5580 = CARTESIAN_POINT ('', (8.84429528842152, 118.271345897899, -12.7812699162437));
#5581 = CARTESIAN_POINT ('', (8.96265822115848, 118.127332776438, 3.50000000001499));
#5582 = CARTESIAN_POINT ('', (8.96265822115898, 118.127332776441, -12.7812699162437));
#5583 = CARTESIAN_POINT ('', (9.08102115386188, 117.983319655021, 3.50000000001497));
#5584 = CARTESIAN_POINT ('', (9.08102115386238, 117.983319655023, -12.7812699162437));
#5585 = CARTESIAN_POINT ('', (9.26477383939387, 117.951942696305, 3.50000000001497));
#5586 = CARTESIAN_POINT ('', (9.26477383939437, 117.951942696308, -12.7812699162437));
#5587 = (
   BOUNDED_SURFACE ()
   B_SPLINE_SURFACE (2, 1, ((#5577, #5578), (#5579, #5580), (#5581, #5582), (#5583, #5584), (#5585, #5586)), .UNSPECIFIED., .F., .F., .U.)
   B_SPLINE_SURFACE_WITH_KNOTS ((3, 2, 3), (2, 2), (0.0437814901694013, 0.0567383255766186, 0.0696951609806057), (0., 0.588091516100258), .UNSPECIFIED.)
   GEOMETRIC_REPRESENTATION_ITEM ()
   RATIONAL_B_SPLINE_SURFACE (((0.854650533804666, 0.854650533804666), (0.86622907216635, 0.86622907216635), (1., 1.), (0.8662290721997, 0.8662290721997), (0.854650533810439, 0.854650533810439)))
   REPRESENTATION_ITEM ('')
   SURFACE ()
);
#5588 = ADVANCED_FACE ('', (#5576), #5587, .T.);
#5589 = CARTESIAN_POINT ('', (9.07433410028418, 127.193311428387, -13.5455372077372));
#5590 = CARTESIAN_POINT ('', (9.07433410028418, 127.193311428385, 3.50000000001423));
#5591 = B_SPLINE_CURVE_WITH_KNOTS ('', 1, (#5589, #5590), .UNSPECIFIED., .F., .U., (2, 2), (-0.73141247343199, 0.818181818181823), .UNSPECIFIED.);
#5592 = EDGE_CURVE ('', #5192, #3687, #5591, .T.);
#5593 = ORIENTED_EDGE ('', *, *, #5592, .T.);
#5594 = ORIENTED_EDGE ('', *, *, #3691, .F.);
#5595 = ORIENTED_EDGE ('', *, *, #5573, .T.);
#5596 = ORIENTED_EDGE ('', *, *, #5299, .F.);
#5597 = EDGE_LOOP ('', (#5593, #5594, #5595, #5596));
#5598 = FACE_OUTER_BOUND ('', #5597, .T.);
#5599 = CARTESIAN_POINT ('', (9.0743341002844, 127.193311428393, -13.5455372077369));
#5600 = CARTESIAN_POINT ('', (8.84910004005501, 118.457696313316, -13.5455372077379));
#5601 = CARTESIAN_POINT ('', (9.0743341002844, 127.193311428392, 3.50000000001446));
#5602 = CARTESIAN_POINT ('', (8.84910004005501, 118.457696313314, 3.50000000001353));
#5603 = B_SPLINE_SURFACE_WITH_KNOTS ('', 1, 1, ((#5599, #5600), (#5601, #5602)), .UNSPECIFIED., .F., .F., .U., (2, 2), (2, 2), (-0.366683289450867, 0.410183872106897), (5.98360804475164, 6.38187462994038), .UNSPECIFIED.);
#5604 = ADVANCED_FACE ('', (#5598), #5603, .T.);
#5605 = ORIENTED_EDGE ('', *, *, #5292, .F.);
#5606 = CARTESIAN_POINT ('', (16.5718423991559, 134.499999999997, -14.1847896256666));
#5607 = CARTESIAN_POINT ('', (16.5718423991559, 134.499999999995, 3.5000000000152));
#5608 = B_SPLINE_CURVE_WITH_KNOTS ('', 1, (#5606, #5607), .UNSPECIFIED., .F., .U., (2, 2), (-0.789526329607482, 0.818181818181823), .UNSPECIFIED.);
#5609 = EDGE_CURVE ('', #5190, #3694, #5608, .T.);
#5610 = ORIENTED_EDGE ('', *, *, #5609, .T.);
#5611 = ORIENTED_EDGE ('', *, *, #3734, .F.);
#5612 = ORIENTED_EDGE ('', *, *, #5592, .F.);
#5613 = EDGE_LOOP ('', (#5605, #5610, #5611, #5612));
#5614 = FACE_OUTER_BOUND ('', #5613, .T.);
#5615 = CARTESIAN_POINT ('', (16.5718423991559, 134.499999999997, -14.1847896256666));
#5616 = CARTESIAN_POINT ('', (9.26272554291736, 134.499999999997, -14.1847896256666));
#5617 = CARTESIAN_POINT ('', (9.07433410028403, 127.193311428388, -14.1847896256677));
#5618 = CARTESIAN_POINT ('', (16.5718423991559, 134.499999999995, 3.50000000001533));
#5619 = CARTESIAN_POINT ('', (9.26272554291731, 134.499999999995, 3.5000000000153));
#5620 = CARTESIAN_POINT ('', (9.07433410028398, 127.193311428385, 3.50000000001425));
#5621 = (
   BOUNDED_SURFACE ()
   B_SPLINE_SURFACE (1, 2, ((#5615, #5616, #5617), (#5618, #5619, #5620)), .UNSPECIFIED., .F., .F., .U.)
   B_SPLINE_SURFACE_WITH_KNOTS ((2, 2), (3, 3), (-0.638787686487253, 0.), (0., 0.417821682899974), .UNSPECIFIED.)
   GEOMETRIC_REPRESENTATION_ITEM ()
   RATIONAL_B_SPLINE_SURFACE (((1., 0.712417461857436, 0.98957122303626), (1., 0.712417461857436, 0.98957122303626)))
   REPRESENTATION_ITEM ('')
   SURFACE ()
);
#5622 = ADVANCED_FACE ('', (#5614), #5621, .T.);
#5623 = ORIENTED_EDGE ('', *, *, #3748, .F.);
#5624 = CARTESIAN_POINT ('', (17.4999999999996, 134.499999999998, -7.9999999999845));
#5625 = VERTEX_POINT ('', #5624);
#5626 = CARTESIAN_POINT ('', (17.4999999999994, 134.499999999997, -7.99999999998438));
#5627 = CARTESIAN_POINT ('', (17.4999999999994, 134.499999999995, 3.5000000000152));
#5628 = B_SPLINE_CURVE_WITH_KNOTS ('', 1, (#5626, #5627), .UNSPECIFIED., .F., .U., (2, 2), (-0.277777777777764, 1.), .UNSPECIFIED.);
#5629 = EDGE_CURVE ('', #5625, #3737, #5628, .T.);
#5630 = ORIENTED_EDGE ('', *, *, #5629, .F.);
#5631 = CARTESIAN_POINT ('', (17.5, 137.500000000001, -7.99999999998427));
#5632 = VERTEX_POINT ('', #5631);
#5633 = CARTESIAN_POINT ('', (17.4999999999994, 134.499999999996, -7.99999999998438));
#5634 = CARTESIAN_POINT ('', (17.4999999999994, 137.499999999999, -7.99999999998399));
#5635 = B_SPLINE_CURVE_WITH_KNOTS ('', 1, (#5633, #5634), .UNSPECIFIED., .F., .U., (2, 2), (18.7057291666669, 21.1276041666691), .UNSPECIFIED.);
#5636 = EDGE_CURVE ('', #5625, #5632, #5635, .T.);
#5637 = ORIENTED_EDGE ('', *, *, #5636, .T.);
#5638 = CARTESIAN_POINT ('', (17.4999999999994, 137.499999999995, 3.50000000001559));
#5639 = CARTESIAN_POINT ('', (17.4999999999994, 137.499999999996, -7.99999999998398));
#5640 = B_SPLINE_CURVE_WITH_KNOTS ('', 1, (#5638, #5639), .UNSPECIFIED., .F., .U., (2, 2), (0., 1.), .UNSPECIFIED.);
#5641 = EDGE_CURVE ('', #3744, #5632, #5640, .T.);
#5642 = ORIENTED_EDGE ('', *, *, #5641, .F.);
#5643 = EDGE_LOOP ('', (#5623, #5630, #5637, #5642));
#5644 = FACE_OUTER_BOUND ('', #5643, .T.);
#5645 = CARTESIAN_POINT ('', (17.4999999999994, 134.499999999995, 3.50000000001529));
#5646 = CARTESIAN_POINT ('', (17.4999999999994, 137.499999999998, 3.50000000001568));
#5647 = CARTESIAN_POINT ('', (17.4999999999994, 134.499999999997, -7.99999999998446));
#5648 = CARTESIAN_POINT ('', (17.4999999999995, 137.499999999999, -7.99999999998407));
#5649 = B_SPLINE_SURFACE_WITH_KNOTS ('', 1, 1, ((#5645, #5646), (#5647, #5648)), .UNSPECIFIED., .F., .F., .U., (2, 2), (2, 2), (0.0683639786844923, 0.592487815265681), (1.05603969653926, 1.19276765390839), .UNSPECIFIED.);
#5650 = ADVANCED_FACE ('', (#5644), #5649, .T.);
#5651 = CARTESIAN_POINT ('', (24.5, 137.500000000001, -7.99999999998426));
#5652 = VERTEX_POINT ('', #5651);
#5653 = CARTESIAN_POINT ('', (24.4999999999992, 137.499999999996, -7.99999999998398));
#5654 = CARTESIAN_POINT ('', (17.4999999999993, 137.499999999996, -7.99999999998399));
#5655 = B_SPLINE_CURVE_WITH_KNOTS ('', 1, (#5653, #5654), .UNSPECIFIED., .F., .U., (2, 2), (0., 1.), .UNSPECIFIED.);
#5656 = EDGE_CURVE ('', #5652, #5632, #5655, .T.);
#5657 = ORIENTED_EDGE ('', *, *, #5656, .T.);
#5658 = ORIENTED_EDGE ('', *, *, #5636, .F.);
#5659 = CARTESIAN_POINT ('', (24.4999999999995, 134.499999999998, -7.99999999998449));
#5660 = VERTEX_POINT ('', #5659);
#5661 = CARTESIAN_POINT ('', (24.4999999999992, 134.499999999997, -7.99999999998438));
#5662 = CARTESIAN_POINT ('', (17.4999999999994, 134.499999999997, -7.99999999998439));
#5663 = B_SPLINE_CURVE_WITH_KNOTS ('', 1, (#5661, #5662), .UNSPECIFIED., .F., .U., (2, 2), (1.82629739509924, 2.08121509546794), .UNSPECIFIED.);
#5664 = EDGE_CURVE ('', #5660, #5625, #5663, .T.);
#5665 = ORIENTED_EDGE ('', *, *, #5664, .F.);
#5666 = CARTESIAN_POINT ('', (24.4999999999992, 137.499999999999, -7.99999999998398));
#5667 = CARTESIAN_POINT ('', (24.4999999999992, 134.499999999996, -7.99999999998438));
#5668 = B_SPLINE_CURVE_WITH_KNOTS ('', 1, (#5666, #5667), .UNSPECIFIED., .F., .U., (2, 2), (28.934895833331, 31.3567708333333), .UNSPECIFIED.);
#5669 = EDGE_CURVE ('', #5652, #5660, #5668, .T.);
#5670 = ORIENTED_EDGE ('', *, *, #5669, .F.);
#5671 = EDGE_LOOP ('', (#5657, #5658, #5665, #5670));
#5672 = FACE_OUTER_BOUND ('', #5671, .T.);
#5673 = CARTESIAN_POINT ('', (17.499999999999, 134.499999999997, -7.99999999998439));
#5674 = CARTESIAN_POINT ('', (17.499999999999, 137.499999999999, -7.999999999984));
#5675 = CARTESIAN_POINT ('', (24.4999999999994, 134.499999999997, -7.99999999998438));
#5676 = CARTESIAN_POINT ('', (24.4999999999994, 137.499999999999, -7.99999999998399));
#5677 = B_SPLINE_SURFACE_WITH_KNOTS ('', 1, 1, ((#5673, #5674), (#5675, #5676)), .UNSPECIFIED., .F., .F., .U., (2, 2), (2, 2), (0.417689200279195, 0.582310799720814), (0.708548548094733, 0.779100662141198), .UNSPECIFIED.);
#5678 = ADVANCED_FACE ('', (#5672), #5677, .T.);
#5679 = CARTESIAN_POINT ('', (3.94249713818116, 43.8702446026419, 4.03601966282845));
#5680 = VERTEX_POINT ('', #5679);
#5681 = CARTESIAN_POINT ('', (3.92477635981959, 43.8622221656316, 3.50000000000336));
#5682 = CARTESIAN_POINT ('', (3.93061952294177, 43.8648674449263, 3.67868303241115));
#5683 = CARTESIAN_POINT ('', (3.936473965637, 43.867517830637, 3.85734433400232));
#5684 = CARTESIAN_POINT ('', (3.94234106175092, 43.8701739447221, 4.03602583801102));
#5685 = B_SPLINE_CURVE_WITH_KNOTS ('', 3, (#5681, #5682, #5683, #5684), .UNSPECIFIED., .F., .U., (4, 4), (0., 0.53639434668385), .UNSPECIFIED.);
#5686 = EDGE_CURVE ('', #3760, #5680, #5685, .T.);
#5687 = ORIENTED_EDGE ('', *, *, #5686, .T.);
#5688 = CARTESIAN_POINT ('', (4.85289771101694, 44.2823953050818, 5.00000000000342));
#5689 = VERTEX_POINT ('', #5688);
#5690 = CARTESIAN_POINT ('', (4.8528977110169, 44.2823953050814, 5.00000000000339));
#5691 = CARTESIAN_POINT ('', (4.83166332290227, 44.2727822092218, 5.0000000000034));
#5692 = CARTESIAN_POINT ('', (4.80954650319914, 44.2627696245987, 4.99913993076822));
#5693 = CARTESIAN_POINT ('', (4.76716931782648, 44.243584897304, 4.99583970093096));
#5694 = CARTESIAN_POINT ('', (4.74523981742989, 44.2336571146749, 4.99327317182329));
#5695 = CARTESIAN_POINT ('', (4.70315218668016, 44.2146034726901, 4.98668665174788));
#5696 = CARTESIAN_POINT ('', (4.68151654955562, 44.2048087259548, 4.9824389814));
#5697 = CARTESIAN_POINT ('', (4.63993013408728, 44.1859819909344, 4.97259660947135));
#5698 = CARTESIAN_POINT ('', (4.61869283144576, 44.1763675756288, 4.96670091989016));
#5699 = CARTESIAN_POINT ('', (4.57781662257202, 44.1578623607782, 4.95364944748292));
#5700 = CARTESIAN_POINT ('', (4.55707956680845, 44.1484744140277, 4.94614651311543));
#5701 = CARTESIAN_POINT ('', (4.51711885979976, 44.1303836593038, 4.92994874198799));
#5702 = CARTESIAN_POINT ('', (4.49698092666959, 44.1212669435054, 4.92088679829243));
#5703 = CARTESIAN_POINT ('', (4.45813631133932, 44.1036814586407, 4.90162124135897));
#5704 = CARTESIAN_POINT ('', (4.43869287312425, 44.0948791501215, 4.89105575380045));
#5705 = CARTESIAN_POINT ('', (4.39178467943673, 44.0736431738322, 4.86326157395203));
#5706 = CARTESIAN_POINT ('', (4.36392882820215, 44.0610324516996, 4.84459993475937));
#5707 = CARTESIAN_POINT ('', (4.31112826184192, 44.0371289182837, 4.80486495213701));
#5708 = CARTESIAN_POINT ('', (4.28540663320834, 44.025484387705, 4.7832261971588));
#5709 = CARTESIAN_POINT ('', (4.23665888421933, 44.0034156197499, 4.73752441904079));
#5710 = CARTESIAN_POINT ('', (4.2133259314417, 43.9928524751691, 4.71319431922722));
#5711 = CARTESIAN_POINT ('', (4.16918347231218, 43.9728685844725, 4.66202811232475));
#5712 = CARTESIAN_POINT ('', (4.14846353944569, 43.9634883894899, 4.63531839602251));
#5713 = CARTESIAN_POINT ('', (4.10942647006338, 43.9458157780624, 4.57925045652661));
#5714 = CARTESIAN_POINT ('', (4.0915114358388, 43.9377053987852, 4.55049523529274));
#5715 = CARTESIAN_POINT ('', (4.05802211631277, 43.9225443290553, 4.49014196665972));
#5716 = CARTESIAN_POINT ('', (4.04306938611509, 43.9157750250388, 4.45969387289742));
#5717 = CARTESIAN_POINT ('', (4.02012691502625, 43.9053886568212, 4.40644007814122));
#5718 = CARTESIAN_POINT ('', (4.01181020963035, 43.9016235713487, 4.38523997546474));
#5719 = CARTESIAN_POINT ('', (3.99622892400591, 43.8945697117548, 4.34133977564077));
#5720 = CARTESIAN_POINT ('', (3.9893100082832, 43.8914374246492, 4.31962224037499));
#5721 = CARTESIAN_POINT ('', (3.97656321905064, 43.8856667800639, 4.27460130111567));
#5722 = CARTESIAN_POINT ('', (3.97106646748696, 43.8831783259859, 4.25247812263053));
#5723 = CARTESIAN_POINT ('', (3.96121859523581, 43.878720060485, 4.20655676669405));
#5724 = CARTESIAN_POINT ('', (3.95716092890125, 43.8768830998329, 4.18414109037877));
#5725 = CARTESIAN_POINT ('', (3.95026209978113, 43.873759906205, 4.13754380376279));
#5726 = CARTESIAN_POINT ('', (3.9476529110782, 43.8725786910468, 4.11494954200632));
#5727 = CARTESIAN_POINT ('', (3.94414641557157, 43.8709912529132, 4.07280360865268));
#5728 = CARTESIAN_POINT ('', (3.94310219006321, 43.8705185178451, 4.05471677415725));
#5729 = CARTESIAN_POINT ('', (3.94249713818114, 43.8702446026416, 4.03601966282843));
#5730 = B_SPLINE_CURVE_WITH_KNOTS ('', 3, (#5690, #5691, #5692, #5693, #5694, #5695, #5696, #5697, #5698, #5699, #5700, #5701, #5702, #5703, #5704, #5705, #5706, #5707, #5708, #5709, #5710, #5711, #5712, #5713, #5714, #5715, #5716, #5717, #5718, #5719, #5720, #5721, #5722, #5723, #5724, #5725, #5726, #5727, #5728, #5729), .UNSPECIFIED., .F., .U., (4, 2, 2, 2, 2, 2, 2, 2, 2, 2, 2, 2, 2, 2, 2, 2, 2, 2, 2, 4), (0., 0.0699270881381814, 0.139903323999645, 0.209927551120973, 0.279998768943275, 0.350116121428783, 0.420278887653989, 0.490486474133064, 0.595820209902833, 0.701302337045502, 0.806932110712153, 0.912709621280055, 1.01863579603556, 1.12471241921265, 1.19536101359987, 1.26605543627814, 1.33679648835125, 1.40758511108791, 1.47842239599084, 1.53454910802932), .UNSPECIFIED.);
#5731 = EDGE_CURVE ('', #5689, #5680, #5730, .T.);
#5732 = ORIENTED_EDGE ('', *, *, #5731, .F.);
#5733 = CARTESIAN_POINT ('', (5.56834964054415, 44.6062901093196, 5.00000000000346));
#5734 = VERTEX_POINT ('', #5733);
#5735 = CARTESIAN_POINT ('', (4.85289771101689, 44.2823953050814, 5.00000000000339));
#5736 = CARTESIAN_POINT ('', (5.56834964054412, 44.6062901093193, 5.00000000000343));
#5737 = B_SPLINE_CURVE_WITH_KNOTS ('', 1, (#5735, #5736), .UNSPECIFIED., .F., .U., (2, 2), (0.0661740551822513, 0.121337856054726), .UNSPECIFIED.);
#5738 = EDGE_CURVE ('', #5689, #5734, #5737, .T.);
#5739 = ORIENTED_EDGE ('', *, *, #5738, .T.);
#5740 = CARTESIAN_POINT ('', (5.56834964054401, 44.6062901093194, 3.50000000000369));
#5741 = CARTESIAN_POINT ('', (5.56834964054401, 44.6062901093193, 4.0000000000036));
#5742 = CARTESIAN_POINT ('', (5.56834964054401, 44.6062901093193, 4.50000000000352));
#5743 = CARTESIAN_POINT ('', (5.56834964054401, 44.6062901093192, 5.00000000000343));
#5744 = B_SPLINE_CURVE_WITH_KNOTS ('', 3, (#5740, #5741, #5742, #5743), .UNSPECIFIED., .F., .U., (4, 4), (0., 1.49999999999975), .UNSPECIFIED.);
#5745 = EDGE_CURVE ('', #3767, #5734, #5744, .T.);
#5746 = ORIENTED_EDGE ('', *, *, #5745, .F.);
#5747 = ORIENTED_EDGE ('', *, *, #3771, .T.);
#5748 = EDGE_LOOP ('', (#5687, #5732, #5739, #5746, #5747));
#5749 = FACE_OUTER_BOUND ('', #5748, .T.);
#5750 = CARTESIAN_POINT ('', (5.56834964054399, 44.6062901093194, 3.50000000000346));
#5751 = CARTESIAN_POINT ('', (5.56834964054399, 44.6062901093192, 5.00000000000343));
#5752 = CARTESIAN_POINT ('', (3.92477635981953, 43.8622221656316, 3.50000000000336));
#5753 = CARTESIAN_POINT ('', (3.92477635981953, 43.8622221656314, 5.00000000000334));
#5754 = B_SPLINE_SURFACE_WITH_KNOTS ('', 1, 1, ((#5750, #5751), (#5752, #5753)), .UNSPECIFIED., .F., .F., .U., (2, 2), (2, 2), (1.3565263341049, 1.42222786101145), (0., 0.0546252215075793), .UNSPECIFIED.);
#5755 = ADVANCED_FACE ('', (#5749), #5754, .T.);
#5756 = CARTESIAN_POINT ('', (5.75915897303516, 42.5089259537583, 5.00000000000321));
#5757 = VERTEX_POINT ('', #5756);
#5758 = CARTESIAN_POINT ('', (5.7591589730351, 42.5089259537578, 5.00000000000315));
#5759 = CARTESIAN_POINT ('', (5.42843782454276, 43.081751786084, 5.00000000000323));
#5760 = CARTESIAN_POINT ('', (5.12484929770108, 43.6760198416387, 5.00000000000331));
#5761 = CARTESIAN_POINT ('', (4.85289771101693, 44.2823953050814, 5.00000000000339));
#5762 = B_SPLINE_CURVE_WITH_KNOTS ('', 3, (#5758, #5759, #5760, #5761), .UNSPECIFIED., .F., .U., (4, 4), (0., 1.98432689095405), .UNSPECIFIED.);
#5763 = EDGE_CURVE ('', #5757, #5689, #5762, .T.);
#5764 = ORIENTED_EDGE ('', *, *, #5763, .T.);
#5765 = ORIENTED_EDGE ('', *, *, #5731, .T.);
#5766 = CARTESIAN_POINT ('', (4.8939523428066, 42.0093986728913, 4.04347393101945));
#5767 = VERTEX_POINT ('', #5766);
#5768 = CARTESIAN_POINT ('', (4.89395234280655, 42.0093986728908, 4.0434739310194));
#5769 = CARTESIAN_POINT ('', (4.54680840652583, 42.6104604762153, 4.04107094919831));
#5770 = CARTESIAN_POINT ('', (4.22808493092557, 43.2339962137692, 4.03857313343279));
#5771 = CARTESIAN_POINT ('', (3.94249713818114, 43.8702446026416, 4.03601966282843));
#5772 = B_SPLINE_CURVE_WITH_KNOTS ('', 3, (#5768, #5769, #5770, #5771), .UNSPECIFIED., .F., .U., (4, 4), (0., 1.98081587270838), .UNSPECIFIED.);
#5773 = EDGE_CURVE ('', #5767, #5680, #5772, .T.);
#5774 = ORIENTED_EDGE ('', *, *, #5773, .F.);
#5775 = CARTESIAN_POINT ('', (4.89395234280652, 42.0093986728908, 4.0434739310194));
#5776 = CARTESIAN_POINT ('', (4.92999917851499, 42.0302103231904, 5.00000000000308));
#5777 = CARTESIAN_POINT ('', (5.7591589730351, 42.5089259537577, 5.00000000000316));
#5778 = (
   BOUNDED_CURVE ()
   B_SPLINE_CURVE (2, (#5775, #5776, #5777), .UNSPECIFIED., .F., .U.)
   B_SPLINE_CURVE_WITH_KNOTS ((3, 3), (0., 1.52730868995592), .UNSPECIFIED.)
   CURVE ()
   GEOMETRIC_REPRESENTATION_ITEM ()
   RATIONAL_B_SPLINE_CURVE ((1., 0.722313619910457, 1.))
   REPRESENTATION_ITEM ('')
);
#5779 = EDGE_CURVE ('', #5767, #5757, #5778, .T.);
#5780 = ORIENTED_EDGE ('', *, *, #5779, .T.);
#5781 = EDGE_LOOP ('', (#5764, #5765, #5774, #5780));
#5782 = FACE_OUTER_BOUND ('', #5781, .T.);
#5783 = CARTESIAN_POINT ('', (4.89395234280655, 42.0093986728908, 4.0434739310194));
#5784 = CARTESIAN_POINT ('', (4.5461930900237, 42.6115258649712, 4.04106668988621));
#5785 = CARTESIAN_POINT ('', (4.22695513838021, 43.236206732488, 4.03856427832219));
#5786 = CARTESIAN_POINT ('', (3.94097882787232, 43.8736279945235, 4.03600608413863));
#5787 = CARTESIAN_POINT ('', (4.92999917851498, 42.0302103231904, 5.0000000000031));
#5788 = CARTESIAN_POINT ('', (4.57903783424432, 42.6319336379364, 5.00000000000362));
#5789 = CARTESIAN_POINT ('', (4.25961116788559, 43.2520443731749, 5.00000000000369));
#5790 = CARTESIAN_POINT ('', (3.97278810494043, 43.8863550832155, 5.00000000000362));
#5791 = CARTESIAN_POINT ('', (5.7591589730351, 42.5089259537578, 5.00000000000315));
#5792 = CARTESIAN_POINT ('', (5.42843782454275, 43.0817517860841, 5.00000000000323));
#5793 = CARTESIAN_POINT ('', (5.12484929770108, 43.6760198416387, 5.0000000000033));
#5794 = CARTESIAN_POINT ('', (4.8528977110169, 44.2823953050814, 5.00000000000339));
#5795 = (
   BOUNDED_SURFACE ()
   B_SPLINE_SURFACE (2, 3, ((#5783, #5784, #5785, #5786), (#5787, #5788, #5789, #5790), (#5791, #5792, #5793, #5794)), .UNSPECIFIED., .F., .F., .U.)
   B_SPLINE_SURFACE_WITH_KNOTS ((3, 3), (4, 4), (0., 1.), (0., 1.98432689095405), .UNSPECIFIED.)
   GEOMETRIC_REPRESENTATION_ITEM ()
   RATIONAL_B_SPLINE_SURFACE (((1., 1., 1., 1.), (0.722313619910453, 0.721479056310943, 0.720614812506723, 0.719726494433303), (1., 1., 1., 1.)))
   REPRESENTATION_ITEM ('')
   SURFACE ()
);
#5796 = ADVANCED_FACE ('', (#5782), #5795, .T.);
#5797 = CARTESIAN_POINT ('', (19.145721239402, 19.3227199697265, 5.00000000000014));
#5798 = VERTEX_POINT ('', #5797);
#5799 = CARTESIAN_POINT ('', (19.1457212394017, 19.3227199697262, 5.00000000000009));
#5800 = CARTESIAN_POINT ('', (14.6835338172796, 27.0514552977368, 5.0000000000011));
#5801 = CARTESIAN_POINT ('', (10.2213463951574, 34.7801906257473, 5.00000000000213));
#5802 = CARTESIAN_POINT ('', (5.7591589730351, 42.5089259537578, 5.00000000000315));
#5803 = B_SPLINE_CURVE_WITH_KNOTS ('', 3, (#5799, #5800, #5801, #5802), .UNSPECIFIED., .F., .U., (4, 4), (0., 26.7731245327337), .UNSPECIFIED.);
#5804 = EDGE_CURVE ('', #5798, #5757, #5803, .T.);
#5805 = ORIENTED_EDGE ('', *, *, #5804, .T.);
#5806 = ORIENTED_EDGE ('', *, *, #5779, .F.);
#5807 = CARTESIAN_POINT ('', (18.2805146091734, 18.8231926888595, 4.04347393101637));
#5808 = VERTEX_POINT ('', #5807);
#5809 = CARTESIAN_POINT ('', (18.2805146091732, 18.8231926888592, 4.04347393101632));
#5810 = CARTESIAN_POINT ('', (13.818327187051, 26.5519280168698, 4.04347393101734));
#5811 = CARTESIAN_POINT ('', (9.35613976492879, 34.2806633448803, 4.04347393101837));
#5812 = CARTESIAN_POINT ('', (4.89395234280655, 42.0093986728908, 4.0434739310194));
#5813 = B_SPLINE_CURVE_WITH_KNOTS ('', 3, (#5809, #5810, #5811, #5812), .UNSPECIFIED., .F., .U., (4, 4), (0., 26.7731245327337), .UNSPECIFIED.);
#5814 = EDGE_CURVE ('', #5808, #5767, #5813, .T.);
#5815 = ORIENTED_EDGE ('', *, *, #5814, .F.);
#5816 = CARTESIAN_POINT ('', (18.2805146091731, 18.8231926888592, 4.04347393101632));
#5817 = CARTESIAN_POINT ('', (18.3165614448815, 18.8440043391588, 5.00000000000009));
#5818 = CARTESIAN_POINT ('', (19.1457212394017, 19.3227199697263, 5.00000000000009));
#5819 = (
   BOUNDED_CURVE ()
   B_SPLINE_CURVE (2, (#5816, #5817, #5818), .UNSPECIFIED., .F., .U.)
   B_SPLINE_CURVE_WITH_KNOTS ((3, 3), (0., 1.52730868995607), .UNSPECIFIED.)
   CURVE ()
   GEOMETRIC_REPRESENTATION_ITEM ()
   RATIONAL_B_SPLINE_CURVE ((1., 0.722313619910413, 1.))
   REPRESENTATION_ITEM ('')
);
#5820 = EDGE_CURVE ('', #5808, #5798, #5819, .T.);
#5821 = ORIENTED_EDGE ('', *, *, #5820, .T.);
#5822 = EDGE_LOOP ('', (#5805, #5806, #5815, #5821));
#5823 = FACE_OUTER_BOUND ('', #5822, .T.);
#5824 = CARTESIAN_POINT ('', (18.2805146091732, 18.8231926888592, 4.04347393101632));
#5825 = CARTESIAN_POINT ('', (16.7931188017991, 21.3994377981961, 4.04347393101666));
#5826 = CARTESIAN_POINT ('', (13.818327187051, 26.5519280168698, 4.04347393101734));
#5827 = CARTESIAN_POINT ('', (9.35613976492879, 34.2806633448803, 4.04347393101837));
#5828 = CARTESIAN_POINT ('', (6.38134815018063, 39.4331535635539, 4.04347393101905));
#5829 = CARTESIAN_POINT ('', (4.89395234280655, 42.0093986728908, 4.0434739310194));
#5830 = CARTESIAN_POINT ('', (18.3165614448816, 18.8440043391588, 5.00000000000002));
#5831 = CARTESIAN_POINT ('', (16.8291656375076, 21.4202494484957, 5.00000000000036));
#5832 = CARTESIAN_POINT ('', (13.8543740227595, 26.5727396671694, 5.00000000000104));
#5833 = CARTESIAN_POINT ('', (9.39218660063721, 34.3014749951798, 5.00000000000207));
#5834 = CARTESIAN_POINT ('', (6.41739498588907, 39.4539652138535, 5.00000000000274));
#5835 = CARTESIAN_POINT ('', (4.92999917851496, 42.0302103231904, 5.00000000000309));
#5836 = CARTESIAN_POINT ('', (19.1457212394017, 19.3227199697262, 5.00000000000009));
#5837 = CARTESIAN_POINT ('', (17.6583254320277, 21.8989650790631, 5.00000000000042));
#5838 = CARTESIAN_POINT ('', (14.6835338172795, 27.0514552977368, 5.0000000000011));
#5839 = CARTESIAN_POINT ('', (10.2213463951574, 34.7801906257473, 5.00000000000213));
#5840 = CARTESIAN_POINT ('', (7.24655478040918, 39.932680844421, 5.00000000000281));
#5841 = CARTESIAN_POINT ('', (5.7591589730351, 42.5089259537578, 5.00000000000315));
#5842 = (
   BOUNDED_SURFACE ()
   B_SPLINE_SURFACE (2, 3, ((#5824, #5825, #5826, #5827, #5828, #5829), (#5830, #5831, #5832, #5833, #5834, #5835), (#5836, #5837, #5838, #5839, #5840, #5841)), .UNSPECIFIED., .F., .F., .U.)
   B_SPLINE_SURFACE_WITH_KNOTS ((3, 3), (4, 1, 1, 4), (0., 1.), (0., 8.92437484424458, 17.8487496884892, 26.7731245327337), .UNSPECIFIED.)
   GEOMETRIC_REPRESENTATION_ITEM ()
   RATIONAL_B_SPLINE_SURFACE (((1., 1., 1., 1., 1., 1.), (0.722313619910454, 0.722313619910453, 0.722313619910454, 0.722313619910458, 0.722313619910459, 0.722313619910458), (1., 1., 1., 1., 1., 1.)))
   REPRESENTATION_ITEM ('')
   SURFACE ()
);
#5843 = ADVANCED_FACE ('', (#5823), #5842, .T.);
#5844 = CARTESIAN_POINT ('', (34.8573534205753, 15.1139766389786, 4.99999999999958));
#5845 = VERTEX_POINT ('', #5844);
#5846 = CARTESIAN_POINT ('', (34.8573534205749, 15.1139766389784, 4.99999999999953));
#5847 = CARTESIAN_POINT ('', (33.7447684311623, 14.4716253958447, 4.99999999999944));
#5848 = CARTESIAN_POINT ('', (32.5062335029281, 14.0121427571884, 4.99999999999938));
#5849 = CARTESIAN_POINT ('', (29.9815965169575, 13.5346275278583, 4.99999999999932));
#5850 = CARTESIAN_POINT ('', (28.6608206620115, 13.5100314274786, 4.99999999999932));
#5851 = CARTESIAN_POINT ('', (26.1201577840846, 13.8932075493644, 4.99999999999937));
#5852 = CARTESIAN_POINT ('', (24.865377722376, 14.3062448014366, 4.99999999999942));
#5853 = CARTESIAN_POINT ('', (22.5938941490136, 15.5071630983232, 4.99999999999958));
#5854 = CARTESIAN_POINT ('', (21.5459898734764, 16.3115501106877, 4.99999999999969));
#5855 = CARTESIAN_POINT ('', (20.0895844697948, 17.8820342212358, 4.99999999999989));
#5856 = CARTESIAN_POINT ('', (19.5742947398008, 18.5804088922574, 4.99999999999999));
#5857 = CARTESIAN_POINT ('', (19.1457212394017, 19.3227199697262, 5.00000000000009));
#5858 = B_SPLINE_CURVE_WITH_KNOTS ('', 3, (#5846, #5847, #5848, #5849, #5850, #5851, #5852, #5853, #5854, #5855, #5856, #5857), .UNSPECIFIED., .F., .U., (4, 2, 2, 2, 2, 4), (0., 3.85410745880225, 7.70819786633391, 11.5622931206123, 15.4164130565496, 17.987854058944), .UNSPECIFIED.);
#5859 = EDGE_CURVE ('', #5845, #5798, #5858, .T.);
#5860 = ORIENTED_EDGE ('', *, *, #5859, .T.);
#5861 = ORIENTED_EDGE ('', *, *, #5820, .F.);
#5862 = CARTESIAN_POINT ('', (35.3560758298333, 14.2501640872707, 4.07144112272017));
#5863 = VERTEX_POINT ('', #5862);
#5864 = CARTESIAN_POINT ('', (35.3560758298329, 14.2501640872706, 4.07144112272012));
#5865 = CARTESIAN_POINT ('', (34.1468263131379, 13.5524011267024, 4.07624828267742));
#5866 = CARTESIAN_POINT ('', (32.8008591570424, 13.0533782547983, 4.07974846073315));
#5867 = CARTESIAN_POINT ('', (30.0574239348304, 12.5347984517578, 4.08357856014682));
#5868 = CARTESIAN_POINT ('', (28.6222675826724, 12.5081071450142, 4.08396167702796));
#5869 = CARTESIAN_POINT ('', (25.8614727491229, 12.9242849022852, 4.08160366872444));
#5870 = CARTESIAN_POINT ('', (24.4979074350877, 13.3728769140389, 4.07882978702636));
#5871 = CARTESIAN_POINT ('', (22.0291910301317, 14.6773679526243, 4.07053171922505));
#5872 = CARTESIAN_POINT ('', (20.8901280622772, 15.5512078340041, 4.06489253332384));
#5873 = CARTESIAN_POINT ('', (19.3067983880386, 17.2576036210207, 4.05376365802149));
#5874 = CARTESIAN_POINT ('', (18.7090881095722, 18.0808816113905, 4.04347393101623));
#5875 = CARTESIAN_POINT ('', (18.2805146091732, 18.8231926888592, 4.04347393101633));
#5876 = B_SPLINE_CURVE_WITH_KNOTS ('', 3, (#5864, #5865, #5866, #5867, #5868, #5869, #5870, #5871, #5872, #5873, #5874, #5875), .UNSPECIFIED., .F., .U., (4, 2, 2, 2, 2, 4), (0., 3.85410745880225, 7.70819786633391, 11.5622931206123, 15.4164130565496, 17.987854058944), .UNSPECIFIED.);
#5877 = EDGE_CURVE ('', #5863, #5808, #5876, .T.);
#5878 = ORIENTED_EDGE ('', *, *, #5877, .F.);
#5879 = CARTESIAN_POINT ('', (35.3560758298329, 14.2501640872705, 4.07144112272013));
#5880 = CARTESIAN_POINT ('', (35.3228222164632, 14.307761035162, 4.99999999999947));
#5881 = CARTESIAN_POINT ('', (34.8573534205748, 15.1139766389784, 4.99999999999953));
#5882 = (
   BOUNDED_CURVE ()
   B_SPLINE_CURVE (2, (#5879, #5880, #5881), .UNSPECIFIED., .F., .U.)
   B_SPLINE_CURVE_WITH_KNOTS ((3, 3), (0., 1.49929429346999), .UNSPECIFIED.)
   CURVE ()
   GEOMETRIC_REPRESENTATION_ITEM ()
   RATIONAL_B_SPLINE_CURVE ((1., 0.731929341781231, 1.))
   REPRESENTATION_ITEM ('')
);
#5883 = EDGE_CURVE ('', #5863, #5845, #5882, .T.);
#5884 = ORIENTED_EDGE ('', *, *, #5883, .T.);
#5885 = EDGE_LOOP ('', (#5860, #5861, #5878, #5884));
#5886 = FACE_OUTER_BOUND ('', #5885, .T.);
#5887 = CARTESIAN_POINT ('', (35.3560758298329, 14.2501640872706, 4.07144112272012));
#5888 = CARTESIAN_POINT ('', (34.1468263131379, 13.5524011267024, 4.07624828267742));
#5889 = CARTESIAN_POINT ('', (32.8008591570424, 13.0533782547983, 4.07974846073315));
#5890 = CARTESIAN_POINT ('', (31.4291385115659, 12.794087779704, 4.08166351467625));
#5891 = CARTESIAN_POINT ('', (30.0574239348304, 12.5347984517578, 4.08357856014682));
#5892 = CARTESIAN_POINT ('', (28.6222675826724, 12.5081071450142, 4.08396167702796));
#5893 = CARTESIAN_POINT ('', (27.2418710338628, 12.7161958928078, 4.08278267361754));
#5894 = CARTESIAN_POINT ('', (25.8614727491229, 12.9242849022852, 4.08160366872444));
#5895 = CARTESIAN_POINT ('', (24.4979074350877, 13.3728769140389, 4.07882978702636));
#5896 = CARTESIAN_POINT ('', (23.2635531850173, 14.0251203448453, 4.07468076641089));
#5897 = CARTESIAN_POINT ('', (22.0291910301317, 14.6773679526243, 4.07053171922505));
#5898 = CARTESIAN_POINT ('', (20.8901280622772, 15.5512078340041, 4.06489253332384));
#5899 = CARTESIAN_POINT ('', (19.9404300481722, 16.5747222142206, 4.05821731530334));
#5900 = CARTESIAN_POINT ('', (19.3067983880386, 17.2576036210207, 4.05376365802149));
#5901 = CARTESIAN_POINT ('', (18.7090881095722, 18.0808816113905, 4.04347393101623));
#5902 = CARTESIAN_POINT ('', (18.2805146091732, 18.8231926888592, 4.04347393101633));
#5903 = CARTESIAN_POINT ('', (35.3228222164632, 14.307761035162, 4.99999999999941));
#5904 = CARTESIAN_POINT ('', (34.1174545614818, 13.6044659230761, 4.9999999999993));
#5905 = CARTESIAN_POINT ('', (32.7870910008194, 13.1225271592419, 4.99999999999926));
#5906 = CARTESIAN_POINT ('', (31.4151542826697, 12.8680228069519, 4.99999999999922));
#5907 = CARTESIAN_POINT ('', (30.0456434721005, 12.6139684783615, 4.99999999999921));
#5908 = CARTESIAN_POINT ('', (28.630850660771, 12.5858291054942, 4.99999999999923));
#5909 = CARTESIAN_POINT ('', (27.2532334960375, 12.7915351015948, 4.99999999999925));
#5910 = CARTESIAN_POINT ('', (25.8741130692885, 12.9974655649991, 4.99999999999926));
#5911 = CARTESIAN_POINT ('', (24.528248578306, 13.4383498144973, 4.99999999999927));
#5912 = CARTESIAN_POINT ('', (23.2959420484888, 14.0863824402985, 4.99999999999935));
#5913 = CARTESIAN_POINT ('', (22.0588316403162, 14.7369412800156, 4.99999999999944));
#5914 = CARTESIAN_POINT ('', (20.932830732341, 15.5980221615698, 4.9999999999996));
#5915 = CARTESIAN_POINT ('', (19.9807002538538, 16.6120672244425, 4.99999999999975));
#5916 = CARTESIAN_POINT ('', (19.3420912250155, 17.2922033480421, 4.99999999999985));
#5917 = CARTESIAN_POINT ('', (18.780908869232, 18.0419490801397, 4.99999999999995));
#5918 = CARTESIAN_POINT ('', (18.3165614448816, 18.8440043391588, 5.00000000000002));
#5919 = CARTESIAN_POINT ('', (34.8573534205749, 15.1139766389784, 4.99999999999953));
#5920 = CARTESIAN_POINT ('', (33.7447684311623, 14.4716253958447, 4.99999999999944));
#5921 = CARTESIAN_POINT ('', (32.5062335029281, 14.0121427571884, 4.99999999999938));
#5922 = CARTESIAN_POINT ('', (31.2439122175736, 13.7733846143687, 4.99999999999935));
#5923 = CARTESIAN_POINT ('', (29.9815965169575, 13.5346275278583, 4.99999999999932));
#5924 = CARTESIAN_POINT ('', (28.6608206620115, 13.5100314274786, 4.99999999999932));
#5925 = CARTESIAN_POINT ('', (27.390490021806, 13.7016193679549, 4.99999999999934));
#5926 = CARTESIAN_POINT ('', (26.1201577840846, 13.8932075493644, 4.99999999999937));
#5927 = CARTESIAN_POINT ('', (24.865377722376, 14.3062448014366, 4.99999999999942));
#5928 = CARTESIAN_POINT ('', (23.7296395723332, 14.9067020272133, 4.9999999999995));
#5929 = CARTESIAN_POINT ('', (22.5938941490136, 15.5071630983232, 4.99999999999958));
#5930 = CARTESIAN_POINT ('', (21.5459898734764, 16.3115501106877, 4.99999999999969));
#5931 = CARTESIAN_POINT ('', (20.67242238964, 17.2535432187801, 4.99999999999981));
#5932 = CARTESIAN_POINT ('', (20.0895844697948, 17.8820342212358, 4.99999999999989));
#5933 = CARTESIAN_POINT ('', (19.5742947398008, 18.5804088922574, 4.99999999999999));
#5934 = CARTESIAN_POINT ('', (19.1457212394017, 19.3227199697262, 5.00000000000009));
#5935 = (
   BOUNDED_SURFACE ()
   B_SPLINE_SURFACE (2, 3, ((#5887, #5888, #5889, #5890, #5891, #5892, #5893, #5894, #5895, #5896, #5897, #5898, #5899, #5900, #5901, #5902), (#5903, #5904, #5905, #5906, #5907, #5908, #5909, #5910, #5911, #5912, #5913, #5914, #5915, #5916, #5917, #5918), (#5919, #5920, #5921, #5922, #5923, #5924, #5925, #5926, #5927, #5928, #5929, #5930, #5931, #5932, #5933, #5934)), .UNSPECIFIED., .F., .F., .U.)
   B_SPLINE_SURFACE_WITH_KNOTS ((3, 3), (4, 3, 3, 3, 3, 4), (0., 1.), (0., 3.85410745880225, 7.70819786633391, 11.5622931206123, 15.4164130565496, 17.987854058944), .UNSPECIFIED.)
   GEOMETRIC_REPRESENTATION_ITEM ()
   RATIONAL_B_SPLINE_SURFACE (((1., 1., 1., 1., 1., 1., 1., 1., 1., 1., 1., 1., 1., 1., 1., 1.), (0.731929341781261, 0.73359720243408, 0.734763502801186, 0.735412644260698, 0.736061782848289, 0.736193767104286, 0.735792998613838, 0.735392229619401, 0.734458706538582, 0.733035049097765, 0.731611382539833, 0.729697575344234, 0.727398554887067, 0.725864665032271, 0.724159298954657, 0.722313619910454), (1., 1., 1., 1., 1., 1., 1., 1., 1., 1., 1., 1., 1., 1., 1., 1.)))
   REPRESENTATION_ITEM ('')
   SURFACE ()
);
#5936 = ADVANCED_FACE ('', (#5886), #5935, .T.);
#5937 = CARTESIAN_POINT ('', (56.0036548770408, 27.3227994772341, 5.0000000000012));
#5938 = VERTEX_POINT ('', #5937);
#5939 = CARTESIAN_POINT ('', (56.0036548770401, 27.3227994772338, 5.00000000000114));
#5940 = CARTESIAN_POINT ('', (48.954887724885, 23.253191864482, 5.0000000000006));
#5941 = CARTESIAN_POINT ('', (41.90612057273, 19.1835842517302, 5.00000000000007));
#5942 = CARTESIAN_POINT ('', (34.8573534205749, 15.1139766389784, 4.99999999999953));
#5943 = B_SPLINE_CURVE_WITH_KNOTS ('', 3, (#5939, #5940, #5941, #5942), .UNSPECIFIED., .F., .U., (4, 4), (0., 24.4176456765108), .UNSPECIFIED.);
#5944 = EDGE_CURVE ('', #5938, #5845, #5943, .T.);
#5945 = ORIENTED_EDGE ('', *, *, #5944, .T.);
#5946 = ORIENTED_EDGE ('', *, *, #5883, .F.);
#5947 = CARTESIAN_POINT ('', (56.5023772862988, 26.4589869255262, 4.07144112272178));
#5948 = VERTEX_POINT ('', #5947);
#5949 = CARTESIAN_POINT ('', (56.5023772862981, 26.4589869255259, 4.07144112272174));
#5950 = CARTESIAN_POINT ('', (49.453610134143, 22.3893793127741, 4.0714411227212));
#5951 = CARTESIAN_POINT ('', (42.4048429819879, 18.3197717000223, 4.07144112272067));
#5952 = CARTESIAN_POINT ('', (35.3560758298329, 14.2501640872706, 4.07144112272012));
#5953 = B_SPLINE_CURVE_WITH_KNOTS ('', 3, (#5949, #5950, #5951, #5952), .UNSPECIFIED., .F., .U., (4, 4), (0., 24.4176456765108), .UNSPECIFIED.);
#5954 = EDGE_CURVE ('', #5948, #5863, #5953, .T.);
#5955 = ORIENTED_EDGE ('', *, *, #5954, .F.);
#5956 = CARTESIAN_POINT ('', (56.5023772862981, 26.4589869255259, 4.07144112272174));
#5957 = CARTESIAN_POINT ('', (56.4691236729284, 26.5165838734173, 5.00000000000106));
#5958 = CARTESIAN_POINT ('', (56.0036548770401, 27.3227994772338, 5.00000000000115));
#5959 = (
   BOUNDED_CURVE ()
   B_SPLINE_CURVE (2, (#5956, #5957, #5958), .UNSPECIFIED., .F., .U.)
   B_SPLINE_CURVE_WITH_KNOTS ((3, 3), (0., 1.49929429346996), .UNSPECIFIED.)
   CURVE ()
   GEOMETRIC_REPRESENTATION_ITEM ()
   RATIONAL_B_SPLINE_CURVE ((1., 0.731929341781256, 1.))
   REPRESENTATION_ITEM ('')
);
#5960 = EDGE_CURVE ('', #5948, #5938, #5959, .T.);
#5961 = ORIENTED_EDGE ('', *, *, #5960, .T.);
#5962 = EDGE_LOOP ('', (#5945, #5946, #5955, #5961));
#5963 = FACE_OUTER_BOUND ('', #5962, .T.);
#5964 = CARTESIAN_POINT ('', (56.5023772862981, 26.4589869255259, 4.07144112272174));
#5965 = CARTESIAN_POINT ('', (54.1527882355797, 25.1024510546086, 4.07144112272156));
#5966 = CARTESIAN_POINT ('', (49.453610134143, 22.3893793127741, 4.0714411227212));
#5967 = CARTESIAN_POINT ('', (42.4048429819879, 18.3197717000223, 4.07144112272067));
#5968 = CARTESIAN_POINT ('', (37.7056648805512, 15.6066999581878, 4.07144112272031));
#5969 = CARTESIAN_POINT ('', (35.3560758298329, 14.2501640872706, 4.07144112272012));
#5970 = CARTESIAN_POINT ('', (56.4691236729284, 26.5165838734174, 5.00000000000104));
#5971 = CARTESIAN_POINT ('', (54.1195346222101, 25.1600480025001, 5.00000000000087));
#5972 = CARTESIAN_POINT ('', (49.4203565207733, 22.4469762606656, 5.0000000000005));
#5973 = CARTESIAN_POINT ('', (42.3715893686182, 18.3773686479138, 4.99999999999996));
#5974 = CARTESIAN_POINT ('', (37.6724112671815, 15.6642969060793, 4.99999999999958));
#5975 = CARTESIAN_POINT ('', (35.3228222164632, 14.307761035162, 4.9999999999994));
#5976 = CARTESIAN_POINT ('', (56.0036548770401, 27.3227994772338, 5.00000000000114));
#5977 = CARTESIAN_POINT ('', (53.6540658263217, 25.9662636063165, 5.00000000000096));
#5978 = CARTESIAN_POINT ('', (48.954887724885, 23.253191864482, 5.0000000000006));
#5979 = CARTESIAN_POINT ('', (41.90612057273, 19.1835842517302, 5.00000000000007));
#5980 = CARTESIAN_POINT ('', (37.2069424712932, 16.4705125098956, 4.99999999999971));
#5981 = CARTESIAN_POINT ('', (34.8573534205749, 15.1139766389784, 4.99999999999953));
#5982 = (
   BOUNDED_SURFACE ()
   B_SPLINE_SURFACE (2, 3, ((#5964, #5965, #5966, #5967, #5968, #5969), (#5970, #5971, #5972, #5973, #5974, #5975), (#5976, #5977, #5978, #5979, #5980, #5981)), .UNSPECIFIED., .F., .F., .U.)
   B_SPLINE_SURFACE_WITH_KNOTS ((3, 3), (4, 1, 1, 4), (0., 1.), (0., 8.13921522550359, 16.2784304510072, 24.4176456765108), .UNSPECIFIED.)
   GEOMETRIC_REPRESENTATION_ITEM ()
   RATIONAL_B_SPLINE_SURFACE (((1., 1., 1., 1., 1., 1.), (0.731929341781257, 0.731929341781256, 0.73192934178126, 0.731929341781269, 0.73192934178127, 0.731929341781269), (1., 1., 1., 1., 1., 1.)))
   REPRESENTATION_ITEM ('')
   SURFACE ()
);
#5983 = ADVANCED_FACE ('', (#5963), #5982, .T.);
#5984 = CARTESIAN_POINT ('', (66.9770721215356, 31.868149997087, 5.0000000000018));
#5985 = VERTEX_POINT ('', #5984);
#5986 = CARTESIAN_POINT ('', (66.9770721215347, 31.8681499970866, 5.00000000000174));
#5987 = CARTESIAN_POINT ('', (65.5945926387114, 31.4977157361115, 5.00000000000169));
#5988 = CARTESIAN_POINT ('', (64.2235400308903, 31.0599565147241, 5.00000000000164));
#5989 = CARTESIAN_POINT ('', (62.211513719691, 30.3110840203453, 5.00000000000154));
#5990 = CARTESIAN_POINT ('', (61.5437664770997, 30.0444237333339, 5.0000000000015));
#5991 = CARTESIAN_POINT ('', (60.2274966196849, 29.4823697104923, 5.00000000000143));
#5992 = CARTESIAN_POINT ('', (59.5730913122313, 29.184464034877, 5.00000000000139));
#5993 = CARTESIAN_POINT ('', (58.5488185174695, 28.6886434844218, 5.00000000000132));
#5994 = CARTESIAN_POINT ('', (58.1710871332068, 28.4992575861185, 5.0000000000013));
#5995 = CARTESIAN_POINT ('', (57.4213354971082, 28.1101913255716, 5.00000000000125));
#5996 = CARTESIAN_POINT ('', (57.0490244834891, 27.9103600792294, 5.00000000000122));
#5997 = CARTESIAN_POINT ('', (56.4532784312865, 27.5798370205798, 5.00000000000118));
#5998 = CARTESIAN_POINT ('', (56.2279098849185, 27.4522731663995, 5.00000000000116));
#5999 = CARTESIAN_POINT ('', (56.0036548770401, 27.3227994772338, 5.00000000000115));
#6000 = B_SPLINE_CURVE_WITH_KNOTS ('', 3, (#5986, #5987, #5988, #5989, #5990, #5991, #5992, #5993, #5994, #5995, #5996, #5997, #5998, #5999), .UNSPECIFIED., .F., .U., (4, 2, 2, 2, 2, 2, 4), (0., 4.29374423541774, 6.4406163531266, 8.58748847083547, 9.85452247179564, 11.1215564727558, 11.8983986077505), .UNSPECIFIED.);
#6001 = EDGE_CURVE ('', #5985, #5938, #6000, .T.);
#6002 = ORIENTED_EDGE ('', *, *, #6001, .T.);
#6003 = ORIENTED_EDGE ('', *, *, #5960, .F.);
#6004 = CARTESIAN_POINT ('', (67.2350604476688, 30.9053244561983, 4.08005623892863));
#6005 = VERTEX_POINT ('', #6004);
#6006 = CARTESIAN_POINT ('', (67.2350604476678, 30.9053244561979, 4.08005623892859));
#6007 = CARTESIAN_POINT ('', (65.8828839225487, 30.5429504437513, 4.07934178885495));
#6008 = CARTESIAN_POINT ('', (64.5418914305899, 30.1147189982065, 4.07850432201582));
#6009 = CARTESIAN_POINT ('', (62.573992489955, 29.3821524117501, 4.07708004855459));
#6010 = CARTESIAN_POINT ('', (61.9208925256795, 29.1212993719141, 4.07657411264242));
#6011 = CARTESIAN_POINT ('', (60.6335005780305, 28.5714881211292, 4.0755099586687));
#6012 = CARTESIAN_POINT ('', (59.9934549641338, 28.2800726874715, 4.07494698454821));
#6013 = CARTESIAN_POINT ('', (58.9916621562948, 27.7950565481459, 4.07401153986168));
#6014 = CARTESIAN_POINT ('', (58.6222218820035, 27.6097980419615, 4.07365455432239));
#6015 = CARTESIAN_POINT ('', (57.8889290198547, 27.2292120150433, 4.07292179058951));
#6016 = CARTESIAN_POINT ('', (57.5247920531106, 27.0337368989933, 4.0725457282175));
#6017 = CARTESIAN_POINT ('', (56.9421271115726, 26.7104198836228, 4.07192417487911));
#6018 = CARTESIAN_POINT ('', (56.7266322941766, 26.5884606146917, 4.07144112272176));
#6019 = CARTESIAN_POINT ('', (56.5023772862981, 26.4589869255259, 4.07144112272174));
#6020 = B_SPLINE_CURVE_WITH_KNOTS ('', 3, (#6006, #6007, #6008, #6009, #6010, #6011, #6012, #6013, #6014, #6015, #6016, #6017, #6018, #6019), .UNSPECIFIED., .F., .U., (4, 2, 2, 2, 2, 2, 4), (0., 4.29374423541774, 6.4406163531266, 8.58748847083547, 9.85452247179564, 11.1215564727558, 11.8983986077505), .UNSPECIFIED.);
#6021 = EDGE_CURVE ('', #6005, #5948, #6020, .T.);
#6022 = ORIENTED_EDGE ('', *, *, #6021, .F.);
#6023 = CARTESIAN_POINT ('', (67.2350604476678, 30.9053244561978, 4.08005623892859));
#6024 = CARTESIAN_POINT ('', (67.2159377628179, 30.9766912876351, 5.00000000000166));
#6025 = CARTESIAN_POINT ('', (66.9770721215347, 31.8681499970866, 5.00000000000175));
#6026 = (
   BOUNDED_CURVE ()
   B_SPLINE_CURVE (2, (#6023, #6024, #6025), .UNSPECIFIED., .F., .U.)
   B_SPLINE_CURVE_WITH_KNOTS ((3, 3), (0., 1.49065432687353), .UNSPECIFIED.)
   CURVE ()
   GEOMETRIC_REPRESENTATION_ITEM ()
   RATIONAL_B_SPLINE_CURVE ((1., 0.734866055457354, 1.))
   REPRESENTATION_ITEM ('')
);
#6027 = EDGE_CURVE ('', #6005, #5985, #6026, .T.);
#6028 = ORIENTED_EDGE ('', *, *, #6027, .T.);
#6029 = EDGE_LOOP ('', (#6002, #6003, #6022, #6028));
#6030 = FACE_OUTER_BOUND ('', #6029, .T.);
#6031 = CARTESIAN_POINT ('', (67.2350604476678, 30.9053244561979, 4.08005623892859));
#6032 = CARTESIAN_POINT ('', (65.8828839225487, 30.5429504437513, 4.07934178885495));
#6033 = CARTESIAN_POINT ('', (64.5418914305899, 30.1147189982065, 4.07850432201582));
#6034 = CARTESIAN_POINT ('', (63.2299588034999, 29.6263412739022, 4.077554806375));
#6035 = CARTESIAN_POINT ('', (62.573992489955, 29.3821524117501, 4.07708004855459));
#6036 = CARTESIAN_POINT ('', (61.9208925256795, 29.1212993719141, 4.07657411264242));
#6037 = CARTESIAN_POINT ('', (61.277196551855, 28.8463937465217, 4.07604203565556));
#6038 = CARTESIAN_POINT ('', (60.6335005780305, 28.5714881211292, 4.0755099586687));
#6039 = CARTESIAN_POINT ('', (59.9934549641338, 28.2800726874715, 4.07494698454821));
#6040 = CARTESIAN_POINT ('', (59.363466624645, 27.9750649954138, 4.07435871994885));
#6041 = CARTESIAN_POINT ('', (58.9916621562948, 27.7950565481459, 4.07401153986168));
#6042 = CARTESIAN_POINT ('', (58.6222218820035, 27.6097980419615, 4.07365455432239));
#6043 = CARTESIAN_POINT ('', (58.2555754509291, 27.4195050285024, 4.07328817245595));
#6044 = CARTESIAN_POINT ('', (57.8889290198547, 27.2292120150433, 4.07292179058951));
#6045 = CARTESIAN_POINT ('', (57.5247920531106, 27.0337368989933, 4.0725457282175));
#6046 = CARTESIAN_POINT ('', (57.1635880255724, 26.8333071154282, 4.07216041660331));
#6047 = CARTESIAN_POINT ('', (56.9421271115726, 26.7104198836228, 4.07192417487911));
#6048 = CARTESIAN_POINT ('', (56.7266322941766, 26.5884606146917, 4.07144112272176));
#6049 = CARTESIAN_POINT ('', (56.5023772862981, 26.4589869255259, 4.07144112272174));
#6050 = CARTESIAN_POINT ('', (67.2159377628179, 30.9766912876351, 5.00000000000163));
#6051 = CARTESIAN_POINT ('', (65.8585001351687, 30.6122744857996, 5.00000000000143));
#6052 = CARTESIAN_POINT ('', (64.5198487963469, 30.1839359202592, 5.00000000000144));
#6053 = CARTESIAN_POINT ('', (63.2049287934659, 29.6935904239723, 5.00000000000145));
#6054 = CARTESIAN_POINT ('', (62.5470336308835, 29.448255400325, 5.00000000000144));
#6055 = CARTESIAN_POINT ('', (61.8950253142487, 29.187378759164, 5.00000000000144));
#6056 = CARTESIAN_POINT ('', (61.2495253280853, 28.9111967659569, 5.00000000000139));
#6057 = CARTESIAN_POINT ('', (60.6037055097646, 28.6348779301711, 5.00000000000134));
#6058 = CARTESIAN_POINT ('', (59.964365677323, 28.3432236837642, 5.00000000000128));
#6059 = CARTESIAN_POINT ('', (59.3333938978064, 28.0371896409873, 5.00000000000124));
#6060 = CARTESIAN_POINT ('', (58.9608467852287, 27.8564967753343, 5.00000000000122));
#6061 = CARTESIAN_POINT ('', (58.5912079546356, 27.6707866632102, 5.0000000000012));
#6062 = CARTESIAN_POINT ('', (58.2242083317658, 27.4799511563143, 5.00000000000119));
#6063 = CARTESIAN_POINT ('', (57.8570834044728, 27.2890504925857, 5.00000000000115));
#6064 = CARTESIAN_POINT ('', (57.4925927991208, 27.0930174557126, 5.00000000000109));
#6065 = CARTESIAN_POINT ('', (57.1310213040729, 26.8920064867996, 5.00000000000106));
#6066 = CARTESIAN_POINT ('', (56.9092708160126, 26.7687271877608, 5.00000000000104));
#6067 = CARTESIAN_POINT ('', (56.6886163488497, 26.6435744490962, 5.00000000000103));
#6068 = CARTESIAN_POINT ('', (56.4691236729284, 26.5165838734174, 5.00000000000104));
#6069 = CARTESIAN_POINT ('', (66.9770721215347, 31.8681499970866, 5.00000000000174));
#6070 = CARTESIAN_POINT ('', (65.5945926387114, 31.4977157361115, 5.00000000000169));
#6071 = CARTESIAN_POINT ('', (64.2235400308903, 31.0599565147241, 5.00000000000164));
#6072 = CARTESIAN_POINT ('', (62.8821891567574, 30.5607081851382, 5.00000000000157));
#6073 = CARTESIAN_POINT ('', (62.211513719691, 30.3110840203453, 5.00000000000154));
#6074 = CARTESIAN_POINT ('', (61.5437664770997, 30.0444237333339, 5.0000000000015));
#6075 = CARTESIAN_POINT ('', (60.8856315483923, 29.7633967219131, 5.00000000000147));
#6076 = CARTESIAN_POINT ('', (60.2274966196849, 29.4823697104923, 5.00000000000143));
#6077 = CARTESIAN_POINT ('', (59.5730913122313, 29.184464034877, 5.00000000000139));
#6078 = CARTESIAN_POINT ('', (58.9289661876484, 28.872661870975, 5.00000000000135));
#6079 = CARTESIAN_POINT ('', (58.5488185174695, 28.6886434844218, 5.00000000000132));
#6080 = CARTESIAN_POINT ('', (58.1710871332068, 28.4992575861185, 5.0000000000013));
#6081 = CARTESIAN_POINT ('', (57.7962113151575, 28.3047244558451, 5.00000000000127));
#6082 = CARTESIAN_POINT ('', (57.4213354971082, 28.1101913255716, 5.00000000000125));
#6083 = CARTESIAN_POINT ('', (57.0490244834891, 27.9103600792294, 5.00000000000122));
#6084 = CARTESIAN_POINT ('', (56.6797112502653, 27.7054631453872, 5.00000000000119));
#6085 = CARTESIAN_POINT ('', (56.4532784312865, 27.5798370205798, 5.00000000000118));
#6086 = CARTESIAN_POINT ('', (56.2279098849185, 27.4522731663995, 5.00000000000116));
#6087 = CARTESIAN_POINT ('', (56.0036548770401, 27.3227994772338, 5.00000000000115));
#6088 = (
   BOUNDED_SURFACE ()
   B_SPLINE_SURFACE (2, 3, ((#6031, #6032, #6033, #6034, #6035, #6036, #6037, #6038, #6039, #6040, #6041, #6042, #6043, #6044, #6045, #6046, #6047, #6048, #6049), (#6050, #6051, #6052, #6053, #6054, #6055, #6056, #6057, #6058, #6059, #6060, #6061, #6062, #6063, #6064, #6065, #6066, #6067, #6068), (#6069, #6070, #6071, #6072, #6073, #6074, #6075, #6076, #6077, #6078, #6079, #6080, #6081, #6082, #6083, #6084, #6085, #6086, #6087)), .UNSPECIFIED., .F., .F., .U.)
   B_SPLINE_SURFACE_WITH_KNOTS ((3, 3), (4, 3, 3, 3, 3, 3, 4), (0., 1.), (0., 4.29374423541774, 6.4406163531266, 8.58748847083547, 9.85452247179564, 11.1215564727558, 11.8983986077505), .UNSPECIFIED.)
   GEOMETRIC_REPRESENTATION_ITEM ()
   RATIONAL_B_SPLINE_SURFACE (((1., 1., 1., 1., 1., 1., 1., 1., 1., 1., 1., 1., 1., 1., 1., 1., 1., 1., 1.), (0.734866055457372, 0.734622485534858, 0.73433839574849, 0.734014579682704, 0.733852671649811, 0.733680832047062, 0.733499160072513, 0.733317488097965, 0.733125983751615, 0.732925207626127, 0.73280671422567, 0.732684991384878, 0.73255995401563, 0.732434916646382, 0.732306564748677, 0.732174984755093, 0.732094310611336, 0.732012422979728, 0.73192934178126), (1., 1., 1., 1., 1., 1., 1., 1., 1., 1., 1., 1., 1., 1., 1., 1., 1., 1., 1.)))
   REPRESENTATION_ITEM ('')
   SURFACE ()
);
#6089 = ADVANCED_FACE ('', (#6030), #6088, .T.);
#6090 = CARTESIAN_POINT ('', (70.7149410745365, 32.8697089644568, 5.00000000000194));
#6091 = VERTEX_POINT ('', #6090);
#6092 = CARTESIAN_POINT ('', (70.7149410745356, 32.8697089644563, 5.00000000000188));
#6093 = CARTESIAN_POINT ('', (69.4689847568687, 32.5358559753331, 5.00000000000183));
#6094 = CARTESIAN_POINT ('', (68.2230284392016, 32.2020029862098, 5.00000000000179));
#6095 = CARTESIAN_POINT ('', (66.9770721215347, 31.8681499970866, 5.00000000000174));
#6096 = B_SPLINE_CURVE_WITH_KNOTS ('', 3, (#6092, #6093, #6094, #6095), .UNSPECIFIED., .F., .U., (4, 4), (0., 3.86972669253616), .UNSPECIFIED.);
#6097 = EDGE_CURVE ('', #6091, #5985, #6096, .T.);
#6098 = ORIENTED_EDGE ('', *, *, #6097, .T.);
#6099 = ORIENTED_EDGE ('', *, *, #6027, .F.);
#6100 = CARTESIAN_POINT ('', (70.9729294006697, 31.906883423568, 4.08005623892876));
#6101 = VERTEX_POINT ('', #6100);
#6102 = CARTESIAN_POINT ('', (70.9729294006687, 31.9068834235676, 4.08005623892872));
#6103 = CARTESIAN_POINT ('', (69.7269730830018, 31.5730304344444, 4.08005623892867));
#6104 = CARTESIAN_POINT ('', (68.4810167653348, 31.2391774453211, 4.08005623892863));
#6105 = CARTESIAN_POINT ('', (67.2350604476678, 30.9053244561979, 4.08005623892859));
#6106 = B_SPLINE_CURVE_WITH_KNOTS ('', 3, (#6102, #6103, #6104, #6105), .UNSPECIFIED., .F., .U., (4, 4), (0., 3.86972669253616), .UNSPECIFIED.);
#6107 = EDGE_CURVE ('', #6101, #6005, #6106, .T.);
#6108 = ORIENTED_EDGE ('', *, *, #6107, .F.);
#6109 = CARTESIAN_POINT ('', (70.9729294006687, 31.9068834235676, 4.08005623892872));
#6110 = CARTESIAN_POINT ('', (70.9538067158188, 31.9782502550048, 5.00000000000181));
#6111 = CARTESIAN_POINT ('', (70.7149410745356, 32.8697089644564, 5.00000000000188));
#6112 = (
   BOUNDED_CURVE ()
   B_SPLINE_CURVE (2, (#6109, #6110, #6111), .UNSPECIFIED., .F., .U.)
   B_SPLINE_CURVE_WITH_KNOTS ((3, 3), (0., 1.49065432687353), .UNSPECIFIED.)
   CURVE ()
   GEOMETRIC_REPRESENTATION_ITEM ()
   RATIONAL_B_SPLINE_CURVE ((1., 0.734866055457356, 1.))
   REPRESENTATION_ITEM ('')
);
#6113 = EDGE_CURVE ('', #6101, #6091, #6112, .T.);
#6114 = ORIENTED_EDGE ('', *, *, #6113, .T.);
#6115 = EDGE_LOOP ('', (#6098, #6099, #6108, #6114));
#6116 = FACE_OUTER_BOUND ('', #6115, .T.);
#6117 = CARTESIAN_POINT ('', (70.9729294006687, 31.9068834235676, 4.08005623892872));
#6118 = CARTESIAN_POINT ('', (70.5576106281131, 31.7955990938599, 4.0800562389287));
#6119 = CARTESIAN_POINT ('', (69.7269730830017, 31.5730304344444, 4.08005623892867));
#6120 = CARTESIAN_POINT ('', (68.4810167653348, 31.2391774453211, 4.08005623892863));
#6121 = CARTESIAN_POINT ('', (67.6503792202235, 31.0166087859056, 4.0800562389286));
#6122 = CARTESIAN_POINT ('', (67.2350604476678, 30.9053244561979, 4.08005623892859));
#6123 = CARTESIAN_POINT ('', (70.9538067158188, 31.9782502550049, 5.00000000000176));
#6124 = CARTESIAN_POINT ('', (70.538487943263, 31.8669659252971, 5.00000000000173));
#6125 = CARTESIAN_POINT ('', (69.7078503981517, 31.6443972658816, 5.00000000000171));
#6126 = CARTESIAN_POINT ('', (68.4618940804848, 31.3105442767584, 5.00000000000168));
#6127 = CARTESIAN_POINT ('', (67.6312565353735, 31.0879756173429, 5.00000000000164));
#6128 = CARTESIAN_POINT ('', (67.2159377628179, 30.9766912876351, 5.00000000000162));
#6129 = CARTESIAN_POINT ('', (70.7149410745356, 32.8697089644563, 5.00000000000188));
#6130 = CARTESIAN_POINT ('', (70.2996223019799, 32.7584246347486, 5.00000000000187));
#6131 = CARTESIAN_POINT ('', (69.4689847568687, 32.5358559753331, 5.00000000000183));
#6132 = CARTESIAN_POINT ('', (68.2230284392016, 32.2020029862098, 5.00000000000179));
#6133 = CARTESIAN_POINT ('', (67.3923908940903, 31.9794343267943, 5.00000000000176));
#6134 = CARTESIAN_POINT ('', (66.9770721215347, 31.8681499970866, 5.00000000000174));
#6135 = (
   BOUNDED_SURFACE ()
   B_SPLINE_SURFACE (2, 3, ((#6117, #6118, #6119, #6120, #6121, #6122), (#6123, #6124, #6125, #6126, #6127, #6128), (#6129, #6130, #6131, #6132, #6133, #6134)), .UNSPECIFIED., .F., .F., .U.)
   B_SPLINE_SURFACE_WITH_KNOTS ((3, 3), (4, 1, 1, 4), (0., 1.), (0., 1.28990889751205, 2.57981779502411, 3.86972669253616), .UNSPECIFIED.)
   GEOMETRIC_REPRESENTATION_ITEM ()
   RATIONAL_B_SPLINE_SURFACE (((1., 1., 1., 1., 1., 1.), (0.734866055457371, 0.734866055457372, 0.734866055457372, 0.73486605545737, 0.734866055457372, 0.734866055457375), (1., 1., 1., 1., 1., 1.)))
   REPRESENTATION_ITEM ('')
   SURFACE ()
);
#6136 = ADVANCED_FACE ('', (#6116), #6135, .T.);
#6137 = CARTESIAN_POINT ('', (82.4905070484598, 34.4199961176871, 5.00000000000214));
#6138 = VERTEX_POINT ('', #6137);
#6139 = CARTESIAN_POINT ('', (82.4905070484587, 34.4199961176867, 5.00000000000208));
#6140 = CARTESIAN_POINT ('', (81.0592586574187, 34.4199961176867, 5.00000000000208));
#6141 = CARTESIAN_POINT ('', (79.6216223771988, 34.3520064807363, 5.00000000000207));
#6142 = CARTESIAN_POINT ('', (77.4843317043612, 34.1493972935691, 5.00000000000205));
#6143 = CARTESIAN_POINT ('', (76.7703205506465, 34.0646468972168, 5.00000000000204));
#6144 = CARTESIAN_POINT ('', (75.3534316301914, 33.8624149908663, 5.00000000000201));
#6145 = CARTESIAN_POINT ('', (74.6442211783082, 33.7440296197458, 5.00000000000199));
#6146 = CARTESIAN_POINT ('', (73.5265227855506, 33.5301991639319, 5.00000000000196));
#6147 = CARTESIAN_POINT ('', (73.1126460704131, 33.4450281214748, 5.00000000000196));
#6148 = CARTESIAN_POINT ('', (72.2877449657164, 33.2632637646592, 5.00000000000193));
#6149 = CARTESIAN_POINT ('', (71.8764006452101, 33.1665999545254, 5.00000000000192));
#6150 = CARTESIAN_POINT ('', (71.2155300731756, 33.0015547544262, 5.0000000000019));
#6151 = CARTESIAN_POINT ('', (70.9649451947077, 32.9366973665609, 5.00000000000188));
#6152 = CARTESIAN_POINT ('', (70.7149410745355, 32.8697089644563, 5.00000000000188));
#6153 = B_SPLINE_CURVE_WITH_KNOTS ('', 3, (#6139, #6140, #6141, #6142, #6143, #6144, #6145, #6146, #6147, #6148, #6149, #6150, #6151, #6152), .UNSPECIFIED., .F., .U., (4, 2, 2, 2, 2, 2, 4), (0., 4.29374517312018, 6.44061775968027, 8.58749034624035, 9.85452438538896, 11.1215584245376, 11.8980283563938), .UNSPECIFIED.);
#6154 = EDGE_CURVE ('', #6138, #6091, #6153, .T.);
#6155 = ORIENTED_EDGE ('', *, *, #6154, .T.);
#6156 = ORIENTED_EDGE ('', *, *, #6113, .F.);
#6157 = CARTESIAN_POINT ('', (82.4905070484598, 33.4234626720352, 4.08319309885521));
#6158 = VERTEX_POINT ('', #6157);
#6159 = CARTESIAN_POINT ('', (82.4905070484587, 33.4234626720348, 4.08319309885516));
#6160 = CARTESIAN_POINT ('', (81.0906076740892, 33.4234596014312, 4.08315631744954));
#6161 = CARTESIAN_POINT ('', (79.6844606228051, 33.3569456389684, 4.08299513029269));
#6162 = CARTESIAN_POINT ('', (77.5939886885742, 33.1587392867638, 4.08256989924791));
#6163 = CARTESIAN_POINT ('', (76.895619193481, 33.0758310333524, 4.08239664666568));
#6164 = CARTESIAN_POINT ('', (75.509771914439, 32.8779958565909, 4.08199056959053));
#6165 = CARTESIAN_POINT ('', (74.8161001852101, 32.7621847236823, 4.0817559301051));
#6166 = CARTESIAN_POINT ('', (73.7228927115173, 32.5530047687343, 4.08133627182199));
#6167 = CARTESIAN_POINT ('', (73.3180853291415, 32.4696862364954, 4.08116991363407));
#6168 = CARTESIAN_POINT ('', (72.511261504528, 32.2918757326415, 4.0808163636395));
#6169 = CARTESIAN_POINT ('', (72.1089321425082, 32.1973147987551, 4.08062903470847));
#6170 = CARTESIAN_POINT ('', (71.4625461038356, 32.0358604370852, 4.08031022913755));
#6171 = CARTESIAN_POINT ('', (71.222933520841, 31.9738718256722, 4.08005623892873));
#6172 = CARTESIAN_POINT ('', (70.9729294006687, 31.9068834235676, 4.08005623892872));
#6173 = B_SPLINE_CURVE_WITH_KNOTS ('', 3, (#6159, #6160, #6161, #6162, #6163, #6164, #6165, #6166, #6167, #6168, #6169, #6170, #6171, #6172), .UNSPECIFIED., .F., .U., (4, 2, 2, 2, 2, 2, 4), (0., 4.29374517312018, 6.44061775968027, 8.58749034624035, 9.85452438538896, 11.1215584245376, 11.8980283563938), .UNSPECIFIED.);
#6174 = EDGE_CURVE ('', #6158, #6101, #6173, .T.);
#6175 = ORIENTED_EDGE ('', *, *, #6174, .F.);
#6176 = CARTESIAN_POINT ('', (82.4905070484587, 33.4234626720347, 4.08319309885516));
#6177 = CARTESIAN_POINT ('', (82.4905070484587, 33.499999999998, 5.00000000000201));
#6178 = CARTESIAN_POINT ('', (82.4905070484587, 34.4199961176867, 5.00000000000209));
#6179 = (
   BOUNDED_CURVE ()
   B_SPLINE_CURVE (2, (#6176, #6177, #6178), .UNSPECIFIED., .F., .U.)
   B_SPLINE_CURVE_WITH_KNOTS ((3, 3), (0., 1.48750696331308), .UNSPECIFIED.)
   CURVE ()
   GEOMETRIC_REPRESENTATION_ITEM ()
   RATIONAL_B_SPLINE_CURVE ((1., 0.735932435367926, 1.))
   REPRESENTATION_ITEM ('')
);
#6180 = EDGE_CURVE ('', #6158, #6138, #6179, .T.);
#6181 = ORIENTED_EDGE ('', *, *, #6180, .T.);
#6182 = EDGE_LOOP ('', (#6155, #6156, #6175, #6181));
#6183 = FACE_OUTER_BOUND ('', #6182, .T.);
#6184 = CARTESIAN_POINT ('', (82.4905070484587, 33.4234626720348, 4.08319309885516));
#6185 = CARTESIAN_POINT ('', (81.0906076740892, 33.4234596014312, 4.08315631744954));
#6186 = CARTESIAN_POINT ('', (79.6844606228051, 33.3569456389684, 4.08299513029269));
#6187 = CARTESIAN_POINT ('', (78.2908126666512, 33.224808070832, 4.0827116429295));
#6188 = CARTESIAN_POINT ('', (77.5939886885742, 33.1587392867638, 4.08256989924791));
#6189 = CARTESIAN_POINT ('', (76.895619193481, 33.0758310333524, 4.08239664666568));
#6190 = CARTESIAN_POINT ('', (76.20269555396, 32.9769134449717, 4.08219360812811));
#6191 = CARTESIAN_POINT ('', (75.509771914439, 32.8779958565909, 4.08199056959053));
#6192 = CARTESIAN_POINT ('', (74.8161001852101, 32.7621847236823, 4.0817559301051));
#6193 = CARTESIAN_POINT ('', (74.1286246874857, 32.6306396171015, 4.08149202339571));
#6194 = CARTESIAN_POINT ('', (73.7228927115173, 32.5530047687343, 4.08133627182199));
#6195 = CARTESIAN_POINT ('', (73.3180853291415, 32.4696862364954, 4.08116991363407));
#6196 = CARTESIAN_POINT ('', (72.9146734168347, 32.3807809845684, 4.08099313863679));
#6197 = CARTESIAN_POINT ('', (72.511261504528, 32.2918757326415, 4.0808163636395));
#6198 = CARTESIAN_POINT ('', (72.1089321425082, 32.1973147987551, 4.08062903470847));
#6199 = CARTESIAN_POINT ('', (71.708153320911, 32.097208229398, 4.0804313656479));
#6200 = CARTESIAN_POINT ('', (71.4625461038356, 32.0358604370852, 4.08031022913755));
#6201 = CARTESIAN_POINT ('', (71.222933520841, 31.9738718256722, 4.08005623892873));
#6202 = CARTESIAN_POINT ('', (70.9729294006687, 31.9068834235676, 4.08005623892872));
#6203 = CARTESIAN_POINT ('', (82.4905070484587, 33.499999999998, 5.00000000000196));
#6204 = CARTESIAN_POINT ('', (81.0853610789925, 33.4999637740396, 5.00000000000205));
#6205 = CARTESIAN_POINT ('', (79.681295681087, 33.4333502493101, 5.000000000002));
#6206 = CARTESIAN_POINT ('', (78.2836278440715, 33.300599571209, 5.00000000000195));
#6207 = CARTESIAN_POINT ('', (77.5846565165522, 33.2342111810323, 5.00000000000192));
#6208 = CARTESIAN_POINT ('', (76.887225466463, 33.1512770377197, 5.0000000000019));
#6209 = CARTESIAN_POINT ('', (76.1920001851129, 33.0518479589809, 5.00000000000189));
#6210 = CARTESIAN_POINT ('', (75.4966442148746, 32.9524001895011, 5.00000000000187));
#6211 = CARTESIAN_POINT ('', (74.8034553169999, 32.8364456296107, 5.00000000000188));
#6212 = CARTESIAN_POINT ('', (74.114512833151, 32.7044027152933, 5.00000000000187));
#6213 = CARTESIAN_POINT ('', (73.7078361393533, 32.6264589433633, 5.00000000000186));
#6214 = CARTESIAN_POINT ('', (73.3026284760646, 32.5429073059793, 5.00000000000186));
#6215 = CARTESIAN_POINT ('', (72.8986037142914, 32.4537101089156, 5.00000000000184));
#6216 = CARTESIAN_POINT ('', (72.4945128741728, 32.3644983236291, 5.00000000000183));
#6217 = CARTESIAN_POINT ('', (72.0915974314617, 32.2696373897136, 5.00000000000183));
#6218 = CARTESIAN_POINT ('', (71.6901742356105, 32.1691997103984, 5.00000000000181));
#6219 = CARTESIAN_POINT ('', (71.4441358297465, 32.1076399232142, 5.00000000000179));
#6220 = CARTESIAN_POINT ('', (71.1986556583874, 32.0439845658738, 5.00000000000177));
#6221 = CARTESIAN_POINT ('', (70.9538067158187, 31.9782502550049, 5.00000000000174));
#6222 = CARTESIAN_POINT ('', (82.4905070484587, 34.4199961176867, 5.00000000000208));
#6223 = CARTESIAN_POINT ('', (81.0592586574187, 34.4199961176867, 5.00000000000208));
#6224 = CARTESIAN_POINT ('', (79.6216223771988, 34.3520064807363, 5.00000000000207));
#6225 = CARTESIAN_POINT ('', (78.1967619286404, 34.2169336892915, 5.00000000000206));
#6226 = CARTESIAN_POINT ('', (77.4843317043612, 34.1493972935691, 5.00000000000205));
#6227 = CARTESIAN_POINT ('', (76.7703205506465, 34.0646468972168, 5.00000000000204));
#6228 = CARTESIAN_POINT ('', (76.0618760904189, 33.9635309440415, 5.00000000000202));
#6229 = CARTESIAN_POINT ('', (75.3534316301914, 33.8624149908663, 5.00000000000201));
#6230 = CARTESIAN_POINT ('', (74.6442211783082, 33.7440296197458, 5.00000000000199));
#6231 = CARTESIAN_POINT ('', (73.9413442977915, 33.6095599947416, 5.00000000000198));
#6232 = CARTESIAN_POINT ('', (73.5265227855506, 33.5301991639319, 5.00000000000196));
#6233 = CARTESIAN_POINT ('', (73.1126460704131, 33.4450281214748, 5.00000000000196));
#6234 = CARTESIAN_POINT ('', (72.7001955180647, 33.354145943067, 5.00000000000195));
#6235 = CARTESIAN_POINT ('', (72.2877449657164, 33.2632637646592, 5.00000000000193));
#6236 = CARTESIAN_POINT ('', (71.8764006452101, 33.1665999545254, 5.00000000000192));
#6237 = CARTESIAN_POINT ('', (71.4666409764645, 33.064266957139, 5.0000000000019));
#6238 = CARTESIAN_POINT ('', (71.2155300731756, 33.0015547544262, 5.0000000000019));
#6239 = CARTESIAN_POINT ('', (70.9649451947077, 32.9366973665609, 5.00000000000188));
#6240 = CARTESIAN_POINT ('', (70.7149410745355, 32.8697089644563, 5.00000000000188));
#6241 = (
   BOUNDED_SURFACE ()
   B_SPLINE_SURFACE (2, 3, ((#6184, #6185, #6186, #6187, #6188, #6189, #6190, #6191, #6192, #6193, #6194, #6195, #6196, #6197, #6198, #6199, #6200, #6201, #6202), (#6203, #6204, #6205, #6206, #6207, #6208, #6209, #6210, #6211, #6212, #6213, #6214, #6215, #6216, #6217, #6218, #6219, #6220, #6221), (#6222, #6223, #6224, #6225, #6226, #6227, #6228, #6229, #6230, #6231, #6232, #6233, #6234, #6235, #6236, #6237, #6238, #6239, #6240)), .UNSPECIFIED., .F., .F., .U.)
   B_SPLINE_SURFACE_WITH_KNOTS ((3, 3), (4, 3, 3, 3, 3, 3, 4), (0., 1.), (0., 4.29374517312018, 6.44061775968027, 8.58749034624035, 9.85452438538896, 11.1215584245376, 11.8980283563938), .UNSPECIFIED.)
   GEOMETRIC_REPRESENTATION_ITEM ()
   RATIONAL_B_SPLINE_SURFACE (((1., 1., 1., 1., 1., 1., 1., 1., 1., 1., 1., 1., 1., 1., 1., 1., 1., 1., 1.), (0.735932435367951, 0.735919883219079, 0.735865305428046, 0.735768864157609, 0.735720643522391, 0.735661957017322, 0.735592824912746, 0.735523692808171, 0.735444115104089, 0.735354344310906, 0.735301363686253, 0.735244832722426, 0.735184717820953, 0.73512460291948, 0.735060904080362, 0.734993661757053, 0.734952453991055, 0.734909915454389, 0.734866055457378), (1., 1., 1., 1., 1., 1., 1., 1., 1., 1., 1., 1., 1., 1., 1., 1., 1., 1., 1.)))
   REPRESENTATION_ITEM ('')
   SURFACE ()
);
#6242 = ADVANCED_FACE ('', (#6183), #6241, .T.);
#6243 = CARTESIAN_POINT ('', (168.999863247132, 34.4199961176874, 5.00000000000214));
#6244 = VERTEX_POINT ('', #6243);
#6245 = CARTESIAN_POINT ('', (168.999863247129, 34.419996117687, 5.00000000000208));
#6246 = CARTESIAN_POINT ('', (140.163411180906, 34.4199961176869, 5.00000000000208));
#6247 = CARTESIAN_POINT ('', (111.326959114682, 34.4199961176868, 5.00000000000208));
#6248 = CARTESIAN_POINT ('', (82.4905070484587, 34.4199961176867, 5.00000000000208));
#6249 = B_SPLINE_CURVE_WITH_KNOTS ('', 3, (#6245, #6246, #6247, #6248), .UNSPECIFIED., .F., .U., (4, 4), (0., 86.5093561986719), .UNSPECIFIED.);
#6250 = EDGE_CURVE ('', #6244, #6138, #6249, .T.);
#6251 = ORIENTED_EDGE ('', *, *, #6250, .T.);
#6252 = ORIENTED_EDGE ('', *, *, #6180, .F.);
#6253 = CARTESIAN_POINT ('', (168.999863247132, 33.4234626720355, 4.08319309885521));
#6254 = VERTEX_POINT ('', #6253);
#6255 = CARTESIAN_POINT ('', (168.999863247129, 33.4234626720351, 4.08319309885516));
#6256 = CARTESIAN_POINT ('', (140.163411180906, 33.4234626720349, 4.08319309885515));
#6257 = CARTESIAN_POINT ('', (111.326959114682, 33.4234626720348, 4.08319309885516));
#6258 = CARTESIAN_POINT ('', (82.4905070484587, 33.4234626720348, 4.08319309885516));
#6259 = B_SPLINE_CURVE_WITH_KNOTS ('', 3, (#6255, #6256, #6257, #6258), .UNSPECIFIED., .F., .U., (4, 4), (0., 86.5093561986719), .UNSPECIFIED.);
#6260 = EDGE_CURVE ('', #6254, #6158, #6259, .T.);
#6261 = ORIENTED_EDGE ('', *, *, #6260, .F.);
#6262 = CARTESIAN_POINT ('', (168.999863247129, 33.423462672035, 4.08319309885516));
#6263 = CARTESIAN_POINT ('', (168.999863247129, 33.4999999999983, 5.00000000000201));
#6264 = CARTESIAN_POINT ('', (168.999863247129, 34.419996117687, 5.00000000000209));
#6265 = (
   BOUNDED_CURVE ()
   B_SPLINE_CURVE (2, (#6262, #6263, #6264), .UNSPECIFIED., .F., .U.)
   B_SPLINE_CURVE_WITH_KNOTS ((3, 3), (0., 1.48750696331303), .UNSPECIFIED.)
   CURVE ()
   GEOMETRIC_REPRESENTATION_ITEM ()
   RATIONAL_B_SPLINE_CURVE ((1., 0.735932435367943, 1.))
   REPRESENTATION_ITEM ('')
);
#6266 = EDGE_CURVE ('', #6254, #6244, #6265, .T.);
#6267 = ORIENTED_EDGE ('', *, *, #6266, .T.);
#6268 = EDGE_LOOP ('', (#6251, #6252, #6261, #6267));
#6269 = FACE_OUTER_BOUND ('', #6268, .T.);
#6270 = CARTESIAN_POINT ('', (168.999863247129, 33.4234626720351, 4.08319309885516));
#6271 = CARTESIAN_POINT ('', (159.387712558388, 33.423462672035, 4.08319309885516));
#6272 = CARTESIAN_POINT ('', (140.163411180906, 33.4234626720349, 4.08319309885516));
#6273 = CARTESIAN_POINT ('', (111.326959114682, 33.4234626720349, 4.08319309885516));
#6274 = CARTESIAN_POINT ('', (92.1026577371998, 33.4234626720348, 4.08319309885516));
#6275 = CARTESIAN_POINT ('', (82.4905070484587, 33.4234626720348, 4.08319309885516));
#6276 = CARTESIAN_POINT ('', (168.999863247129, 33.4999999999983, 5.00000000000196));
#6277 = CARTESIAN_POINT ('', (159.387712558388, 33.4999999999983, 5.00000000000196));
#6278 = CARTESIAN_POINT ('', (140.163411180906, 33.4999999999982, 5.00000000000196));
#6279 = CARTESIAN_POINT ('', (111.326959114682, 33.4999999999982, 5.00000000000195));
#6280 = CARTESIAN_POINT ('', (92.1026577372, 33.4999999999981, 5.00000000000196));
#6281 = CARTESIAN_POINT ('', (82.4905070484587, 33.499999999998, 5.00000000000196));
#6282 = CARTESIAN_POINT ('', (168.999863247129, 34.419996117687, 5.00000000000208));
#6283 = CARTESIAN_POINT ('', (159.387712558388, 34.4199961176869, 5.00000000000208));
#6284 = CARTESIAN_POINT ('', (140.163411180906, 34.4199961176869, 5.00000000000208));
#6285 = CARTESIAN_POINT ('', (111.326959114682, 34.4199961176868, 5.00000000000208));
#6286 = CARTESIAN_POINT ('', (92.1026577371999, 34.4199961176867, 5.00000000000209));
#6287 = CARTESIAN_POINT ('', (82.4905070484587, 34.4199961176867, 5.00000000000208));
#6288 = (
   BOUNDED_SURFACE ()
   B_SPLINE_SURFACE (2, 3, ((#6270, #6271, #6272, #6273, #6274, #6275), (#6276, #6277, #6278, #6279, #6280, #6281), (#6282, #6283, #6284, #6285, #6286, #6287)), .UNSPECIFIED., .F., .F., .U.)
   B_SPLINE_SURFACE_WITH_KNOTS ((3, 3), (4, 1, 1, 4), (0., 1.), (0., 28.836452066224, 57.672904132448, 86.5093561986719), .UNSPECIFIED.)
   GEOMETRIC_REPRESENTATION_ITEM ()
   RATIONAL_B_SPLINE_SURFACE (((1., 1., 1., 1., 1., 1.), (0.735932435367946, 0.735932435367944, 0.735932435367946, 0.735932435367952, 0.735932435367953, 0.735932435367951), (1., 1., 1., 1., 1., 1.)))
   REPRESENTATION_ITEM ('')
   SURFACE ()
);
#6289 = ADVANCED_FACE ('', (#6269), #6288, .T.);
#6290 = CARTESIAN_POINT ('', (179.478628386865, 39.1066570821638, 4.04540186343489));
#6291 = VERTEX_POINT ('', #6290);
#6292 = CARTESIAN_POINT ('', (179.478628386864, 39.1066570821635, 4.04540186343486));
#6293 = CARTESIAN_POINT ('', (179.257483416739, 38.7661369597096, 4.04766890619816));
#6294 = CARTESIAN_POINT ('', (179.020234752087, 38.4369279553618, 4.04985989844633));
#6295 = CARTESIAN_POINT ('', (177.896756162284, 37.0306100020775, 4.05921584030739));
#6296 = CARTESIAN_POINT ('', (176.825280570103, 36.0749929491929, 4.06556379399293));
#6297 = CARTESIAN_POINT ('', (174.459509293411, 34.5917773697021, 4.07541164544322));
#6298 = CARTESIAN_POINT ('', (173.132716404129, 34.0437789088724, 4.07904786421743));
#6299 = CARTESIAN_POINT ('', (170.864868795869, 33.5284005966031, 4.08247852033226));
#6300 = CARTESIAN_POINT ('', (169.855387899907, 33.423462672035, 4.08319309885516));
#6301 = CARTESIAN_POINT ('', (168.999863247129, 33.4234626720351, 4.08319309885517));
#6302 = B_SPLINE_CURVE_WITH_KNOTS ('', 3, (#6292, #6293, #6294, #6295, #6296, #6297, #6298, #6299, #6300, #6301), .UNSPECIFIED., .F., .U., (4, 2, 2, 2, 4), (6.59411271626867, 7.70836360517163, 11.5625043417619, 15.4166132145505, 17.9831871728834), .UNSPECIFIED.);
#6303 = EDGE_CURVE ('', #6291, #6254, #6302, .T.);
#6304 = ORIENTED_EDGE ('', *, *, #6303, .F.);
#6305 = CARTESIAN_POINT ('', (178.644098325591, 39.6556565883438, 5.00000000000281));
#6306 = VERTEX_POINT ('', #6305);
#6307 = CARTESIAN_POINT ('', (178.644098325589, 39.6556565883434, 5.00000000000278));
#6308 = CARTESIAN_POINT ('', (178.663572027532, 39.642845867377, 5.00000000000245));
#6309 = CARTESIAN_POINT ('', (178.683851955494, 39.6295047728535, 4.99913850039501));
#6310 = CARTESIAN_POINT ('', (178.72271499534, 39.6039388295708, 4.99583263314451));
#6311 = CARTESIAN_POINT ('', (178.742822984113, 39.5907108447678, 4.99326217456022));
#6312 = CARTESIAN_POINT ('', (178.781419508255, 39.5653202281041, 4.98666517370702));
#6313 = CARTESIAN_POINT ('', (178.801257564618, 39.5522698175899, 4.98241151560498));
#6314 = CARTESIAN_POINT ('', (178.83939305242, 39.5271824924075, 4.97255473441768));
#6315 = CARTESIAN_POINT ('', (178.858865165005, 39.5143728169958, 4.96665149640015));
#6316 = CARTESIAN_POINT ('', (178.896347705687, 39.4897150312698, 4.95358267950555));
#6317 = CARTESIAN_POINT ('', (178.915360296495, 39.4772076509881, 4.94607116756414));
#6318 = CARTESIAN_POINT ('', (178.952001537134, 39.4531033121697, 4.92985414351291));
#6319 = CARTESIAN_POINT ('', (178.970463901512, 39.4409578968232, 4.92078313508025));
#6320 = CARTESIAN_POINT ('', (179.00607997125, 39.4175279638466, 4.90149743193381));
#6321 = CARTESIAN_POINT ('', (179.023904703785, 39.4058020128444, 4.8909229216632));
#6322 = CARTESIAN_POINT ('', (179.066912381197, 39.3775095312015, 4.8631034698038));
#6323 = CARTESIAN_POINT ('', (179.092446207938, 39.3607121738963, 4.84443026827457));
#6324 = CARTESIAN_POINT ('', (179.140853743689, 39.3288674103796, 4.80466735029419));
#6325 = CARTESIAN_POINT ('', (179.164429782709, 39.313357978312, 4.78302003191519));
#6326 = CARTESIAN_POINT ('', (179.209120487426, 39.2839583218112, 4.73729502243481));
#6327 = CARTESIAN_POINT ('', (179.230506408228, 39.269889652957, 4.7129604432476));
#6328 = CARTESIAN_POINT ('', (179.270975832585, 39.2432669540662, 4.66177702100426));
#6329 = CARTESIAN_POINT ('', (179.289967061033, 39.2307736269543, 4.63506751884306));
#6330 = CARTESIAN_POINT ('', (179.32575884739, 39.2072280992851, 4.57898872503382));
#6331 = CARTESIAN_POINT ('', (179.342180590701, 39.1964251008642, 4.55023852023976));
#6332 = CARTESIAN_POINT ('', (179.372891126202, 39.1762222600186, 4.48988015771168));
#6333 = CARTESIAN_POINT ('', (179.386600082451, 39.1672038610638, 4.45944151844753));
#6334 = CARTESIAN_POINT ('', (179.407645165541, 39.1533594113556, 4.40618758680752));
#6335 = CARTESIAN_POINT ('', (179.415273076005, 39.1483414115525, 4.38499355376683));
#6336 = CARTESIAN_POINT ('', (179.429570138854, 39.1389361282976, 4.34109492442258));
#6337 = CARTESIAN_POINT ('', (179.435918320499, 39.134759994559, 4.31938454135937));
#6338 = CARTESIAN_POINT ('', (179.44762000169, 39.12706207595, 4.27436576538008));
#6339 = CARTESIAN_POINT ('', (179.452666172464, 39.1237424664616, 4.25225048627975));
#6340 = CARTESIAN_POINT ('', (179.461713367068, 39.1177907945128, 4.20633117336765));
#6341 = CARTESIAN_POINT ('', (179.465442003353, 39.1153379214448, 4.18392379277147));
#6342 = CARTESIAN_POINT ('', (179.471788551036, 39.1111628626034, 4.13732771776803));
#6343 = CARTESIAN_POINT ('', (179.47419095675, 39.1095824466486, 4.11474180194108));
#6344 = CARTESIAN_POINT ('', (179.477178112831, 39.1076173542818, 4.07584371617659));
#6345 = CARTESIAN_POINT ('', (179.478041016974, 39.1070496951778, 4.06083395293223));
#6346 = CARTESIAN_POINT ('', (179.478631214133, 39.1066614356091, 4.04540183445142));
#6347 = B_SPLINE_CURVE_WITH_KNOTS ('', 3, (#6307, #6308, #6309, #6310, #6311, #6312, #6313, #6314, #6315, #6316, #6317, #6318, #6319, #6320, #6321, #6322, #6323, #6324, #6325, #6326, #6327, #6328, #6329, #6330, #6331, #6332, #6333, #6334, #6335, #6336, #6337, #6338, #6339, #6340, #6341, #6342, #6343, #6344, #6345, #6346), .UNSPECIFIED., .F., .U., (4, 2, 2, 2, 2, 2, 2, 2, 2, 2, 2, 2, 2, 2, 2, 2, 2, 2, 2, 4), (0., 0.0699289407284108, 0.139906893049329, 0.209932724948259, 0.280005462102224, 0.350124276233516, 0.420288475365334, 0.490497495752854, 0.595834539464822, 0.701320201229118, 0.806953885906469, 0.912735825176956, 1.01866707545998, 1.12474953526267, 1.19540108437142, 1.26609873107792, 1.33684328938276, 1.40763571157233, 1.47847709857374, 1.52482193896468), .UNSPECIFIED.);
#6348 = EDGE_CURVE ('', #6306, #6291, #6347, .T.);
#6349 = ORIENTED_EDGE ('', *, *, #6348, .F.);
#6350 = CARTESIAN_POINT ('', (178.644098325589, 39.6556565883434, 5.00000000000277));
#6351 = CARTESIAN_POINT ('', (178.439888125495, 39.3407216547598, 5.00000000000274));
#6352 = CARTESIAN_POINT ('', (178.220712077941, 39.0362708907252, 5.00000000000269));
#6353 = CARTESIAN_POINT ('', (177.186268891545, 37.7406849673512, 5.00000000000252));
#6354 = CARTESIAN_POINT ('', (176.20062620305, 36.8610904582716, 5.00000000000241));
#6355 = CARTESIAN_POINT ('', (174.02401361861, 35.4957117580251, 5.00000000000222));
#6356 = CARTESIAN_POINT ('', (172.803143858177, 34.9911588480582, 5.00000000000216));
#6357 = CARTESIAN_POINT ('', (170.716186271056, 34.516625125583, 5.00000000000209));
#6358 = CARTESIAN_POINT ('', (169.855387899907, 34.4199961176869, 5.00000000000208));
#6359 = CARTESIAN_POINT ('', (168.99986324713, 34.419996117687, 5.00000000000208));
#6360 = B_SPLINE_CURVE_WITH_KNOTS ('', 3, (#6350, #6351, #6352, #6353, #6354, #6355, #6356, #6357, #6358, #6359), .UNSPECIFIED., .F., .U., (4, 2, 2, 2, 4), (6.58881955917537, 7.70836360517163, 11.5625043417619, 15.4166132145505, 17.9831871728834), .UNSPECIFIED.);
#6361 = EDGE_CURVE ('', #6306, #6244, #6360, .T.);
#6362 = ORIENTED_EDGE ('', *, *, #6361, .T.);
#6363 = ORIENTED_EDGE ('', *, *, #6266, .F.);
#6364 = EDGE_LOOP ('', (#6304, #6349, #6362, #6363));
#6365 = FACE_OUTER_BOUND ('', #6364, .T.);
#6366 = CARTESIAN_POINT ('', (179.481778889414, 39.1115106860542, 4.04536955008819));
#6367 = CARTESIAN_POINT ('', (179.259737145241, 38.7692650320423, 4.04764808784851));
#6368 = CARTESIAN_POINT ('', (179.021431668336, 38.4384261991419, 4.049849930941));
#6369 = CARTESIAN_POINT ('', (178.768274538056, 38.1215359436921, 4.05195813612987));
#6370 = CARTESIAN_POINT ('', (177.896756162284, 37.0306100020775, 4.05921584030739));
#6371 = CARTESIAN_POINT ('', (176.825280570103, 36.0749929491929, 4.06556379399293));
#6372 = CARTESIAN_POINT ('', (175.64239004203, 35.3333820938431, 4.07048774007225));
#6373 = CARTESIAN_POINT ('', (174.459509293411, 34.5917773697021, 4.07541164544322));
#6374 = CARTESIAN_POINT ('', (173.132716404129, 34.0437789088724, 4.07904786421743));
#6375 = CARTESIAN_POINT ('', (171.771407674353, 33.7344155314241, 4.08110716577762));
#6376 = CARTESIAN_POINT ('', (170.864868795869, 33.5284005966031, 4.08247852033226));
#6377 = CARTESIAN_POINT ('', (169.855387899907, 33.423462672035, 4.08319309885516));
#6378 = CARTESIAN_POINT ('', (168.999863247129, 33.4234626720351, 4.08319309885517));
#6379 = CARTESIAN_POINT ('', (179.445842474069, 39.1363579823834, 4.99999999998943));
#6380 = CARTESIAN_POINT ('', (179.223495105315, 38.7972220571133, 4.99999999998826));
#6381 = CARTESIAN_POINT ('', (178.984548705578, 38.4686057779283, 4.9999999999876));
#6382 = CARTESIAN_POINT ('', (178.72972871614, 38.1523123376978, 4.99999999998776));
#6383 = CARTESIAN_POINT ('', (177.856397466544, 37.0682963387776, 4.9999999999883));
#6384 = CARTESIAN_POINT ('', (176.795390808512, 36.1276792711564, 4.99999999999838));
#6385 = CARTESIAN_POINT ('', (175.60748654773, 35.3890233492119, 5.00000000000221));
#6386 = CARTESIAN_POINT ('', (174.425065880615, 34.6537772045283, 5.00000000000602));
#6387 = CARTESIAN_POINT ('', (173.11388565748, 34.1167456668727, 5.00000000000363));
#6388 = CARTESIAN_POINT ('', (171.754828442564, 33.8073295350709, 5.00000000000204));
#6389 = CARTESIAN_POINT ('', (170.851237231168, 33.6016092060873, 5.00000000000099));
#6390 = CARTESIAN_POINT ('', (169.925078875816, 33.4961446080856, 5.00000000000027));
#6391 = CARTESIAN_POINT ('', (168.999863247129, 33.4999999999983, 5.00000000000197));
#6392 = CARTESIAN_POINT ('', (178.644098325589, 39.6556565883434, 5.00000000000278));
#6393 = CARTESIAN_POINT ('', (178.439888125495, 39.3407216547598, 5.00000000000274));
#6394 = CARTESIAN_POINT ('', (178.220712077941, 39.0362708907252, 5.0000000000027));
#6395 = CARTESIAN_POINT ('', (177.987865655042, 38.7446429388155, 5.00000000000266));
#6396 = CARTESIAN_POINT ('', (177.186268891545, 37.7406849673512, 5.00000000000252));
#6397 = CARTESIAN_POINT ('', (176.20062620305, 36.8610904582716, 5.00000000000241));
#6398 = CARTESIAN_POINT ('', (175.112315412069, 36.1783982860968, 5.00000000000232));
#6399 = CARTESIAN_POINT ('', (174.02401361861, 35.4957117580251, 5.00000000000222));
#6400 = CARTESIAN_POINT ('', (172.803143858177, 34.9911588480582, 5.00000000000216));
#6401 = CARTESIAN_POINT ('', (171.55041701195, 34.706313033628, 5.00000000000212));
#6402 = CARTESIAN_POINT ('', (170.716186271056, 34.516625125583, 5.00000000000209));
#6403 = CARTESIAN_POINT ('', (169.855387899907, 34.4199961176869, 5.00000000000208));
#6404 = CARTESIAN_POINT ('', (168.99986324713, 34.419996117687, 5.00000000000208));
#6405 = (
   BOUNDED_SURFACE ()
   B_SPLINE_SURFACE (2, 3, ((#6366, #6367, #6368, #6369, #6370, #6371, #6372, #6373, #6374, #6375, #6376, #6377, #6378), (#6379, #6380, #6381, #6382, #6383, #6384, #6385, #6386, #6387, #6388, #6389, #6390, #6391), (#6392, #6393, #6394, #6395, #6396, #6397, #6398, #6399, #6400, #6401, #6402, #6403, #6404)), .UNSPECIFIED., .F., .F., .U.)
   B_SPLINE_SURFACE_WITH_KNOTS ((3, 3), (4, 3, 3, 3, 4), (0., 1.), (6.58881955917537, 7.70836360517163, 11.5625043417619, 15.4166132145505, 17.9831871728834), .UNSPECIFIED.)
   GEOMETRIC_REPRESENTATION_ITEM ()
   RATIONAL_B_SPLINE_SURFACE (((1., 1., 1., 1., 1., 1., 1., 1., 1., 1., 1., 1., 1.), (0.722965681767459, 0.723752910410069, 0.72451368762692, 0.725244143769138, 0.727758811042914, 0.72991412855721, 0.731603629047191, 0.733293115569361, 0.734516792769394, 0.735223491795381, 0.735694105204691, 0.735935456750699, 0.735932435367947), (1., 1., 1., 1., 1., 1., 1., 1., 1., 1., 1., 1., 1.)))
   REPRESENTATION_ITEM ('')
   SURFACE ()
);
#6406 = ADVANCED_FACE ('', (#6365), #6405, .T.);
#6407 = ORIENTED_EDGE ('', *, *, #6001, .F.);
#6408 = ORIENTED_EDGE ('', *, *, #6097, .F.);
#6409 = ORIENTED_EDGE ('', *, *, #6154, .F.);
#6410 = ORIENTED_EDGE ('', *, *, #6250, .F.);
#6411 = ORIENTED_EDGE ('', *, *, #6361, .F.);
#6412 = CARTESIAN_POINT ('', (177.980929513857, 40.0919203570754, 5.00000000000287));
#6413 = VERTEX_POINT ('', #6412);
#6414 = CARTESIAN_POINT ('', (177.980929513855, 40.0919203570749, 5.00000000000284));
#6415 = CARTESIAN_POINT ('', (178.644098325589, 39.6556565883434, 5.00000000000278));
#6416 = B_SPLINE_CURVE_WITH_KNOTS ('', 1, (#6414, #6415), .UNSPECIFIED., .F., .U., (2, 2), (0.855326620367361, 0.918485554818212), .UNSPECIFIED.);
#6417 = EDGE_CURVE ('', #6413, #6306, #6416, .T.);
#6418 = ORIENTED_EDGE ('', *, *, #6417, .F.);
#6419 = CARTESIAN_POINT ('', (169., 35.2499999999993, 5.00000000000225));
#6420 = VERTEX_POINT ('', #6419);
#6421 = CARTESIAN_POINT ('', (177.980929513855, 40.0919203570751, 5.00000000000283));
#6422 = CARTESIAN_POINT ('', (174.795685597826, 35.2499999999988, 5.0000000000022));
#6423 = CARTESIAN_POINT ('', (168.999999999998, 35.2499999999988, 5.0000000000022));
#6424 = (
   BOUNDED_CURVE ()
   B_SPLINE_CURVE (2, (#6421, #6422, #6423), .UNSPECIFIED., .F., .U.)
   B_SPLINE_CURVE_WITH_KNOTS ((3, 3), (0., 0.988924362371808), .UNSPECIFIED.)
   CURVE ()
   GEOMETRIC_REPRESENTATION_ITEM ()
   RATIONAL_B_SPLINE_CURVE ((1., 0.880224063518161, 1.))
   REPRESENTATION_ITEM ('')
);
#6425 = EDGE_CURVE ('', #6413, #6420, #6424, .T.);
#6426 = ORIENTED_EDGE ('', *, *, #6425, .T.);
#6427 = CARTESIAN_POINT ('', (82.491590223178, 35.249999999999, 5.00000000000225));
#6428 = VERTEX_POINT ('', #6427);
#6429 = CARTESIAN_POINT ('', (168.999999999997, 35.2499999999988, 5.00000000000219));
#6430 = CARTESIAN_POINT ('', (82.4915902231768, 35.2499999999985, 5.00000000000219));
#6431 = B_SPLINE_CURVE_WITH_KNOTS ('', 1, (#6429, #6430), .UNSPECIFIED., .F., .U., (2, 2), (823.340898260977, 909.849308037799), .UNSPECIFIED.);
#6432 = EDGE_CURVE ('', #6420, #6428, #6431, .T.);
#6433 = ORIENTED_EDGE ('', *, *, #6432, .T.);
#6434 = CARTESIAN_POINT ('', (70.5212093871866, 33.6740694658683, 5.00000000000204));
#6435 = VERTEX_POINT ('', #6434);
#6436 = CARTESIAN_POINT ('', (82.4915902231769, 35.2499999999984, 5.0000000000022));
#6437 = CARTESIAN_POINT ('', (76.40266220976, 35.2499999999984, 5.00000000000218));
#6438 = CARTESIAN_POINT ('', (70.5212093871856, 33.6740694658678, 5.00000000000198));
#6439 = (
   BOUNDED_CURVE ()
   B_SPLINE_CURVE (2, (#6436, #6437, #6438), .UNSPECIFIED., .F., .U.)
   B_SPLINE_CURVE_WITH_KNOTS ((3, 3), (0., 0.261799387799157), .UNSPECIFIED.)
   CURVE ()
   GEOMETRIC_REPRESENTATION_ITEM ()
   RATIONAL_B_SPLINE_CURVE ((1., 0.991444861373753, 1.))
   REPRESENTATION_ITEM ('')
);
#6440 = EDGE_CURVE ('', #6428, #6435, #6439, .T.);
#6441 = ORIENTED_EDGE ('', *, *, #6440, .T.);
#6442 = CARTESIAN_POINT ('', (66.7833814667954, 32.6725214931531, 5.00000000000191));
#6443 = VERTEX_POINT ('', #6442);
#6444 = CARTESIAN_POINT ('', (70.5212093871851, 33.6740694658677, 5.00000000000199));
#6445 = CARTESIAN_POINT ('', (66.7833814667932, 32.6725214931526, 5.00000000000186));
#6446 = B_SPLINE_CURVE_WITH_KNOTS ('', 1, (#6444, #6445), .UNSPECIFIED., .F., .U., (2, 2), (910.849308037799, 914.718992250252), .UNSPECIFIED.);
#6447 = EDGE_CURVE ('', #6435, #6443, #6446, .T.);
#6448 = ORIENTED_EDGE ('', *, *, #6447, .T.);
#6449 = CARTESIAN_POINT ('', (55.6287623027866, 28.0521269523136, 5.0000000000013));
#6450 = VERTEX_POINT ('', #6449);
#6451 = CARTESIAN_POINT ('', (66.7833814667945, 32.6725214931527, 5.00000000000185));
#6452 = CARTESIAN_POINT ('', (60.9019286442198, 31.0965909590221, 5.00000000000164));
#6453 = CARTESIAN_POINT ('', (55.6287623027859, 28.0521269523132, 5.00000000000124));
#6454 = (
   BOUNDED_CURVE ()
   B_SPLINE_CURVE (2, (#6451, #6452, #6453), .UNSPECIFIED., .F., .U.)
   B_SPLINE_CURVE_WITH_KNOTS ((3, 3), (0., 0.2617993877992), .UNSPECIFIED.)
   CURVE ()
   GEOMETRIC_REPRESENTATION_ITEM ()
   RATIONAL_B_SPLINE_CURVE ((1., 0.991444861373823, 1.))
   REPRESENTATION_ITEM ('')
);
#6455 = EDGE_CURVE ('', #6443, #6450, #6454, .T.);
#6456 = ORIENTED_EDGE ('', *, *, #6455, .T.);
#6457 = CARTESIAN_POINT ('', (34.4826951545866, 15.8434393919984, 4.99999999999968));
#6458 = VERTEX_POINT ('', #6457);
#6459 = CARTESIAN_POINT ('', (55.6287623027856, 28.0521269523132, 5.00000000000126));
#6460 = CARTESIAN_POINT ('', (34.4826951545859, 15.8434393919981, 4.99999999999964));
#6461 = B_SPLINE_CURVE_WITH_KNOTS ('', 1, (#6459, #6460), .UNSPECIFIED., .F., .U., (2, 2), (915.718992250252, 940.136367370882), .UNSPECIFIED.);
#6462 = EDGE_CURVE ('', #6450, #6458, #6461, .T.);
#6463 = ORIENTED_EDGE ('', *, *, #6462, .T.);
#6464 = CARTESIAN_POINT ('', (19.7979220639045, 19.778212482681, 5.0000000000002));
#6465 = VERTEX_POINT ('', #6464);
#6466 = CARTESIAN_POINT ('', (34.4826951545862, 15.8434393919982, 4.99999999999962));
#6467 = CARTESIAN_POINT ('', (25.172922063904, 10.4684393919985, 4.99999999999891));
#6468 = CARTESIAN_POINT ('', (19.7979220639043, 19.7782124826806, 5.00000000000015));
#6469 = (
   BOUNDED_CURVE ()
   B_SPLINE_CURVE (2, (#6466, #6467, #6468), .UNSPECIFIED., .F., .U.)
   B_SPLINE_CURVE_WITH_KNOTS ((3, 3), (0., 1.5707963267949), .UNSPECIFIED.)
   CURVE ()
   GEOMETRIC_REPRESENTATION_ITEM ()
   RATIONAL_B_SPLINE_CURVE ((1., 0.707106781186548, 1.))
   REPRESENTATION_ITEM ('')
);
#6470 = EDGE_CURVE ('', #6458, #6465, #6469, .T.);
#6471 = ORIENTED_EDGE ('', *, *, #6470, .T.);
#6472 = CARTESIAN_POINT ('', (6.41151259265344, 42.9641538178091, 5.00000000000326));
#6473 = VERTEX_POINT ('', #6472);
#6474 = CARTESIAN_POINT ('', (19.7979220639045, 19.7782124826811, 5.00000000000015));
#6475 = CARTESIAN_POINT ('', (6.41151259265354, 42.964153817809, 5.00000000000322));
#6476 = B_SPLINE_CURVE_WITH_KNOTS ('', 1, (#6474, #6475), .UNSPECIFIED., .F., .U., (2, 2), (941.136367370882, 967.909186313384), .UNSPECIFIED.);
#6477 = EDGE_CURVE ('', #6465, #6473, #6476, .T.);
#6478 = ORIENTED_EDGE ('', *, *, #6477, .T.);
#6479 = CARTESIAN_POINT ('', (6.41151259265335, 42.9641538178085, 5.00000000000321));
#6480 = CARTESIAN_POINT ('', (5.94946468236391, 43.7644442739608, 5.00000000000331));
#6481 = CARTESIAN_POINT ('', (5.56834964054406, 44.6062901093192, 5.00000000000343));
#6482 = (
   BOUNDED_CURVE ()
   B_SPLINE_CURVE (2, (#6479, #6480, #6481), .UNSPECIFIED., .F., .U.)
   B_SPLINE_CURVE_WITH_KNOTS ((3, 3), (0., 0.0984905272274933), .UNSPECIFIED.)
   CURVE ()
   GEOMETRIC_REPRESENTATION_ITEM ()
   RATIONAL_B_SPLINE_CURVE ((1., 0.998787697031258, 1.))
   REPRESENTATION_ITEM ('')
);
#6483 = EDGE_CURVE ('', #6473, #5734, #6482, .T.);
#6484 = ORIENTED_EDGE ('', *, *, #6483, .T.);
#6485 = ORIENTED_EDGE ('', *, *, #5738, .F.);
#6486 = ORIENTED_EDGE ('', *, *, #5763, .F.);
#6487 = ORIENTED_EDGE ('', *, *, #5804, .F.);
#6488 = ORIENTED_EDGE ('', *, *, #5859, .F.);
#6489 = ORIENTED_EDGE ('', *, *, #5944, .F.);
#6490 = EDGE_LOOP ('', (#6407, #6408, #6409, #6410, #6411, #6418, #6426, #6433, #6441, #6448, #6456, #6463, #6471, #6478, #6484, #6485, #6486, #6487, #6488, #6489));
#6491 = FACE_OUTER_BOUND ('', #6490, .T.);
#6492 = CARTESIAN_POINT ('', (4.85289771101694, 13.5100314274787, 4.99999999999931));
#6493 = CARTESIAN_POINT ('', (4.85289771101694, 44.6062901093192, 5.00000000000343));
#6494 = CARTESIAN_POINT ('', (178.644098325589, 13.5100314274787, 4.99999999999931));
#6495 = CARTESIAN_POINT ('', (178.644098325589, 44.6062901093192, 5.00000000000343));
#6496 = B_SPLINE_SURFACE_WITH_KNOTS ('', 1, 1, ((#6492, #6493), (#6494, #6495)), .UNSPECIFIED., .F., .F., .U., (2, 2), (2, 2), (0.346806748550126, 0.722538964277323), (0.395816875846992, 0.4630462069871), .UNSPECIFIED.);
#6497 = ADVANCED_FACE ('', (#6491), #6496, .T.);
#6498 = ORIENTED_EDGE ('', *, *, #3779, .T.);
#6499 = ORIENTED_EDGE ('', *, *, #5745, .T.);
#6500 = ORIENTED_EDGE ('', *, *, #6483, .F.);
#6501 = CARTESIAN_POINT ('', (6.41151259265337, 42.9641538178087, 3.50000000000323));
#6502 = CARTESIAN_POINT ('', (6.41151259265337, 42.9641538178085, 5.00000000000321));
#6503 = B_SPLINE_CURVE_WITH_KNOTS ('', 1, (#6501, #6502), .UNSPECIFIED., .F., .U., (2, 2), (0., 1.), .UNSPECIFIED.);
#6504 = EDGE_CURVE ('', #3774, #6473, #6503, .T.);
#6505 = ORIENTED_EDGE ('', *, *, #6504, .F.);
#6506 = EDGE_LOOP ('', (#6498, #6499, #6500, #6505));
#6507 = FACE_OUTER_BOUND ('', #6506, .T.);
#6508 = CARTESIAN_POINT ('', (5.56834964054429, 44.6062901093193, 5.00000000000156));
#6509 = CARTESIAN_POINT ('', (5.5683496405442, 44.6062901093199, 3.50000000000416));
#6510 = CARTESIAN_POINT ('', (5.94946468236376, 43.7644442739623, 5.00000000000121));
#6511 = CARTESIAN_POINT ('', (5.94946468236368, 43.7644442739629, 3.50000000000381));
#6512 = CARTESIAN_POINT ('', (6.41151259265273, 42.9641538178111, 5.00000000000088));
#6513 = CARTESIAN_POINT ('', (6.41151259265264, 42.9641538178117, 3.50000000000348));
#6514 = (
   BOUNDED_SURFACE ()
   B_SPLINE_SURFACE (2, 1, ((#6508, #6509), (#6510, #6511), (#6512, #6513)), .UNSPECIFIED., .F., .F., .U.)
   B_SPLINE_SURFACE_WITH_KNOTS ((3, 3), (2, 2), (0.304925229144426, 0.37207284783758), (0., 0.0541811098695652), .UNSPECIFIED.)
   GEOMETRIC_REPRESENTATION_ITEM ()
   RATIONAL_B_SPLINE_SURFACE (((0.988910404995755, 0.988910404995755), (0.993234182021979, 0.993234182021979), (1., 1.)))
   REPRESENTATION_ITEM ('')
   SURFACE ()
);
#6515 = ADVANCED_FACE ('', (#6507), #6514, .T.);
#6516 = ORIENTED_EDGE ('', *, *, #6477, .F.);
#6517 = CARTESIAN_POINT ('', (19.7979220639043, 19.778212482681, 3.50000000000016));
#6518 = CARTESIAN_POINT ('', (19.7979220639043, 19.7782124826808, 5.00000000000014));
#6519 = B_SPLINE_CURVE_WITH_KNOTS ('', 1, (#6517, #6518), .UNSPECIFIED., .F., .U., (2, 2), (0., 1.), .UNSPECIFIED.);
#6520 = EDGE_CURVE ('', #3782, #6465, #6519, .T.);
#6521 = ORIENTED_EDGE ('', *, *, #6520, .F.);
#6522 = ORIENTED_EDGE ('', *, *, #3786, .T.);
#6523 = ORIENTED_EDGE ('', *, *, #6504, .T.);
#6524 = EDGE_LOOP ('', (#6516, #6521, #6522, #6523));
#6525 = FACE_OUTER_BOUND ('', #6524, .T.);
#6526 = CARTESIAN_POINT ('', (19.7979220638993, 19.7782124826898, 3.50000000001351));
#6527 = CARTESIAN_POINT ('', (19.7979220638993, 19.7782124826896, 5.0000000000135));
#6528 = CARTESIAN_POINT ('', (6.41151259264819, 42.9641538178174, 3.50000000001695));
#6529 = CARTESIAN_POINT ('', (6.41151259264819, 42.9641538178172, 5.00000000001694));
#6530 = B_SPLINE_SURFACE_WITH_KNOTS ('', 1, 1, ((#6526, #6527), (#6528, #6529)), .UNSPECIFIED., .F., .F., .U., (2, 2), (2, 2), (32.2853028972097, 33.2037336357704), (0., 0.0514568940536226), .UNSPECIFIED.);
#6531 = ADVANCED_FACE ('', (#6525), #6530, .T.);
#6532 = ORIENTED_EDGE ('', *, *, #6470, .F.);
#6533 = CARTESIAN_POINT ('', (34.4826951545862, 15.8434393919984, 3.49999999999964));
#6534 = CARTESIAN_POINT ('', (34.4826951545862, 15.8434393919982, 4.99999999999962));
#6535 = B_SPLINE_CURVE_WITH_KNOTS ('', 1, (#6533, #6534), .UNSPECIFIED., .F., .U., (2, 2), (0., 1.), .UNSPECIFIED.);
#6536 = EDGE_CURVE ('', #3789, #6458, #6535, .T.);
#6537 = ORIENTED_EDGE ('', *, *, #6536, .F.);
#6538 = ORIENTED_EDGE ('', *, *, #3794, .T.);
#6539 = ORIENTED_EDGE ('', *, *, #6520, .T.);
#6540 = EDGE_LOOP ('', (#6532, #6537, #6538, #6539));
#6541 = FACE_OUTER_BOUND ('', #6540, .T.);
#6542 = CARTESIAN_POINT ('', (19.7979220639044, 19.7782124826805, 5.00000000000027));
#6543 = CARTESIAN_POINT ('', (19.7979220639044, 19.7782124826807, 3.50000000000022));
#6544 = CARTESIAN_POINT ('', (25.1729220639038, 10.4684393919987, 4.99999999999917));
#6545 = CARTESIAN_POINT ('', (25.1729220639038, 10.4684393919988, 3.49999999999912));
#6546 = CARTESIAN_POINT ('', (34.4826951545857, 15.8434393919981, 4.99999999999975));
#6547 = CARTESIAN_POINT ('', (34.4826951545856, 15.8434393919982, 3.4999999999997));
#6548 = (
   BOUNDED_SURFACE ()
   B_SPLINE_SURFACE (2, 1, ((#6542, #6543), (#6544, #6545), (#6546, #6547)), .UNSPECIFIED., .F., .F., .U.)
   B_SPLINE_SURFACE_WITH_KNOTS ((3, 3), (2, 2), (0., 0.609936999948613), (0., 0.0541811098696609), .UNSPECIFIED.)
   GEOMETRIC_REPRESENTATION_ITEM ()
   RATIONAL_B_SPLINE_SURFACE (((1., 1.), (0.707106781186547, 0.707106781186547), (1., 1.)))
   REPRESENTATION_ITEM ('')
   SURFACE ()
);
#6549 = ADVANCED_FACE ('', (#6541), #6548, .T.);
#6550 = ORIENTED_EDGE ('', *, *, #6462, .F.);
#6551 = CARTESIAN_POINT ('', (55.6287623027859, 28.0521269523134, 3.50000000000126));
#6552 = CARTESIAN_POINT ('', (55.6287623027859, 28.0521269523132, 5.00000000000124));
#6553 = B_SPLINE_CURVE_WITH_KNOTS ('', 1, (#6551, #6552), .UNSPECIFIED., .F., .U., (2, 2), (0., 1.), .UNSPECIFIED.);
#6554 = EDGE_CURVE ('', #3797, #6450, #6553, .T.);
#6555 = ORIENTED_EDGE ('', *, *, #6554, .F.);
#6556 = ORIENTED_EDGE ('', *, *, #3801, .T.);
#6557 = ORIENTED_EDGE ('', *, *, #6536, .T.);
#6558 = EDGE_LOOP ('', (#6550, #6555, #6556, #6557));
#6559 = FACE_OUTER_BOUND ('', #6558, .T.);
#6560 = CARTESIAN_POINT ('', (55.6287623027728, 28.0521269523061, 3.50000000001254));
#6561 = CARTESIAN_POINT ('', (55.6287623027728, 28.0521269523059, 5.00000000001251));
#6562 = CARTESIAN_POINT ('', (34.4826951545732, 15.8434393919912, 3.50000000001122));
#6563 = CARTESIAN_POINT ('', (34.4826951545732, 15.843439391991, 5.00000000001119));
#6564 = B_SPLINE_SURFACE_WITH_KNOTS ('', 1, 1, ((#6560, #6561), (#6562, #6563)), .UNSPECIFIED., .F., .F., .U., (2, 2), (2, 2), (31.4133701114077, 32.2509983011742), (0., 0.0514568940536226), .UNSPECIFIED.);
#6565 = ADVANCED_FACE ('', (#6559), #6564, .T.);
#6566 = ORIENTED_EDGE ('', *, *, #6455, .F.);
#6567 = CARTESIAN_POINT ('', (66.7833814667945, 32.6725214931529, 3.50000000000187));
#6568 = CARTESIAN_POINT ('', (66.7833814667945, 32.6725214931527, 5.00000000000185));
#6569 = B_SPLINE_CURVE_WITH_KNOTS ('', 1, (#6567, #6568), .UNSPECIFIED., .F., .U., (2, 2), (0., 1.), .UNSPECIFIED.);
#6570 = EDGE_CURVE ('', #3804, #6443, #6569, .T.);
#6571 = ORIENTED_EDGE ('', *, *, #6570, .F.);
#6572 = ORIENTED_EDGE ('', *, *, #3809, .T.);
#6573 = ORIENTED_EDGE ('', *, *, #6554, .T.);
#6574 = EDGE_LOOP ('', (#6566, #6571, #6572, #6573));
#6575 = FACE_OUTER_BOUND ('', #6574, .T.);
#6576 = CARTESIAN_POINT ('', (66.7833814667954, 32.6725214931533, 3.50000000000126));
#6577 = CARTESIAN_POINT ('', (66.7833814667951, 32.6725214931532, 4.99999999999543));
#6578 = CARTESIAN_POINT ('', (60.9019286442199, 31.0965909590224, 3.49999999999978));
#6579 = CARTESIAN_POINT ('', (60.9019286442196, 31.0965909590222, 4.99999999999395));
#6580 = CARTESIAN_POINT ('', (55.6287623027854, 28.0521269523129, 3.49999999999826));
#6581 = CARTESIAN_POINT ('', (55.628762302785, 28.0521269523127, 4.99999999999242));
#6582 = (
   BOUNDED_SURFACE ()
   B_SPLINE_SURFACE (2, 1, ((#6576, #6577), (#6578, #6579), (#6580, #6581)), .UNSPECIFIED., .F., .F., .U.)
   B_SPLINE_SURFACE_WITH_KNOTS ((3, 3), (2, 2), (0., 0.437357926319858), (-0.0541811098694482, 0.), .UNSPECIFIED.)
   GEOMETRIC_REPRESENTATION_ITEM ()
   RATIONAL_B_SPLINE_SURFACE (((1., 1.), (0.991444861373806, 0.991444861373806), (1., 1.)))
   REPRESENTATION_ITEM ('')
   SURFACE ()
);
#6583 = ADVANCED_FACE ('', (#6575), #6582, .T.);
#6584 = ORIENTED_EDGE ('', *, *, #6447, .F.);
#6585 = CARTESIAN_POINT ('', (70.5212093871856, 33.6740694658681, 3.500000000002));
#6586 = CARTESIAN_POINT ('', (70.5212093871856, 33.6740694658679, 5.00000000000198));
#6587 = B_SPLINE_CURVE_WITH_KNOTS ('', 1, (#6585, #6586), .UNSPECIFIED., .F., .U., (2, 2), (0., 1.), .UNSPECIFIED.);
#6588 = EDGE_CURVE ('', #3812, #6435, #6587, .T.);
#6589 = ORIENTED_EDGE ('', *, *, #6588, .F.);
#6590 = ORIENTED_EDGE ('', *, *, #3816, .T.);
#6591 = ORIENTED_EDGE ('', *, *, #6570, .T.);
#6592 = EDGE_LOOP ('', (#6584, #6589, #6590, #6591));
#6593 = FACE_OUTER_BOUND ('', #6592, .T.);
#6594 = CARTESIAN_POINT ('', (70.5212093872309, 33.6740694658802, 3.50000000000987));
#6595 = CARTESIAN_POINT ('', (70.5212093872309, 33.67406946588, 5.00000000000985));
#6596 = CARTESIAN_POINT ('', (66.7833814668398, 32.672521493165, 3.50000000000976));
#6597 = CARTESIAN_POINT ('', (66.7833814668398, 32.6725214931649, 5.00000000000974));
#6598 = B_SPLINE_SURFACE_WITH_KNOTS ('', 1, 1, ((#6594, #6595), (#6596, #6597)), .UNSPECIFIED., .F., .F., .U., (2, 2), (2, 2), (31.2463175616793, 31.3790655153734), (0., 0.0514568940536226), .UNSPECIFIED.);
#6599 = ADVANCED_FACE ('', (#6593), #6598, .T.);
#6600 = ORIENTED_EDGE ('', *, *, #6440, .F.);
#6601 = CARTESIAN_POINT ('', (82.4915902231769, 35.2499999999987, 3.50000000000222));
#6602 = CARTESIAN_POINT ('', (82.4915902231769, 35.2499999999985, 5.0000000000022));
#6603 = B_SPLINE_CURVE_WITH_KNOTS ('', 1, (#6601, #6602), .UNSPECIFIED., .F., .U., (2, 2), (0., 1.), .UNSPECIFIED.);
#6604 = EDGE_CURVE ('', #3819, #6428, #6603, .T.);
#6605 = ORIENTED_EDGE ('', *, *, #6604, .F.);
#6606 = ORIENTED_EDGE ('', *, *, #3824, .T.);
#6607 = ORIENTED_EDGE ('', *, *, #6588, .T.);
#6608 = EDGE_LOOP ('', (#6600, #6605, #6606, #6607));
#6609 = FACE_OUTER_BOUND ('', #6608, .T.);
#6610 = CARTESIAN_POINT ('', (82.4915902231743, 35.2499999999986, 3.500000000002));
#6611 = CARTESIAN_POINT ('', (82.4915902231742, 35.2499999999984, 5.0000000000033));
#6612 = CARTESIAN_POINT ('', (76.4026622097588, 35.2499999999987, 3.50000000000159));
#6613 = CARTESIAN_POINT ('', (76.4026622097587, 35.2499999999984, 5.00000000000288));
#6614 = CARTESIAN_POINT ('', (70.5212093871859, 33.6740694658681, 3.50000000000096));
#6615 = CARTESIAN_POINT ('', (70.5212093871858, 33.6740694658679, 5.00000000000225));
#6616 = (
   BOUNDED_SURFACE ()
   B_SPLINE_SURFACE (2, 1, ((#6610, #6611), (#6612, #6613), (#6614, #6615)), .UNSPECIFIED., .F., .F., .U.)
   B_SPLINE_SURFACE_WITH_KNOTS ((3, 3), (2, 2), (0., 0.43735792631967), (-0.0541811098697164, -1.06581410364015E-14), .UNSPECIFIED.)
   GEOMETRIC_REPRESENTATION_ITEM ()
   RATIONAL_B_SPLINE_SURFACE (((1., 1.), (0.991444861373806, 0.991444861373806), (1., 1.)))
   REPRESENTATION_ITEM ('')
   SURFACE ()
);
#6617 = ADVANCED_FACE ('', (#6609), #6616, .T.);
#6618 = ORIENTED_EDGE ('', *, *, #6432, .F.);
#6619 = CARTESIAN_POINT ('', (168.999999999997, 35.249999999999, 3.50000000000221));
#6620 = CARTESIAN_POINT ('', (168.999999999997, 35.2499999999988, 5.00000000000219));
#6621 = B_SPLINE_CURVE_WITH_KNOTS ('', 1, (#6619, #6620), .UNSPECIFIED., .F., .U., (2, 2), (0., 1.), .UNSPECIFIED.);
#6622 = EDGE_CURVE ('', #3827, #6420, #6621, .T.);
#6623 = ORIENTED_EDGE ('', *, *, #6622, .F.);
#6624 = ORIENTED_EDGE ('', *, *, #3831, .T.);
#6625 = ORIENTED_EDGE ('', *, *, #6604, .T.);
#6626 = EDGE_LOOP ('', (#6618, #6623, #6624, #6625));
#6627 = FACE_OUTER_BOUND ('', #6626, .T.);
#6628 = CARTESIAN_POINT ('', (168.99999999999, 35.249999999999, 3.50000000000222));
#6629 = CARTESIAN_POINT ('', (168.99999999999, 35.2499999999988, 5.00000000000222));
#6630 = CARTESIAN_POINT ('', (82.4915902231683, 35.2499999999987, 3.50000000000222));
#6631 = CARTESIAN_POINT ('', (82.4915902231683, 35.2499999999985, 5.00000000000222));
#6632 = B_SPLINE_SURFACE_WITH_KNOTS ('', 1, 1, ((#6628, #6629), (#6630, #6631)), .UNSPECIFIED., .F., .F., .U., (2, 2), (2, 2), (28.244376914553, 31.2120129656418), (0., 0.0514568940536226), .UNSPECIFIED.);
#6633 = ADVANCED_FACE ('', (#6627), #6632, .T.);
#6634 = ORIENTED_EDGE ('', *, *, #6425, .F.);
#6635 = CARTESIAN_POINT ('', (177.980929513855, 40.0919203570753, 3.50000000000285));
#6636 = CARTESIAN_POINT ('', (177.980929513855, 40.0919203570752, 4.00000000000285));
#6637 = CARTESIAN_POINT ('', (177.980929513855, 40.0919203570751, 4.50000000000284));
#6638 = CARTESIAN_POINT ('', (177.980929513855, 40.0919203570751, 5.00000000000283));
#6639 = B_SPLINE_CURVE_WITH_KNOTS ('', 3, (#6635, #6636, #6637, #6638), .UNSPECIFIED., .F., .U., (4, 4), (0., 1.49999999999999), .UNSPECIFIED.);
#6640 = EDGE_CURVE ('', #3834, #6413, #6639, .T.);
#6641 = ORIENTED_EDGE ('', *, *, #6640, .F.);
#6642 = ORIENTED_EDGE ('', *, *, #3839, .T.);
#6643 = ORIENTED_EDGE ('', *, *, #6622, .T.);
#6644 = EDGE_LOOP ('', (#6634, #6641, #6642, #6643));
#6645 = FACE_OUTER_BOUND ('', #6644, .T.);
#6646 = CARTESIAN_POINT ('', (168.999999999997, 35.2499999999984, 5.00000000000223));
#6647 = CARTESIAN_POINT ('', (168.999999999997, 35.2499999999986, 3.50000000000239));
#6648 = CARTESIAN_POINT ('', (174.795685597826, 35.2499999999983, 5.00000000000218));
#6649 = CARTESIAN_POINT ('', (174.795685597826, 35.2499999999985, 3.50000000000234));
#6650 = CARTESIAN_POINT ('', (177.980929513855, 40.0919203570752, 5.00000000000274));
#6651 = CARTESIAN_POINT ('', (177.980929513855, 40.0919203570754, 3.5000000000029));
#6652 = (
   BOUNDED_SURFACE ()
   B_SPLINE_SURFACE (2, 1, ((#6646, #6647), (#6648, #6649), (#6650, #6651)), .UNSPECIFIED., .F., .F., .U.)
   B_SPLINE_SURFACE_WITH_KNOTS ((3, 3), (2, 2), (0., 0.380152213592686), (0., 0.0541811098696532), .UNSPECIFIED.)
   GEOMETRIC_REPRESENTATION_ITEM ()
   RATIONAL_B_SPLINE_SURFACE (((1., 1.), (0.817449989937328, 0.817449989937328), (0.862453941751162, 0.862453941751162)))
   REPRESENTATION_ITEM ('')
   SURFACE ()
);
#6653 = ADVANCED_FACE ('', (#6645), #6652, .T.);
#6654 = ORIENTED_EDGE ('', *, *, #6348, .T.);
#6655 = CARTESIAN_POINT ('', (179.499999999998, 39.0926040389261, 3.50000000000272));
#6656 = CARTESIAN_POINT ('', (179.493128496726, 39.0971244383491, 3.68180694331479));
#6657 = CARTESIAN_POINT ('', (179.486240187335, 39.1016558936316, 3.86363250846536));
#6658 = CARTESIAN_POINT ('', (179.479336454601, 39.1061974951178, 4.04544023128591));
#6659 = B_SPLINE_CURVE_WITH_KNOTS ('', 3, (#6655, #6656, #6657, #6658), .UNSPECIFIED., .F., .U., (4, 4), (0., 0.545978704567918), .UNSPECIFIED.);
#6660 = EDGE_CURVE ('', #3842, #6291, #6659, .T.);
#6661 = ORIENTED_EDGE ('', *, *, #6660, .F.);
#6662 = ORIENTED_EDGE ('', *, *, #3846, .T.);
#6663 = ORIENTED_EDGE ('', *, *, #6640, .T.);
#6664 = ORIENTED_EDGE ('', *, *, #6417, .T.);
#6665 = EDGE_LOOP ('', (#6654, #6661, #6662, #6663, #6664));
#6666 = FACE_OUTER_BOUND ('', #6665, .T.);
#6667 = CARTESIAN_POINT ('', (179.499999999997, 39.092604038926, 3.50000000000272));
#6668 = CARTESIAN_POINT ('', (179.499999999997, 39.0926040389258, 5.00000000000269));
#6669 = CARTESIAN_POINT ('', (177.980929513854, 40.0919203570752, 3.50000000000285));
#6670 = CARTESIAN_POINT ('', (177.980929513854, 40.091920357075, 5.00000000000283));
#6671 = B_SPLINE_SURFACE_WITH_KNOTS ('', 1, 1, ((#6667, #6668), (#6669, #6670)), .UNSPECIFIED., .F., .F., .U., (2, 2), (2, 2), (0.167608746579674, 0.233825373554177), (0., 0.0546252215075794), .UNSPECIFIED.);
#6672 = ADVANCED_FACE ('', (#6666), #6671, .T.);
#6673 = CARTESIAN_POINT ('', (168.999999999997, 38.4999999999998, -5.78587792718971));
#6674 = VERTEX_POINT ('', #6673);
#6675 = CARTESIAN_POINT ('', (176.499999999997, 45.9999999999994, -6.44204290363315));
#6676 = VERTEX_POINT ('', #6675);
#6677 = CARTESIAN_POINT ('', (168.999999999995, 38.4999999999992, -5.78587792718963));
#6678 = CARTESIAN_POINT ('', (169.064705218317, 38.4999999999992, -5.78587792718963));
#6679 = CARTESIAN_POINT ('', (169.130445508216, 38.5008553345743, -5.78595275926847));
#6680 = CARTESIAN_POINT ('', (169.259818092509, 38.5042223807979, -5.78624733764261));
#6681 = CARTESIAN_POINT ('', (169.325481635251, 38.5067864572121, -5.78647166526126));
#6682 = CARTESIAN_POINT ('', (169.454734348991, 38.5135185185892, -5.78706064431392));
#6683 = CARTESIAN_POINT ('', (169.520276746353, 38.5177877403342, -5.78743415281869));
#6684 = CARTESIAN_POINT ('', (169.649321326544, 38.5278804341399, -5.78831714911111));
#6685 = CARTESIAN_POINT ('', (169.714698309034, 38.5338500438542, -5.78883942228679));
#6686 = CARTESIAN_POINT ('', (169.843446662816, 38.5472966407348, -5.79001584707685));
#6687 = CARTESIAN_POINT ('', (169.908614122022, 38.5549607242121, -5.79068636749743));
#6688 = CARTESIAN_POINT ('', (170.036978391639, 38.5717521552207, -5.79215542735505));
#6689 = CARTESIAN_POINT ('', (170.101892412391, 38.5811036464745, -5.79297357682682));
#6690 = CARTESIAN_POINT ('', (170.229785039844, 38.6012285121013, -5.79473427442415));
#6691 = CARTESIAN_POINT ('', (170.294401932163, 38.6122591994729, -5.79569933452006));
#6692 = CARTESIAN_POINT ('', (170.421735723474, 38.6357037806557, -5.79775046959466));
#6693 = CARTESIAN_POINT ('', (170.486012054254, 38.6484043139482, -5.79886162227849));
#6694 = CARTESIAN_POINT ('', (170.612700243267, 38.6751525850409, -5.80120179276801));
#6695 = CARTESIAN_POINT ('', (170.676592867646, 38.6895124836619, -5.80245812110674));
#6696 = CARTESIAN_POINT ('', (170.80254917929, 38.7195461273373, -5.80508572445271));
#6697 = CARTESIAN_POINT ('', (170.866015271679, 38.7355537894291, -5.80648621341529));
#6698 = CARTESIAN_POINT ('', (170.99115398462, 38.7688522134882, -5.80939944803374));
#6699 = CARTESIAN_POINT ('', (171.054151069348, 38.7864949260219, -5.81094298537428));
#6700 = CARTESIAN_POINT ('', (171.178387077955, 38.8230352820769, -5.81413985229028));
#6701 = CARTESIAN_POINT ('', (171.240873059486, 38.8422992318884, -5.81582522951352));
#6702 = CARTESIAN_POINT ('', (171.364121935054, 38.8820564358845, -5.81930353415666));
#6703 = CARTESIAN_POINT ('', (171.426055127756, 38.9029267216242, -5.82112944756343));
#6704 = CARTESIAN_POINT ('', (171.548233178907, 38.9458734761621, -5.82488680172073));
#6705 = CARTESIAN_POINT ('', (171.609572336327, 38.9683341211315, -5.82685185353103));
#6706 = CARTESIAN_POINT ('', (171.730596668533, 39.014440939548, -5.83088567745371));
#6707 = CARTESIAN_POINT ('', (171.791301012152, 39.0384749053937, -5.83298837700478));
#6708 = CARTESIAN_POINT ('', (171.911089586315, 39.0877101375558, -5.83729590166502));
#6709 = CARTESIAN_POINT ('', (171.971118833763, 39.1132993387921, -5.83953466668188));
#6710 = CARTESIAN_POINT ('', (172.089590523794, 39.1656291985569, -5.84411293617519));
#6711 = CARTESIAN_POINT ('', (172.14890491648, 39.192754517884, -5.84648609411083));
#6712 = CARTESIAN_POINT ('', (172.265979565832, 39.2481431121751, -5.85133196819993));
#6713 = CARTESIAN_POINT ('', (172.324539895985, 39.2767844165625, -5.85383775764242));
#6714 = CARTESIAN_POINT ('', (172.440138373064, 39.3351937760088, -5.85894791443778));
#6715 = CARTESIAN_POINT ('', (172.497906010155, 39.3653299335104, -5.8615844865814));
#6716 = CARTESIAN_POINT ('', (172.640431204829, 39.4420513582792, -5.86829674149821));
#6717 = CARTESIAN_POINT ('', (172.725726075359, 39.4901311413871, -5.87250317746493));
#6718 = CARTESIAN_POINT ('', (172.893018036913, 39.5887722274459, -5.88113315425295));
#6719 = CARTESIAN_POINT ('', (172.976285528058, 39.6400800411874, -5.88562200630563));
#6720 = CARTESIAN_POINT ('', (173.139621009554, 39.7451642706129, -5.8948156850957));
#6721 = CARTESIAN_POINT ('', (173.220740030304, 39.7996142775152, -5.89957944342855));
#6722 = CARTESIAN_POINT ('', (173.379871485474, 39.9109804661321, -5.90932272243261));
#6723 = CARTESIAN_POINT ('', (173.458724607782, 39.9684823370586, -5.9143534842702));
#6724 = CARTESIAN_POINT ('', (173.61341130637, 40.0859599130775, -5.92463144039035));
#6725 = CARTESIAN_POINT ('', (173.689884928727, 40.1464189880854, -5.92992092406079));
#6726 = CARTESIAN_POINT ('', (173.877399579499, 40.300684071175, -5.943417370009));
#6727 = CARTESIAN_POINT ('', (173.987571249683, 40.3968444256929, -5.95183031090994));
#6728 = CARTESIAN_POINT ('', (174.3354528838, 40.7188298628135, -5.98000038647839));
#6729 = CARTESIAN_POINT ('', (174.561571447947, 40.9575173637808, -6.00088283693833));
#6730 = CARTESIAN_POINT ('', (174.864286697453, 41.3222443288589, -6.03279231166484));
#6731 = CARTESIAN_POINT ('', (174.95368356814, 41.4365693368719, -6.04279445382348));
#6732 = CARTESIAN_POINT ('', (175.097690180933, 41.6322071572164, -6.05991054526052));
#6733 = CARTESIAN_POINT ('', (175.153496885982, 41.71118742467, -6.06682042330495));
#6734 = CARTESIAN_POINT ('', (175.262527652486, 41.8720237185115, -6.08089177569958));
#6735 = CARTESIAN_POINT ('', (175.315172362331, 41.9530213410436, -6.08797814944368));
#6736 = CARTESIAN_POINT ('', (175.417889886011, 42.1179733127645, -6.10240957699549));
#6737 = CARTESIAN_POINT ('', (175.467301357017, 42.200861611273, -6.10966136345393));
#6738 = CARTESIAN_POINT ('', (175.563553104781, 42.3696813429181, -6.12443117615233));
#6739 = CARTESIAN_POINT ('', (175.609665144655, 42.4543311988286, -6.1318370789136));
#6740 = CARTESIAN_POINT ('', (175.699308371243, 42.6267654232364, -6.14692311875315));
#6741 = CARTESIAN_POINT ('', (175.742059914319, 42.7130454733454, -6.15447164502613));
#6742 = CARTESIAN_POINT ('', (175.824961822745, 42.8888359605377, -6.16985131981112));
#6743 = CARTESIAN_POINT ('', (175.864296998426, 42.9766127930127, -6.17753079757289));
#6744 = CARTESIAN_POINT ('', (175.927642151505, 43.1256362778917, -6.19056866309891));
#6745 = CARTESIAN_POINT ('', (175.952013727112, 43.1850937588712, -6.19577051864642));
#6746 = CARTESIAN_POINT ('', (175.999576874527, 43.3055397000466, -6.20630817306696));
#6747 = CARTESIAN_POINT ('', (176.022393239042, 43.3655768411429, -6.21156074230339));
#6748 = CARTESIAN_POINT ('', (176.066830778532, 43.4872135670139, -6.2222025768855));
#6749 = CARTESIAN_POINT ('', (176.088078527928, 43.547789736181, -6.22750230496744));
#6750 = CARTESIAN_POINT ('', (176.129361338563, 43.6705365356724, -6.23824125840702));
#6751 = CARTESIAN_POINT ('', (176.149028122194, 43.7316108016214, -6.24358456431071));
#6752 = CARTESIAN_POINT ('', (176.187129152877, 43.8553862996538, -6.2544135172108));
#6753 = CARTESIAN_POINT ('', (176.205203679413, 43.9169174579364, -6.25979679601415));
#6754 = CARTESIAN_POINT ('', (176.240097961113, 44.0416396668107, -6.27070857538054));
#6755 = CARTESIAN_POINT ('', (176.256570003923, 44.103586265948, -6.27612820054904));
#6756 = CARTESIAN_POINT ('', (176.288234660763, 44.2291726367352, -6.28711558428627));
#6757 = CARTESIAN_POINT ('', (176.303095062754, 44.2914930043846, -6.29256790996235));
#6758 = CARTESIAN_POINT ('', (176.331509321986, 44.4178604783079, -6.30362363136903));
#6759 = CARTESIAN_POINT ('', (176.344749999905, 44.4805127474657, -6.3091049946645));
#6760 = CARTESIAN_POINT ('', (176.369895200787, 44.6075778072644, -6.32022174692712));
#6761 = CARTESIAN_POINT ('', (176.381509148991, 44.6705199424985, -6.32572847021821));
#6762 = CARTESIAN_POINT ('', (176.403368750588, 44.7981986637674, -6.3368989109027));
#6763 = CARTESIAN_POINT ('', (176.413350044282, 44.8613884874777, -6.34242730412755));
#6764 = CARTESIAN_POINT ('', (176.431909632206, 44.9895965899736, -6.3536440596681));
#6765 = CARTESIAN_POINT ('', (176.440253430166, 45.0529918086762, -6.35919042262632));
#6766 = CARTESIAN_POINT ('', (176.455500722277, 45.1816447075898, -6.37044609281098));
#6767 = CARTESIAN_POINT ('', (176.462203269043, 45.2452029382221, -6.37600671746507));
#6768 = CARTESIAN_POINT ('', (176.474128120112, 45.3742157954095, -6.38729387991804));
#6769 = CARTESIAN_POINT ('', (176.479186747679, 45.4378945916541, -6.39286505269641));
#6770 = CARTESIAN_POINT ('', (176.48778115304, 45.567182366829, -6.40417626735669));
#6771 = CARTESIAN_POINT ('', (176.491194282027, 45.6309392454536, -6.40975427145813));
#6772 = CARTESIAN_POINT ('', (176.496452380214, 45.7604167473375, -6.42108208505461));
#6773 = CARTESIAN_POINT ('', (176.498219520527, 45.8242092145489, -6.42666320275395));
#6774 = CARTESIAN_POINT ('', (176.499727808898, 45.9261066853133, -6.43557807628779));
#6775 = CARTESIAN_POINT ('', (176.499999999994, 45.9628862922448, -6.43879587494324));
#6776 = CARTESIAN_POINT ('', (176.499999999994, 45.9999999999982, -6.44204290363306));
#6777 = B_SPLINE_CURVE_WITH_KNOTS ('', 3, (#6677, #6678, #6679, #6680, #6681, #6682, #6683, #6684, #6685, #6686, #6687, #6688, #6689, #6690, #6691, #6692, #6693, #6694, #6695, #6696, #6697, #6698, #6699, #6700, #6701, #6702, #6703, #6704, #6705, #6706, #6707, #6708, #6709, #6710, #6711, #6712, #6713, #6714, #6715, #6716, #6717, #6718, #6719, #6720, #6721, #6722, #6723, #6724, #6725, #6726, #6727, #6728, #6729, #6730, #6731, #6732, #6733, #6734, #6735, #6736, #6737, #6738, #6739, #6740, #6741, #6742, #6743, #6744, #6745, #6746, #6747, #6748, #6749, #6750, #6751, #6752, #6753, #6754, #6755, #6756, #6757, #6758, #6759, #6760, #6761, #6762, #6763, #6764, #6765, #6766, #6767, #6768, #6769, #6770, #6771, #6772, #6773, #6774, #6775, #6776), .UNSPECIFIED., .F., .U., (4, 2, 2, 2, 2, 2, 2, 2, 2, 2, 2, 2, 2, 2, 2, 2, 2, 2, 2, 2, 2, 2, 2, 2, 2, 2, 2, 2, 2, 2, 2, 2, 2, 2, 2, 2, 2, 2, 2, 2, 2, 2, 2, 2, 2, 2, 2, 2, 2, 4), (0., 0.19411565496743, 0.388250182343436, 0.582403414242249, 0.776575191125346, 0.970765361272401, 1.16497378028261, 1.35920031060706, 1.55344482111334, 1.74770718668329, 1.94198728784506, 2.13628501043973, 2.3306002453236, 2.52493288810645, 2.71928283892556, 2.91365000225617, 3.10803428675767, 3.3024356051555, 3.49685387415795, 3.69128901440689, 3.98286000839382, 4.2744873227296, 4.56617063462383, 4.85790965285868, 5.14970411928888, 5.5874811212645, 6.57427712762657, 7.01265636074976, 7.30485580016621, 7.59711013973736, 7.88941955094055, 8.18178426518373, 8.47420457619814, 8.76668084222915, 8.96156003232195, 9.15645600701573, 9.35136886977802, 9.54629873330702, 9.74124571964014, 9.93620996025099, 10.1311915961352, 10.3261907778865, 10.5212076657648, 10.7162424297571, 10.9112952496347, 11.1063663150065, 11.301455825373, 11.496563990182, 11.6916910288895, 11.8034574571522), .UNSPECIFIED.);
#6778 = EDGE_CURVE ('', #6674, #6676, #6777, .T.);
#6779 = ORIENTED_EDGE ('', *, *, #6778, .F.);
#6780 = CARTESIAN_POINT ('', (168.999999999995, 38.4999999999993, -5.78587792718963));
#6781 = CARTESIAN_POINT ('', (168.999999999995, 38.4999999999981, 3.50000000000266));
#6782 = B_SPLINE_CURVE_WITH_KNOTS ('', 1, (#6780, #6781), .UNSPECIFIED., .F., .U., (2, 2), (-0.0259889024720474, 0.818181818181824), .UNSPECIFIED.);
#6783 = EDGE_CURVE ('', #6674, #3951, #6782, .T.);
#6784 = ORIENTED_EDGE ('', *, *, #6783, .T.);
#6785 = ORIENTED_EDGE ('', *, *, #3993, .F.);
#6786 = CARTESIAN_POINT ('', (176.499999999994, 45.9999999999988, -6.44204290363306));
#6787 = CARTESIAN_POINT ('', (176.499999999994, 45.9999999999975, 3.50000000000364));
#6788 = B_SPLINE_CURVE_WITH_KNOTS ('', 1, (#6786, #6787), .UNSPECIFIED., .F., .U., (2, 2), (-0.0856402639669963, 0.818181818181823), .UNSPECIFIED.);
#6789 = EDGE_CURVE ('', #6676, #3944, #6788, .T.);
#6790 = ORIENTED_EDGE ('', *, *, #6789, .F.);
#6791 = EDGE_LOOP ('', (#6779, #6784, #6785, #6790));
#6792 = FACE_OUTER_BOUND ('', #6791, .T.);
#6793 = CARTESIAN_POINT ('', (168.999999999995, 38.4999999999993, -6.44204290363409));
#6794 = CARTESIAN_POINT ('', (176.499999999994, 38.4999999999988, -6.44204290363411));
#6795 = CARTESIAN_POINT ('', (176.499999999994, 45.9999999999982, -6.44204290363314));
#6796 = CARTESIAN_POINT ('', (176.499999999994, 46.0001776607015, -6.44204290363315));
#6797 = CARTESIAN_POINT ('', (176.499999991578, 46.0003553214045, -6.44204290363315));
#6798 = CARTESIAN_POINT ('', (168.999999999995, 38.499999999998, 3.50000000000269));
#6799 = CARTESIAN_POINT ('', (176.499999999994, 38.4999999999976, 3.50000000000267));
#6800 = CARTESIAN_POINT ('', (176.499999999994, 45.9999999999969, 3.50000000000364));
#6801 = CARTESIAN_POINT ('', (176.499999999994, 46.0001776607002, 3.50000000000364));
#6802 = CARTESIAN_POINT ('', (176.499999991578, 46.0003553214033, 3.50000000000364));
#6803 = (
   BOUNDED_SURFACE ()
   B_SPLINE_SURFACE (1, 2, ((#6793, #6794, #6795, #6796, #6797), (#6798, #6799, #6800, #6801, #6802)), .UNSPECIFIED., .F., .F., .U.)
   B_SPLINE_SURFACE_WITH_KNOTS ((2, 2), (3, 2, 3), (-0.359113945927206, 0.), (0., 0.425537441824618, 0.425551697199037), .UNSPECIFIED.)
   GEOMETRIC_REPRESENTATION_ITEM ()
   RATIONAL_B_SPLINE_SURFACE (((1., 0.707106781186547, 1., 0.999990188166567, 0.999980376990521), (1., 0.707106781186547, 1., 0.999990188166567, 0.999980376990521)))
   REPRESENTATION_ITEM ('')
   SURFACE ()
);
#6804 = ADVANCED_FACE ('', (#6792), #6803, .T.);
#6805 = CARTESIAN_POINT ('', (155.714101615135, 38.4999999999997, -5.78587792718971));
#6806 = VERTEX_POINT ('', #6805);
#6807 = CARTESIAN_POINT ('', (155.714101615133, 38.4999999999991, -5.78587792718962));
#6808 = CARTESIAN_POINT ('', (168.999999999994, 38.4999999999993, -5.78587792718963));
#6809 = B_SPLINE_CURVE_WITH_KNOTS ('', 1, (#6807, #6808), .UNSPECIFIED., .F., .U., (2, 2), (-0.328589838486688, 0.999999999999983), .UNSPECIFIED.);
#6810 = EDGE_CURVE ('', #6806, #6674, #6809, .T.);
#6811 = ORIENTED_EDGE ('', *, *, #6810, .T.);
#6812 = ORIENTED_EDGE ('', *, *, #6778, .T.);
#6813 = CARTESIAN_POINT ('', (176.499999999997, 60.8016813155943, -7.73702221986946));
#6814 = VERTEX_POINT ('', #6813);
#6815 = CARTESIAN_POINT ('', (176.499999999994, 45.9999999999988, -6.44204290363312));
#6816 = CARTESIAN_POINT ('', (176.499999999994, 60.8016813155935, -7.73702221986935));
#6817 = B_SPLINE_CURVE_WITH_KNOTS ('', 1, (#6815, #6816), .UNSPECIFIED., .F., .U., (2, 2), (2.42476319305444E-14, 1.47578357663733), .UNSPECIFIED.);
#6818 = EDGE_CURVE ('', #6676, #6814, #6817, .T.);
#6819 = ORIENTED_EDGE ('', *, *, #6818, .T.);
#6820 = CARTESIAN_POINT ('', (170.666666666665, 55.8903752210844, -7.30733861349466));
#6821 = VERTEX_POINT ('', #6820);
#6822 = CARTESIAN_POINT ('', (176.499999999994, 60.8016813155935, -7.73702221986935));
#6823 = CARTESIAN_POINT ('', (176.499999999994, 58.4897470952891, -7.53475418477536));
#6824 = CARTESIAN_POINT ('', (174.727486121834, 56.9973999731613, -7.40419072954382));
#6825 = CARTESIAN_POINT ('', (172.954972243674, 55.5050528510335, -7.27362727431228));
#6826 = CARTESIAN_POINT ('', (170.666666666662, 55.8903752210836, -7.30733861349455));
#6827 = (
   BOUNDED_CURVE ()
   B_SPLINE_CURVE (2, (#6822, #6823, #6824, #6825, #6826), .UNSPECIFIED., .F., .U.)
   B_SPLINE_CURVE_WITH_KNOTS ((3, 2, 3), (0., 0.869122203007145, 1.73824440601429), .UNSPECIFIED.)
   CURVE ()
   GEOMETRIC_REPRESENTATION_ITEM ()
   RATIONAL_B_SPLINE_CURVE ((1., 0.907054911338915, 1., 0.907054911338894, 1.))
   REPRESENTATION_ITEM ('')
);
#6828 = EDGE_CURVE ('', #6814, #6821, #6827, .T.);
#6829 = ORIENTED_EDGE ('', *, *, #6828, .T.);
#6830 = CARTESIAN_POINT ('', (159., 46.0677630320644, -6.44797140074503));
#6831 = VERTEX_POINT ('', #6830);
#6832 = CARTESIAN_POINT ('', (158.999999999998, 46.0677630320638, -6.44797140074494));
#6833 = CARTESIAN_POINT ('', (158.999999999998, 50.6916314726725, -6.85250747093293));
#6834 = CARTESIAN_POINT ('', (162.545027756318, 53.6763257169282, -7.11363438139602));
#6835 = CARTESIAN_POINT ('', (166.090055512638, 56.6610199611839, -7.37476129185911));
#6836 = CARTESIAN_POINT ('', (170.666666666662, 55.8903752210836, -7.30733861349455));
#6837 = (
   BOUNDED_CURVE ()
   B_SPLINE_CURVE (2, (#6832, #6833, #6834, #6835, #6836), .UNSPECIFIED., .F., .U.)
   B_SPLINE_CURVE_WITH_KNOTS ((3, 2, 3), (0., 0.869122203007165, 1.73824440601433), .UNSPECIFIED.)
   CURVE ()
   GEOMETRIC_REPRESENTATION_ITEM ()
   RATIONAL_B_SPLINE_CURVE ((1., 0.907054911338889, 1., 0.907054911338889, 1.))
   REPRESENTATION_ITEM ('')
);
#6838 = EDGE_CURVE ('', #6831, #6821, #6837, .T.);
#6839 = ORIENTED_EDGE ('', *, *, #6838, .F.);
#6840 = CARTESIAN_POINT ('', (159.174977025455, 44.2123457803454, -6.28564342510942));
#6841 = VERTEX_POINT ('', #6840);
#6842 = CARTESIAN_POINT ('', (159.174977025453, 44.2123457803448, -6.28564342510932));
#6843 = CARTESIAN_POINT ('', (158.999999999998, 45.1318663856381, -6.36609105395087));
#6844 = CARTESIAN_POINT ('', (158.999999999998, 46.0677630320638, -6.44797140074494));
#6845 = (
   BOUNDED_CURVE ()
   B_SPLINE_CURVE (2, (#6842, #6843, #6844), .UNSPECIFIED., .F., .U.)
   B_SPLINE_CURVE_WITH_KNOTS ((3, 3), (0., 0.187344443522262), .UNSPECIFIED.)
   CURVE ()
   GEOMETRIC_REPRESENTATION_ITEM ()
   RATIONAL_B_SPLINE_CURVE ((1., 0.995615964479809, 1.))
   REPRESENTATION_ITEM ('')
);
#6846 = EDGE_CURVE ('', #6841, #6831, #6845, .T.);
#6847 = ORIENTED_EDGE ('', *, *, #6846, .F.);
#6848 = CARTESIAN_POINT ('', (159.174977025453, 44.2123457803448, -6.28564342510932));
#6849 = CARTESIAN_POINT ('', (159.236092315548, 43.8911792249319, -6.25754499240706));
#6850 = CARTESIAN_POINT ('', (159.294726901228, 43.2399621855032, -6.20057088396222));
#6851 = CARTESIAN_POINT ('', (159.226203313248, 42.5897204347604, -6.14368210222106));
#6852 = CARTESIAN_POINT ('', (159.094252134165, 41.9499181699868, -6.08770665715523));
#6853 = CARTESIAN_POINT ('', (158.900348113028, 41.3265679064617, -6.03317057569097));
#6854 = CARTESIAN_POINT ('', (158.589333909005, 40.7522577460245, -5.98292494730502));
#6855 = CARTESIAN_POINT ('', (158.246964916643, 40.2461089156167, -5.9386426625875));
#6856 = CARTESIAN_POINT ('', (157.889056869179, 39.8038025642662, -5.89994587103886));
#6857 = CARTESIAN_POINT ('', (157.461190943426, 39.4282304149846, -5.86708756564071));
#6858 = CARTESIAN_POINT ('', (157.002559575176, 39.0905276127823, -5.83754239880711));
#6859 = CARTESIAN_POINT ('', (156.516576918932, 38.7932222855706, -5.81153155307025));
#6860 = CARTESIAN_POINT ('', (155.98701073322, 38.58238960851, -5.79308608392665));
#6861 = CARTESIAN_POINT ('', (155.714101615631, 38.5000000001495, -5.78587792720278));
#6862 = B_SPLINE_CURVE_WITH_KNOTS ('', 3, (#6848, #6849, #6850, #6851, #6852, #6853, #6854, #6855, #6856, #6857, #6858, #6859, #6860, #6861), .UNSPECIFIED., .F., .U., (4, 1, 2, 1, 2, 1, 2, 1, 4), (0., 0.0358146328372079, 0.0716292656744157, 0.107378980663904, 0.143128695653391, 0.174254386258117, 0.205380076862843, 0.236508812097502, 0.26763754733216), .UNSPECIFIED.);
#6863 = EDGE_CURVE ('', #6841, #6806, #6862, .T.);
#6864 = ORIENTED_EDGE ('', *, *, #6863, .T.);
#6865 = EDGE_LOOP ('', (#6811, #6812, #6819, #6829, #6839, #6847, #6864));
#6866 = FACE_OUTER_BOUND ('', #6865, .T.);
#6867 = CARTESIAN_POINT ('', (155.714101615133, 38.4999999999991, -5.78587792718962));
#6868 = CARTESIAN_POINT ('', (155.714101615133, 60.8016813155934, -7.73702221986934));
#6869 = CARTESIAN_POINT ('', (176.499999999994, 38.4999999999991, -5.78587792718961));
#6870 = CARTESIAN_POINT ('', (176.499999999994, 60.8016813155934, -7.73702221986934));
#6871 = B_SPLINE_SURFACE_WITH_KNOTS ('', 1, 1, ((#6867, #6868), (#6869, #6870)), .UNSPECIFIED., .F., .F., .U., (2, 2), (2, 2), (0.270279667159608, 0.62022846956414), (0.351072320175667, 0.727974883698869), .UNSPECIFIED.);
#6872 = ADVANCED_FACE ('', (#6866), #6871, .T.);
#6873 = ORIENTED_EDGE ('', *, *, #6810, .F.);
#6874 = CARTESIAN_POINT ('', (155.714101615133, 38.4999999999991, -5.78587792718962));
#6875 = CARTESIAN_POINT ('', (155.714101615133, 38.499999999998, 3.50000000000258));
#6876 = B_SPLINE_CURVE_WITH_KNOTS ('', 1, (#6874, #6875), .UNSPECIFIED., .F., .U., (2, 2), (-0.0441115228436229, 0.274436768285983), .UNSPECIFIED.);
#6877 = EDGE_CURVE ('', #6806, #3996, #6876, .T.);
#6878 = ORIENTED_EDGE ('', *, *, #6877, .T.);
#6879 = ORIENTED_EDGE ('', *, *, #4000, .F.);
#6880 = ORIENTED_EDGE ('', *, *, #6783, .F.);
#6881 = EDGE_LOOP ('', (#6873, #6878, #6879, #6880));
#6882 = FACE_OUTER_BOUND ('', #6881, .T.);
#6883 = CARTESIAN_POINT ('', (155.714101615132, 38.4999999999991, -5.78587792718963));
#6884 = CARTESIAN_POINT ('', (168.999999999998, 38.4999999999992, -5.78587792718963));
#6885 = CARTESIAN_POINT ('', (155.714101615132, 38.4999999999979, 3.50000000000262));
#6886 = CARTESIAN_POINT ('', (168.999999999998, 38.499999999998, 3.50000000000262));
#6887 = B_SPLINE_SURFACE_WITH_KNOTS ('', 1, 1, ((#6883, #6884), (#6885, #6886)), .UNSPECIFIED., .F., .F., .U., (2, 2), (2, 2), (-0.0130291683473048, 0.410183872107015), (14.3510366350697, 14.9565545510613), .UNSPECIFIED.);
#6888 = ADVANCED_FACE ('', (#6882), #6887, .T.);
#6889 = ORIENTED_EDGE ('', *, *, #5641, .T.);
#6890 = CARTESIAN_POINT ('', (17.4999999999999, 137.499999999998, -7.999999999984));
#6891 = CARTESIAN_POINT ('', (17.4999999999999, 137.499999999998, -9.49999999998409));
#6892 = B_SPLINE_CURVE_WITH_KNOTS ('', 1, (#6890, #6891), .UNSPECIFIED., .F., .U., (2, 2), (0.884615384615376, 1.), .UNSPECIFIED.);
#6893 = EDGE_CURVE ('', #5632, #3041, #6892, .T.);
#6894 = ORIENTED_EDGE ('', *, *, #6893, .T.);
#6895 = ORIENTED_EDGE ('', *, *, #3046, .F.);
#6896 = ORIENTED_EDGE ('', *, *, #3073, .F.);
#6897 = ORIENTED_EDGE ('', *, *, #3754, .T.);
#6898 = EDGE_LOOP ('', (#6889, #6894, #6895, #6896, #6897));
#6899 = FACE_OUTER_BOUND ('', #6898, .T.);
#6900 = CARTESIAN_POINT ('', (17.5000000000003, 137.499999999999, -9.49999999998386));
#6901 = CARTESIAN_POINT ('', (17.5000000000001, 137.499999999998, 3.50000000001592));
#6902 = CARTESIAN_POINT ('', (15.9999999999991, 137.499999999999, -9.49999999998388));
#6903 = CARTESIAN_POINT ('', (15.999999999999, 137.499999999998, 3.5000000000159));
#6904 = CARTESIAN_POINT ('', (15.9999999999994, 139., -9.49999999998382));
#6905 = CARTESIAN_POINT ('', (15.9999999999992, 138.999999999999, 3.50000000001596));
#6906 = (
   BOUNDED_SURFACE ()
   B_SPLINE_SURFACE (2, 1, ((#6900, #6901), (#6902, #6903), (#6904, #6905)), .UNSPECIFIED., .F., .F., .U.)
   B_SPLINE_SURFACE_WITH_KNOTS ((3, 3), (2, 2), (0., 0.0851074883649983), (0., 0.46956961887037), .UNSPECIFIED.)
   GEOMETRIC_REPRESENTATION_ITEM ()
   RATIONAL_B_SPLINE_SURFACE (((1., 1.), (0.707106781186547, 0.707106781186547), (1., 1.)))
   REPRESENTATION_ITEM ('')
   SURFACE ()
);
#6907 = ADVANCED_FACE ('', (#6899), #6906, .T.);
#6908 = ORIENTED_EDGE ('', *, *, #5656, .F.);
#6909 = CARTESIAN_POINT ('', (24.4999999999996, 137.499999999998, -7.99999999998399));
#6910 = CARTESIAN_POINT ('', (24.4999999999996, 137.499999999998, -9.49999999998409));
#6911 = B_SPLINE_CURVE_WITH_KNOTS ('', 1, (#6909, #6910), .UNSPECIFIED., .F., .U., (2, 2), (0.884615384615376, 1.), .UNSPECIFIED.);
#6912 = EDGE_CURVE ('', #5652, #3005, #6911, .T.);
#6913 = ORIENTED_EDGE ('', *, *, #6912, .T.);
#6914 = ORIENTED_EDGE ('', *, *, #3051, .T.);
#6915 = ORIENTED_EDGE ('', *, *, #6893, .F.);
#6916 = EDGE_LOOP ('', (#6908, #6913, #6914, #6915));
#6917 = FACE_OUTER_BOUND ('', #6916, .T.);
#6918 = CARTESIAN_POINT ('', (17.4999999999996, 137.499999999997, -9.49999999998433));
#6919 = CARTESIAN_POINT ('', (24.4999999999996, 137.499999999997, -9.49999999998433));
#6920 = CARTESIAN_POINT ('', (17.4999999999996, 137.499999999996, -7.99999999998399));
#6921 = CARTESIAN_POINT ('', (24.4999999999996, 137.499999999996, -7.99999999998399));
#6922 = B_SPLINE_SURFACE_WITH_KNOTS ('', 1, 1, ((#6918, #6919), (#6920, #6921)), .UNSPECIFIED., .F., .F., .U., (2, 2), (2, 2), (0.277774855665942, 0.303416218473723), (0.440170153448519, 0.559829846551474), .UNSPECIFIED.);
#6923 = ADVANCED_FACE ('', (#6917), #6922, .T.);
#6924 = CARTESIAN_POINT ('', (24.4999999999992, 137.499999999996, -7.99999999998398));
#6925 = CARTESIAN_POINT ('', (24.4999999999992, 137.499999999995, 3.50000000001553));
#6926 = B_SPLINE_CURVE_WITH_KNOTS ('', 1, (#6924, #6925), .UNSPECIFIED., .F., .U., (2, 2), (0., 1.), .UNSPECIFIED.);
#6927 = EDGE_CURVE ('', #5652, #2400, #6926, .T.);
#6928 = ORIENTED_EDGE ('', *, *, #6927, .T.);
#6929 = ORIENTED_EDGE ('', *, *, #2405, .F.);
#6930 = ORIENTED_EDGE ('', *, *, #2994, .T.);
#6931 = ORIENTED_EDGE ('', *, *, #3010, .T.);
#6932 = ORIENTED_EDGE ('', *, *, #6912, .F.);
#6933 = EDGE_LOOP ('', (#6928, #6929, #6930, #6931, #6932));
#6934 = FACE_OUTER_BOUND ('', #6933, .T.);
#6935 = CARTESIAN_POINT ('', (25.9999999999993, 138.999999999997, 3.50000000001585));
#6936 = CARTESIAN_POINT ('', (25.9999999999992, 137.499999999997, 3.5000000000158));
#6937 = CARTESIAN_POINT ('', (24.4999999999997, 137.499999999998, 3.5000000000158));
#6938 = CARTESIAN_POINT ('', (25.9999999999993, 138.999999999997, -9.49999999998393));
#6939 = CARTESIAN_POINT ('', (25.9999999999993, 137.499999999998, -9.49999999998399));
#6940 = CARTESIAN_POINT ('', (24.4999999999997, 137.499999999998, -9.49999999998399));
#6941 = (
   BOUNDED_SURFACE ()
   B_SPLINE_SURFACE (1, 2, ((#6935, #6936, #6937), (#6938, #6939, #6940)), .UNSPECIFIED., .F., .F., .U.)
   B_SPLINE_SURFACE_WITH_KNOTS ((2, 2), (3, 3), (-0.46956961887037, 0.), (0., 0.0851074883649046), .UNSPECIFIED.)
   GEOMETRIC_REPRESENTATION_ITEM ()
   RATIONAL_B_SPLINE_SURFACE (((1., 0.707106781186547, 1.), (1., 0.707106781186547, 1.)))
   REPRESENTATION_ITEM ('')
   SURFACE ()
);
#6942 = ADVANCED_FACE ('', (#6934), #6941, .T.);
#6943 = ORIENTED_EDGE ('', *, *, #6927, .F.);
#6944 = ORIENTED_EDGE ('', *, *, #5669, .T.);
#6945 = CARTESIAN_POINT ('', (24.4999999999992, 134.499999999995, 3.5000000000152));
#6946 = CARTESIAN_POINT ('', (24.4999999999992, 134.499999999997, -7.99999999998437));
#6947 = B_SPLINE_CURVE_WITH_KNOTS ('', 1, (#6945, #6946), .UNSPECIFIED., .F., .U., (2, 2), (-5.41983107917264E-15, 1.27777777777776), .UNSPECIFIED.);
#6948 = EDGE_CURVE ('', #2408, #5660, #6947, .T.);
#6949 = ORIENTED_EDGE ('', *, *, #6948, .F.);
#6950 = ORIENTED_EDGE ('', *, *, #2412, .F.);
#6951 = EDGE_LOOP ('', (#6943, #6944, #6949, #6950));
#6952 = FACE_OUTER_BOUND ('', #6951, .T.);
#6953 = CARTESIAN_POINT ('', (24.4999999999992, 137.499999999997, 3.50000000001591));
#6954 = CARTESIAN_POINT ('', (24.4999999999992, 134.499999999995, 3.50000000001554));
#6955 = CARTESIAN_POINT ('', (24.4999999999992, 137.499999999999, -7.99999999998383));
#6956 = CARTESIAN_POINT ('', (24.4999999999992, 134.499999999996, -7.9999999999842));
#6957 = B_SPLINE_SURFACE_WITH_KNOTS ('', 1, 1, ((#6953, #6954), (#6955, #6956)), .UNSPECIFIED., .F., .F., .U., (2, 2), (2, 2), (0.0683639786844966, 0.592487815265684), (1.63353154228687, 1.77025949965599), .UNSPECIFIED.);
#6958 = ADVANCED_FACE ('', (#6952), #6957, .T.);
#6959 = ORIENTED_EDGE ('', *, *, #2255, .F.);
#6960 = CARTESIAN_POINT ('', (141.464068682387, 134.499999999995, 3.50000000001512));
#6961 = CARTESIAN_POINT ('', (141.464068682387, 134.499999999997, -16.1924293007558));
#6962 = B_SPLINE_CURVE_WITH_KNOTS ('', 1, (#6960, #6961), .UNSPECIFIED., .F., .U., (2, 2), (-0.274436768285985, 0.401104063839506), .UNSPECIFIED.);
#6963 = EDGE_CURVE ('', #2245, #1464, #6962, .T.);
#6964 = ORIENTED_EDGE ('', *, *, #6963, .T.);
#6965 = ORIENTED_EDGE ('', *, *, #1468, .T.);
#6966 = ORIENTED_EDGE ('', *, *, #2125, .T.);
#6967 = EDGE_LOOP ('', (#6959, #6964, #6965, #6966));
#6968 = FACE_OUTER_BOUND ('', #6967, .T.);
#6969 = CARTESIAN_POINT ('', (142.093911086754, 134.499999999997, -16.1924293007558));
#6970 = CARTESIAN_POINT ('', (141.464068682387, 134.499999999997, -16.1924293007558));
#6971 = CARTESIAN_POINT ('', (142.093911086754, 134.499999999995, 3.50000000001518));
#6972 = CARTESIAN_POINT ('', (141.464068682387, 134.499999999995, 3.50000000001518));
#6973 = B_SPLINE_SURFACE_WITH_KNOTS ('', 1, 1, ((#6969, #6970), (#6971, #6972)), .UNSPECIFIED., .F., .F., .U., (2, 2), (2, 2), (-0.487318005868995, 0.410183872107015), (0.590655210875138, 0.619360899346278), .UNSPECIFIED.);
#6974 = ADVANCED_FACE ('', (#6968), #6973, .T.);
#6975 = ORIENTED_EDGE ('', *, *, #1476, .T.);
#6976 = ORIENTED_EDGE ('', *, *, #6963, .F.);
#6977 = ORIENTED_EDGE ('', *, *, #2250, .F.);
#6978 = CARTESIAN_POINT ('', (140.96920172776, 134.071461158805, -16.154937010271));
#6979 = CARTESIAN_POINT ('', (140.96920172776, 134.071461158802, 3.50000000001505));
#6980 = B_SPLINE_CURVE_WITH_KNOTS ('', 1, (#6978, #6979), .UNSPECIFIED., .F., .U., (2, 2), (-0.399817905959967, 0.274436768285985), .UNSPECIFIED.);
#6981 = EDGE_CURVE ('', #1471, #2235, #6980, .T.);
#6982 = ORIENTED_EDGE ('', *, *, #6981, .F.);
#6983 = EDGE_LOOP ('', (#6975, #6976, #6977, #6982));
#6984 = FACE_OUTER_BOUND ('', #6983, .T.);
#6985 = CARTESIAN_POINT ('', (140.96920172776, 134.071461158805, -16.1924293007558));
#6986 = CARTESIAN_POINT ('', (140.96920172776, 134.071461158802, 3.50000000001509));
#6987 = CARTESIAN_POINT ('', (140.995842872421, 134.255950500234, -16.1924293007558));
#6988 = CARTESIAN_POINT ('', (140.995842872421, 134.255950500231, 3.50000000001512));
#6989 = CARTESIAN_POINT ('', (141.13675429178, 134.377975250115, -16.1924293007558));
#6990 = CARTESIAN_POINT ('', (141.136754291781, 134.377975250113, 3.50000000001513));
#6991 = CARTESIAN_POINT ('', (141.277665711142, 134.499999999999, -16.1924293007558));
#6992 = CARTESIAN_POINT ('', (141.277665711142, 134.499999999996, 3.50000000001515));
#6993 = CARTESIAN_POINT ('', (141.464068682392, 134.499999999997, -16.1924293007558));
#6994 = CARTESIAN_POINT ('', (141.464068682392, 134.499999999994, 3.50000000001514));
#6995 = (
   BOUNDED_SURFACE ()
   B_SPLINE_SURFACE (2, 1, ((#6985, #6986), (#6987, #6988), (#6989, #6990), (#6991, #6992), (#6993, #6994)), .UNSPECIFIED., .F., .F., .U.)
   B_SPLINE_SURFACE_WITH_KNOTS ((3, 2, 3), (2, 2), (0.0437820546535374, 0.0567383255766159, 0.0696945964998615), (0., 0.711305117030375), .UNSPECIFIED.)
   GEOMETRIC_REPRESENTATION_ITEM ()
   RATIONAL_B_SPLINE_SURFACE (((0.854651542909676, 0.854651542909676), (0.866234900099217, 0.866234900099217), (1., 1.), (0.866234900097491, 0.866234900097491), (0.854651542909378, 0.854651542909378)))
   REPRESENTATION_ITEM ('')
   SURFACE ()
);
#6996 = ADVANCED_FACE ('', (#6984), #6995, .T.);
#6997 = ORIENTED_EDGE ('', *, *, #1486, .T.);
#6998 = ORIENTED_EDGE ('', *, *, #6981, .T.);
#6999 = ORIENTED_EDGE ('', *, *, #2242, .T.);
#7000 = CARTESIAN_POINT ('', (135.030798272235, 134.071461158802, 3.50000000001506));
#7001 = CARTESIAN_POINT ('', (135.030798272235, 134.071461158805, -16.1549370102709));
#7002 = B_SPLINE_CURVE_WITH_KNOTS ('', 1, (#7000, #7001), .UNSPECIFIED., .F., .U., (2, 2), (-0.274436768285985, 0.399817905959967), .UNSPECIFIED.);
#7003 = EDGE_CURVE ('', #2227, #1479, #7002, .T.);
#7004 = ORIENTED_EDGE ('', *, *, #7003, .T.);
#7005 = EDGE_LOOP ('', (#6997, #6998, #6999, #7004));
#7006 = FACE_OUTER_BOUND ('', #7005, .T.);
#7007 = CARTESIAN_POINT ('', (135.030798272234, 134.071461158805, -16.154937010271));
#7008 = CARTESIAN_POINT ('', (135.030798272234, 134.071461158802, 3.50000000001508));
#7009 = CARTESIAN_POINT ('', (135.402096641211, 131.500228111649, -16.1549370102713));
#7010 = CARTESIAN_POINT ('', (135.402096641211, 131.500228111646, 3.50000000001473));
#7011 = CARTESIAN_POINT ('', (137.999999999997, 131.500228111649, -16.1549370102713));
#7012 = CARTESIAN_POINT ('', (137.999999999997, 131.500228111646, 3.50000000001472));
#7013 = CARTESIAN_POINT ('', (140.597903358783, 131.500228111649, -16.1549370102713));
#7014 = CARTESIAN_POINT ('', (140.597903358783, 131.500228111646, 3.50000000001471));
#7015 = CARTESIAN_POINT ('', (140.96920172776, 134.071461158805, -16.154937010271));
#7016 = CARTESIAN_POINT ('', (140.96920172776, 134.071461158802, 3.50000000001507));
#7017 = (
   BOUNDED_SURFACE ()
   B_SPLINE_SURFACE (2, 1, ((#7007, #7008), (#7009, #7010), (#7011, #7012), (#7013, #7014), (#7015, #7016)), .UNSPECIFIED., .F., .F., .U.)
   B_SPLINE_SURFACE_WITH_KNOTS ((3, 2, 3), (2, 2), (0.016791318169283, 0.170214976729859, 0.323638635290442), (-0.709950867757024, 0.), .UNSPECIFIED.)
   GEOMETRIC_REPRESENTATION_ITEM ()
   RATIONAL_B_SPLINE_SURFACE (((0.947914012946675, 0.947914012946675), (0.736000027369739, 0.736000027369739), (1., 1.), (0.736000027369727, 0.736000027369727), (0.947914012946695, 0.947914012946695)))
   REPRESENTATION_ITEM ('')
   SURFACE ()
);
#7018 = ADVANCED_FACE ('', (#7006), #7017, .T.);
#7019 = ORIENTED_EDGE ('', *, *, #1494, .T.);
#7020 = ORIENTED_EDGE ('', *, *, #7003, .F.);
#7021 = ORIENTED_EDGE ('', *, *, #2232, .F.);
#7022 = CARTESIAN_POINT ('', (134.535931317607, 134.499999999997, -16.1924293007558));
#7023 = CARTESIAN_POINT ('', (134.535931317607, 134.499999999995, 3.50000000001512));
#7024 = B_SPLINE_CURVE_WITH_KNOTS ('', 1, (#7022, #7023), .UNSPECIFIED., .F., .U., (2, 2), (-0.401104063839506, 0.274436768285985), .UNSPECIFIED.);
#7025 = EDGE_CURVE ('', #1489, #2220, #7024, .T.);
#7026 = ORIENTED_EDGE ('', *, *, #7025, .F.);
#7027 = EDGE_LOOP ('', (#7019, #7020, #7021, #7026));
#7028 = FACE_OUTER_BOUND ('', #7027, .T.);
#7029 = CARTESIAN_POINT ('', (134.535931317604, 134.499999999997, -16.1924293007558));
#7030 = CARTESIAN_POINT ('', (134.535931317604, 134.499999999994, 3.50000000001515));
#7031 = CARTESIAN_POINT ('', (134.722334288853, 134.499999999999, -16.1924293007558));
#7032 = CARTESIAN_POINT ('', (134.722334288852, 134.499999999996, 3.50000000001516));
#7033 = CARTESIAN_POINT ('', (134.863245708214, 134.377975250115, -16.1924293007558));
#7034 = CARTESIAN_POINT ('', (134.863245708214, 134.377975250113, 3.50000000001514));
#7035 = CARTESIAN_POINT ('', (135.004157127574, 134.255950500234, -16.1924293007558));
#7036 = CARTESIAN_POINT ('', (135.004157127573, 134.255950500231, 3.50000000001513));
#7037 = CARTESIAN_POINT ('', (135.030798272234, 134.071461158805, -16.1924293007558));
#7038 = CARTESIAN_POINT ('', (135.030798272234, 134.071461158802, 3.5000000000151));
#7039 = (
   BOUNDED_SURFACE ()
   B_SPLINE_SURFACE (2, 1, ((#7029, #7030), (#7031, #7032), (#7033, #7034), (#7035, #7036), (#7037, #7038)), .UNSPECIFIED., .F., .F., .U.)
   B_SPLINE_SURFACE_WITH_KNOTS ((3, 2, 3), (2, 2), (0.0437820546534346, 0.056738325576621, 0.0696945964996985), (0., 0.711305117030375), .UNSPECIFIED.)
   GEOMETRIC_REPRESENTATION_ITEM ()
   RATIONAL_B_SPLINE_SURFACE (((0.854651542909486, 0.854651542909486), (0.866234900098115, 0.866234900098115), (1., 1.), (0.866234900099239, 0.866234900099239), (0.85465154290968, 0.85465154290968)))
   REPRESENTATION_ITEM ('')
   SURFACE ()
);
#7040 = ADVANCED_FACE ('', (#7028), #7039, .T.);
#7041 = ORIENTED_EDGE ('', *, *, #2224, .F.);
#7042 = CARTESIAN_POINT ('', (46.4641016151362, 134.499999999995, 3.50000000001513));
#7043 = CARTESIAN_POINT ('', (46.4641016151363, 134.499999999997, -16.1924293007558));
#7044 = B_SPLINE_CURVE_WITH_KNOTS ('', 1, (#7042, #7043), .UNSPECIFIED., .F., .U., (2, 2), (-0.274436768285982, 0.40110406383951), .UNSPECIFIED.);
#7045 = EDGE_CURVE ('', #2218, #1497, #7044, .T.);
#7046 = ORIENTED_EDGE ('', *, *, #7045, .T.);
#7047 = ORIENTED_EDGE ('', *, *, #1501, .T.);
#7048 = ORIENTED_EDGE ('', *, *, #7025, .T.);
#7049 = EDGE_LOOP ('', (#7041, #7046, #7047, #7048));
#7050 = FACE_OUTER_BOUND ('', #7049, .T.);
#7051 = CARTESIAN_POINT ('', (134.535931317607, 134.499999999997, -16.1924293007558));
#7052 = CARTESIAN_POINT ('', (46.4641016151357, 134.499999999997, -16.1924293007558));
#7053 = CARTESIAN_POINT ('', (134.535931317607, 134.499999999995, 3.50000000001517));
#7054 = CARTESIAN_POINT ('', (46.4641016151357, 134.499999999995, 3.50000000001517));
#7055 = B_SPLINE_SURFACE_WITH_KNOTS ('', 1, 1, ((#7051, #7052), (#7053, #7054)), .UNSPECIFIED., .F., .F., .U., (2, 2), (2, 2), (-0.487318005868995, 0.410183872107013), (0.935117589432312, 4.94907804842234), .UNSPECIFIED.);
#7056 = ADVANCED_FACE ('', (#7050), #7055, .T.);
#7057 = ORIENTED_EDGE ('', *, *, #1509, .T.);
#7058 = ORIENTED_EDGE ('', *, *, #7045, .F.);
#7059 = ORIENTED_EDGE ('', *, *, #2493, .F.);
#7060 = CARTESIAN_POINT ('', (45.9692299558309, 134.071428571426, -16.1549341592447));
#7061 = CARTESIAN_POINT ('', (45.9692299558309, 134.071428571424, 3.50000000001506));
#7062 = B_SPLINE_CURVE_WITH_KNOTS ('', 1, (#7060, #7061), .UNSPECIFIED., .F., .U., (2, 2), (-0.399817808156668, 0.274436768285981), .UNSPECIFIED.);
#7063 = EDGE_CURVE ('', #1504, #2471, #7062, .T.);
#7064 = ORIENTED_EDGE ('', *, *, #7063, .F.);
#7065 = EDGE_LOOP ('', (#7057, #7058, #7059, #7064));
#7066 = FACE_OUTER_BOUND ('', #7065, .T.);
#7067 = CARTESIAN_POINT ('', (46.4641016151404, 134.499999999995, 3.50000000001514));
#7068 = CARTESIAN_POINT ('', (46.4641016151405, 134.499999999997, -16.1924293007558));
#7069 = CARTESIAN_POINT ('', (46.2776892685018, 134.499999999996, 3.50000000001514));
#7070 = CARTESIAN_POINT ('', (46.2776892685019, 134.499999999999, -16.1924293007558));
#7071 = CARTESIAN_POINT ('', (46.1367747797824, 134.377964473004, 3.50000000001512));
#7072 = CARTESIAN_POINT ('', (46.1367747797825, 134.377964473007, -16.1924293007558));
#7073 = CARTESIAN_POINT ('', (45.9958602910647, 134.255928946013, 3.50000000001511));
#7074 = CARTESIAN_POINT ('', (45.9958602910648, 134.255928946016, -16.1924293007558));
#7075 = CARTESIAN_POINT ('', (45.9692299558309, 134.071428571424, 3.50000000001509));
#7076 = CARTESIAN_POINT ('', (45.969229955831, 134.071428571426, -16.1924293007559));
#7077 = (
   BOUNDED_SURFACE ()
   B_SPLINE_SURFACE (2, 1, ((#7067, #7068), (#7069, #7070), (#7071, #7072), (#7073, #7074), (#7075, #7076)), .UNSPECIFIED., .F., .F., .U.)
   B_SPLINE_SURFACE_WITH_KNOTS ((3, 2, 3), (2, 2), (0.043781490172491, 0.0567383255766172, 0.0696951609806076), (0., 0.711305117030375), .UNSPECIFIED.)
   GEOMETRIC_REPRESENTATION_ITEM ()
   RATIONAL_B_SPLINE_SURFACE (((0.85465053381019, 0.85465053381019), (0.866229072198261, 0.866229072198261), (1., 1.), (0.866229072199663, 0.866229072199663), (0.854650533810433, 0.854650533810433)))
   REPRESENTATION_ITEM ('')
   SURFACE ()
);
#7078 = ADVANCED_FACE ('', (#7066), #7077, .T.);
#7079 = ORIENTED_EDGE ('', *, *, #2487, .F.);
#7080 = CARTESIAN_POINT ('', (45.013928365267, 132.276468453208, -15.9978954974197));
#7081 = CARTESIAN_POINT ('', (45.013928365267, 132.276468453208, -12.1652636649415));
#7082 = CARTESIAN_POINT ('', (45.013928365267, 132.276468453207, -8.33263183246317));
#7083 = CARTESIAN_POINT ('', (45.013928365267, 132.276468453207, -3.16666666659009));
#7084 = CARTESIAN_POINT ('', (45.0139423850933, 132.276481151522, -1.83333333323819));
#7085 = CARTESIAN_POINT ('', (45.0139433270336, 132.27648200468, 0.833333333446015));
#7086 = CARTESIAN_POINT ('', (45.013928412701, 132.276468496168, 1.70431263402077));
#7087 = CARTESIAN_POINT ('', (45.013928412701, 132.276468496168, 3.19176397821194));
#7088 = CARTESIAN_POINT ('', (45.013928412701, 132.276468496168, 3.3458819891134));
#7089 = CARTESIAN_POINT ('', (45.013928412701, 132.276468496168, 3.50000000001486));
#7090 = B_SPLINE_CURVE_WITH_KNOTS ('', 3, (#7080, #7081, #7082, #7083, #7084, #7085, #7086, #7087, #7088, #7089), .UNSPECIFIED., .F., .U., (4, 2, 2, 2, 4), (-11.497895497435, 0., 4.00000000018442, 8.00000000005358, 8.46235403275796), .UNSPECIFIED.);
#7091 = EDGE_CURVE ('', #1512, #2430, #7090, .T.);
#7092 = ORIENTED_EDGE ('', *, *, #7091, .F.);
#7093 = ORIENTED_EDGE ('', *, *, #1530, .T.);
#7094 = ORIENTED_EDGE ('', *, *, #7063, .T.);
#7095 = EDGE_LOOP ('', (#7079, #7092, #7093, #7094));
#7096 = FACE_OUTER_BOUND ('', #7095, .T.);
#7097 = CARTESIAN_POINT ('', (45.0127759192552, 132.275425189698, 3.50000000041524));
#7098 = CARTESIAN_POINT ('', (45.0131601787385, 132.275772862503, 3.50000000041524));
#7099 = CARTESIAN_POINT ('', (45.0135443441734, 132.276120632187, 3.50000000041524));
#7100 = CARTESIAN_POINT ('', (45.1195220343082, 132.372108245334, 3.50000000041526));
#7101 = CARTESIAN_POINT ('', (45.2185351459294, 132.475549758634, 3.50000000041527));
#7102 = CARTESIAN_POINT ('', (45.4001687486461, 132.694623291948, 3.5000000004153));
#7103 = CARTESIAN_POINT ('', (45.4832867793514, 132.810774777761, 3.50000000041531));
#7104 = CARTESIAN_POINT ('', (45.6316594119129, 133.052774108767, 3.50000000041534));
#7105 = CARTESIAN_POINT ('', (45.697329716644, 133.179202346962, 3.50000000041536));
#7106 = CARTESIAN_POINT ('', (45.8097105334395, 133.439094940324, 3.5000000004154));
#7107 = CARTESIAN_POINT ('', (45.8567484641058, 133.573187699588, 3.50000000041542));
#7108 = CARTESIAN_POINT ('', (45.9264508915319, 133.828395017374, 3.50000000041545));
#7109 = CARTESIAN_POINT ('', (45.9516261830814, 133.949466056196, 3.50000000041449));
#7110 = CARTESIAN_POINT ('', (45.9692299558308, 134.071428571423, 3.5000000004145));
#7111 = CARTESIAN_POINT ('', (45.9693050113101, 134.071948571038, 3.5000000004145));
#7112 = CARTESIAN_POINT ('', (45.9693800667894, 134.072468570652, 3.5000000004145));
#7113 = CARTESIAN_POINT ('', (45.9694551222687, 134.072988570266, 3.5000000004145));
#7114 = CARTESIAN_POINT ('', (45.012775919255, 132.2754251897, -16.154934159244));
#7115 = CARTESIAN_POINT ('', (45.0131601787383, 132.275772862506, -16.154934159244));
#7116 = CARTESIAN_POINT ('', (45.0135443441733, 132.276120632189, -16.154934159244));
#7117 = CARTESIAN_POINT ('', (45.1195220343081, 132.372108245337, -16.154934159244));
#7118 = CARTESIAN_POINT ('', (45.2185351459292, 132.475549758636, -16.154934159244));
#7119 = CARTESIAN_POINT ('', (45.400168748646, 132.694623291951, -16.1549341592439));
#7120 = CARTESIAN_POINT ('', (45.4832867793513, 132.810774777763, -16.1549341592439));
#7121 = CARTESIAN_POINT ('', (45.6316594119128, 133.05277410877, -16.1549341592439));
#7122 = CARTESIAN_POINT ('', (45.6973297166439, 133.179202346964, -16.1549341592439));
#7123 = CARTESIAN_POINT ('', (45.8097105334394, 133.439094940327, -16.1549341592438));
#7124 = CARTESIAN_POINT ('', (45.8567484641056, 133.573187699591, -16.1549341592438));
#7125 = CARTESIAN_POINT ('', (45.9264508915317, 133.828395017376, -16.1549341592438));
#7126 = CARTESIAN_POINT ('', (45.9516261830813, 133.949466056199, -16.1549341592448));
#7127 = CARTESIAN_POINT ('', (45.9692299558307, 134.071428571426, -16.1549341592447));
#7128 = CARTESIAN_POINT ('', (45.96930501131, 134.07194857104, -16.1549341592447));
#7129 = CARTESIAN_POINT ('', (45.9693800667893, 134.072468570655, -16.1549341592447));
#7130 = CARTESIAN_POINT ('', (45.9694551222686, 134.072988570269, -16.1549341592447));
#7131 = B_SPLINE_SURFACE_WITH_KNOTS ('', 1, 3, ((#7097, #7098, #7099, #7100, #7101, #7102, #7103, #7104, #7105, #7106, #7107, #7108, #7109, #7110, #7111, #7112, #7113), (#7114, #7115, #7116, #7117, #7118, #7119, #7120, #7121, #7122, #7123, #7124, #7125, #7126, #7127, #7128, #7129, #7130)), .UNSPECIFIED., .F., .F., .U., (2, 2), (4, 2, 2, 2, 2, 2, 3, 4), (0.140703211230766, 0.892437326639995), (154.455732112204, 154.45728668507, 154.884689026307, 155.311017209131, 155.73627755882, 156.160465543415, 156.52994173904, 156.531517038457), .UNSPECIFIED.);
#7132 = ADVANCED_FACE ('', (#7096), #7131, .T.);
#7133 = ORIENTED_EDGE ('', *, *, #2468, .F.);
#7134 = CARTESIAN_POINT ('', (40.0307700441663, 134.071428571424, 3.50000000001507));
#7135 = CARTESIAN_POINT ('', (40.0307700441664, 134.071428571426, -16.1549341592447));
#7136 = B_SPLINE_CURVE_WITH_KNOTS ('', 1, (#7134, #7135), .UNSPECIFIED., .F., .U., (2, 2), (-0.274436768285982, 0.399817808156667), .UNSPECIFIED.);
#7137 = EDGE_CURVE ('', #2422, #1533, #7136, .T.);
#7138 = ORIENTED_EDGE ('', *, *, #7137, .T.);
#7139 = ORIENTED_EDGE ('', *, *, #1540, .T.);
#7140 = ORIENTED_EDGE ('', *, *, #7091, .T.);
#7141 = EDGE_LOOP ('', (#7133, #7138, #7139, #7140));
#7142 = FACE_OUTER_BOUND ('', #7141, .T.);
#7143 = CARTESIAN_POINT ('', (40.0307700441662, 134.071428571424, 3.50000000001509));
#7144 = CARTESIAN_POINT ('', (40.4019237886452, 131.499999999995, 3.50000000001476));
#7145 = CARTESIAN_POINT ('', (42.9999999999984, 131.499999999995, 3.50000000001478));
#7146 = CARTESIAN_POINT ('', (44.1566591685011, 131.499999999995, 3.50000000001479));
#7147 = CARTESIAN_POINT ('', (45.0139433270372, 132.276482004683, 3.5000000000149));
#7148 = CARTESIAN_POINT ('', (40.0307700441664, 134.071428571426, -16.1549341592448));
#7149 = CARTESIAN_POINT ('', (40.4019237886453, 131.499999999998, -16.1549341592451));
#7150 = CARTESIAN_POINT ('', (42.9999999999985, 131.499999999997, -16.1549341592451));
#7151 = CARTESIAN_POINT ('', (44.1566591685012, 131.499999999997, -16.1549341592451));
#7152 = CARTESIAN_POINT ('', (45.0139433270373, 132.276482004686, -16.154934159245));
#7153 = (
   BOUNDED_SURFACE ()
   B_SPLINE_SURFACE (1, 2, ((#7143, #7144, #7145, #7146, #7147), (#7148, #7149, #7150, #7151, #7152)), .UNSPECIFIED., .F., .F., .U.)
   B_SPLINE_SURFACE_WITH_KNOTS ((2, 2), (3, 2, 3), (0., 0.709950764775849), (0.357213758594548, 0.51064493018957, 0.590674553323503), .UNSPECIFIED.)
   GEOMETRIC_REPRESENTATION_ITEM ()
   RATIONAL_B_SPLINE_SURFACE (((0.947934768606328, 0.7359870995012, 1., 0.862291001823382, 0.854074712666334), (0.947934768606328, 0.7359870995012, 1., 0.862291001823382, 0.854074712666334)))
   REPRESENTATION_ITEM ('')
   SURFACE ()
);
#7154 = ADVANCED_FACE ('', (#7142), #7153, .T.);
#7155 = ORIENTED_EDGE ('', *, *, #1548, .T.);
#7156 = ORIENTED_EDGE ('', *, *, #7137, .F.);
#7157 = ORIENTED_EDGE ('', *, *, #2427, .F.);
#7158 = CARTESIAN_POINT ('', (39.535898384861, 134.499999999998, -16.1924293007558));
#7159 = CARTESIAN_POINT ('', (39.5358983848609, 134.499999999995, 3.50000000001513));
#7160 = B_SPLINE_CURVE_WITH_KNOTS ('', 1, (#7158, #7159), .UNSPECIFIED., .F., .U., (2, 2), (-0.401104063839509, 0.274436768285982), .UNSPECIFIED.);
#7161 = EDGE_CURVE ('', #1543, #2415, #7160, .T.);
#7162 = ORIENTED_EDGE ('', *, *, #7161, .F.);
#7163 = EDGE_LOOP ('', (#7155, #7156, #7157, #7162));
#7164 = FACE_OUTER_BOUND ('', #7163, .T.);
#7165 = CARTESIAN_POINT ('', (40.0307700441663, 134.071428571424, 3.50000000001506));
#7166 = CARTESIAN_POINT ('', (40.0307700441659, 134.071428571425, -16.1924293007559));
#7167 = CARTESIAN_POINT ('', (40.0041397089325, 134.255928946013, 3.50000000001507));
#7168 = CARTESIAN_POINT ('', (40.0041397089321, 134.255928946015, -16.1924293007559));
#7169 = CARTESIAN_POINT ('', (39.8632252202149, 134.377964473004, 3.50000000001509));
#7170 = CARTESIAN_POINT ('', (39.8632252202145, 134.377964473006, -16.1924293007559));
#7171 = CARTESIAN_POINT ('', (39.7223107314934, 134.499999999998, 3.5000000000151));
#7172 = CARTESIAN_POINT ('', (39.722310731493, 134.5, -16.1924293007559));
#7173 = CARTESIAN_POINT ('', (39.5358983848519, 134.499999999995, 3.50000000001511));
#7174 = CARTESIAN_POINT ('', (39.5358983848515, 134.499999999997, -16.1924293007558));
#7175 = (
   BOUNDED_SURFACE ()
   B_SPLINE_SURFACE (2, 1, ((#7165, #7166), (#7167, #7168), (#7169, #7170), (#7171, #7172), (#7173, #7174)), .UNSPECIFIED., .F., .F., .U.)
   B_SPLINE_SURFACE_WITH_KNOTS ((3, 2, 3), (2, 2), (0.0437814901726351, 0.0567383255766187, 0.0696951609809184), (0., 0.711305117030376), .UNSPECIFIED.)
   GEOMETRIC_REPRESENTATION_ITEM ()
   RATIONAL_B_SPLINE_SURFACE (((0.854650533810446, 0.854650533810446), (0.866229072199736, 0.866229072199736), (1., 1.), (0.866229072196472, 0.866229072196472), (0.854650533809881, 0.854650533809881)))
   REPRESENTATION_ITEM ('')
   SURFACE ()
);
#7176 = ADVANCED_FACE ('', (#7164), #7175, .T.);
#7177 = ORIENTED_EDGE ('', *, *, #5609, .F.);
#7178 = ORIENTED_EDGE ('', *, *, #5492, .F.);
#7179 = CARTESIAN_POINT ('', (31.2375339589604, 134.499999999997, -14.1847896256675));
#7180 = CARTESIAN_POINT ('', (31.2209782724604, 134.499999999998, -15.1886186528587));
#7181 = CARTESIAN_POINT ('', (31.2033433739858, 134.499999999998, -16.1924293008113));
#7182 = (
   BOUNDED_CURVE ()
   B_SPLINE_CURVE (2, (#7179, #7180, #7181), .UNSPECIFIED., .F., .U.)
   B_SPLINE_CURVE_WITH_KNOTS ((3, 3), (0., 0.00107510514361775), .UNSPECIFIED.)
   CURVE ()
   GEOMETRIC_REPRESENTATION_ITEM ()
   RATIONAL_B_SPLINE_CURVE ((1., 0.99999985551862, 1.))
   REPRESENTATION_ITEM ('')
);
#7183 = EDGE_CURVE ('', #5468, #1551, #7182, .T.);
#7184 = ORIENTED_EDGE ('', *, *, #7183, .T.);
#7185 = ORIENTED_EDGE ('', *, *, #1555, .T.);
#7186 = ORIENTED_EDGE ('', *, *, #7161, .T.);
#7187 = ORIENTED_EDGE ('', *, *, #2419, .F.);
#7188 = ORIENTED_EDGE ('', *, *, #6948, .T.);
#7189 = ORIENTED_EDGE ('', *, *, #5664, .T.);
#7190 = ORIENTED_EDGE ('', *, *, #5629, .T.);
#7191 = ORIENTED_EDGE ('', *, *, #3741, .F.);
#7192 = EDGE_LOOP ('', (#7177, #7178, #7184, #7185, #7186, #7187, #7188, #7189, #7190, #7191));
#7193 = FACE_OUTER_BOUND ('', #7192, .T.);
#7194 = CARTESIAN_POINT ('', (39.535898384861, 134.499999999998, -16.1924293007558));
#7195 = CARTESIAN_POINT ('', (16.571842399156, 134.499999999998, -16.1924293007558));
#7196 = CARTESIAN_POINT ('', (39.535898384861, 134.499999999995, 3.50000000001521));
#7197 = CARTESIAN_POINT ('', (16.571842399156, 134.499999999995, 3.50000000001521));
#7198 = B_SPLINE_SURFACE_WITH_KNOTS ('', 1, 1, ((#7194, #7195), (#7196, #7197)), .UNSPECIFIED., .F., .F., .U., (2, 2), (2, 2), (-0.487318005868997, 0.410183872107015), (5.01448235133692, 6.06109184061459), .UNSPECIFIED.);
#7199 = ADVANCED_FACE ('', (#7193), #7198, .T.);
#7200 = ORIENTED_EDGE ('', *, *, #5487, .F.);
#7201 = CARTESIAN_POINT ('', (26.3070214664453, 128.528407363998, -15.6699826419092));
#7202 = CARTESIAN_POINT ('', (26.3186209188523, 128.557459161304, -14.6687085480022));
#7203 = CARTESIAN_POINT ('', (26.3295017839871, 128.586511192467, -13.6674263941558));
#7204 = (
   BOUNDED_CURVE ()
   B_SPLINE_CURVE (2, (#7201, #7202, #7203), .UNSPECIFIED., .F., .U.)
   B_SPLINE_CURVE_WITH_KNOTS ((3, 3), (0., 0.000717368071979418), .UNSPECIFIED.)
   CURVE ()
   GEOMETRIC_REPRESENTATION_ITEM ()
   RATIONAL_B_SPLINE_CURVE ((1., 0.999999935672882, 1.))
   REPRESENTATION_ITEM ('')
);
#7205 = EDGE_CURVE ('', #1558, #5460, #7204, .T.);
#7206 = ORIENTED_EDGE ('', *, *, #7205, .F.);
#7207 = ORIENTED_EDGE ('', *, *, #1577, .F.);
#7208 = ORIENTED_EDGE ('', *, *, #7183, .F.);
#7209 = EDGE_LOOP ('', (#7200, #7206, #7207, #7208));
#7210 = FACE_OUTER_BOUND ('', #7209, .T.);
#7211 = CARTESIAN_POINT ('', (31.2031774837366, 134.499999999998, -16.2022069688044));
#7212 = CARTESIAN_POINT ('', (30.9268141207103, 134.499975551317, -16.1973502466333));
#7213 = CARTESIAN_POINT ('', (30.3740948971025, 134.454055153705, -16.1876369342221));
#7214 = CARTESIAN_POINT ('', (29.5677592127088, 134.249193037079, -16.1734666387696));
#7215 = CARTESIAN_POINT ('', (28.8063012042812, 133.914007757048, -16.1600849948763));
#7216 = CARTESIAN_POINT ('', (28.1106161215367, 133.457697158635, -16.1478592033032));
#7217 = CARTESIAN_POINT ('', (27.4997943364894, 132.892782899915, -16.137124748981));
#7218 = CARTESIAN_POINT ('', (26.9905974832003, 132.234766840964, -16.1281761945674));
#7219 = CARTESIAN_POINT ('', (26.5969985009925, 131.501705661157, -16.121259097627));
#7220 = CARTESIAN_POINT ('', (26.3297982005185, 130.713715367277, -16.1165632727628));
#7221 = CARTESIAN_POINT ('', (26.1963288746635, 129.892419286366, -16.1142175824613));
#7222 = CARTESIAN_POINT ('', (26.1998067220195, 129.152802578372, -16.1142785728264));
#7223 = CARTESIAN_POINT ('', (26.265559042305, 128.696130520205, -16.1154340074089));
#7224 = CARTESIAN_POINT ('', (26.3018216321441, 128.515464179135, -16.1160712456447));
#7225 = CARTESIAN_POINT ('', (31.2175376859015, 134.499999999997, -15.3850933129669));
#7226 = CARTESIAN_POINT ('', (30.9419258468604, 134.499975684716, -15.3803711880231));
#7227 = CARTESIAN_POINT ('', (30.3907095908837, 134.454306312796, -15.3709270653811));
#7228 = CARTESIAN_POINT ('', (29.5864427646204, 134.250553794709, -15.3571473054073));
#7229 = CARTESIAN_POINT ('', (28.8266907718896, 133.917149935796, -15.3441301124314));
#7230 = CARTESIAN_POINT ('', (28.1321883436278, 133.463193647118, -15.332230689698));
#7231 = CARTESIAN_POINT ('', (27.521889515315, 132.901073844732, -15.3217737416774));
#7232 = CARTESIAN_POINT ('', (27.0124503584576, 132.246131351503, -15.3130446134813));
#7233 = CARTESIAN_POINT ('', (26.6177744235867, 131.51624024699, -15.3062815049391));
#7234 = CARTESIAN_POINT ('', (26.3486332972723, 130.731320081897, -15.3016689711755));
#7235 = CARTESIAN_POINT ('', (26.2123726286519, 129.912792265878, -15.299332886197));
#7236 = CARTESIAN_POINT ('', (26.2126636236411, 129.175191435939, -15.2993363728335));
#7237 = CARTESIAN_POINT ('', (26.2761025141585, 128.719461182826, -15.3004222860578));
#7238 = CARTESIAN_POINT ('', (26.311395100254, 128.539112562016, -15.30102655522));
#7239 = CARTESIAN_POINT ('', (31.2313795480898, 134.499999999997, -14.5667803500254));
#7240 = CARTESIAN_POINT ('', (30.9565193453644, 134.499975817625, -14.5621914768416));
#7241 = CARTESIAN_POINT ('', (30.4068062828033, 134.454556436159, -14.553013853145));
#7242 = CARTESIAN_POINT ('', (29.6046101561494, 134.251909109418, -14.5396208929278));
#7243 = CARTESIAN_POINT ('', (28.8465688896728, 133.920280153315, -14.5269650019222));
#7244 = CARTESIAN_POINT ('', (28.1532577922395, 133.468670725852, -14.5153896438147));
#7245 = CARTESIAN_POINT ('', (27.5434952761263, 132.90933853778, -14.505208959596));
#7246 = CARTESIAN_POINT ('', (27.0338320879898, 132.257465158132, -14.4966992419266));
#7247 = CARTESIAN_POINT ('', (26.6381020874803, 131.530743966076, -14.4900914372359));
#7248 = CARTESIAN_POINT ('', (26.3670467639262, 130.748899926688, -14.4855648784334));
#7249 = CARTESIAN_POINT ('', (26.2280236828048, 129.933154222282, -14.4832424177686));
#7250 = CARTESIAN_POINT ('', (26.2251538412459, 129.197589764641, -14.4831930671083));
#7251 = CARTESIAN_POINT ('', (26.2862945963864, 128.742818799153, -14.4842128651235));
#7252 = CARTESIAN_POINT ('', (26.3206230083795, 128.562795654478, -14.4847855943861));
#7253 = CARTESIAN_POINT ('', (31.2447009221092, 134.499999999997, -13.7473526333386));
#7254 = CARTESIAN_POINT ('', (30.9705924627349, 134.499975950062, -13.7428957064281));
#7255 = CARTESIAN_POINT ('', (30.4223828087913, 134.454805522922, -13.7339819707942));
#7256 = CARTESIAN_POINT ('', (29.6222591974858, 134.253258972531, -13.720972183046));
#7257 = CARTESIAN_POINT ('', (28.8659333257325, 133.923398375177, -13.7086745313462));
#7258 = CARTESIAN_POINT ('', (28.1738221768532, 133.474128299646, -13.6974209888059));
#7259 = CARTESIAN_POINT ('', (27.5646092617324, 132.917576768029, -13.687515343286));
#7260 = CARTESIAN_POINT ('', (27.0547402584654, 132.268767859284, -13.6792249964045));
#7261 = CARTESIAN_POINT ('', (26.6579790626263, 131.545216136363, -13.6727737451592));
#7262 = CARTESIAN_POINT ('', (26.3850362313753, 130.766453842322, -13.6683357406627));
#7263 = CARTESIAN_POINT ('', (26.2432798518843, 129.953503627586, -13.6660307868002));
#7264 = CARTESIAN_POINT ('', (26.2372755056569, 129.219995557099, -13.665933124296));
#7265 = CARTESIAN_POINT ('', (26.2961337189302, 128.766201047466, -13.6668901208145));
#7266 = CARTESIAN_POINT ('', (26.3295039243925, 128.586511009434, -13.6674327024094));
#7267 = B_SPLINE_SURFACE_WITH_KNOTS ('', 3, 3, ((#7211, #7212, #7213, #7214, #7215, #7216, #7217, #7218, #7219, #7220, #7221, #7222, #7223, #7224), (#7225, #7226, #7227, #7228, #7229, #7230, #7231, #7232, #7233, #7234, #7235, #7236, #7237, #7238), (#7239, #7240, #7241, #7242, #7243, #7244, #7245, #7246, #7247, #7248, #7249, #7250, #7251, #7252), (#7253, #7254, #7255, #7256, #7257, #7258, #7259, #7260, #7261, #7262, #7263, #7264, #7265, #7266)), .UNSPECIFIED., .F., .F., .U., (4, 4), (4, 1, 1, 1, 1, 1, 1, 1, 1, 1, 1, 4), (1.37182682279164, 1.38635675724064), (0., 0.09375, 0.1875, 0.28125, 0.375, 0.46875, 0.5625, 0.65625, 0.75, 0.84375, 0.9375, 1.), .UNSPECIFIED.);
#7268 = ADVANCED_FACE ('', (#7210), #7267, .T.);
#7269 = ORIENTED_EDGE ('', *, *, #7205, .T.);
#7270 = ORIENTED_EDGE ('', *, *, #5465, .T.);
#7271 = CARTESIAN_POINT ('', (22.1006442774686, 118.507167517942, -12.7855980858195));
#7272 = CARTESIAN_POINT ('', (22.1006442774686, 118.449063689444, -13.4497278845473));
#7273 = CARTESIAN_POINT ('', (22.1006442774686, 118.390959860945, -14.1138576832752));
#7274 = CARTESIAN_POINT ('', (22.1006442774686, 118.332856032447, -14.777987482003));
#7275 = B_SPLINE_CURVE_WITH_KNOTS ('', 3, (#7271, #7272, #7273, #7274), .UNSPECIFIED., .F., .U., (4, 4), (0., 2.), .UNSPECIFIED.);
#7276 = EDGE_CURVE ('', #5453, #1580, #7275, .T.);
#7277 = ORIENTED_EDGE ('', *, *, #7276, .T.);
#7278 = ORIENTED_EDGE ('', *, *, #1585, .F.);
#7279 = EDGE_LOOP ('', (#7269, #7270, #7277, #7278));
#7280 = FACE_OUTER_BOUND ('', #7279, .T.);
#7281 = CARTESIAN_POINT ('', (26.3070214664187, 128.528407363996, -15.669982641909));
#7282 = CARTESIAN_POINT ('', (26.4991099289594, 127.566236808428, -15.5858036259185));
#7283 = CARTESIAN_POINT ('', (26.4991099289594, 126.585222092, -15.499975959479));
#7284 = CARTESIAN_POINT ('', (26.4991099289595, 121.295764096901, -15.0372083487117));
#7285 = CARTESIAN_POINT ('', (22.1006442774686, 118.332856032447, -14.7779874820027));
#7286 = CARTESIAN_POINT ('', (26.3070214664187, 128.702718849491, -13.6775932457255));
#7287 = CARTESIAN_POINT ('', (26.4991099289594, 127.740548293924, -13.593414229735));
#7288 = CARTESIAN_POINT ('', (26.4991099289594, 126.759533577495, -13.5075865632955));
#7289 = CARTESIAN_POINT ('', (26.4991099289595, 121.470075582396, -13.0448189525282));
#7290 = CARTESIAN_POINT ('', (22.1006442774686, 118.507167517942, -12.7855980858192));
#7291 = (
   BOUNDED_SURFACE ()
   B_SPLINE_SURFACE (1, 2, ((#7281, #7282, #7283, #7284, #7285), (#7286, #7287, #7288, #7289, #7290)), .UNSPECIFIED., .F., .F., .U.)
   B_SPLINE_SURFACE_WITH_KNOTS ((2, 2), (3, 2, 3), (0., 0.072241479826211), (1.05884591292123, 1.1347665115324, 1.48400518061074), .UNSPECIFIED.)
   GEOMETRIC_REPRESENTATION_ITEM ()
   RATIONAL_B_SPLINE_SURFACE (((0.932105212948345, 0.960808451297278, 1., 0.819716854734553, 0.861371333006258), (0.932105212948345, 0.960808451297278, 1., 0.819716854734553, 0.861371333006258)))
   REPRESENTATION_ITEM ('')
   SURFACE ()
);
#7292 = ADVANCED_FACE ('', (#7280), #7291, .T.);
#7293 = ORIENTED_EDGE ('', *, *, #7276, .F.);
#7294 = ORIENTED_EDGE ('', *, *, #5457, .T.);
#7295 = CARTESIAN_POINT ('', (10.7477015447748, 110.859563047828, -12.1165193915552));
#7296 = CARTESIAN_POINT ('', (10.7431277590745, 110.682170554633, -14.1086392344954));
#7297 = B_SPLINE_CURVE_WITH_KNOTS ('', 1, (#7295, #7296), .UNSPECIFIED., .F., .U., (2, 2), (4.80835910510272, 5.80835910510272), .UNSPECIFIED.);
#7298 = EDGE_CURVE ('', #5445, #1588, #7297, .T.);
#7299 = ORIENTED_EDGE ('', *, *, #7298, .T.);
#7300 = ORIENTED_EDGE ('', *, *, #1592, .F.);
#7301 = EDGE_LOOP ('', (#7293, #7294, #7299, #7300));
#7302 = FACE_OUTER_BOUND ('', #7301, .T.);
#7303 = CARTESIAN_POINT ('', (22.1006442774686, 118.507167517942, -12.7855980858195));
#7304 = CARTESIAN_POINT ('', (22.1006442774686, 118.332856032447, -14.7779874820055));
#7305 = CARTESIAN_POINT ('', (10.7431277590745, 110.856482040129, -12.1162498383094));
#7306 = CARTESIAN_POINT ('', (10.7431277590745, 110.682170554633, -14.1086392344954));
#7307 = B_SPLINE_SURFACE_WITH_KNOTS ('', 1, 1, ((#7303, #7304), (#7305, #7306)), .UNSPECIFIED., .F., .F., .U., (2, 2), (2, 2), (0., 0.495678368689383), (0., 0.0723070833126669), .UNSPECIFIED.);
#7308 = ADVANCED_FACE ('', (#7302), #7307, .T.);
#7309 = ORIENTED_EDGE ('', *, *, #1600, .F.);
#7310 = ORIENTED_EDGE ('', *, *, #7298, .F.);
#7311 = ORIENTED_EDGE ('', *, *, #5450, .F.);
#7312 = CARTESIAN_POINT ('', (8.54553038072729, 106.683865562316, -13.7588328743489));
#7313 = CARTESIAN_POINT ('', (8.55010416642757, 106.86125805551, -11.7667130314088));
#7314 = B_SPLINE_CURVE_WITH_KNOTS ('', 1, (#7312, #7313), .UNSPECIFIED., .F., .U., (2, 2), (-5.81397517214369, -4.81397517214369), .UNSPECIFIED.);
#7315 = EDGE_CURVE ('', #1595, #5438, #7314, .T.);
#7316 = ORIENTED_EDGE ('', *, *, #7315, .F.);
#7317 = EDGE_LOOP ('', (#7309, #7310, #7311, #7316));
#7318 = FACE_OUTER_BOUND ('', #7317, .T.);
#7319 = CARTESIAN_POINT ('', (10.7477015447762, 110.859563047829, -12.1165193915553));
#7320 = CARTESIAN_POINT ('', (10.7431020723888, 110.6811743065, -14.119827113087));
#7321 = CARTESIAN_POINT ('', (9.74447056233761, 110.184054873827, -12.0540639910322));
#7322 = CARTESIAN_POINT ('', (9.73987108995021, 110.005666132498, -14.0573717125639));
#7323 = CARTESIAN_POINT ('', (9.16284619880609, 109.126099785036, -11.9585207852559));
#7324 = CARTESIAN_POINT ('', (9.1582467264187, 108.947711043707, -13.9618285067876));
#7325 = CARTESIAN_POINT ('', (8.58122183527458, 108.068144696245, -11.8629775794795));
#7326 = CARTESIAN_POINT ('', (8.57662236288718, 107.889755954917, -13.8662853010113));
#7327 = CARTESIAN_POINT ('', (8.55012985311467, 106.862254303643, -11.7555251528171));
#7328 = CARTESIAN_POINT ('', (8.54553038072727, 106.683865562314, -13.7588328743488));
#7329 = (
   BOUNDED_SURFACE ()
   B_SPLINE_SURFACE (2, 1, ((#7319, #7320), (#7321, #7322), (#7323, #7324), (#7325, #7326), (#7327, #7328)), .UNSPECIFIED., .F., .F., .U.)
   B_SPLINE_SURFACE_WITH_KNOTS ((3, 2, 3), (2, 2), (0.479067612538427, 0.567383255766202, 0.655698898993978), (0., 0.0726474696488576), .UNSPECIFIED.)
   GEOMETRIC_REPRESENTATION_ITEM ()
   RATIONAL_B_SPLINE_SURFACE (((0.8744099914803, 0.8744099914803), (0.908819822391014, 0.908819822391014), (1., 1.), (0.908819822391013, 0.908819822391013), (0.874409991480299, 0.874409991480299)))
   REPRESENTATION_ITEM ('')
   SURFACE ()
);
#7330 = ADVANCED_FACE ('', (#7318), #7329, .T.);
#7331 = ORIENTED_EDGE ('', *, *, #5131, .T.);
#7332 = ORIENTED_EDGE ('', *, *, #3601, .F.);
#7333 = CARTESIAN_POINT ('', (7.23364688988297, 55.802976410074, 3.50000000000486));
#7334 = CARTESIAN_POINT ('', (7.23364688988297, 55.8029764100757, -9.30733188341492));
#7335 = B_SPLINE_CURVE_WITH_KNOTS ('', 1, (#7333, #7334), .UNSPECIFIED., .F., .U., (2, 2), (-0.274436768285982, 0.1649135782705), .UNSPECIFIED.);
#7336 = EDGE_CURVE ('', #3589, #1603, #7335, .T.);
#7337 = ORIENTED_EDGE ('', *, *, #7336, .T.);
#7338 = ORIENTED_EDGE ('', *, *, #1607, .T.);
#7339 = ORIENTED_EDGE ('', *, *, #7315, .T.);
#7340 = ORIENTED_EDGE ('', *, *, #5442, .F.);
#7341 = EDGE_LOOP ('', (#7331, #7332, #7337, #7338, #7339, #7340));
#7342 = FACE_OUTER_BOUND ('', #7341, .T.);
#7343 = CARTESIAN_POINT ('', (8.67052659170569, 111.531794817945, -13.7588328743482));
#7344 = CARTESIAN_POINT ('', (7.23364688988299, 55.8029764100759, -13.7588328743554));
#7345 = CARTESIAN_POINT ('', (8.67052659170569, 111.531794817943, 3.50000000001248));
#7346 = CARTESIAN_POINT ('', (7.23364688988299, 55.8029764100737, 3.50000000000519));
#7347 = B_SPLINE_SURFACE_WITH_KNOTS ('', 1, 1, ((#7343, #7344), (#7345, #7346)), .UNSPECIFIED., .F., .F., .U., (2, 2), (2, 2), (-0.376404449721114, 0.410183872107028), (6.44681110119147, 8.98755103896612), .UNSPECIFIED.);
#7348 = ADVANCED_FACE ('', (#7342), #7347, .T.);
#7349 = ORIENTED_EDGE ('', *, *, #1615, .T.);
#7350 = ORIENTED_EDGE ('', *, *, #7336, .F.);
#7351 = ORIENTED_EDGE ('', *, *, #3594, .F.);
#7352 = CARTESIAN_POINT ('', (7.65005336749392, 55.2970982438439, -9.26307327874443));
#7353 = CARTESIAN_POINT ('', (7.65005336749397, 55.2970982438422, 3.50000000000478));
#7354 = B_SPLINE_CURVE_WITH_KNOTS ('', 1, (#7352, #7353), .UNSPECIFIED., .F., .U., (2, 2), (-0.163395304716171, 0.274436768285982), .UNSPECIFIED.);
#7355 = EDGE_CURVE ('', #1610, #3540, #7354, .T.);
#7356 = ORIENTED_EDGE ('', *, *, #7355, .F.);
#7357 = EDGE_LOOP ('', (#7349, #7350, #7351, #7356));
#7358 = FACE_OUTER_BOUND ('', #7357, .T.);
#7359 = CARTESIAN_POINT ('', (7.23364688988299, 55.802976410074, 3.50000000000484));
#7360 = CARTESIAN_POINT ('', (7.23364688988301, 55.8029764100758, -9.30733188341494));
#7361 = CARTESIAN_POINT ('', (7.22883668298046, 55.6164144128269, 3.50000000000481));
#7362 = CARTESIAN_POINT ('', (7.22883668298047, 55.6164144128287, -9.30733188341496));
#7363 = CARTESIAN_POINT ('', (7.34744112242897, 55.4723258850034, 3.50000000000479));
#7364 = CARTESIAN_POINT ('', (7.34744112242898, 55.4723258850052, -9.30733188341499));
#7365 = CARTESIAN_POINT ('', (7.46604556187746, 55.3282373571799, 3.50000000000478));
#7366 = CARTESIAN_POINT ('', (7.46604556187747, 55.3282373571816, -9.30733188341501));
#7367 = CARTESIAN_POINT ('', (7.65005336749393, 55.2970982438423, 3.50000000000477));
#7368 = CARTESIAN_POINT ('', (7.65005336749394, 55.297098243844, -9.30733188341501));
#7369 = (
   BOUNDED_SURFACE ()
   B_SPLINE_SURFACE (2, 1, ((#7359, #7360), (#7361, #7362), (#7363, #7364), (#7365, #7366), (#7367, #7368)), .UNSPECIFIED., .F., .F., .U.)
   B_SPLINE_SURFACE_WITH_KNOTS ((3, 2, 3), (2, 2), (0.0437687488748939, 0.0567383255766205, 0.0697079022783451), (0., 0.462610303941836), .UNSPECIFIED.)
   GEOMETRIC_REPRESENTATION_ITEM ()
   RATIONAL_B_SPLINE_SURFACE (((0.854627880113747, 0.854627880113747), (0.866097526558593, 0.866097526558593), (1., 1.), (0.866097526558614, 0.866097526558614), (0.854627880113751, 0.854627880113751)))
   REPRESENTATION_ITEM ('')
   SURFACE ()
);
#7370 = ADVANCED_FACE ('', (#7358), #7369, .T.);
#7371 = ORIENTED_EDGE ('', *, *, #3586, .F.);
#7372 = CARTESIAN_POINT ('', (7.90985757720563, 49.4371132434148, 3.50000000000402));
#7373 = CARTESIAN_POINT ('', (7.90985757720558, 49.4371132434164, -8.75039102277577));
#7374 = B_SPLINE_CURVE_WITH_KNOTS ('', 1, (#7372, #7373), .UNSPECIFIED., .F., .U., (2, 2), (-0.274436768285982, 0.145807947030443), .UNSPECIFIED.);
#7375 = EDGE_CURVE ('', #3532, #1618, #7374, .T.);
#7376 = ORIENTED_EDGE ('', *, *, #7375, .T.);
#7377 = ORIENTED_EDGE ('', *, *, #1625, .T.);
#7378 = ORIENTED_EDGE ('', *, *, #7355, .T.);
#7379 = EDGE_LOOP ('', (#7371, #7376, #7377, #7378));
#7380 = FACE_OUTER_BOUND ('', #7379, .T.);
#7381 = CARTESIAN_POINT ('', (7.90985757720557, 49.4371132434147, 3.50000000000402));
#7382 = CARTESIAN_POINT ('', (10.094291486221, 50.009460545091, 3.50000000000409));
#7383 = CARTESIAN_POINT ('', (10.14862054307, 52.2669771652234, 3.50000000000439));
#7384 = CARTESIAN_POINT ('', (10.2111128255916, 54.8636974950921, 3.50000000000475));
#7385 = CARTESIAN_POINT ('', (7.65005336749397, 55.2970982438422, 3.50000000000482));
#7386 = CARTESIAN_POINT ('', (7.90985757720551, 49.4371132434165, -9.26307327874522));
#7387 = CARTESIAN_POINT ('', (10.0942914862209, 50.0094605450927, -9.26307327874516));
#7388 = CARTESIAN_POINT ('', (10.1486205430699, 52.2669771652252, -9.26307327874485));
#7389 = CARTESIAN_POINT ('', (10.2111128255915, 54.8636974950939, -9.2630732787445));
#7390 = CARTESIAN_POINT ('', (7.65005336749391, 55.297098243844, -9.26307327874443));
#7391 = (
   BOUNDED_SURFACE ()
   B_SPLINE_SURFACE (1, 2, ((#7381, #7382, #7383, #7384, #7385), (#7386, #7387, #7388, #7389, #7390)), .UNSPECIFIED., .F., .F., .U.)
   B_SPLINE_SURFACE_WITH_KNOTS ((2, 2), (3, 2, 3), (0., 0.461011650393615), (0.372516059697952, 0.510644930189581, 0.664049846679646), .UNSPECIFIED.)
   GEOMETRIC_REPRESENTATION_ITEM ()
   RATIONAL_B_SPLINE_SURFACE (((0.910392316429474, 0.762318156330233, 1., 0.736032277324855, 0.947862245675678), (0.910392316429474, 0.762318156330233, 1., 0.736032277324855, 0.947862245675678)))
   REPRESENTATION_ITEM ('')
   SURFACE ()
);
#7392 = ADVANCED_FACE ('', (#7380), #7391, .T.);
#7393 = ORIENTED_EDGE ('', *, *, #1633, .T.);
#7394 = ORIENTED_EDGE ('', *, *, #7375, .F.);
#7395 = ORIENTED_EDGE ('', *, *, #3537, .F.);
#7396 = CARTESIAN_POINT ('', (7.54948891361116, 48.8405826809022, -8.69820136110911));
#7397 = CARTESIAN_POINT ('', (7.54948891361116, 48.8405826809007, 3.50000000000393));
#7398 = B_SPLINE_CURVE_WITH_KNOTS ('', 1, (#7396, #7397), .UNSPECIFIED., .F., .U., (2, 2), (-0.144017601769723, 0.274436768285982), .UNSPECIFIED.);
#7399 = EDGE_CURVE ('', #1628, #3517, #7398, .T.);
#7400 = ORIENTED_EDGE ('', *, *, #7399, .F.);
#7401 = EDGE_LOOP ('', (#7393, #7394, #7395, #7400));
#7402 = FACE_OUTER_BOUND ('', #7401, .T.);
#7403 = CARTESIAN_POINT ('', (7.90985757720564, 49.4371132434147, 3.50000000000399));
#7404 = CARTESIAN_POINT ('', (7.90985757720577, 49.4371132434163, -8.75039102277578));
#7405 = CARTESIAN_POINT ('', (7.71354972109438, 49.3856782829523, 3.50000000000398));
#7406 = CARTESIAN_POINT ('', (7.7135497210945, 49.3856782829538, -8.75039102277579));
#7407 = CARTESIAN_POINT ('', (7.60861673413977, 49.2119791241242, 3.50000000000396));
#7408 = CARTESIAN_POINT ('', (7.6086167341399, 49.2119791241258, -8.75039102277581));
#7409 = CARTESIAN_POINT ('', (7.50368374718523, 49.0382799652963, 3.50000000000394));
#7410 = CARTESIAN_POINT ('', (7.50368374718537, 49.0382799652979, -8.75039102277584));
#7411 = CARTESIAN_POINT ('', (7.54948891361113, 48.8405826809007, 3.50000000000392));
#7412 = CARTESIAN_POINT ('', (7.54948891361127, 48.8405826809022, -8.75039102277586));
#7413 = (
   BOUNDED_SURFACE ()
   B_SPLINE_SURFACE (2, 1, ((#7403, #7404), (#7405, #7406), (#7407, #7408), (#7409, #7410), (#7411, #7412)), .UNSPECIFIED., .F., .F., .U.)
   B_SPLINE_SURFACE_WITH_KNOTS ((3, 2, 3), (2, 2), (0.0427983859843353, 0.0567383255766205, 0.0706782651688981), (0., 0.442493187967677), .UNSPECIFIED.)
   GEOMETRIC_REPRESENTATION_ITEM ()
   RATIONAL_B_SPLINE_SURFACE (((0.853596952572878, 0.853596952572878), (0.856079158637282, 0.856079158637282), (1., 1.), (0.856079158637362, 0.856079158637362), (0.853596952572881, 0.853596952572881)))
   REPRESENTATION_ITEM ('')
   SURFACE ()
);
#7414 = ADVANCED_FACE ('', (#7402), #7413, .T.);
#7415 = ORIENTED_EDGE ('', *, *, #3529, .F.);
#7416 = CARTESIAN_POINT ('', (9.22609515495223, 44.5891538178095, -8.32624953180209));
#7417 = CARTESIAN_POINT ('', (9.22609515495223, 44.589153817808, 3.50000000000347));
#7418 = B_SPLINE_CURVE_WITH_KNOTS ('', 1, (#7416, #7417), .UNSPECIFIED., .F., .U., (2, 2), (-0.256931775618715, 0.818181818181824), .UNSPECIFIED.);
#7419 = EDGE_CURVE ('', #1636, #3510, #7418, .T.);
#7420 = ORIENTED_EDGE ('', *, *, #7419, .F.);
#7421 = ORIENTED_EDGE ('', *, *, #1641, .T.);
#7422 = ORIENTED_EDGE ('', *, *, #7399, .T.);
#7423 = EDGE_LOOP ('', (#7415, #7420, #7421, #7422));
#7424 = FACE_OUTER_BOUND ('', #7423, .T.);
#7425 = CARTESIAN_POINT ('', (7.5494889136352, 48.8405826807984, -8.69820136110911));
#7426 = CARTESIAN_POINT ('', (8.07095302961605, 46.5899186688541, -8.69820136110939));
#7427 = CARTESIAN_POINT ('', (9.2260951549537, 44.5891538178066, -8.69820136110963));
#7428 = CARTESIAN_POINT ('', (7.54948891363519, 48.8405826807969, 3.50000000000401));
#7429 = CARTESIAN_POINT ('', (8.07095302961604, 46.5899186688526, 3.50000000000373));
#7430 = CARTESIAN_POINT ('', (9.22609515495369, 44.589153817805, 3.50000000000349));
#7431 = (
   BOUNDED_SURFACE ()
   B_SPLINE_SURFACE (1, 2, ((#7425, #7426, #7427), (#7428, #7429, #7430)), .UNSPECIFIED., .F., .F., .U.)
   B_SPLINE_SURFACE_WITH_KNOTS ((2, 2), (3, 3), (-0.440608058772463, 0.), (0.0208897175103108, 0.193593081701784), .UNSPECIFIED.)
   GEOMETRIC_REPRESENTATION_ITEM ()
   RATIONAL_B_SPLINE_SURFACE (((0.986416138793995, 0.931630862497884, 0.899436015343784), (0.986416138793995, 0.931630862497884, 0.899436015343784)))
   REPRESENTATION_ITEM ('')
   SURFACE ()
);
#7432 = ADVANCED_FACE ('', (#7424), #7431, .T.);
#7433 = CARTESIAN_POINT ('', (15.5052534779376, 33.7133325736291, -5.36709879131465));
#7434 = CARTESIAN_POINT ('', (15.5399015455308, 33.6533203601738, -6.36566742603413));
#7435 = CARTESIAN_POINT ('', (15.5746800224437, 33.5930822711509, -7.36421792689613));
#7436 = (
   BOUNDED_CURVE ()
   B_SPLINE_CURVE (2, (#7433, #7434, #7435), .UNSPECIFIED., .F., .U.)
   B_SPLINE_CURVE_WITH_KNOTS ((3, 3), (0., 0.000261194871580273), .UNSPECIFIED.)
   CURVE ()
   GEOMETRIC_REPRESENTATION_ITEM ()
   RATIONAL_B_SPLINE_CURVE ((1., 0.999999991472155, 1.))
   REPRESENTATION_ITEM ('')
);
#7437 = EDGE_CURVE ('', #4901, #1644, #7436, .T.);
#7438 = ORIENTED_EDGE ('', *, *, #7437, .T.);
#7439 = ORIENTED_EDGE ('', *, *, #1648, .T.);
#7440 = ORIENTED_EDGE ('', *, *, #7419, .T.);
#7441 = ORIENTED_EDGE ('', *, *, #3514, .F.);
#7442 = ORIENTED_EDGE ('', *, *, #5111, .F.);
#7443 = ORIENTED_EDGE ('', *, *, #4927, .F.);
#7444 = EDGE_LOOP ('', (#7438, #7439, #7440, #7441, #7442, #7443));
#7445 = FACE_OUTER_BOUND ('', #7444, .T.);
#7446 = CARTESIAN_POINT ('', (9.22609515495166, 44.5891538178105, -8.32624953180172));
#7447 = CARTESIAN_POINT ('', (22.6125046262028, 21.4032124826822, -8.32624953180473));
#7448 = CARTESIAN_POINT ('', (9.22609515495166, 44.5891538178089, 3.50000000000387));
#7449 = CARTESIAN_POINT ('', (22.6125046262028, 21.4032124826807, 3.50000000000085));
#7450 = B_SPLINE_SURFACE_WITH_KNOTS ('', 1, 1, ((#7446, #7447), (#7448, #7449)), .UNSPECIFIED., .F., .F., .U., (2, 2), (2, 2), (-0.128809108499626, 0.410183872107032), (9.11971607467772, 10.3399136903506), .UNSPECIFIED.);
#7451 = ADVANCED_FACE ('', (#7445), #7450, .T.);
#7452 = ORIENTED_EDGE ('', *, *, #4920, .F.);
#7453 = CARTESIAN_POINT ('', (22.977489340936, 32.1446519030057, -7.23749669102753));
#7454 = CARTESIAN_POINT ('', (22.9542942466462, 32.213878909633, -6.23973306614002));
#7455 = CARTESIAN_POINT ('', (22.9311860455573, 32.2829553919646, -5.24195699275207));
#7456 = (
   BOUNDED_CURVE ()
   B_SPLINE_CURVE (2, (#7453, #7454, #7455), .UNSPECIFIED., .F., .U.)
   B_SPLINE_CURVE_WITH_KNOTS ((3, 3), (0., 0.000174174588792875), .UNSPECIFIED.)
   CURVE ()
   GEOMETRIC_REPRESENTATION_ITEM ()
   RATIONAL_B_SPLINE_CURVE ((1., 0.999999996207902, 1.))
   REPRESENTATION_ITEM ('')
);
#7457 = EDGE_CURVE ('', #1651, #4893, #7456, .T.);
#7458 = ORIENTED_EDGE ('', *, *, #7457, .F.);
#7459 = ORIENTED_EDGE ('', *, *, #1670, .F.);
#7460 = ORIENTED_EDGE ('', *, *, #7437, .F.);
#7461 = EDGE_LOOP ('', (#7452, #7458, #7459, #7460));
#7462 = FACE_OUTER_BOUND ('', #7461, .T.);
#7463 = CARTESIAN_POINT ('', (22.926096611158, 32.2981695215492, -5.02218683777013));
#7464 = CARTESIAN_POINT ('', (22.7156359120448, 32.132291529173, -5.0195203824821));
#7465 = CARTESIAN_POINT ('', (22.2680688213478, 31.834300045755, -5.01714118915541));
#7466 = CARTESIAN_POINT ('', (21.5339302156057, 31.5003104726374, -5.02254191404304));
#7467 = CARTESIAN_POINT ('', (20.7559699469833, 31.2879121771548, -5.03677052863787));
#7468 = CARTESIAN_POINT ('', (19.95425799842, 31.2025846501384, -5.05945995980619));
#7469 = CARTESIAN_POINT ('', (19.1494771028196, 31.2465291845871, -5.09002486045784));
#7470 = CARTESIAN_POINT ('', (18.3623891655282, 31.4186120865027, -5.12767671054523));
#7471 = CARTESIAN_POINT ('', (17.6132996449451, 31.7143939221279, -5.17144415938226));
#7472 = CARTESIAN_POINT ('', (16.9215337080176, 32.1262440475915, -5.22019808487638));
#7473 = CARTESIAN_POINT ('', (16.3049376759089, 32.6435374655663, -5.27268072271576));
#7474 = CARTESIAN_POINT ('', (15.8377995583836, 33.1852146821408, -5.32144295254613));
#7475 = CARTESIAN_POINT ('', (15.5942978210629, 33.5591338888541, -5.35236363776489));
#7476 = CARTESIAN_POINT ('', (15.5051703205214, 33.7134766064993, -5.36473182192585));
#7477 = CARTESIAN_POINT ('', (22.935055553777, 32.2713844235005, -5.40917390887392));
#7478 = CARTESIAN_POINT ('', (22.724545929522, 32.1058556065835, -5.40652817874167));
#7479 = CARTESIAN_POINT ('', (22.2769550629932, 31.8085477925692, -5.4041891520632));
#7480 = CARTESIAN_POINT ('', (21.5429814394792, 31.475497931173, -5.40964459517361));
#7481 = CARTESIAN_POINT ('', (20.7653573843903, 31.2639178937853, -5.42392116963463));
#7482 = CARTESIAN_POINT ('', (19.9641176177045, 31.1792588035427, -5.44665105141901));
#7483 = CARTESIAN_POINT ('', (19.1599052900786, 31.2237017937645, -5.47724862545282));
#7484 = CARTESIAN_POINT ('', (18.3734401333638, 31.3961018140471, -5.51492557349872));
#7485 = CARTESIAN_POINT ('', (17.6249846386579, 31.6920171317194, -5.55871118433962));
#7486 = CARTESIAN_POINT ('', (16.9338220143011, 32.1038237690193, -5.60747736328125));
#7487 = CARTESIAN_POINT ('', (16.3177593743835, 32.6209119270533, -5.65996769628374));
#7488 = CARTESIAN_POINT ('', (15.8510022722637, 33.1622833150186, -5.70873413237382));
#7489 = CARTESIAN_POINT ('', (15.6076767435986, 33.5359608745848, -5.73965688619252));
#7490 = CARTESIAN_POINT ('', (15.5186087344499, 33.690200590802, -5.75202589795477));
#7491 = CARTESIAN_POINT ('', (22.9440266071654, 32.2445755304982, -5.79625628426125));
#7492 = CARTESIAN_POINT ('', (22.7334688486005, 32.0793957321147, -5.79363129359492));
#7493 = CARTESIAN_POINT ('', (22.2858556492676, 31.7827711314793, -5.79133244974185));
#7494 = CARTESIAN_POINT ('', (21.552048719136, 31.4506600087306, -5.79684260364748));
#7495 = CARTESIAN_POINT ('', (20.7747621332338, 31.2398971008149, -5.81116710451916));
#7496 = CARTESIAN_POINT ('', (19.9739953772512, 31.1559052838606, -5.83393738276294));
#7497 = CARTESIAN_POINT ('', (19.1703520740849, 31.2008456333336, -5.86456756012246));
#7498 = CARTESIAN_POINT ('', (18.3845098562359, 31.3735618205999, -5.90226952430901));
#7499 = CARTESIAN_POINT ('', (17.6366883343166, 31.6696098654743, -5.94607320699731));
#7500 = CARTESIAN_POINT ('', (16.9461288501934, 32.0813724795004, -5.99485154360271));
#7501 = CARTESIAN_POINT ('', (16.3305994009782, 32.598255057579, -6.04734947243757));
#7502 = CARTESIAN_POINT ('', (15.8642231813721, 33.1393204966376, -6.09612002473958));
#7503 = CARTESIAN_POINT ('', (15.6210738327139, 33.5127563949136, -6.12704479053588));
#7504 = CARTESIAN_POINT ('', (15.5320653145327, 33.6668931104027, -6.13941460725119));
#7505 = CARTESIAN_POINT ('', (22.9611600073919, 32.1933981311014, -6.5347113617603));
#7506 = CARTESIAN_POINT ('', (22.750511950111, 32.0288837055123, -6.53212595357378));
#7507 = CARTESIAN_POINT ('', (22.302858904777, 31.7335613078653, -6.52990377903988));
#7508 = CARTESIAN_POINT ('', (21.569373164175, 31.4032387608169, -6.53551826587677));
#7509 = CARTESIAN_POINT ('', (20.7927326172187, 31.1940321921907, -6.54993411078354));
#7510 = CARTESIAN_POINT ('', (19.9928696032229, 31.1113108323929, -6.57278133232084));
#7511 = CARTESIAN_POINT ('', (19.190312458726, 31.1571976942117, -6.60347355940623));
#7512 = CARTESIAN_POINT ('', (18.4056586623184, 31.3305150865201, -6.64122308040602));
#7513 = CARTESIAN_POINT ('', (17.659046204783, 31.6268148398533, -6.68506105964512));
#7514 = CARTESIAN_POINT ('', (16.9696367521392, 32.0384924679245, -6.73386240235287));
#7515 = CARTESIAN_POINT ('', (16.3551238657512, 32.5549823354042, -6.78637463005106));
#7516 = CARTESIAN_POINT ('', (15.8894738448743, 33.095464012366, -6.83515286232965));
#7517 = CARTESIAN_POINT ('', (15.6466604674777, 33.4684389660465, -6.86608135815762));
#7518 = CARTESIAN_POINT ('', (15.5577654148726, 33.6223792308545, -6.87845266719617));
#7519 = CARTESIAN_POINT ('', (22.96932013573, 32.1690339764292, -6.88606685152672));
#7520 = CARTESIAN_POINT ('', (22.7586297688903, 32.0048359343824, -6.88350028379669));
#7521 = CARTESIAN_POINT ('', (22.3109589455885, 31.7101326109054, -6.88131459291815));
#7522 = CARTESIAN_POINT ('', (21.5776273873572, 31.3806600805054, -6.88697870341602));
#7523 = CARTESIAN_POINT ('', (20.8012951800534, 31.1721929295869, -6.9014379722124));
#7524 = CARTESIAN_POINT ('', (20.0018627455784, 31.090074967724, -6.92432175061212));
#7525 = CARTESIAN_POINT ('', (19.1998226518426, 31.1364111842313, -6.95504343700575));
#7526 = CARTESIAN_POINT ('', (18.4157343092317, 31.3100137894254, -6.99281551371034));
#7527 = CARTESIAN_POINT ('', (17.6696969532421, 31.6064326626833, -7.03666973418273));
#7528 = CARTESIAN_POINT ('', (16.9808344236114, 32.0180694263624, -7.08548194286709));
#7529 = CARTESIAN_POINT ('', (16.3668049464124, 32.5343722219708, -7.13800089176325));
#7530 = CARTESIAN_POINT ('', (15.9015002661736, 33.0745761078358, -7.18678270426466));
#7531 = CARTESIAN_POINT ('', (15.6588466853013, 33.44733178081, -7.21771292849591));
#7532 = CARTESIAN_POINT ('', (15.5700056073798, 33.6011785955378, -7.23008492904305));
#7533 = CARTESIAN_POINT ('', (22.9774900759564, 32.1446506296554, -7.2374965885664));
#7534 = CARTESIAN_POINT ('', (22.7667580435867, 31.9807688376137, -7.23494887220253));
#7535 = CARTESIAN_POINT ('', (22.3190706164884, 31.6866842066201, -7.23279967676873));
#7536 = CARTESIAN_POINT ('', (21.5858946308642, 31.3580608883627, -7.23851340315964));
#7537 = CARTESIAN_POINT ('', (20.8098717816538, 31.1503322270606, -7.25301606726881));
#7538 = CARTESIAN_POINT ('', (20.0108705974224, 31.0688167092653, -7.27593635749151));
#7539 = CARTESIAN_POINT ('', (19.2093479223322, 31.1156013832039, -7.30668744558614));
#7540 = CARTESIAN_POINT ('', (18.4258251592191, 31.2894884237745, -7.34448201116228));
#7541 = CARTESIAN_POINT ('', (17.6803628591045, 31.5860258005766, -7.38835239955083));
#7542 = CARTESIAN_POINT ('', (16.992047110453, 31.9976212631248, -7.43717539656689));
#7543 = CARTESIAN_POINT ('', (16.3785008773246, 32.513736725708, -7.48970098631624));
#7544 = CARTESIAN_POINT ('', (15.9135414290546, 33.053662722266, -7.53848630630222));
#7545 = CARTESIAN_POINT ('', (15.6710476213063, 33.4261991029697, -7.56941821322143));
#7546 = CARTESIAN_POINT ('', (15.5822605177194, 33.5799524681875, -7.58179088699054));
#7547 = B_SPLINE_SURFACE_WITH_KNOTS ('', 3, 3, ((#7463, #7464, #7465, #7466, #7467, #7468, #7469, #7470, #7471, #7472, #7473, #7474, #7475, #7476), (#7477, #7478, #7479, #7480, #7481, #7482, #7483, #7484, #7485, #7486, #7487, #7488, #7489, #7490), (#7491, #7492, #7493, #7494, #7495, #7496, #7497, #7498, #7499, #7500, #7501, #7502, #7503, #7504), (#7505, #7506, #7507, #7508, #7509, #7510, #7511, #7512, #7513, #7514, #7515, #7516, #7517, #7518), (#7519, #7520, #7521, #7522, #7523, #7524, #7525, #7526, #7527, #7528, #7529, #7530, #7531, #7532), (#7533, #7534, #7535, #7536, #7537, #7538, #7539, #7540, #7541, #7542, #7543, #7544, #7545, #7546)), .UNSPECIFIED., .F., .F., .U., (4, 2, 4), (4, 1, 1, 1, 1, 1, 1, 1, 1, 1, 1, 4), (1.42634635022357, 1.42976548702996, 1.43286762754053), (0., 0.09375, 0.1875, 0.28125, 0.375, 0.46875, 0.5625, 0.65625, 0.75, 0.84375, 0.9375, 1.), .UNSPECIFIED.);
#7548 = ADVANCED_FACE ('', (#7462), #7547, .T.);
#7549 = ORIENTED_EDGE ('', *, *, #1678, .F.);
#7550 = ORIENTED_EDGE ('', *, *, #7457, .T.);
#7551 = ORIENTED_EDGE ('', *, *, #4898, .T.);
#7552 = CARTESIAN_POINT ('', (33.3011406375406, 33.4920844602511, -5.34774208956825));
#7553 = CARTESIAN_POINT ('', (33.3011406375406, 33.4339806317528, -6.01187188829608));
#7554 = CARTESIAN_POINT ('', (33.3011406375406, 33.3758768032545, -6.67600168702263));
#7555 = CARTESIAN_POINT ('', (33.3011406375406, 33.3177729747561, -7.34013148575046));
#7556 = B_SPLINE_CURVE_WITH_KNOTS ('', 3, (#7552, #7553, #7554, #7555), .UNSPECIFIED., .F., .U., (4, 4), (0., 2.), .UNSPECIFIED.);
#7557 = EDGE_CURVE ('', #4886, #1673, #7556, .T.);
#7558 = ORIENTED_EDGE ('', *, *, #7557, .T.);
#7559 = EDGE_LOOP ('', (#7549, #7550, #7551, #7558));
#7560 = FACE_OUTER_BOUND ('', #7559, .T.);
#7561 = CARTESIAN_POINT ('', (22.9311860458022, 32.1086439057395, -7.23434639947206));
#7562 = CARTESIAN_POINT ('', (25.6502791248501, 34.235993934285, -7.4204654103211));
#7563 = CARTESIAN_POINT ('', (29.1076951545865, 34.235993934285, -7.4204654103211));
#7564 = CARTESIAN_POINT ('', (31.3057168486085, 34.235993934285, -7.4204654103211));
#7565 = CARTESIAN_POINT ('', (33.3011406375407, 33.3177729747561, -7.34013148575053));
#7566 = CARTESIAN_POINT ('', (22.9311860458022, 32.2829553912346, -5.24195700328857));
#7567 = CARTESIAN_POINT ('', (25.6502791248501, 34.4103054197801, -5.42807601413762));
#7568 = CARTESIAN_POINT ('', (29.1076951545865, 34.4103054197801, -5.42807601413762));
#7569 = CARTESIAN_POINT ('', (31.3057168486085, 34.4103054197801, -5.42807601413762));
#7570 = CARTESIAN_POINT ('', (33.3011406375407, 33.4920844602512, -5.34774208956705));
#7571 = (
   BOUNDED_SURFACE ()
   B_SPLINE_SURFACE (1, 2, ((#7561, #7562, #7563, #7564, #7565), (#7566, #7567, #7568, #7569, #7570)), .UNSPECIFIED., .F., .F., .U.)
   B_SPLINE_SURFACE_WITH_KNOTS ((2, 2), (3, 2, 3), (0., 0.0722414798262111), (0.324712852258325, 0.567383255766204, 0.729035153800007), .UNSPECIFIED.)
   GEOMETRIC_REPRESENTATION_ITEM ()
   RATIONAL_B_SPLINE_SURFACE (((0.856615378844225, 0.874729268317587, 1., 0.916552446232332, 0.880654605346498), (0.856615378844225, 0.874729268317587, 1., 0.916552446232332, 0.880654605346498)))
   REPRESENTATION_ITEM ('')
   SURFACE ()
);
#7572 = ADVANCED_FACE ('', (#7560), #7571, .T.);
#7573 = ORIENTED_EDGE ('', *, *, #1685, .F.);
#7574 = ORIENTED_EDGE ('', *, *, #7557, .F.);
#7575 = ORIENTED_EDGE ('', *, *, #4890, .T.);
#7576 = CARTESIAN_POINT ('', (44.9789204922877, 28.1183977863385, -4.87760542426249));
#7577 = CARTESIAN_POINT ('', (44.8109116325768, 28.0213978259584, -6.87675870245342));
#7578 = B_SPLINE_CURVE_WITH_KNOTS ('', 1, (#7576, #7577), .UNSPECIFIED., .F., .U., (2, 2), (-7.29804866104902, -6.29804866104902), .UNSPECIFIED.);
#7579 = EDGE_CURVE ('', #4878, #1681, #7578, .T.);
#7580 = ORIENTED_EDGE ('', *, *, #7579, .T.);
#7581 = EDGE_LOOP ('', (#7573, #7574, #7575, #7580));
#7582 = FACE_OUTER_BOUND ('', #7581, .T.);
#7583 = CARTESIAN_POINT ('', (33.3011406375405, 33.3177729747559, -7.34013148575306));
#7584 = CARTESIAN_POINT ('', (44.9789204922877, 27.9440863008434, -6.86999482044607));
#7585 = CARTESIAN_POINT ('', (33.3011406375405, 33.492084460251, -5.34774208956958));
#7586 = CARTESIAN_POINT ('', (44.9789204922877, 28.1183977863385, -4.87760542426258));
#7587 = B_SPLINE_SURFACE_WITH_KNOTS ('', 1, 1, ((#7583, #7584), (#7585, #7586)), .UNSPECIFIED., .F., .F., .U., (2, 2), (2, 2), (0., 0.072307083312575), (1.00903518085721, 1.47409408160911), .UNSPECIFIED.);
#7588 = ADVANCED_FACE ('', (#7582), #7587, .T.);
#7589 = ORIENTED_EDGE ('', *, *, #7579, .F.);
#7590 = ORIENTED_EDGE ('', *, *, #4883, .F.);
#7591 = CARTESIAN_POINT ('', (49.4393372625292, 28.231437488926, -6.89513479185387));
#7592 = CARTESIAN_POINT ('', (49.6073461222401, 28.328437449306, -4.89598151366293));
#7593 = B_SPLINE_CURVE_WITH_KNOTS ('', 1, (#7591, #7592), .UNSPECIFIED., .F., .U., (2, 2), (6.48674637931199, 7.48674637931199), .UNSPECIFIED.);
#7594 = EDGE_CURVE ('', #1688, #4871, #7593, .T.);
#7595 = ORIENTED_EDGE ('', *, *, #7594, .F.);
#7596 = ORIENTED_EDGE ('', *, *, #1693, .F.);
#7597 = EDGE_LOOP ('', (#7589, #7590, #7595, #7596));
#7598 = FACE_OUTER_BOUND ('', #7597, .T.);
#7599 = CARTESIAN_POINT ('', (49.4076343740553, 28.2131338177315, -7.27237045390769));
#7600 = CARTESIAN_POINT ('', (49.6073461222417, 28.3284374493069, -4.89598151366311));
#7601 = CARTESIAN_POINT ('', (48.352958606761, 27.6042164795758, -7.15419050578611));
#7602 = CARTESIAN_POINT ('', (48.5526703549474, 27.7195201111512, -4.77780156554153));
#7603 = CARTESIAN_POINT ('', (47.134960946076, 27.5534120254936, -7.04936491266053));
#7604 = CARTESIAN_POINT ('', (47.3346726942624, 27.6687156570691, -4.67297597241595));
#7605 = CARTESIAN_POINT ('', (45.9169632853857, 27.5026075714113, -6.94453931953448));
#7606 = CARTESIAN_POINT ('', (46.1166750335721, 27.6179112029867, -4.56815037928991));
#7607 = CARTESIAN_POINT ('', (44.8109116325658, 28.0213978259635, -6.87675870245388));
#7608 = CARTESIAN_POINT ('', (45.0106233807522, 28.136701457539, -4.5003697622093));
#7609 = (
   BOUNDED_SURFACE ()
   B_SPLINE_SURFACE (2, 1, ((#7599, #7600), (#7601, #7602), (#7603, #7604), (#7605, #7606), (#7607, #7608)), .UNSPECIFIED., .F., .F., .U.)
   B_SPLINE_SURFACE_WITH_KNOTS ((3, 2, 3), (2, 2), (0.478240756746667, 0.5673832557662, 0.656525754786094), (0.000294260755910008, 0.0865344021913395), .UNSPECIFIED.)
   GEOMETRIC_REPRESENTATION_ITEM ()
   RATIONAL_B_SPLINE_SURFACE (((0.873770643234524, 0.873770643234524), (0.907966147377233, 0.907966147377233), (1., 1.), (0.907966147376861, 0.907966147376861), (0.873770643234247, 0.873770643234248)))
   REPRESENTATION_ITEM ('')
   SURFACE ()
);
#7610 = ADVANCED_FACE ('', (#7598), #7609, .T.);
#7611 = ORIENTED_EDGE ('', *, *, #4875, .F.);
#7612 = ORIENTED_EDGE ('', *, *, #4670, .T.);
#7613 = ORIENTED_EDGE ('', *, *, #3388, .F.);
#7614 = CARTESIAN_POINT ('', (54.0037623027849, 30.8667095146137, -7.12569121940822));
#7615 = CARTESIAN_POINT ('', (54.0037623027849, 30.8667095146123, 3.50000000000166));
#7616 = B_SPLINE_CURVE_WITH_KNOTS ('', 1, (#7614, #7615), .UNSPECIFIED., .F., .U., (2, 2), (-0.147790110855469, 0.818181818181824), .UNSPECIFIED.);
#7617 = EDGE_CURVE ('', #1696, #3382, #7616, .T.);
#7618 = ORIENTED_EDGE ('', *, *, #7617, .F.);
#7619 = ORIENTED_EDGE ('', *, *, #1700, .T.);
#7620 = ORIENTED_EDGE ('', *, *, #7594, .T.);
#7621 = EDGE_LOOP ('', (#7611, #7612, #7613, #7618, #7619, #7620));
#7622 = FACE_OUTER_BOUND ('', #7621, .T.);
#7623 = CARTESIAN_POINT ('', (46.2500000000018, 26.3900727618691, -7.12569121940873));
#7624 = CARTESIAN_POINT ('', (54.0037623027893, 30.866709514616, -7.12569121940814));
#7625 = CARTESIAN_POINT ('', (46.2500000000018, 26.3900727618677, 3.50000000000116));
#7626 = CARTESIAN_POINT ('', (54.0037623027893, 30.8667095146146, 3.50000000000176));
#7627 = B_SPLINE_SURFACE_WITH_KNOTS ('', 1, 1, ((#7623, #7624), (#7625, #7626)), .UNSPECIFIED., .F., .F., .U., (2, 2), (2, 2), (-0.0740924799142321, 0.410183872107009), (10.8396134297585, 11.2476676958159), .UNSPECIFIED.);
#7628 = ADVANCED_FACE ('', (#7622), #7627, .T.);
#7629 = ORIENTED_EDGE ('', *, *, #4199, .F.);
#7630 = CARTESIAN_POINT ('', (65.9422195702102, 35.8117804285929, -7.55832886471259));
#7631 = CARTESIAN_POINT ('', (65.9422195702102, 35.8117804285915, 3.50000000000231));
#7632 = B_SPLINE_CURVE_WITH_KNOTS ('', 1, (#7630, #7631), .UNSPECIFIED., .F., .U., (2, 2), (-0.187120805883199, 0.818181818181824), .UNSPECIFIED.);
#7633 = EDGE_CURVE ('', #1703, #4182, #7632, .T.);
#7634 = ORIENTED_EDGE ('', *, *, #7633, .F.);
#7635 = ORIENTED_EDGE ('', *, *, #1708, .T.);
#7636 = ORIENTED_EDGE ('', *, *, #7617, .T.);
#7637 = EDGE_LOOP ('', (#7629, #7634, #7635, #7636));
#7638 = FACE_OUTER_BOUND ('', #7637, .T.);
#7639 = CARTESIAN_POINT ('', (65.9422195702102, 35.8117804285914, 3.50000000000239));
#7640 = CARTESIAN_POINT ('', (59.6474754682114, 34.1251088299004, 3.50000000000214));
#7641 = CARTESIAN_POINT ('', (54.0037623027849, 30.8667095146122, 3.50000000000169));
#7642 = CARTESIAN_POINT ('', (65.9422195702103, 35.8117804285929, -7.55832886471255));
#7643 = CARTESIAN_POINT ('', (59.6474754682115, 34.1251088299019, -7.5583288647128));
#7644 = CARTESIAN_POINT ('', (54.0037623027849, 30.8667095146137, -7.55832886471325));
#7645 = (
   BOUNDED_SURFACE ()
   B_SPLINE_SURFACE (1, 2, ((#7639, #7640, #7641), (#7642, #7643, #7644)), .UNSPECIFIED., .F., .F., .U.)
   B_SPLINE_SURFACE_WITH_KNOTS ((2, 2), (3, 3), (0., 0.399435020795961), (10.7383206176086, 11.2341884641693), .UNSPECIFIED.)
   GEOMETRIC_REPRESENTATION_ITEM ()
   RATIONAL_B_SPLINE_SURFACE (((0.914835766825247, 0.948287736084019, 1.), (0.914835766825247, 0.948287736084019, 1.)))
   REPRESENTATION_ITEM ('')
   SURFACE ()
);
#7646 = ADVANCED_FACE ('', (#7638), #7645, .T.);
#7647 = ORIENTED_EDGE ('', *, *, #4186, .F.);
#7648 = CARTESIAN_POINT ('', (69.6800474906012, 36.8133284013082, -7.64595295830243));
#7649 = CARTESIAN_POINT ('', (69.6800474906012, 36.8133284013067, 3.50000000000244));
#7650 = B_SPLINE_CURVE_WITH_KNOTS ('', 1, (#7648, #7649), .UNSPECIFIED., .F., .U., (2, 2), (-0.195086632573196, 0.818181818181823), .UNSPECIFIED.);
#7651 = EDGE_CURVE ('', #1711, #4167, #7650, .T.);
#7652 = ORIENTED_EDGE ('', *, *, #7651, .F.);
#7653 = ORIENTED_EDGE ('', *, *, #1715, .T.);
#7654 = ORIENTED_EDGE ('', *, *, #7633, .T.);
#7655 = EDGE_LOOP ('', (#7647, #7652, #7653, #7654));
#7656 = FACE_OUTER_BOUND ('', #7655, .T.);
#7657 = CARTESIAN_POINT ('', (65.9422195702045, 35.8117804285914, -7.64595295830237));
#7658 = CARTESIAN_POINT ('', (69.680047490597, 36.813328401307, -7.64595295830224));
#7659 = CARTESIAN_POINT ('', (65.9422195702045, 35.81178042859, 3.50000000000247));
#7660 = CARTESIAN_POINT ('', (69.680047490597, 36.8133284013056, 3.5000000000026));
#7661 = B_SPLINE_SURFACE_WITH_KNOTS ('', 1, 1, ((#7657, #7658), (#7659, #7660)), .UNSPECIFIED., .F., .F., .U., (2, 2), (2, 2), (-0.0978039215329929, 0.410183872107035), (11.2932436816061, 11.4696083542834), .UNSPECIFIED.);
#7662 = ADVANCED_FACE ('', (#7656), #7661, .T.);
#7663 = ORIENTED_EDGE ('', *, *, #4179, .F.);
#7664 = CARTESIAN_POINT ('', (82.4915902231754, 38.4999999999993, -7.79351760227884));
#7665 = CARTESIAN_POINT ('', (82.4915902231754, 38.4999999999978, 3.50000000000266));
#7666 = B_SPLINE_CURVE_WITH_KNOTS ('', 1, (#7664, #7665), .UNSPECIFIED., .F., .U., (2, 2), (-0.208501600207436, 0.818181818181824), .UNSPECIFIED.);
#7667 = EDGE_CURVE ('', #1718, #4160, #7666, .T.);
#7668 = ORIENTED_EDGE ('', *, *, #7667, .F.);
#7669 = ORIENTED_EDGE ('', *, *, #1723, .T.);
#7670 = ORIENTED_EDGE ('', *, *, #7651, .T.);
#7671 = EDGE_LOOP ('', (#7663, #7668, #7669, #7670));
#7672 = FACE_OUTER_BOUND ('', #7671, .T.);
#7673 = CARTESIAN_POINT ('', (82.4915902231756, 38.4999999999971, 3.50000000000279));
#7674 = CARTESIAN_POINT ('', (75.9747915925997, 38.4999999999973, 3.50000000000288));
#7675 = CARTESIAN_POINT ('', (69.6800474906013, 36.8133284013061, 3.50000000000265));
#7676 = CARTESIAN_POINT ('', (82.4915902231754, 38.4999999999993, -7.79351760227903));
#7677 = CARTESIAN_POINT ('', (75.9747915925996, 38.4999999999995, -7.79351760227893));
#7678 = CARTESIAN_POINT ('', (69.6800474906012, 36.8133284013083, -7.79351760227917));
#7679 = (
   BOUNDED_SURFACE ()
   B_SPLINE_SURFACE (1, 2, ((#7673, #7674, #7675), (#7676, #7677, #7678)), .UNSPECIFIED., .F., .F., .U.)
   B_SPLINE_SURFACE_WITH_KNOTS ((2, 2), (3, 3), (0., 0.407930212016106), (10.7383206176077, 11.2341884641683), .UNSPECIFIED.)
   GEOMETRIC_REPRESENTATION_ITEM ()
   RATIONAL_B_SPLINE_SURFACE (((0.914835766825246, 0.948287736084018, 1.), (0.914835766825246, 0.948287736084018, 1.)))
   REPRESENTATION_ITEM ('')
   SURFACE ()
);
#7680 = ADVANCED_FACE ('', (#7672), #7679, .T.);
#7681 = ORIENTED_EDGE ('', *, *, #4164, .F.);
#7682 = CARTESIAN_POINT ('', (91.7858983848593, 38.4999999999978, 3.50000000000258));
#7683 = CARTESIAN_POINT ('', (91.7858983848592, 38.4999999999993, -7.79351760227885));
#7684 = B_SPLINE_CURVE_WITH_KNOTS ('', 1, (#7682, #7683), .UNSPECIFIED., .F., .U., (2, 2), (-0.274436768285981, 0.112982790882903), .UNSPECIFIED.);
#7685 = EDGE_CURVE ('', #4152, #1726, #7684, .T.);
#7686 = ORIENTED_EDGE ('', *, *, #7685, .T.);
#7687 = ORIENTED_EDGE ('', *, *, #1730, .T.);
#7688 = ORIENTED_EDGE ('', *, *, #7667, .T.);
#7689 = EDGE_LOOP ('', (#7681, #7686, #7687, #7688));
#7690 = FACE_OUTER_BOUND ('', #7689, .T.);
#7691 = CARTESIAN_POINT ('', (82.4915902231712, 38.4999999999993, -7.79351760227884));
#7692 = CARTESIAN_POINT ('', (91.7858983848551, 38.4999999999993, -7.79351760227884));
#7693 = CARTESIAN_POINT ('', (82.4915902231712, 38.4999999999978, 3.50000000000265));
#7694 = CARTESIAN_POINT ('', (91.7858983848551, 38.4999999999978, 3.50000000000265));
#7695 = B_SPLINE_SURFACE_WITH_KNOTS ('', 1, 1, ((#7691, #7692), (#7693, #7694)), .UNSPECIFIED., .F., .F., .U., (2, 2), (2, 2), (-0.104529325649949, 0.410183872107015), (11.5151843400726, 11.9387815967743), .UNSPECIFIED.);
#7696 = ADVANCED_FACE ('', (#7690), #7695, .T.);
#7697 = ORIENTED_EDGE ('', *, *, #1738, .T.);
#7698 = ORIENTED_EDGE ('', *, *, #7685, .F.);
#7699 = ORIENTED_EDGE ('', *, *, #4157, .F.);
#7700 = CARTESIAN_POINT ('', (92.2807700441646, 38.9285714285707, -7.8310127437899));
#7701 = CARTESIAN_POINT ('', (92.2807700441647, 38.9285714285692, 3.50000000000263));
#7702 = B_SPLINE_CURVE_WITH_KNOTS ('', 1, (#7700, #7701), .UNSPECIFIED., .F., .U., (2, 2), (-0.114269046565745, 0.274436768285981), .UNSPECIFIED.);
#7703 = EDGE_CURVE ('', #1733, #4101, #7702, .T.);
#7704 = ORIENTED_EDGE ('', *, *, #7703, .F.);
#7705 = EDGE_LOOP ('', (#7697, #7698, #7699, #7704));
#7706 = FACE_OUTER_BOUND ('', #7705, .T.);
#7707 = CARTESIAN_POINT ('', (91.7858983848593, 38.4999999999978, 3.50000000000259));
#7708 = CARTESIAN_POINT ('', (91.7858983848592, 38.4999999999993, -7.83101274378996));
#7709 = CARTESIAN_POINT ('', (91.9723107314957, 38.4999999999978, 3.50000000000259));
#7710 = CARTESIAN_POINT ('', (91.9723107314956, 38.4999999999993, -7.83101274378996));
#7711 = CARTESIAN_POINT ('', (92.1132252202134, 38.6220355269886, 3.5000000000026));
#7712 = CARTESIAN_POINT ('', (92.1132252202133, 38.6220355269901, -7.83101274378995));
#7713 = CARTESIAN_POINT ('', (92.254139708931, 38.7440710539794, 3.50000000000262));
#7714 = CARTESIAN_POINT ('', (92.2541397089309, 38.7440710539809, -7.83101274378993));
#7715 = CARTESIAN_POINT ('', (92.2807700441647, 38.9285714285692, 3.50000000000264));
#7716 = CARTESIAN_POINT ('', (92.2807700441646, 38.9285714285707, -7.83101274378991));
#7717 = (
   BOUNDED_SURFACE ()
   B_SPLINE_SURFACE (2, 1, ((#7707, #7708), (#7709, #7710), (#7711, #7712), (#7713, #7714), (#7715, #7716)), .UNSPECIFIED., .F., .F., .U.)
   B_SPLINE_SURFACE_WITH_KNOTS ((3, 2, 3), (2, 2), (0.0437814901726305, 0.0567383255766224, 0.069695160980608), (0., 0.40928456427062), .UNSPECIFIED.)
   GEOMETRIC_REPRESENTATION_ITEM ()
   RATIONAL_B_SPLINE_SURFACE (((0.854650533810432, 0.854650533810432), (0.86622907219966, 0.86622907219966), (1., 1.), (0.866229072199724, 0.866229072199724), (0.854650533810444, 0.854650533810444)))
   REPRESENTATION_ITEM ('')
   SURFACE ()
);
#7718 = ADVANCED_FACE ('', (#7706), #7717, .T.);
#7719 = ORIENTED_EDGE ('', *, *, #4149, .F.);
#7720 = CARTESIAN_POINT ('', (98.2192299558293, 38.9285714285692, 3.50000000000265));
#7721 = CARTESIAN_POINT ('', (98.2192299558293, 38.9285714285706, -7.83101274378989));
#7722 = B_SPLINE_CURVE_WITH_KNOTS ('', 1, (#7720, #7721), .UNSPECIFIED., .F., .U., (2, 2), (-0.274436768285983, 0.114269046565743), .UNSPECIFIED.);
#7723 = EDGE_CURVE ('', #4093, #1741, #7722, .T.);
#7724 = ORIENTED_EDGE ('', *, *, #7723, .T.);
#7725 = ORIENTED_EDGE ('', *, *, #1748, .T.);
#7726 = ORIENTED_EDGE ('', *, *, #7703, .T.);
#7727 = EDGE_LOOP ('', (#7719, #7724, #7725, #7726));
#7728 = FACE_OUTER_BOUND ('', #7727, .T.);
#7729 = CARTESIAN_POINT ('', (98.2192299558293, 38.9285714285692, 3.50000000000268));
#7730 = CARTESIAN_POINT ('', (97.8480762113503, 41.4999999999978, 3.500000000003));
#7731 = CARTESIAN_POINT ('', (95.249999999997, 41.4999999999978, 3.50000000000303));
#7732 = CARTESIAN_POINT ('', (92.6519237886437, 41.4999999999978, 3.50000000000305));
#7733 = CARTESIAN_POINT ('', (92.2807700441647, 38.9285714285692, 3.50000000000273));
#7734 = CARTESIAN_POINT ('', (98.2192299558292, 38.9285714285706, -8.05598359285662));
#7735 = CARTESIAN_POINT ('', (97.8480762113502, 41.4999999999992, -8.0559835928563));
#7736 = CARTESIAN_POINT ('', (95.2499999999969, 41.4999999999992, -8.05598359285627));
#7737 = CARTESIAN_POINT ('', (92.6519237886436, 41.4999999999992, -8.05598359285625));
#7738 = CARTESIAN_POINT ('', (92.2807700441646, 38.9285714285707, -8.05598359285657));
#7739 = (
   BOUNDED_SURFACE ()
   B_SPLINE_SURFACE (1, 2, ((#7729, #7730, #7731, #7732, #7733), (#7734, #7735, #7736, #7737, #7738)), .UNSPECIFIED., .F., .F., .U.)
   B_SPLINE_SURFACE_WITH_KNOTS ((2, 2), (3, 2, 3), (0., 0.417410677797791), (0.357213758594549, 0.510644930189575, 0.664076101784601), .UNSPECIFIED.)
   GEOMETRIC_REPRESENTATION_ITEM ()
   RATIONAL_B_SPLINE_SURFACE (((0.947934768606336, 0.735987099501195, 1., 0.735987099501197, 0.947934768606332), (0.947934768606336, 0.735987099501195, 1., 0.735987099501197, 0.947934768606332)))
   REPRESENTATION_ITEM ('')
   SURFACE ()
);
#7740 = ADVANCED_FACE ('', (#7728), #7739, .T.);
#7741 = ORIENTED_EDGE ('', *, *, #1756, .T.);
#7742 = ORIENTED_EDGE ('', *, *, #7723, .F.);
#7743 = ORIENTED_EDGE ('', *, *, #4098, .F.);
#7744 = CARTESIAN_POINT ('', (98.7141016151346, 38.4999999999992, -7.79351760227884));
#7745 = CARTESIAN_POINT ('', (98.7141016151347, 38.4999999999978, 3.50000000000259));
#7746 = B_SPLINE_CURVE_WITH_KNOTS ('', 1, (#7744, #7745), .UNSPECIFIED., .F., .U., (2, 2), (-0.112982790882901, 0.274436768285983), .UNSPECIFIED.);
#7747 = EDGE_CURVE ('', #1751, #4086, #7746, .T.);
#7748 = ORIENTED_EDGE ('', *, *, #7747, .F.);
#7749 = EDGE_LOOP ('', (#7741, #7742, #7743, #7748));
#7750 = FACE_OUTER_BOUND ('', #7749, .T.);
#7751 = CARTESIAN_POINT ('', (98.2192299558293, 38.9285714285692, 3.50000000000265));
#7752 = CARTESIAN_POINT ('', (98.2192299558293, 38.928571428571, -7.83101274378992));
#7753 = CARTESIAN_POINT ('', (98.245860291063, 38.7440710539792, 3.50000000000262));
#7754 = CARTESIAN_POINT ('', (98.2458602910631, 38.744071053981, -7.83101274378994));
#7755 = CARTESIAN_POINT ('', (98.3867747797807, 38.6220355269884, 3.5000000000026));
#7756 = CARTESIAN_POINT ('', (98.3867747797808, 38.6220355269902, -7.83101274378996));
#7757 = CARTESIAN_POINT ('', (98.5276892684983, 38.4999999999977, 3.50000000000258));
#7758 = CARTESIAN_POINT ('', (98.5276892684984, 38.4999999999994, -7.83101274378998));
#7759 = CARTESIAN_POINT ('', (98.7141016151346, 38.4999999999976, 3.50000000000258));
#7760 = CARTESIAN_POINT ('', (98.7141016151347, 38.4999999999994, -7.83101274378998));
#7761 = (
   BOUNDED_SURFACE ()
   B_SPLINE_SURFACE (2, 1, ((#7751, #7752), (#7753, #7754), (#7755, #7756), (#7757, #7758), (#7759, #7760)), .UNSPECIFIED., .F., .F., .U.)
   B_SPLINE_SURFACE_WITH_KNOTS ((3, 2, 3), (2, 2), (0.043781490172629, 0.0567383255766228, 0.0696951609806077), (0., 0.409284564270621), .UNSPECIFIED.)
   GEOMETRIC_REPRESENTATION_ITEM ()
   RATIONAL_B_SPLINE_SURFACE (((0.854650533810429, 0.854650533810429), (0.866229072199641, 0.866229072199641), (1., 1.), (0.866229072199733, 0.866229072199733), (0.854650533810445, 0.854650533810445)))
   REPRESENTATION_ITEM ('')
   SURFACE ()
);
#7762 = ADVANCED_FACE ('', (#7750), #7761, .T.);
#7763 = ORIENTED_EDGE ('', *, *, #4090, .F.);
#7764 = CARTESIAN_POINT ('', (148.785898384857, 38.4999999999979, 3.5000000000026));
#7765 = CARTESIAN_POINT ('', (148.785898384857, 38.4999999999994, -7.79351760227885));
#7766 = B_SPLINE_CURVE_WITH_KNOTS ('', 1, (#7764, #7765), .UNSPECIFIED., .F., .U., (2, 2), (-0.274436768285981, 0.112982790882903), .UNSPECIFIED.);
#7767 = EDGE_CURVE ('', #4078, #1759, #7766, .T.);
#7768 = ORIENTED_EDGE ('', *, *, #7767, .T.);
#7769 = ORIENTED_EDGE ('', *, *, #1763, .T.);
#7770 = ORIENTED_EDGE ('', *, *, #7747, .T.);
#7771 = EDGE_LOOP ('', (#7763, #7768, #7769, #7770));
#7772 = FACE_OUTER_BOUND ('', #7771, .T.);
#7773 = CARTESIAN_POINT ('', (98.7141016151342, 38.4999999999992, -7.79351760227885));
#7774 = CARTESIAN_POINT ('', (148.785898384857, 38.4999999999994, -7.79351760227885));
#7775 = CARTESIAN_POINT ('', (98.7141016151342, 38.4999999999978, 3.50000000000258));
#7776 = CARTESIAN_POINT ('', (148.785898384857, 38.4999999999979, 3.50000000000258));
#7777 = B_SPLINE_SURFACE_WITH_KNOTS ('', 1, 1, ((#7773, #7774), (#7775, #7776)), .UNSPECIFIED., .F., .F., .U., (2, 2), (2, 2), (-0.10452932564995, 0.410183872107013), (12.003873366902, 14.2859448649421), .UNSPECIFIED.);
#7778 = ADVANCED_FACE ('', (#7772), #7777, .T.);
#7779 = ORIENTED_EDGE ('', *, *, #1771, .T.);
#7780 = ORIENTED_EDGE ('', *, *, #7767, .F.);
#7781 = ORIENTED_EDGE ('', *, *, #4083, .F.);
#7782 = CARTESIAN_POINT ('', (149.280770044163, 38.9285714285708, -7.83101274378991));
#7783 = CARTESIAN_POINT ('', (149.280770044163, 38.9285714285693, 3.50000000000264));
#7784 = B_SPLINE_CURVE_WITH_KNOTS ('', 1, (#7782, #7783), .UNSPECIFIED., .F., .U., (2, 2), (-0.114269046565745, 0.274436768285981), .UNSPECIFIED.);
#7785 = EDGE_CURVE ('', #1766, #4061, #7784, .T.);
#7786 = ORIENTED_EDGE ('', *, *, #7785, .F.);
#7787 = EDGE_LOOP ('', (#7779, #7780, #7781, #7786));
#7788 = FACE_OUTER_BOUND ('', #7787, .T.);
#7789 = CARTESIAN_POINT ('', (148.785898384857, 38.4999999999979, 3.50000000000259));
#7790 = CARTESIAN_POINT ('', (148.785898384857, 38.4999999999995, -7.83101274378997));
#7791 = CARTESIAN_POINT ('', (148.972310731494, 38.4999999999978, 3.50000000000259));
#7792 = CARTESIAN_POINT ('', (148.972310731493, 38.4999999999994, -7.83101274378998));
#7793 = CARTESIAN_POINT ('', (149.113225220212, 38.6220355269888, 3.5000000000026));
#7794 = CARTESIAN_POINT ('', (149.113225220211, 38.6220355269903, -7.83101274378996));
#7795 = CARTESIAN_POINT ('', (149.254139708929, 38.7440710539795, 3.50000000000262));
#7796 = CARTESIAN_POINT ('', (149.254139708929, 38.7440710539811, -7.83101274378995));
#7797 = CARTESIAN_POINT ('', (149.280770044163, 38.9285714285693, 3.50000000000264));
#7798 = CARTESIAN_POINT ('', (149.280770044163, 38.9285714285709, -7.83101274378992));
#7799 = (
   BOUNDED_SURFACE ()
   B_SPLINE_SURFACE (2, 1, ((#7789, #7790), (#7791, #7792), (#7793, #7794), (#7795, #7796), (#7797, #7798)), .UNSPECIFIED., .F., .F., .U.)
   B_SPLINE_SURFACE_WITH_KNOTS ((3, 2, 3), (2, 2), (0.0437814901726161, 0.0567383255766213, 0.0696951609806049), (0., 0.409284564270621), .UNSPECIFIED.)
   GEOMETRIC_REPRESENTATION_ITEM ()
   RATIONAL_B_SPLINE_SURFACE (((0.854650533810408, 0.854650533810408), (0.86622907219952, 0.86622907219952), (1., 1.), (0.866229072199743, 0.866229072199743), (0.854650533810447, 0.854650533810447)))
   REPRESENTATION_ITEM ('')
   SURFACE ()
);
#7800 = ADVANCED_FACE ('', (#7788), #7799, .T.);
#7801 = ORIENTED_EDGE ('', *, *, #7785, .T.);
#7802 = ORIENTED_EDGE ('', *, *, #4075, .F.);
#7803 = ORIENTED_EDGE ('', *, *, #4058, .F.);
#7804 = CARTESIAN_POINT ('', (154.507543204462, 40.4757273799695, -7.96637135024377));
#7805 = CARTESIAN_POINT ('', (154.507543204462, 40.4757273799679, 3.50000000000284));
#7806 = B_SPLINE_CURVE_WITH_KNOTS ('', 1, (#7804, #7805), .UNSPECIFIED., .F., .U., (2, 2), (-0.126234201889879, 0.29133451470705), .UNSPECIFIED.);
#7807 = EDGE_CURVE ('', #1774, #4011, #7806, .T.);
#7808 = ORIENTED_EDGE ('', *, *, #7807, .F.);
#7809 = ORIENTED_EDGE ('', *, *, #1822, .T.);
#7810 = EDGE_LOOP ('', (#7801, #7802, #7803, #7808, #7809));
#7811 = FACE_OUTER_BOUND ('', #7810, .T.);
#7812 = CARTESIAN_POINT ('', (154.507543204486, 40.4757273799405, 3.50000000085814));
#7813 = CARTESIAN_POINT ('', (154.413689229497, 40.5829685942918, 3.50000000085815));
#7814 = CARTESIAN_POINT ('', (154.311917553222, 40.6837594305144, 3.50000000085817));
#7815 = CARTESIAN_POINT ('', (154.095899489158, 40.8691480022941, 3.50000000085819));
#7816 = CARTESIAN_POINT ('', (153.981141738068, 40.954252526446, 3.5000000008582));
#7817 = CARTESIAN_POINT ('', (153.741622283568, 41.1067545064948, 3.50000000085822));
#7818 = CARTESIAN_POINT ('', (153.616286796346, 41.1745778141796, 3.50000000085823));
#7819 = CARTESIAN_POINT ('', (153.358255129889, 41.2913752026989, 3.50000000085825));
#7820 = CARTESIAN_POINT ('', (153.224935579972, 41.3406875171468, 3.50000000085825));
#7821 = CARTESIAN_POINT ('', (152.953696733988, 41.4197112264606, 3.50000000085826));
#7822 = CARTESIAN_POINT ('', (152.815117879397, 41.4496685443848, 3.50000000085827));
#7823 = CARTESIAN_POINT ('', (152.536182306689, 41.4896317620701, 3.50000000085827));
#7824 = CARTESIAN_POINT ('', (152.395143513655, 41.4997886168668, 3.50000000085827));
#7825 = CARTESIAN_POINT ('', (152.235667010853, 41.5000244792529, 3.50000000085828));
#7826 = CARTESIAN_POINT ('', (152.216896002698, 41.4998760701164, 3.50000000085827));
#7827 = CARTESIAN_POINT ('', (152.05371645172, 41.4970542122157, 3.50000000085827));
#7828 = CARTESIAN_POINT ('', (151.909110227179, 41.4840669136387, 3.50000000085827));
#7829 = CARTESIAN_POINT ('', (151.624445126522, 41.4375869882144, 3.50000000085826));
#7830 = CARTESIAN_POINT ('', (151.483638883845, 41.4040363036134, 3.50000000085826));
#7831 = CARTESIAN_POINT ('', (151.209402782028, 41.3174059747664, 3.50000000085825));
#7832 = CARTESIAN_POINT ('', (151.075249020018, 41.2641597514858, 3.50000000085825));
#7833 = CARTESIAN_POINT ('', (150.816964122, 41.1394915931093, 3.50000000085823));
#7834 = CARTESIAN_POINT ('', (150.692147210257, 41.0678010793713, 3.50000000085822));
#7835 = CARTESIAN_POINT ('', (150.454949761923, 40.9079442342222, 3.5000000008582));
#7836 = CARTESIAN_POINT ('', (150.341934914155, 40.8194155342509, 3.50000000085818));
#7837 = CARTESIAN_POINT ('', (150.130477965685, 40.627891754658, 3.50000000085816));
#7838 = CARTESIAN_POINT ('', (150.031464854064, 40.5244502413584, 3.50000000085814));
#7839 = CARTESIAN_POINT ('', (149.849831251347, 40.3053767080437, 3.50000000085811));
#7840 = CARTESIAN_POINT ('', (149.766713220642, 40.1892252222316, 3.5000000008581));
#7841 = CARTESIAN_POINT ('', (149.618340588081, 39.9472258912252, 3.50000000085807));
#7842 = CARTESIAN_POINT ('', (149.552670283349, 39.8207976530308, 3.50000000085806));
#7843 = CARTESIAN_POINT ('', (149.440289466554, 39.5609050596681, 3.50000000085801));
#7844 = CARTESIAN_POINT ('', (149.393251535888, 39.4268123004044, 3.500000000858));
#7845 = CARTESIAN_POINT ('', (149.323549108462, 39.1716049826189, 3.50000000085797));
#7846 = CARTESIAN_POINT ('', (149.298373816912, 39.0505339437968, 3.50000000085542));
#7847 = CARTESIAN_POINT ('', (149.280770044163, 38.9285714285694, 3.5000000008554));
#7848 = CARTESIAN_POINT ('', (154.507543204486, 40.4757273799421, -8.0559845206725));
#7849 = CARTESIAN_POINT ('', (154.413689229497, 40.5829685942934, -8.05598452067249));
#7850 = CARTESIAN_POINT ('', (154.311917553222, 40.6837594305159, -8.05598452067246));
#7851 = CARTESIAN_POINT ('', (154.095899489158, 40.8691480022957, -8.05598452067245));
#7852 = CARTESIAN_POINT ('', (153.981141738068, 40.9542525264475, -8.05598452067243));
#7853 = CARTESIAN_POINT ('', (153.741622283568, 41.1067545064964, -8.05598452067241));
#7854 = CARTESIAN_POINT ('', (153.616286796346, 41.1745778141812, -8.05598452067241));
#7855 = CARTESIAN_POINT ('', (153.358255129889, 41.2913752027005, -8.05598452067239));
#7856 = CARTESIAN_POINT ('', (153.224935579972, 41.3406875171483, -8.05598452067238));
#7857 = CARTESIAN_POINT ('', (152.953696733988, 41.4197112264621, -8.05598452067238));
#7858 = CARTESIAN_POINT ('', (152.815117879397, 41.4496685443864, -8.05598452067237));
#7859 = CARTESIAN_POINT ('', (152.536182306689, 41.4896317620717, -8.05598452067236));
#7860 = CARTESIAN_POINT ('', (152.395143513655, 41.4997886168684, -8.05598452067236));
#7861 = CARTESIAN_POINT ('', (152.235667010853, 41.5000244792544, -8.05598452067236));
#7862 = CARTESIAN_POINT ('', (152.216896002698, 41.499876070118, -8.05598452067236));
#7863 = CARTESIAN_POINT ('', (152.05371645172, 41.4970542122172, -8.05598452067236));
#7864 = CARTESIAN_POINT ('', (151.909110227179, 41.4840669136402, -8.05598452067236));
#7865 = CARTESIAN_POINT ('', (151.624445126522, 41.437586988216, -8.05598452067238));
#7866 = CARTESIAN_POINT ('', (151.483638883844, 41.4040363036149, -8.05598452067238));
#7867 = CARTESIAN_POINT ('', (151.209402782027, 41.317405974768, -8.05598452067239));
#7868 = CARTESIAN_POINT ('', (151.075249020018, 41.2641597514874, -8.05598452067239));
#7869 = CARTESIAN_POINT ('', (150.816964122, 41.1394915931109, -8.05598452067241));
#7870 = CARTESIAN_POINT ('', (150.692147210257, 41.0678010793729, -8.05598452067242));
#7871 = CARTESIAN_POINT ('', (150.454949761923, 40.9079442342237, -8.05598452067244));
#7872 = CARTESIAN_POINT ('', (150.341934914155, 40.8194155342525, -8.05598452067245));
#7873 = CARTESIAN_POINT ('', (150.130477965685, 40.6278917546596, -8.05598452067248));
#7874 = CARTESIAN_POINT ('', (150.031464854064, 40.52445024136, -8.05598452067249));
#7875 = CARTESIAN_POINT ('', (149.849831251347, 40.3053767080453, -8.05598452067252));
#7876 = CARTESIAN_POINT ('', (149.766713220642, 40.1892252222332, -8.05598452067253));
#7877 = CARTESIAN_POINT ('', (149.61834058808, 39.9472258912268, -8.05598452067256));
#7878 = CARTESIAN_POINT ('', (149.552670283349, 39.8207976530324, -8.05598452067258));
#7879 = CARTESIAN_POINT ('', (149.440289466554, 39.5609050596697, -8.05598452067262));
#7880 = CARTESIAN_POINT ('', (149.393251535888, 39.4268123004059, -8.05598452067264));
#7881 = CARTESIAN_POINT ('', (149.323549108462, 39.1716049826205, -8.05598452067266));
#7882 = CARTESIAN_POINT ('', (149.298373816912, 39.0505339437983, -8.05598452067522));
#7883 = CARTESIAN_POINT ('', (149.280770044163, 38.9285714285709, -8.05598452067524));
#7884 = B_SPLINE_SURFACE_WITH_KNOTS ('', 1, 3, ((#7812, #7813, #7814, #7815, #7816, #7817, #7818, #7819, #7820, #7821, #7822, #7823, #7824, #7825, #7826, #7827, #7828, #7829, #7830, #7831, #7832, #7833, #7834, #7835, #7836, #7837, #7838, #7839, #7840, #7841, #7842, #7843, #7844, #7845, #7846, #7847), (#7848, #7849, #7850, #7851, #7852, #7853, #7854, #7855, #7856, #7857, #7858, #7859, #7860, #7861, #7862, #7863, #7864, #7865, #7866, #7867, #7868, #7869, #7870, #7871, #7872, #7873, #7874, #7875, #7876, #7877, #7878, #7879, #7880, #7881, #7882, #7883)), .UNSPECIFIED., .F., .F., .U., (2, 2), (4, 2, 2, 2, 2, 2, 2, 2, 2, 2, 2, 2, 2, 2, 2, 2, 2, 4), (0.140703211213368, 0.582680158651089), (29.6227213883362, 30.0502529311398, 30.476708823219, 30.9020967002817, 31.3264133234631, 31.7496445301061, 32.1717647370224, 32.2280745617645, 32.6613765819086, 33.0933788013218, 33.5241582928549, 33.953773562065, 34.3822675888849, 34.8096699301221, 35.2359981129462, 35.6612584626346, 36.0854464472288, 36.4549226428536), .UNSPECIFIED.);
#7885 = ADVANCED_FACE ('', (#7811), #7884, .T.);
#7886 = ORIENTED_EDGE ('', *, *, #4025, .F.);
#7887 = CARTESIAN_POINT ('', (155.219229955827, 38.9285714285693, 3.50000000000264));
#7888 = CARTESIAN_POINT ('', (155.219229955827, 38.9285714285708, -7.83101274378991));
#7889 = B_SPLINE_CURVE_WITH_KNOTS ('', 1, (#7887, #7888), .UNSPECIFIED., .F., .U., (2, 2), (-0.274436768285983, 0.114269046565743), .UNSPECIFIED.);
#7890 = EDGE_CURVE ('', #4003, #1825, #7889, .T.);
#7891 = ORIENTED_EDGE ('', *, *, #7890, .T.);
#7892 = ORIENTED_EDGE ('', *, *, #1830, .T.);
#7893 = ORIENTED_EDGE ('', *, *, #7807, .T.);
#7894 = EDGE_LOOP ('', (#7886, #7891, #7892, #7893));
#7895 = FACE_OUTER_BOUND ('', #7894, .T.);
#7896 = CARTESIAN_POINT ('', (155.219229955827, 38.9285714285693, 3.50000000000266));
#7897 = CARTESIAN_POINT ('', (155.092370263245, 39.8074811605107, 3.50000000000277));
#7898 = CARTESIAN_POINT ('', (154.507543204462, 40.475727379968, 3.50000000000285));
#7899 = CARTESIAN_POINT ('', (155.219229955827, 38.9285714285707, -7.96637135024397));
#7900 = CARTESIAN_POINT ('', (155.092370263245, 39.807481160512, -7.96637135024387));
#7901 = CARTESIAN_POINT ('', (154.507543204462, 40.4757273799693, -7.96637135024378));
#7902 = (
   BOUNDED_SURFACE ()
   B_SPLINE_SURFACE (1, 2, ((#7896, #7897, #7898), (#7899, #7900, #7901)), .UNSPECIFIED., .F., .F., .U.)
   B_SPLINE_SURFACE_WITH_KNOTS ((2, 2), (3, 3), (0., 0.414173817289349), (0.357213758594544, 0.418705841765416), .UNSPECIFIED.)
   GEOMETRIC_REPRESENTATION_ITEM ()
   RATIONAL_B_SPLINE_SURFACE (((0.947934768606345, 0.862990467125767, 0.854496992131575), (0.947934768606345, 0.862990467125767, 0.854496992131575)))
   REPRESENTATION_ITEM ('')
   SURFACE ()
);
#7903 = ADVANCED_FACE ('', (#7895), #7902, .T.);
#7904 = ORIENTED_EDGE ('', *, *, #4008, .F.);
#7905 = ORIENTED_EDGE ('', *, *, #6877, .F.);
#7906 = CARTESIAN_POINT ('', (155.714101615133, 38.4999999999994, -7.79351760227885));
#7907 = CARTESIAN_POINT ('', (155.714101615133, 38.4999999999991, -5.78587792718962));
#7908 = B_SPLINE_CURVE_WITH_KNOTS ('', 1, (#7906, #7907), .UNSPECIFIED., .F., .U., (2, 2), (-0.112982790882901, -0.0441115228436229), .UNSPECIFIED.);
#7909 = EDGE_CURVE ('', #1833, #6806, #7908, .T.);
#7910 = ORIENTED_EDGE ('', *, *, #7909, .F.);
#7911 = ORIENTED_EDGE ('', *, *, #1838, .T.);
#7912 = ORIENTED_EDGE ('', *, *, #7890, .F.);
#7913 = EDGE_LOOP ('', (#7904, #7905, #7910, #7911, #7912));
#7914 = FACE_OUTER_BOUND ('', #7913, .T.);
#7915 = CARTESIAN_POINT ('', (155.219229955827, 38.9285714285694, 3.50000000000265));
#7916 = CARTESIAN_POINT ('', (155.219229955827, 38.9285714285711, -7.83101274378993));
#7917 = CARTESIAN_POINT ('', (155.245860291061, 38.7440710539795, 3.50000000000262));
#7918 = CARTESIAN_POINT ('', (155.245860291061, 38.7440710539812, -7.83101274378996));
#7919 = CARTESIAN_POINT ('', (155.386774779779, 38.6220355269887, 3.5000000000026));
#7920 = CARTESIAN_POINT ('', (155.386774779779, 38.6220355269904, -7.83101274378997));
#7921 = CARTESIAN_POINT ('', (155.527689268496, 38.499999999998, 3.50000000000259));
#7922 = CARTESIAN_POINT ('', (155.527689268496, 38.4999999999997, -7.83101274378999));
#7923 = CARTESIAN_POINT ('', (155.714101615133, 38.4999999999979, 3.50000000000259));
#7924 = CARTESIAN_POINT ('', (155.714101615133, 38.4999999999997, -7.83101274378999));
#7925 = (
   BOUNDED_SURFACE ()
   B_SPLINE_SURFACE (2, 1, ((#7915, #7916), (#7917, #7918), (#7919, #7920), (#7921, #7922), (#7923, #7924)), .UNSPECIFIED., .F., .F., .U.)
   B_SPLINE_SURFACE_WITH_KNOTS ((3, 2, 3), (2, 2), (0.0437814901726293, 0.0567383255766189, 0.0696951609806031), (0., 0.409284564270621), .UNSPECIFIED.)
   GEOMETRIC_REPRESENTATION_ITEM ()
   RATIONAL_B_SPLINE_SURFACE (((0.854650533810435, 0.854650533810435), (0.866229072199675, 0.866229072199675), (1., 1.), (0.86622907219973, 0.86622907219973), (0.854650533810445, 0.854650533810445)))
   REPRESENTATION_ITEM ('')
   SURFACE ()
);
#7926 = ADVANCED_FACE ('', (#7914), #7925, .T.);
#7927 = ORIENTED_EDGE ('', *, *, #6863, .F.);
#7928 = CARTESIAN_POINT ('', (159.154689614444, 44.1480162568756, -8.2876549961624));
#7929 = CARTESIAN_POINT ('', (159.156639360579, 44.1543810484894, -8.08920027072578));
#7930 = CARTESIAN_POINT ('', (159.161708334942, 44.1707847112635, -7.57802969265929));
#7931 = CARTESIAN_POINT ('', (159.168483780517, 44.1922309518164, -6.91069263533836));
#7932 = CARTESIAN_POINT ('', (159.173346211189, 44.2073185676068, -6.44181099469572));
#7933 = CARTESIAN_POINT ('', (159.174977025453, 44.2123457803448, -6.28564342510932));
#7934 = B_SPLINE_CURVE_WITH_KNOTS ('', 3, (#7928, #7929, #7930, #7931, #7932, #7933), .UNSPECIFIED., .F., .U., (4, 1, 1, 4), (-1.30980477887303E-12, 0.0217152301348763, 0.0559331685292268, 0.0730214365288979), .UNSPECIFIED.);
#7935 = EDGE_CURVE ('', #1841, #6841, #7934, .T.);
#7936 = ORIENTED_EDGE ('', *, *, #7935, .F.);
#7937 = ORIENTED_EDGE ('', *, *, #1857, .F.);
#7938 = ORIENTED_EDGE ('', *, *, #7909, .T.);
#7939 = EDGE_LOOP ('', (#7927, #7936, #7937, #7938));
#7940 = FACE_OUTER_BOUND ('', #7939, .T.);
#7941 = CARTESIAN_POINT ('', (155.714101615133, 38.4999999999994, -8.21130209811484));
#7942 = CARTESIAN_POINT ('', (156.001641276126, 38.5892639205223, -8.21593668157445));
#7943 = CARTESIAN_POINT ('', (156.281114345249, 38.7045140150855, -8.22057124317224));
#7944 = CARTESIAN_POINT ('', (156.814750904606, 38.9834821385286, -8.22968942489036));
#7945 = CARTESIAN_POINT ('', (157.068965082742, 39.1470801400307, -8.23417324258111));
#7946 = CARTESIAN_POINT ('', (157.543787939647, 39.5174075732455, -8.24284362410913));
#7947 = CARTESIAN_POINT ('', (157.764468047217, 39.724028039028, -8.24703074070181));
#7948 = CARTESIAN_POINT ('', (158.165020769588, 40.1736598824836, -8.25497108385609));
#7949 = CARTESIAN_POINT ('', (158.34498322737, 40.4165769025483, -8.25872520044948));
#7950 = CARTESIAN_POINT ('', (158.658227022363, 40.9308767392545, -8.2656770310099));
#7951 = CARTESIAN_POINT ('', (158.791613692873, 41.2021828784122, -8.26887594369774));
#7952 = CARTESIAN_POINT ('', (159.00735184846, 41.7644092194342, -8.27461296568077));
#7953 = CARTESIAN_POINT ('', (159.089820728335, 42.0552729195919, -8.27715254324378));
#7954 = CARTESIAN_POINT ('', (159.201030536996, 42.6471241729222, -8.28148800542603));
#7955 = CARTESIAN_POINT ('', (159.229897100062, 42.9480772385669, -8.28328557943831));
#7956 = CARTESIAN_POINT ('', (159.232193117842, 43.3997349054284, -8.28538015997261));
#7957 = CARTESIAN_POINT ('', (159.220159337445, 43.7009116868985, -8.2865774547693));
#7958 = CARTESIAN_POINT ('', (159.180964928377, 43.9997709806284, -8.28736487096226));
#7959 = CARTESIAN_POINT ('', (159.154689666094, 44.1480162896399, -8.28765499707113));
#7960 = CARTESIAN_POINT ('', (155.714101615133, 38.499999999999, -7.40282056336838));
#7961 = CARTESIAN_POINT ('', (156.003253466331, 38.588979847696, -7.40759126130639));
#7962 = CARTESIAN_POINT ('', (156.284325045157, 38.7042181600395, -7.41236193602695));
#7963 = CARTESIAN_POINT ('', (156.820991457263, 38.983674111287, -7.42174645569059));
#7964 = CARTESIAN_POINT ('', (157.076637126324, 39.147770412423, -7.42636050436189));
#7965 = CARTESIAN_POINT ('', (157.554028987997, 39.5195380922658, -7.43527979863702));
#7966 = CARTESIAN_POINT ('', (157.775847090784, 39.7270993071173, -7.43958561629376));
#7967 = CARTESIAN_POINT ('', (158.178275148807, 40.178960557901, -7.44774662069752));
#7968 = CARTESIAN_POINT ('', (158.358975717717, 40.4231652232123, -7.45160272944796));
#7969 = CARTESIAN_POINT ('', (158.673214267333, 40.9402697619934, -7.45873729138173));
#7970 = CARTESIAN_POINT ('', (158.806858590872, 41.2130921935569, -7.46201698812295));
#7971 = CARTESIAN_POINT ('', (159.022580109546, 41.7784456214249, -7.467890679015));
#7972 = CARTESIAN_POINT ('', (159.10477588148, 42.0709196478431, -7.47048619682272));
#7973 = CARTESIAN_POINT ('', (159.214890415022, 42.665941911417, -7.47490601501274));
#7974 = CARTESIAN_POINT ('', (159.242936087838, 42.9684555186788, -7.47673206599101));
#7975 = CARTESIAN_POINT ('', (159.243602191047, 43.4223074824649, -7.47884759628406));
#7976 = CARTESIAN_POINT ('', (159.230350230938, 43.7248985738767, -7.48005165983392));
#7977 = CARTESIAN_POINT ('', (159.18968413751, 44.0250392393925, -7.48083123136722));
#7978 = CARTESIAN_POINT ('', (159.162613722006, 44.1738836748857, -7.48111379951612));
#7979 = CARTESIAN_POINT ('', (155.714101615137, 38.4999999999982, -6.59434561135611));
#7980 = CARTESIAN_POINT ('', (156.004892385504, 38.5886641072391, -6.59925414633201));
#7981 = CARTESIAN_POINT ('', (156.287591884493, 38.7038651520233, -6.60416265647781));
#7982 = CARTESIAN_POINT ('', (156.827348171034, 38.9837704722536, -6.61381674938959));
#7983 = CARTESIAN_POINT ('', (157.084455932183, 39.1483520675911, -6.61856254211771));
#7984 = CARTESIAN_POINT ('', (157.564475281072, 39.5215454030337, -6.62773336855008));
#7985 = CARTESIAN_POINT ('', (157.78745925858, 39.7300457500773, -6.63215899450042));
#7986 = CARTESIAN_POINT ('', (158.191812343326, 40.1841424569053, -6.64054229564278));
#7987 = CARTESIAN_POINT ('', (158.373272844038, 40.4296424047002, -6.64450092632202));
#7988 = CARTESIAN_POINT ('', (158.688541196827, 40.949573219655, -6.65181856488917));
#7989 = CARTESIAN_POINT ('', (158.822456418882, 41.2239258567174, -6.65517886257815));
#7990 = CARTESIAN_POINT ('', (159.038177694556, 41.7924369217005, -6.66118805224584));
#7991 = CARTESIAN_POINT ('', (159.120103527705, 42.0865378954567, -6.66383852469906));
#7992 = CARTESIAN_POINT ('', (159.229118658661, 42.6847632608891, -6.66833988531339));
#7993 = CARTESIAN_POINT ('', (159.256336167579, 42.9888528739139, -6.67019258756041));
#7994 = CARTESIAN_POINT ('', (159.25535420983, 43.444918575774, -6.67232571102291));
#7995 = CARTESIAN_POINT ('', (159.240869588707, 43.7489356962683, -6.67353410193214));
#7996 = CARTESIAN_POINT ('', (159.198712965046, 44.0503660513151, -6.67430299327672));
#7997 = CARTESIAN_POINT ('', (159.170837026048, 44.1998127158595, -6.67457649331492));
#7998 = CARTESIAN_POINT ('', (155.714101615142, 38.4999999999974, -5.78587792718976));
#7999 = CARTESIAN_POINT ('', (156.006557905595, 38.5883147532258, -5.79092624002233));
#8000 = CARTESIAN_POINT ('', (156.290914961197, 38.703451323072, -5.79597452616513));
#8001 = CARTESIAN_POINT ('', (156.833822023224, 38.9837646937915, -5.80590183860508));
#8002 = CARTESIAN_POINT ('', (157.092423127821, 39.1488174386861, -5.81078108115734));
#8003 = CARTESIAN_POINT ('', (157.575129879416, 39.5234201661791, -5.82020639572816));
#8004 = CARTESIAN_POINT ('', (157.799308392188, 39.7328574928537, -5.82475308102417));
#8005 = CARTESIAN_POINT ('', (158.205637627073, 40.189195153961, -5.83336053435584));
#8006 = CARTESIAN_POINT ('', (158.387880529862, 40.4359980042169, -5.83742229282466));
#8007 = CARTESIAN_POINT ('', (158.704214705525, 40.9587769832499, -5.84492342487543));
#8008 = CARTESIAN_POINT ('', (158.838414391634, 41.234674068036, -5.84836413605741));
#8009 = CARTESIAN_POINT ('', (159.05415201716, 41.8063740954869, -5.85450755965849));
#8010 = CARTESIAN_POINT ('', (159.135810960068, 42.1021190819341, -5.85721191105917));
#8011 = CARTESIAN_POINT ('', (159.243721867926, 42.703580389101, -5.86179173755962));
#8012 = CARTESIAN_POINT ('', (159.270103368474, 43.0092617747295, -5.86366909261042));
#8013 = CARTESIAN_POINT ('', (159.267454079189, 43.4675608199027, -5.86581614023088));
#8014 = CARTESIAN_POINT ('', (159.251721479965, 43.7730157019764, -5.86702619121097));
#8015 = CARTESIAN_POINT ('', (159.208054512255, 44.0757438317373, -5.86778131009737));
#8016 = CARTESIAN_POINT ('', (159.179362175943, 44.2257956392014, -5.8680440971675));
#8017 = B_SPLINE_SURFACE_WITH_KNOTS ('', 3, 3, ((#7941, #7942, #7943, #7944, #7945, #7946, #7947, #7948, #7949, #7950, #7951, #7952, #7953, #7954, #7955, #7956, #7957, #7958, #7959), (#7960, #7961, #7962, #7963, #7964, #7965, #7966, #7967, #7968, #7969, #7970, #7971, #7972, #7973, #7974, #7975, #7976, #7977, #7978), (#7979, #7980, #7981, #7982, #7983, #7984, #7985, #7986, #7987, #7988, #7989, #7990, #7991, #7992, #7993, #7994, #7995, #7996, #7997), (#7998, #7999, #8000, #8001, #8002, #8003, #8004, #8005, #8006, #8007, #8008, #8009, #8010, #8011, #8012, #8013, #8014, #8015, #8016)), .UNSPECIFIED., .F., .F., .U., (4, 4), (4, 2, 2, 2, 2, 2, 2, 2, 1, 4), (-3.74957252965865E-10, 0.0882530051838405), (0., 0.125, 0.25, 0.375, 0.5, 0.625, 0.75, 0.875, 0.9375, 1.), .UNSPECIFIED.);
#8018 = ADVANCED_FACE ('', (#7940), #8017, .T.);
#8019 = ORIENTED_EDGE ('', *, *, #7935, .T.);
#8020 = ORIENTED_EDGE ('', *, *, #6846, .T.);
#8021 = CARTESIAN_POINT ('', (158.999999999998, 45.8934515465687, -8.44036079692843));
#8022 = CARTESIAN_POINT ('', (158.999999999998, 46.0677630320638, -6.44797140074494));
#8023 = B_SPLINE_CURVE_WITH_KNOTS ('', 1, (#8021, #8022), .UNSPECIFIED., .F., .U., (2, 2), (0., 1.), .UNSPECIFIED.);
#8024 = EDGE_CURVE ('', #1860, #6831, #8023, .T.);
#8025 = ORIENTED_EDGE ('', *, *, #8024, .F.);
#8026 = ORIENTED_EDGE ('', *, *, #1865, .F.);
#8027 = EDGE_LOOP ('', (#8019, #8020, #8025, #8026));
#8028 = FACE_OUTER_BOUND ('', #8027, .T.);
#8029 = CARTESIAN_POINT ('', (159.174977025453, 44.0380342948471, -8.27803282129258));
#8030 = CARTESIAN_POINT ('', (158.999999999998, 44.9575549001417, -8.35848045013424));
#8031 = CARTESIAN_POINT ('', (158.999999999998, 45.8934515465687, -8.44036079692843));
#8032 = CARTESIAN_POINT ('', (159.174977025453, 44.2123457803422, -6.28564342510909));
#8033 = CARTESIAN_POINT ('', (158.999999999998, 45.1318663856367, -6.36609105395075));
#8034 = CARTESIAN_POINT ('', (158.999999999998, 46.0677630320638, -6.44797140074494));
#8035 = (
   BOUNDED_SURFACE ()
   B_SPLINE_SURFACE (1, 2, ((#8029, #8030, #8031), (#8032, #8033, #8034)), .UNSPECIFIED., .F., .F., .U.)
   B_SPLINE_SURFACE_WITH_KNOTS ((2, 2), (3, 3), (0., 0.0722414798262112), (2.19697331939884, 2.26953302306481), .UNSPECIFIED.)
   GEOMETRIC_REPRESENTATION_ITEM ()
   RATIONAL_B_SPLINE_SURFACE (((0.934667068521109, 0.962543404397478, 1.), (0.934667068521109, 0.962543404397478, 1.)))
   REPRESENTATION_ITEM ('')
   SURFACE ()
);
#8036 = ADVANCED_FACE ('', (#8028), #8035, .T.);
#8037 = CARTESIAN_POINT ('', (170.666666666662, 55.8903752210836, -7.30733861349455));
#8038 = CARTESIAN_POINT ('', (170.666666666662, 55.7160637355885, -9.29972800967804));
#8039 = B_SPLINE_CURVE_WITH_KNOTS ('', 1, (#8037, #8038), .UNSPECIFIED., .F., .U., (2, 2), (-0.0727640277742819, -5.55111512312578E-17), .UNSPECIFIED.);
#8040 = EDGE_CURVE ('', #6821, #1868, #8039, .T.);
#8041 = ORIENTED_EDGE ('', *, *, #8040, .T.);
#8042 = ORIENTED_EDGE ('', *, *, #1875, .F.);
#8043 = ORIENTED_EDGE ('', *, *, #8024, .T.);
#8044 = ORIENTED_EDGE ('', *, *, #6838, .T.);
#8045 = EDGE_LOOP ('', (#8041, #8042, #8043, #8044));
#8046 = FACE_OUTER_BOUND ('', #8045, .T.);
#8047 = CARTESIAN_POINT ('', (158.999999999998, 45.8934515465687, -8.44036079692842));
#8048 = CARTESIAN_POINT ('', (158.999999999998, 55.8553985274862, -9.31191822440386));
#8049 = CARTESIAN_POINT ('', (168.999999999998, 55.8553985274862, -9.31191822440385));
#8050 = CARTESIAN_POINT ('', (169.839202169056, 55.8553985274862, -9.31191822440385));
#8051 = CARTESIAN_POINT ('', (170.66666666677, 55.7160637355704, -9.29972800967649));
#8052 = CARTESIAN_POINT ('', (158.999999999998, 46.0677630320638, -6.44797140074494));
#8053 = CARTESIAN_POINT ('', (158.999999999998, 56.0297100129813, -7.31952882822037));
#8054 = CARTESIAN_POINT ('', (168.999999999998, 56.0297100129813, -7.31952882822037));
#8055 = CARTESIAN_POINT ('', (169.839202169056, 56.0297100129813, -7.31952882822037));
#8056 = CARTESIAN_POINT ('', (170.66666666677, 55.8903752210655, -7.30733861349301));
#8057 = (
   BOUNDED_SURFACE ()
   B_SPLINE_SURFACE (1, 2, ((#8047, #8048, #8049, #8050, #8051), (#8052, #8053, #8054, #8055, #8056)), .UNSPECIFIED., .F., .F., .U.)
   B_SPLINE_SURFACE_WITH_KNOTS ((2, 2), (3, 2, 3), (0., 0.072241479826211), (0., 0.567383255766204, 0.632458844232398), .UNSPECIFIED.)
   GEOMETRIC_REPRESENTATION_ITEM ()
   RATIONAL_B_SPLINE_SURFACE (((1., 0.707106781186547, 1., 0.966406836334456, 0.940519557083933), (1., 0.707106781186547, 1., 0.966406836334456, 0.940519557083933)))
   REPRESENTATION_ITEM ('')
   SURFACE ()
);
#8058 = ADVANCED_FACE ('', (#8046), #8057, .T.);
#8059 = ORIENTED_EDGE ('', *, *, #6828, .F.);
#8060 = CARTESIAN_POINT ('', (176.499999999994, 60.6273698300982, -9.72941161605538));
#8061 = CARTESIAN_POINT ('', (176.499999999994, 60.8016813155935, -7.73702221986935));
#8062 = B_SPLINE_CURVE_WITH_KNOTS ('', 1, (#8060, #8061), .UNSPECIFIED., .F., .U., (2, 2), (-9.28146448586631E-14, 0.0727640277742818), .UNSPECIFIED.);
#8063 = EDGE_CURVE ('', #1878, #6814, #8062, .T.);
#8064 = ORIENTED_EDGE ('', *, *, #8063, .F.);
#8065 = ORIENTED_EDGE ('', *, *, #1885, .F.);
#8066 = ORIENTED_EDGE ('', *, *, #8040, .F.);
#8067 = EDGE_LOOP ('', (#8059, #8064, #8065, #8066));
#8068 = FACE_OUTER_BOUND ('', #8067, .T.);
#8069 = CARTESIAN_POINT ('', (170.666666666662, 55.8903752210836, -7.30733861349452));
#8070 = CARTESIAN_POINT ('', (170.666666666662, 55.7160637355883, -9.29972800968054));
#8071 = CARTESIAN_POINT ('', (172.954972243674, 55.5050528510334, -7.27362727431225));
#8072 = CARTESIAN_POINT ('', (172.954972243674, 55.3307413655381, -9.26601667049827));
#8073 = CARTESIAN_POINT ('', (174.727486121834, 56.9973999731613, -7.40419072954381));
#8074 = CARTESIAN_POINT ('', (174.727486121834, 56.823088487666, -9.39658012572984));
#8075 = CARTESIAN_POINT ('', (176.499999999994, 58.4897470952892, -7.53475418477537));
#8076 = CARTESIAN_POINT ('', (176.499999999994, 58.3154356097938, -9.5271435809614));
#8077 = CARTESIAN_POINT ('', (176.499999999994, 60.8016813155935, -7.73702221986938));
#8078 = CARTESIAN_POINT ('', (176.499999999994, 60.6273698300982, -9.72941161605541));
#8079 = (
   BOUNDED_SURFACE ()
   B_SPLINE_SURFACE (2, 1, ((#8069, #8070), (#8071, #8072), (#8073, #8074), (#8075, #8076), (#8077, #8078)), .UNSPECIFIED., .F., .F., .U.)
   B_SPLINE_SURFACE_WITH_KNOTS ((3, 2, 3), (2, 2), (0.411193577069935, 0.567383255766197, 0.723572934462458), (0., 0.0722414798263031), .UNSPECIFIED.)
   GEOMETRIC_REPRESENTATION_ITEM ()
   RATIONAL_B_SPLINE_SURFACE (((0.855050931302626, 0.855050931302626), (0.838744279906497, 0.838744279906497), (1., 1.), (0.838744279906498, 0.838744279906498), (0.855050931302626, 0.855050931302626)))
   REPRESENTATION_ITEM ('')
   SURFACE ()
);
#8080 = ADVANCED_FACE ('', (#8068), #8079, .T.);
#8081 = ORIENTED_EDGE ('', *, *, #8063, .T.);
#8082 = ORIENTED_EDGE ('', *, *, #6818, .F.);
#8083 = ORIENTED_EDGE ('', *, *, #6789, .T.);
#8084 = ORIENTED_EDGE ('', *, *, #3948, .F.);
#8085 = CARTESIAN_POINT ('', (176.499999999994, 73.5358983848598, 3.50000000000716));
#8086 = CARTESIAN_POINT ('', (176.499999999994, 73.5358983848616, -10.8587615273963));
#8087 = B_SPLINE_CURVE_WITH_KNOTS ('', 1, (#8085, #8086), .UNSPECIFIED., .F., .U., (2, 2), (-0.274436768286031, 0.218134745485198), .UNSPECIFIED.);
#8088 = EDGE_CURVE ('', #3936, #1888, #8087, .T.);
#8089 = ORIENTED_EDGE ('', *, *, #8088, .T.);
#8090 = ORIENTED_EDGE ('', *, *, #1892, .T.);
#8091 = EDGE_LOOP ('', (#8081, #8082, #8083, #8084, #8089, #8090));
#8092 = FACE_OUTER_BOUND ('', #8091, .T.);
#8093 = CARTESIAN_POINT ('', (176.499999999994, 45.9999999999998, -10.8587615274007));
#8094 = CARTESIAN_POINT ('', (176.499999999994, 73.5358983848624, -10.8587615273978));
#8095 = CARTESIAN_POINT ('', (176.499999999994, 45.9999999999983, 3.50000000000366));
#8096 = CARTESIAN_POINT ('', (176.499999999994, 73.535898384861, 3.50000000000648));
#8097 = B_SPLINE_SURFACE_WITH_KNOTS ('', 1, 1, ((#8093, #8094), (#8095, #8096)), .UNSPECIFIED., .F., .F., .U., (2, 2), (2, 2), (-0.244230839222791, 0.410183872107445), (15.0021305368506, 16.2571062503449), .UNSPECIFIED.);
#8098 = ADVANCED_FACE ('', (#8092), #8097, .T.);
#8099 = ORIENTED_EDGE ('', *, *, #1900, .T.);
#8100 = ORIENTED_EDGE ('', *, *, #8088, .F.);
#8101 = ORIENTED_EDGE ('', *, *, #3941, .F.);
#8102 = CARTESIAN_POINT ('', (176.071428571423, 74.030770044167, -10.9020571874857));
#8103 = CARTESIAN_POINT ('', (176.071428571423, 74.0307700441653, 3.50000000000723));
#8104 = B_SPLINE_CURVE_WITH_KNOTS ('', 1, (#8102, #8103), .UNSPECIFIED., .F., .U., (2, 2), (-0.219619985614668, 0.274436768286031), .UNSPECIFIED.);
#8105 = EDGE_CURVE ('', #1895, #3885, #8104, .T.);
#8106 = ORIENTED_EDGE ('', *, *, #8105, .F.);
#8107 = EDGE_LOOP ('', (#8099, #8100, #8101, #8106));
#8108 = FACE_OUTER_BOUND ('', #8107, .T.);
#8109 = CARTESIAN_POINT ('', (176.499999999994, 73.5358983848556, 3.50000000000716));
#8110 = CARTESIAN_POINT ('', (176.499999999994, 73.5358983848572, -10.9020571874858));
#8111 = CARTESIAN_POINT ('', (176.499999999996, 73.7223107314943, 3.50000000000718));
#8112 = CARTESIAN_POINT ('', (176.499999999996, 73.7223107314959, -10.9020571874858));
#8113 = CARTESIAN_POINT ('', (176.377964473004, 73.8632252202137, 3.5000000000072));
#8114 = CARTESIAN_POINT ('', (176.377964473004, 73.8632252202154, -10.9020571874858));
#8115 = CARTESIAN_POINT ('', (176.255928946013, 74.0041397089315, 3.50000000000722));
#8116 = CARTESIAN_POINT ('', (176.255928946013, 74.0041397089331, -10.9020571874857));
#8117 = CARTESIAN_POINT ('', (176.071428571423, 74.0307700441652, 3.50000000000722));
#8118 = CARTESIAN_POINT ('', (176.071428571423, 74.0307700441668, -10.9020571874857));
#8119 = (
   BOUNDED_SURFACE ()
   B_SPLINE_SURFACE (2, 1, ((#8109, #8110), (#8111, #8112), (#8113, #8114), (#8115, #8116), (#8117, #8118)), .UNSPECIFIED., .F., .F., .U.)
   B_SPLINE_SURFACE_WITH_KNOTS ((3, 2, 3), (2, 2), (0.0437814901724877, 0.0567383255766192, 0.069695160980612), (0., 0.520212961883112), .UNSPECIFIED.)
   GEOMETRIC_REPRESENTATION_ITEM ()
   RATIONAL_B_SPLINE_SURFACE (((0.854650533810182, 0.854650533810182), (0.866229072198211, 0.866229072198211), (1., 1.), (0.866229072199642, 0.866229072199642), (0.854650533810429, 0.854650533810429)))
   REPRESENTATION_ITEM ('')
   SURFACE ()
);
#8120 = ADVANCED_FACE ('', (#8108), #8119, .T.);
#8121 = ORIENTED_EDGE ('', *, *, #3933, .F.);
#8122 = CARTESIAN_POINT ('', (176.071428571423, 79.9692299558298, 3.500000000008));
#8123 = CARTESIAN_POINT ('', (176.071428571423, 79.9692299558316, -11.4216051085588));
#8124 = B_SPLINE_CURVE_WITH_KNOTS ('', 1, (#8122, #8123), .UNSPECIFIED., .F., .U., (2, 2), (-0.274436768286033, 0.237442867168319), .UNSPECIFIED.);
#8125 = EDGE_CURVE ('', #3877, #1903, #8124, .T.);
#8126 = ORIENTED_EDGE ('', *, *, #8125, .T.);
#8127 = ORIENTED_EDGE ('', *, *, #1910, .T.);
#8128 = ORIENTED_EDGE ('', *, *, #8105, .T.);
#8129 = EDGE_LOOP ('', (#8121, #8126, #8127, #8128));
#8130 = FACE_OUTER_BOUND ('', #8129, .T.);
#8131 = CARTESIAN_POINT ('', (176.071428571423, 79.9692299558298, 3.50000000000804));
#8132 = CARTESIAN_POINT ('', (173.499999999994, 79.5980762113507, 3.50000000000803));
#8133 = CARTESIAN_POINT ('', (173.499999999994, 76.9999999999975, 3.50000000000771));
#8134 = CARTESIAN_POINT ('', (173.499999999994, 74.4019237886435, 3.50000000000739));
#8135 = CARTESIAN_POINT ('', (176.071428571424, 74.0307700441651, 3.50000000000731));
#8136 = CARTESIAN_POINT ('', (176.071428571423, 79.9692299558316, -11.4216051085589));
#8137 = CARTESIAN_POINT ('', (173.499999999994, 79.5980762113526, -11.4216051085589));
#8138 = CARTESIAN_POINT ('', (173.499999999994, 76.9999999999993, -11.4216051085592));
#8139 = CARTESIAN_POINT ('', (173.499999999994, 74.4019237886453, -11.4216051085595));
#8140 = CARTESIAN_POINT ('', (176.071428571424, 74.0307700441669, -11.4216051085596));
#8141 = (
   BOUNDED_SURFACE ()
   B_SPLINE_SURFACE (1, 2, ((#8131, #8132, #8133, #8134, #8135), (#8136, #8137, #8138, #8139, #8140)), .UNSPECIFIED., .F., .F., .U.)
   B_SPLINE_SURFACE_WITH_KNOTS ((2, 2), (3, 2, 3), (0., 0.538979417212619), (0.357213758594549, 0.510644930189574, 0.664076101784631), .UNSPECIFIED.)
   GEOMETRIC_REPRESENTATION_ITEM ()
   RATIONAL_B_SPLINE_SURFACE (((0.947934768606332, 0.735987099501197, 1., 0.735987099501143, 0.947934768606419), (0.947934768606332, 0.735987099501197, 1., 0.735987099501143, 0.947934768606419)))
   REPRESENTATION_ITEM ('')
   SURFACE ()
);
#8142 = ADVANCED_FACE ('', (#8130), #8141, .T.);
#8143 = ORIENTED_EDGE ('', *, *, #1918, .T.);
#8144 = ORIENTED_EDGE ('', *, *, #8125, .F.);
#8145 = ORIENTED_EDGE ('', *, *, #3882, .F.);
#8146 = CARTESIAN_POINT ('', (176.499999999994, 80.464101615137, -11.4649007686483));
#8147 = CARTESIAN_POINT ('', (176.499999999994, 80.4641016151352, 3.50000000000808));
#8148 = B_SPLINE_CURVE_WITH_KNOTS ('', 1, (#8146, #8147), .UNSPECIFIED., .F., .U., (2, 2), (-0.23892810729779, 0.274436768286033), .UNSPECIFIED.);
#8149 = EDGE_CURVE ('', #1913, #3870, #8148, .T.);
#8150 = ORIENTED_EDGE ('', *, *, #8149, .F.);
#8151 = EDGE_LOOP ('', (#8143, #8144, #8145, #8150));
#8152 = FACE_OUTER_BOUND ('', #8151, .T.);
#8153 = CARTESIAN_POINT ('', (176.071428571423, 79.9692299558299, 3.50000000000801));
#8154 = CARTESIAN_POINT ('', (176.071428571423, 79.9692299558318, -11.4649007686483));
#8155 = CARTESIAN_POINT ('', (176.255928946013, 79.9958602910637, 3.50000000000801));
#8156 = CARTESIAN_POINT ('', (176.255928946012, 79.9958602910656, -11.4649007686483));
#8157 = CARTESIAN_POINT ('', (176.377964473004, 80.1367747797813, 3.50000000000803));
#8158 = CARTESIAN_POINT ('', (176.377964473003, 80.1367747797832, -11.4649007686483));
#8159 = CARTESIAN_POINT ('', (176.499999999994, 80.2776892684989, 3.50000000000804));
#8160 = CARTESIAN_POINT ('', (176.499999999994, 80.2776892685009, -11.4649007686483));
#8161 = CARTESIAN_POINT ('', (176.499999999994, 80.4641016151352, 3.50000000000807));
#8162 = CARTESIAN_POINT ('', (176.499999999994, 80.4641016151372, -11.4649007686483));
#8163 = (
   BOUNDED_SURFACE ()
   B_SPLINE_SURFACE (2, 1, ((#8153, #8154), (#8155, #8156), (#8157, #8158), (#8159, #8160), (#8161, #8162)), .UNSPECIFIED., .F., .F., .U.)
   B_SPLINE_SURFACE_WITH_KNOTS ((3, 2, 3), (2, 2), (0.043781490172629, 0.056738325576617, 0.069695160980604), (0., 0.540543288490076), .UNSPECIFIED.)
   GEOMETRIC_REPRESENTATION_ITEM ()
   RATIONAL_B_SPLINE_SURFACE (((0.854650533810437, 0.854650533810437), (0.866229072199687, 0.866229072199687), (1., 1.), (0.866229072199696, 0.866229072199696), (0.854650533810439, 0.854650533810439)))
   REPRESENTATION_ITEM ('')
   SURFACE ()
);
#8164 = ADVANCED_FACE ('', (#8152), #8163, .T.);
#8165 = CARTESIAN_POINT ('', (34.1076951545864, 24.3176248247407, -6.05081063380227));
#8166 = VERTEX_POINT ('', #8165);
#8167 = CARTESIAN_POINT ('', (34.1076951545864, 24.3176248247411, -6.05081063380231));
#8168 = CARTESIAN_POINT ('', (34.6076951545845, 24.2740469533675, -6.54890798284632));
#8169 = B_SPLINE_CURVE_WITH_KNOTS ('', 1, (#8167, #8168), .UNSPECIFIED., .F., .U., (2, 2), (0., 0.249999999999066), .UNSPECIFIED.);
#8170 = EDGE_CURVE ('', #8166, #1216, #8169, .T.);
#8171 = ORIENTED_EDGE ('', *, *, #8170, .T.);
#8172 = ORIENTED_EDGE ('', *, *, #1345, .F.);
#8173 = CARTESIAN_POINT ('', (24.1076951545869, 24.3176248247414, -6.0508106338024));
#8174 = VERTEX_POINT ('', #8173);
#8175 = CARTESIAN_POINT ('', (24.1076951545866, 24.3176248247411, -6.05081063380231));
#8176 = CARTESIAN_POINT ('', (23.6076951545891, 24.2740469533676, -6.54890798284564));
#8177 = B_SPLINE_CURVE_WITH_KNOTS ('', 1, (#8175, #8176), .UNSPECIFIED., .F., .U., (2, 2), (0., 0.249999999998725), .UNSPECIFIED.);
#8178 = EDGE_CURVE ('', #8174, #1218, #8177, .T.);
#8179 = ORIENTED_EDGE ('', *, *, #8178, .F.);
#8180 = CARTESIAN_POINT ('', (34.1076951545864, 24.3176248247407, -6.05081063380227));
#8181 = CARTESIAN_POINT ('', (34.1076951545861, 19.336651334282, -5.61503192006458));
#8182 = CARTESIAN_POINT ('', (29.1076951545861, 19.3366513342823, -5.61503192006462));
#8183 = CARTESIAN_POINT ('', (24.1076951545862, 19.3366513342827, -5.61503192006465));
#8184 = CARTESIAN_POINT ('', (24.1076951545865, 24.3176248247414, -6.05081063380234));
#8185 = (
   BOUNDED_CURVE ()
   B_SPLINE_CURVE (2, (#8180, #8181, #8182, #8183, #8184), .UNSPECIFIED., .F., .U.)
   B_SPLINE_CURVE_WITH_KNOTS ((3, 2, 3), (3.14159265358982, 4.71238898038471, 6.28318530717961), .UNSPECIFIED.)
   CURVE ()
   GEOMETRIC_REPRESENTATION_ITEM ()
   RATIONAL_B_SPLINE_CURVE ((1., 0.707106781186551, 1., 0.707106781186544, 1.))
   REPRESENTATION_ITEM ('')
);
#8186 = EDGE_CURVE ('', #8166, #8174, #8185, .T.);
#8187 = ORIENTED_EDGE ('', *, *, #8186, .F.);
#8188 = EDGE_LOOP ('', (#8171, #8172, #8179, #8187));
#8189 = FACE_OUTER_BOUND ('', #8188, .T.);
#8190 = CARTESIAN_POINT ('', (34.1076951545864, 24.3176248247411, -6.05081063380231));
#8191 = CARTESIAN_POINT ('', (34.1076951545864, 24.2191301930877, -6.0421934701145));
#8192 = CARTESIAN_POINT ('', (34.1033524898908, 24.0713882456078, -6.02926772458277));
#8193 = CARTESIAN_POINT ('', (34.0882675381765, 23.8702444258434, -6.01166992061512));
#8194 = CARTESIAN_POINT ('', (34.0667998622566, 23.667643211912, -5.99394461117955));
#8195 = CARTESIAN_POINT ('', (34.0276597645414, 23.4116754045936, -5.97155032981163));
#8196 = CARTESIAN_POINT ('', (33.9600650400505, 23.1020917148492, -5.94446526654651));
#8197 = CARTESIAN_POINT ('', (33.8711136774652, 22.7920005895764, -5.91733580842518));
#8198 = CARTESIAN_POINT ('', (33.7603144152706, 22.4835174017542, -5.89034702660244));
#8199 = CARTESIAN_POINT ('', (33.6274486208439, 22.1788588100184, -5.86369285357981));
#8200 = CARTESIAN_POINT ('', (33.4725958440293, 21.8803164253978, -5.83757377934356));
#8201 = CARTESIAN_POINT ('', (33.2961515036391, 21.5902026812447, -5.81219211559713));
#8202 = CARTESIAN_POINT ('', (33.0988344054925, 21.3107981460788, -5.78774738623242));
#8203 = CARTESIAN_POINT ('', (32.8816831278492, 21.0442953381437, -5.7644314117403));
#8204 = CARTESIAN_POINT ('', (32.6460407518043, 20.7927437007764, -5.74242349517931));
#8205 = CARTESIAN_POINT ('', (32.3935282280486, 20.5579980151147, -5.72188590887232));
#8206 = CARTESIAN_POINT ('', (32.1260074226822, 20.3416730636426, -5.70295992798074));
#8207 = CARTESIAN_POINT ('', (31.8455356075831, 20.1451068166261, -5.68576260973498));
#8208 = CARTESIAN_POINT ('', (31.5543136760582, 19.9693339002212, -5.67038447219468));
#8209 = CARTESIAN_POINT ('', (31.2546309080286, 19.8150703849735, -5.65688816341488));
#8210 = CARTESIAN_POINT ('', (30.9488085699662, 19.6827101850079, -5.64530814641588));
#8211 = CARTESIAN_POINT ('', (30.6391470264817, 19.5723325474572, -5.63565135442343));
#8212 = CARTESIAN_POINT ('', (30.3278714034866, 19.4837196716618, -5.62789873234891));
#8213 = CARTESIAN_POINT ('', (30.0171051543414, 19.4163821655049, -5.62200746393008));
#8214 = CARTESIAN_POINT ('', (29.7601595915827, 19.3773910076783, -5.61859617964251));
#8215 = CARTESIAN_POINT ('', (29.556784473928, 19.3560050227465, -5.61672514840264));
#8216 = CARTESIAN_POINT ('', (29.3548723174493, 19.3409774738277, -5.61541040823167));
#8217 = CARTESIAN_POINT ('', (29.1076951545865, 19.3337672412521, -5.61477959461992));
#8218 = CARTESIAN_POINT ('', (28.8605179917237, 19.3409774738277, -5.61541040823167));
#8219 = CARTESIAN_POINT ('', (28.658605835245, 19.3560050227465, -5.61672514840264));
#8220 = CARTESIAN_POINT ('', (28.4552307175903, 19.3773910076782, -5.6185961796425));
#8221 = CARTESIAN_POINT ('', (28.1982851548316, 19.4163821655049, -5.62200746393008));
#8222 = CARTESIAN_POINT ('', (27.8875189056863, 19.4837196716618, -5.62789873234891));
#8223 = CARTESIAN_POINT ('', (27.5762432826913, 19.5723325474572, -5.63565135442343));
#8224 = CARTESIAN_POINT ('', (27.2665817392068, 19.682710185008, -5.64530814641588));
#8225 = CARTESIAN_POINT ('', (26.9607594011443, 19.8150703849736, -5.65688816341488));
#8226 = CARTESIAN_POINT ('', (26.6610766331147, 19.969333900221, -5.67038447219467));
#8227 = CARTESIAN_POINT ('', (26.3698547015899, 20.1451068166267, -5.68576260973504));
#8228 = CARTESIAN_POINT ('', (26.0893828864905, 20.3416730636401, -5.70295992798052));
#8229 = CARTESIAN_POINT ('', (25.8218620811252, 20.5579980151238, -5.72188590887312));
#8230 = CARTESIAN_POINT ('', (25.569349557366, 20.7927437007423, -5.74242349517633));
#8231 = CARTESIAN_POINT ('', (25.3337071813337, 21.0442953382705, -5.76443141175139));
#8232 = CARTESIAN_POINT ('', (25.1165559036434, 21.3107981456054, -5.787747386191));
#8233 = CARTESIAN_POINT ('', (24.9192388056721, 21.5902026830113, -5.81219211575169));
#8234 = CARTESIAN_POINT ('', (24.7427944646279, 21.8803164188049, -5.83757377876675));
#8235 = CARTESIAN_POINT ('', (24.587941690254, 22.1788588346234, -5.86369285573248));
#8236 = CARTESIAN_POINT ('', (24.455075886718, 22.4835173099269, -5.89034701856859));
#8237 = CARTESIAN_POINT ('', (24.34427665852, 22.7920009322805, -5.9173358384079));
#8238 = CARTESIAN_POINT ('', (24.2553251690577, 23.1020904358599, -5.94446515464945));
#8239 = CARTESIAN_POINT ('', (24.1877309180785, 23.4116801778465, -5.97155074741715));
#8240 = CARTESIAN_POINT ('', (24.1251044055076, 23.8211985531889, -6.00737896276512));
#8241 = CARTESIAN_POINT ('', (24.1076802713434, 24.1219785651271, -6.03369380402486));
#8242 = CARTESIAN_POINT ('', (24.1076951545866, 24.3176248247411, -6.05081063380231));
#8243 = CARTESIAN_POINT ('', (34.6076951545845, 24.2740469533675, -6.54890798284632));
#8244 = CARTESIAN_POINT ('', (34.6076951545845, 24.1657028585488, -6.53942910278973));
#8245 = CARTESIAN_POINT ('', (34.6029182234194, 24.003186716321, -6.52521078270484));
#8246 = CARTESIAN_POINT ('', (34.5863247765336, 23.7819285145802, -6.50585319834042));
#8247 = CARTESIAN_POINT ('', (34.5627103330218, 23.5590671792557, -6.4863553579613));
#8248 = CARTESIAN_POINT ('', (34.519656225535, 23.2775025912056, -6.46172164845661));
#8249 = CARTESIAN_POINT ('', (34.4453020285951, 22.9369605324869, -6.43192807886498));
#8250 = CARTESIAN_POINT ('', (34.3474555297513, 22.5958602946869, -6.40208567493153));
#8251 = CARTESIAN_POINT ('', (34.2255763413373, 22.2565287880826, -6.37239801492652));
#8252 = CARTESIAN_POINT ('', (34.0794239674679, 21.9214043371733, -6.34307842460164));
#8253 = CARTESIAN_POINT ('', (33.9090859129719, 21.5930077140908, -6.31434744294177));
#8254 = CARTESIAN_POINT ('', (33.7149971385428, 21.2738825955225, -6.28642761282071));
#8255 = CARTESIAN_POINT ('', (33.4979483305816, 20.96653760684, -6.25953841051953));
#8256 = CARTESIAN_POINT ('', (33.2590819251741, 20.6733845181116, -6.23389083857822));
#8257 = CARTESIAN_POINT ('', (32.9998753115248, 20.3966777170076, -6.20968213036113));
#8258 = CARTESIAN_POINT ('', (32.7221115353935, 20.1384574627799, -6.18709078542345));
#8259 = CARTESIAN_POINT ('', (32.4278386494907, 19.9005000161606, -6.16627220644272));
#8260 = CARTESIAN_POINT ('', (32.1193196528818, 19.6842771444425, -6.1473551563724));
#8261 = CARTESIAN_POINT ('', (31.7989755282045, 19.4909269363972, -6.13043920507807));
#8262 = CARTESIAN_POINT ('', (31.469324483372, 19.3212370696248, -6.11559326542029));
#8263 = CARTESIAN_POINT ('', (31.1329199115034, 19.1756408496628, -6.1028552467214));
#8264 = CARTESIAN_POINT ('', (30.7922922136706, 19.054225448357, -6.0922327755297));
#8265 = CARTESIAN_POINT ('', (30.4498890283762, 18.956751284982, -6.08370489124773));
#8266 = CARTESIAN_POINT ('', (30.1080461543165, 18.8826800282095, -6.07722449598703));
#8267 = CARTESIAN_POINT ('', (29.8254060352821, 18.8397897546002, -6.0734720832707));
#8268 = CARTESIAN_POINT ('', (29.601693405862, 18.8162651711753, -6.07141394890685));
#8269 = CARTESIAN_POINT ('', (29.3795900337355, 18.7997348673647, -6.06996773471878));
#8270 = CARTESIAN_POINT ('', (29.1076951545865, 18.7918036115315, -6.06927383974586));
#8271 = CARTESIAN_POINT ('', (28.8358002754375, 18.7997348673647, -6.06996773471878));
#8272 = CARTESIAN_POINT ('', (28.613696903311, 18.8162651711753, -6.07141394890685));
#8273 = CARTESIAN_POINT ('', (28.3899842738909, 18.8397897546002, -6.07347208327069));
#8274 = CARTESIAN_POINT ('', (28.1073441548565, 18.8826800282095, -6.07722449598703));
#8275 = CARTESIAN_POINT ('', (27.7655012807967, 18.956751284982, -6.08370489124774));
#8276 = CARTESIAN_POINT ('', (27.4230980955024, 19.054225448357, -6.09223277552971));
#8277 = CARTESIAN_POINT ('', (27.0824703976695, 19.1756408496628, -6.1028552467214));
#8278 = CARTESIAN_POINT ('', (26.7460658258009, 19.3212370696249, -6.1155932654203));
#8279 = CARTESIAN_POINT ('', (26.4164147809684, 19.490926936397, -6.13043920507805));
#8280 = CARTESIAN_POINT ('', (26.0960706562913, 19.6842771444433, -6.14735515637246));
#8281 = CARTESIAN_POINT ('', (25.787551659682, 19.9005000161579, -6.16627220644249));
#8282 = CARTESIAN_POINT ('', (25.4932787737802, 20.1384574627898, -6.18709078542433));
#8283 = CARTESIAN_POINT ('', (25.2155149976452, 20.3966777169702, -6.20968213035786));
#8284 = CARTESIAN_POINT ('', (24.9563083840098, 20.6733845182511, -6.23389083859042));
#8285 = CARTESIAN_POINT ('', (24.7174419785505, 20.9665376063194, -6.25953841047398));
#8286 = CARTESIAN_POINT ('', (24.5003931707822, 21.2738825974657, -6.28642761299072));
#8287 = CARTESIAN_POINT ('', (24.3063043956336, 21.5930077068386, -6.31434744230728));
#8288 = CARTESIAN_POINT ('', (24.1359663438225, 21.9214043642388, -6.34307842696957));
#8289 = CARTESIAN_POINT ('', (23.9898139599329, 22.2565286870726, -6.37239800608929));
#8290 = CARTESIAN_POINT ('', (23.8679348089151, 22.5958606716614, -6.40208570791252));
#8291 = CARTESIAN_POINT ('', (23.7700881705066, 22.9369591255987, -6.43192795577821));
#8292 = CARTESIAN_POINT ('', (23.6957344944295, 23.2775078417838, -6.46172210782268));
#8293 = CARTESIAN_POINT ('', (23.6268453306015, 23.7279780546603, -6.50113314470543));
#8294 = CARTESIAN_POINT ('', (23.607678783021, 24.0588360677922, -6.53007947009113));
#8295 = CARTESIAN_POINT ('', (23.6076951545884, 24.2740469533675, -6.54890798284632));
#8296 = B_SPLINE_SURFACE_WITH_KNOTS ('', 1, 3, ((#8190, #8191, #8192, #8193, #8194, #8195, #8196, #8197, #8198, #8199, #8200, #8201, #8202, #8203, #8204, #8205, #8206, #8207, #8208, #8209, #8210, #8211, #8212, #8213, #8214, #8215, #8216, #8217, #8218, #8219, #8220, #8221, #8222, #8223, #8224, #8225, #8226, #8227, #8228, #8229, #8230, #8231, #8232, #8233, #8234, #8235, #8236, #8237, #8238, #8239, #8240, #8241, #8242), (#8243, #8244, #8245, #8246, #8247, #8248, #8249, #8250, #8251, #8252, #8253, #8254, #8255, #8256, #8257, #8258, #8259, #8260, #8261, #8262, #8263, #8264, #8265, #8266, #8267, #8268, #8269, #8270, #8271, #8272, #8273, #8274, #8275, #8276, #8277, #8278, #8279, #8280, #8281, #8282, #8283, #8284, #8285, #8286, #8287, #8288, #8289, #8290, #8291, #8292, #8293, #8294, #8295)), .UNSPECIFIED., .F., .F., .U., (2, 2), (4, 1, 1, 1, 1, 1, 1, 1, 1, 1, 1, 1, 1, 1, 1, 1, 1, 1, 1, 1, 1, 1, 1, 1, 1, 1, 1, 1, 1, 1, 1, 1, 1, 1, 1, 1, 1, 1, 1, 1, 1, 1, 1, 1, 1, 1, 1, 1, 1, 1, 4), (0., 0.249999999999066), (0.5, 0.510416666666668, 0.515625, 0.520833333333332, 0.53125, 0.541666666666666, 0.552083333333333, 0.5625, 0.572916666666667, 0.583333333333333, 0.59375, 0.604166666666666, 0.614583333333333, 0.625, 0.635416666666666, 0.645833333333334, 0.656249999999999, 0.666666666666667, 0.677083333333333, 0.687499999999999, 0.697916666666667, 0.708333333333334, 0.718750000000001, 0.729166666666666, 0.734375, 0.739583333333334, 0.75, 0.760416666666668, 0.765625000000001, 0.770833333333332, 0.78125, 0.791666666666666, 0.802083333333333, 0.8125, 0.822916666666667, 0.833333333333333, 0.84375, 0.854166666666666, 0.864583333333333, 0.875, 0.885416666666666, 0.895833333333333, 0.90625, 0.916666666666667, 0.927083333333333, 0.9375, 0.947916666666667, 0.958333333333333, 0.96875, 0.979166666666667, 1.), .UNSPECIFIED.);
#8297 = ADVANCED_FACE ('', (#8189), #8296, .T.);
#8298 = ORIENTED_EDGE ('', *, *, #8186, .T.);
#8299 = CARTESIAN_POINT ('', (24.1076951545865, 24.3176248247414, -6.05081063380234));
#8300 = CARTESIAN_POINT ('', (24.1076951545868, 29.2985983152001, -6.48658934754003));
#8301 = CARTESIAN_POINT ('', (29.1076951545868, 29.2985983151998, -6.48658934754));
#8302 = CARTESIAN_POINT ('', (34.1076951545868, 29.2985983151995, -6.48658934753997));
#8303 = CARTESIAN_POINT ('', (34.1076951545864, 24.3176248247407, -6.05081063380227));
#8304 = (
   BOUNDED_CURVE ()
   B_SPLINE_CURVE (2, (#8299, #8300, #8301, #8302, #8303), .UNSPECIFIED., .F., .U.)
   B_SPLINE_CURVE_WITH_KNOTS ((3, 2, 3), (2.34449309003637E-14, 1.57079632679492, 3.14159265358982), .UNSPECIFIED.)
   CURVE ()
   GEOMETRIC_REPRESENTATION_ITEM ()
   RATIONAL_B_SPLINE_CURVE ((1., 0.707106781186548, 1., 0.707106781186551, 1.))
   REPRESENTATION_ITEM ('')
);
#8305 = EDGE_CURVE ('', #8174, #8166, #8304, .T.);
#8306 = ORIENTED_EDGE ('', *, *, #8305, .T.);
#8307 = EDGE_LOOP ('', (#8298, #8306));
#8308 = FACE_OUTER_BOUND ('', #8307, .T.);
#8309 = CARTESIAN_POINT ('', (24.1076951545862, 19.336651334282, -5.61503192006459));
#8310 = CARTESIAN_POINT ('', (34.1076951545868, 19.336651334282, -5.61503192006459));
#8311 = CARTESIAN_POINT ('', (24.1076951545862, 29.2985983152001, -6.48658934754003));
#8312 = CARTESIAN_POINT ('', (34.1076951545868, 29.2985983152001, -6.48658934754003));
#8313 = B_SPLINE_SURFACE_WITH_KNOTS ('', 1, 1, ((#8309, #8310), (#8311, #8312)), .UNSPECIFIED., .F., .F., .U., (2, 2), (2, 2), (0.31061016599548, 0.647327680846241), (0.325600644069797, 0.662318158920559), .UNSPECIFIED.);
#8314 = ADVANCED_FACE ('', (#8308), #8313, .T.);
#8315 = CARTESIAN_POINT ('', (173.999999999998, 126.628799963372, -15.0018786104356));
#8316 = VERTEX_POINT ('', #8315);
#8317 = CARTESIAN_POINT ('', (173.999999999998, 126.628799963374, -15.0018786104357));
#8318 = CARTESIAN_POINT ('', (174.500000000063, 126.585222091995, -15.4999759595463));
#8319 = B_SPLINE_CURVE_WITH_KNOTS ('', 1, (#8317, #8318), .UNSPECIFIED., .F., .U., (2, 2), (0., 0.250000000032463), .UNSPECIFIED.);
#8320 = EDGE_CURVE ('', #8316, #1082, #8319, .T.);
#8321 = ORIENTED_EDGE ('', *, *, #8320, .T.);
#8322 = ORIENTED_EDGE ('', *, *, #1211, .F.);
#8323 = CARTESIAN_POINT ('', (164., 126.628799963376, -15.0018786104359));
#8324 = VERTEX_POINT ('', #8323);
#8325 = CARTESIAN_POINT ('', (163.999999999998, 126.628799963374, -15.0018786104357));
#8326 = CARTESIAN_POINT ('', (163.5, 126.585222092, -15.499975959479));
#8327 = B_SPLINE_CURVE_WITH_KNOTS ('', 1, (#8325, #8326), .UNSPECIFIED., .F., .U., (2, 2), (0., 0.249999999998725), .UNSPECIFIED.);
#8328 = EDGE_CURVE ('', #8324, #1084, #8327, .T.);
#8329 = ORIENTED_EDGE ('', *, *, #8328, .F.);
#8330 = CARTESIAN_POINT ('', (173.999999999998, 126.628799963372, -15.0018786104356));
#8331 = CARTESIAN_POINT ('', (173.999999999996, 121.647826472914, -14.5660998966979));
#8332 = CARTESIAN_POINT ('', (168.999999999996, 121.647826472915, -14.566099896698));
#8333 = CARTESIAN_POINT ('', (163.999999999996, 121.647826472917, -14.5660998966982));
#8334 = CARTESIAN_POINT ('', (163.999999999998, 126.628799963376, -15.0018786104359));
#8335 = (
   BOUNDED_CURVE ()
   B_SPLINE_CURVE (2, (#8330, #8331, #8332, #8333, #8334), .UNSPECIFIED., .F., .U.)
   B_SPLINE_CURVE_WITH_KNOTS ((3, 2, 3), (3.14159265358992, 4.71238898038482, 6.28318530717972), .UNSPECIFIED.)
   CURVE ()
   GEOMETRIC_REPRESENTATION_ITEM ()
   RATIONAL_B_SPLINE_CURVE ((1., 0.70710678118655, 1., 0.707106781186547, 1.))
   REPRESENTATION_ITEM ('')
);
#8336 = EDGE_CURVE ('', #8316, #8324, #8335, .T.);
#8337 = ORIENTED_EDGE ('', *, *, #8336, .F.);
#8338 = EDGE_LOOP ('', (#8321, #8322, #8329, #8337));
#8339 = FACE_OUTER_BOUND ('', #8338, .T.);
#8340 = CARTESIAN_POINT ('', (173.999999999998, 126.628799963374, -15.0018786104357));
#8341 = CARTESIAN_POINT ('', (173.999999999998, 126.530305331721, -14.9932614467479));
#8342 = CARTESIAN_POINT ('', (173.995657335302, 126.382563384241, -14.9803357012162));
#8343 = CARTESIAN_POINT ('', (173.980572383588, 126.181419564476, -14.9627378972485));
#8344 = CARTESIAN_POINT ('', (173.959104707668, 125.978818350545, -14.9450125878129));
#8345 = CARTESIAN_POINT ('', (173.919964609953, 125.722850543227, -14.922618306445));
#8346 = CARTESIAN_POINT ('', (173.852369885462, 125.413266853482, -14.8955332431799));
#8347 = CARTESIAN_POINT ('', (173.763418522877, 125.103175728209, -14.8684037850586));
#8348 = CARTESIAN_POINT ('', (173.652619260682, 124.794692540387, -14.8414150032358));
#8349 = CARTESIAN_POINT ('', (173.519753466255, 124.490033948651, -14.8147608302132));
#8350 = CARTESIAN_POINT ('', (173.364900689441, 124.191491564031, -14.788641755977));
#8351 = CARTESIAN_POINT ('', (173.18845634905, 123.901377819878, -14.7632600922305));
#8352 = CARTESIAN_POINT ('', (172.991139250904, 123.621973284712, -14.7388153628658));
#8353 = CARTESIAN_POINT ('', (172.773987973261, 123.355470476777, -14.7154993883737));
#8354 = CARTESIAN_POINT ('', (172.538345597216, 123.103918839409, -14.6934914718127));
#8355 = CARTESIAN_POINT ('', (172.28583307346, 122.869173153748, -14.6729538855057));
#8356 = CARTESIAN_POINT ('', (172.018312268094, 122.652848202275, -14.6540279046141));
#8357 = CARTESIAN_POINT ('', (171.737840452995, 122.456281955259, -14.6368305863684));
#8358 = CARTESIAN_POINT ('', (171.44661852147, 122.280509038854, -14.6214524488281));
#8359 = CARTESIAN_POINT ('', (171.14693575344, 122.126245523606, -14.6079561400483));
#8360 = CARTESIAN_POINT ('', (170.841113415377, 121.993885323641, -14.5963761230493));
#8361 = CARTESIAN_POINT ('', (170.531451871893, 121.88350768609, -14.5867193310568));
#8362 = CARTESIAN_POINT ('', (170.220176248898, 121.794894810295, -14.5789667089823));
#8363 = CARTESIAN_POINT ('', (169.909409999753, 121.727557304138, -14.5730754405635));
#8364 = CARTESIAN_POINT ('', (169.652464436994, 121.688566146311, -14.5696641562759));
#8365 = CARTESIAN_POINT ('', (169.449089319339, 121.667180161379, -14.567793125036));
#8366 = CARTESIAN_POINT ('', (169.247177162861, 121.652152612461, -14.5664783848651));
#8367 = CARTESIAN_POINT ('', (168.999999999998, 121.644942379885, -14.5658475712533));
#8368 = CARTESIAN_POINT ('', (168.752822837135, 121.652152612461, -14.5664783848651));
#8369 = CARTESIAN_POINT ('', (168.550910680656, 121.667180161379, -14.567793125036));
#8370 = CARTESIAN_POINT ('', (168.347535563002, 121.688566146311, -14.5696641562759));
#8371 = CARTESIAN_POINT ('', (168.090590000243, 121.727557304138, -14.5730754405635));
#8372 = CARTESIAN_POINT ('', (167.779823751098, 121.794894810295, -14.5789667089823));
#8373 = CARTESIAN_POINT ('', (167.468548128103, 121.88350768609, -14.5867193310568));
#8374 = CARTESIAN_POINT ('', (167.158886584618, 121.993885323641, -14.5963761230493));
#8375 = CARTESIAN_POINT ('', (166.853064246556, 122.126245523606, -14.6079561400483));
#8376 = CARTESIAN_POINT ('', (166.553381478526, 122.280509038854, -14.6214524488281));
#8377 = CARTESIAN_POINT ('', (166.262159547001, 122.45628195526, -14.6368305863684));
#8378 = CARTESIAN_POINT ('', (165.981687731902, 122.652848202273, -14.6540279046139));
#8379 = CARTESIAN_POINT ('', (165.714166926537, 122.869173153757, -14.6729538855065));
#8380 = CARTESIAN_POINT ('', (165.461654402777, 123.103918839375, -14.6934914718097));
#8381 = CARTESIAN_POINT ('', (165.226012026745, 123.355470476903, -14.7154993883848));
#8382 = CARTESIAN_POINT ('', (165.008860749055, 123.621973284238, -14.7388153628244));
#8383 = CARTESIAN_POINT ('', (164.811543651083, 123.901377821644, -14.7632600923851));
#8384 = CARTESIAN_POINT ('', (164.635099310039, 124.191491557438, -14.7886417554001));
#8385 = CARTESIAN_POINT ('', (164.480246535665, 124.490033973256, -14.8147608323659));
#8386 = CARTESIAN_POINT ('', (164.347380732129, 124.79469244856, -14.841414995202));
#8387 = CARTESIAN_POINT ('', (164.236581503931, 125.103176070913, -14.8684038150413));
#8388 = CARTESIAN_POINT ('', (164.147630014469, 125.413265574493, -14.8955331312828));
#8389 = CARTESIAN_POINT ('', (164.08003576349, 125.722855316479, -14.9226187240505));
#8390 = CARTESIAN_POINT ('', (164.017409250919, 126.132373691822, -14.9584469393985));
#8391 = CARTESIAN_POINT ('', (163.999985116755, 126.43315370376, -14.9847617806583));
#8392 = CARTESIAN_POINT ('', (163.999999999998, 126.628799963374, -15.0018786104357));
#8393 = CARTESIAN_POINT ('', (174.500000000063, 126.585222091995, -15.4999759595463));
#8394 = CARTESIAN_POINT ('', (174.500000000063, 126.476877997175, -15.4904970794895));
#8395 = CARTESIAN_POINT ('', (174.495223068897, 126.314361854945, -15.4762787594045));
#8396 = CARTESIAN_POINT ('', (174.478629622012, 126.093103653201, -15.4569211750398));
#8397 = CARTESIAN_POINT ('', (174.455015178499, 125.870242317874, -15.4374233346605));
#8398 = CARTESIAN_POINT ('', (174.411961071012, 125.588677729821, -15.4127896251555));
#8399 = CARTESIAN_POINT ('', (174.337606874071, 125.248135671098, -15.3829960555635));
#8400 = CARTESIAN_POINT ('', (174.239760375226, 124.907035433294, -15.3531536516297));
#8401 = CARTESIAN_POINT ('', (174.117881186811, 124.567703926685, -15.3234659916243));
#8402 = CARTESIAN_POINT ('', (173.97172881294, 124.232579475772, -15.2941464012991));
#8403 = CARTESIAN_POINT ('', (173.801390758442, 123.904182852685, -15.2654154196389));
#8404 = CARTESIAN_POINT ('', (173.60730198401, 123.585057734113, -15.2374955895175));
#8405 = CARTESIAN_POINT ('', (173.390253176046, 123.277712745427, -15.210606387216));
#8406 = CARTESIAN_POINT ('', (173.151386770636, 122.984559656695, -15.1849588152743));
#8407 = CARTESIAN_POINT ('', (172.892180156983, 122.707852855588, -15.1607501070569));
#8408 = CARTESIAN_POINT ('', (172.614416380849, 122.449632601357, -15.138158762119));
#8409 = CARTESIAN_POINT ('', (172.320143494942, 122.211675154735, -15.117340183138));
#8410 = CARTESIAN_POINT ('', (172.01162449833, 121.995452283014, -15.0984231330675));
#8411 = CARTESIAN_POINT ('', (171.691280373649, 121.802102074966, -15.0815071817729));
#8412 = CARTESIAN_POINT ('', (171.361629328812, 121.632412208192, -15.066661242115));
#8413 = CARTESIAN_POINT ('', (171.025224756939, 121.486815988228, -15.0539232234159));
#8414 = CARTESIAN_POINT ('', (170.684597059102, 121.365400586921, -15.0433007522241));
#8415 = CARTESIAN_POINT ('', (170.342193873804, 121.267926423544, -15.034772867942));
#8416 = CARTESIAN_POINT ('', (170.00035099974, 121.193855166771, -15.0282924726812));
#8417 = CARTESIAN_POINT ('', (169.717710880702, 121.150964893161, -15.0245400599649));
#8418 = CARTESIAN_POINT ('', (169.493998251279, 121.127440309736, -15.022481925601));
#8419 = CARTESIAN_POINT ('', (169.27189487915, 121.110910005925, -15.0210357114129));
#8420 = CARTESIAN_POINT ('', (168.999999999998, 121.102978750092, -15.02034181644));
#8421 = CARTESIAN_POINT ('', (168.728105120846, 121.110910005925, -15.0210357114129));
#8422 = CARTESIAN_POINT ('', (168.506001748716, 121.127440309736, -15.022481925601));
#8423 = CARTESIAN_POINT ('', (168.282289119294, 121.150964893161, -15.0245400599649));
#8424 = CARTESIAN_POINT ('', (167.999649000256, 121.193855166771, -15.0282924726812));
#8425 = CARTESIAN_POINT ('', (167.657806126192, 121.267926423545, -15.034772867942));
#8426 = CARTESIAN_POINT ('', (167.315402940893, 121.365400586921, -15.0433007522241));
#8427 = CARTESIAN_POINT ('', (166.974775243056, 121.486815988228, -15.0539232234159));
#8428 = CARTESIAN_POINT ('', (166.638370671184, 121.632412208192, -15.066661242115));
#8429 = CARTESIAN_POINT ('', (166.308719626347, 121.802102074966, -15.0815071817729));
#8430 = CARTESIAN_POINT ('', (165.988375501666, 121.995452283015, -15.0984231330675));
#8431 = CARTESIAN_POINT ('', (165.679856505053, 122.211675154732, -15.1173401831378));
#8432 = CARTESIAN_POINT ('', (165.385583619148, 122.449632601367, -15.1381587621199));
#8433 = CARTESIAN_POINT ('', (165.107819843009, 122.70785285555, -15.1607501070537));
#8434 = CARTESIAN_POINT ('', (164.848613229371, 122.984559656834, -15.1849588152865));
#8435 = CARTESIAN_POINT ('', (164.609746823909, 123.277712744906, -15.2106063871704));
#8436 = CARTESIAN_POINT ('', (164.392698016138, 123.585057736056, -15.2374955896875));
#8437 = CARTESIAN_POINT ('', (164.198609240987, 123.904182845433, -15.2654154190044));
#8438 = CARTESIAN_POINT ('', (164.028271189173, 124.232579502837, -15.294146403667));
#8439 = CARTESIAN_POINT ('', (163.882118805282, 124.567703825675, -15.3234659827871));
#8440 = CARTESIAN_POINT ('', (163.760239654263, 124.907035810268, -15.3531536846107));
#8441 = CARTESIAN_POINT ('', (163.662393015853, 125.24813426421, -15.3829959324767));
#8442 = CARTESIAN_POINT ('', (163.588039339775, 125.588682980399, -15.4127900845216));
#8443 = CARTESIAN_POINT ('', (163.519150175946, 126.039153193281, -15.4522011214048));
#8444 = CARTESIAN_POINT ('', (163.499983628366, 126.370011206417, -15.4811474467908));
#8445 = CARTESIAN_POINT ('', (163.499999999933, 126.585222091995, -15.4999759595463));
#8446 = B_SPLINE_SURFACE_WITH_KNOTS ('', 1, 3, ((#8340, #8341, #8342, #8343, #8344, #8345, #8346, #8347, #8348, #8349, #8350, #8351, #8352, #8353, #8354, #8355, #8356, #8357, #8358, #8359, #8360, #8361, #8362, #8363, #8364, #8365, #8366, #8367, #8368, #8369, #8370, #8371, #8372, #8373, #8374, #8375, #8376, #8377, #8378, #8379, #8380, #8381, #8382, #8383, #8384, #8385, #8386, #8387, #8388, #8389, #8390, #8391, #8392), (#8393, #8394, #8395, #8396, #8397, #8398, #8399, #8400, #8401, #8402, #8403, #8404, #8405, #8406, #8407, #8408, #8409, #8410, #8411, #8412, #8413, #8414, #8415, #8416, #8417, #8418, #8419, #8420, #8421, #8422, #8423, #8424, #8425, #8426, #8427, #8428, #8429, #8430, #8431, #8432, #8433, #8434, #8435, #8436, #8437, #8438, #8439, #8440, #8441, #8442, #8443, #8444, #8445)), .UNSPECIFIED., .F., .F., .U., (2, 2), (4, 1, 1, 1, 1, 1, 1, 1, 1, 1, 1, 1, 1, 1, 1, 1, 1, 1, 1, 1, 1, 1, 1, 1, 1, 1, 1, 1, 1, 1, 1, 1, 1, 1, 1, 1, 1, 1, 1, 1, 1, 1, 1, 1, 1, 1, 1, 1, 1, 1, 4), (0., 0.250000000032463), (0.5, 0.510416666666668, 0.515625, 0.520833333333332, 0.53125, 0.541666666666666, 0.552083333333333, 0.5625, 0.572916666666667, 0.583333333333333, 0.59375, 0.604166666666666, 0.614583333333333, 0.625, 0.635416666666666, 0.645833333333334, 0.656249999999999, 0.666666666666667, 0.677083333333333, 0.687499999999999, 0.697916666666667, 0.708333333333334, 0.718750000000001, 0.729166666666666, 0.734375, 0.739583333333334, 0.75, 0.760416666666668, 0.765625000000001, 0.770833333333332, 0.78125, 0.791666666666666, 0.802083333333333, 0.8125, 0.822916666666667, 0.833333333333333, 0.84375, 0.854166666666666, 0.864583333333333, 0.875, 0.885416666666666, 0.895833333333333, 0.90625, 0.916666666666667, 0.927083333333333, 0.9375, 0.947916666666667, 0.958333333333333, 0.96875, 0.979166666666667, 1.), .UNSPECIFIED.);
#8447 = ADVANCED_FACE ('', (#8339), #8446, .T.);
#8448 = ORIENTED_EDGE ('', *, *, #8336, .T.);
#8449 = CARTESIAN_POINT ('', (163.999999999998, 126.628799963376, -15.0018786104359));
#8450 = CARTESIAN_POINT ('', (164., 131.609773453834, -15.4376573241735));
#8451 = CARTESIAN_POINT ('', (169., 131.609773453833, -15.4376573241734));
#8452 = CARTESIAN_POINT ('', (174., 131.609773453831, -15.4376573241732));
#8453 = CARTESIAN_POINT ('', (173.999999999998, 126.628799963372, -15.0018786104356));
#8454 = (
   BOUNDED_CURVE ()
   B_SPLINE_CURVE (2, (#8449, #8450, #8451, #8452, #8453), .UNSPECIFIED., .F., .U.)
   B_SPLINE_CURVE_WITH_KNOTS ((3, 2, 3), (1.2957960099237E-13, 1.57079632679503, 3.14159265358992), .UNSPECIFIED.)
   CURVE ()
   GEOMETRIC_REPRESENTATION_ITEM ()
   RATIONAL_B_SPLINE_CURVE ((1., 0.707106781186552, 1., 0.707106781186532, 1.))
   REPRESENTATION_ITEM ('')
);
#8455 = EDGE_CURVE ('', #8324, #8316, #8454, .T.);
#8456 = ORIENTED_EDGE ('', *, *, #8455, .T.);
#8457 = EDGE_LOOP ('', (#8448, #8456));
#8458 = FACE_OUTER_BOUND ('', #8457, .T.);
#8459 = CARTESIAN_POINT ('', (163.999999999996, 121.647826472914, -14.5660998966979));
#8460 = CARTESIAN_POINT ('', (174., 121.647826472914, -14.5660998966979));
#8461 = CARTESIAN_POINT ('', (163.999999999996, 131.609773453834, -15.4376573241735));
#8462 = CARTESIAN_POINT ('', (174., 131.609773453834, -15.4376573241735));
#8463 = B_SPLINE_SURFACE_WITH_KNOTS ('', 1, 1, ((#8459, #8460), (#8461, #8462)), .UNSPECIFIED., .F., .F., .U., (2, 2), (2, 2), (0.310610165995434, 0.647327680846288), (0.325600644069752, 0.662318158920606), .UNSPECIFIED.);
#8464 = ADVANCED_FACE ('', (#8458), #8463, .T.);
#8465 = CARTESIAN_POINT ('', (173.999999999998, 45.9370294179416, -7.94226344788503));
#8466 = VERTEX_POINT ('', #8465);
#8467 = CARTESIAN_POINT ('', (173.999999999998, 45.9370294179422, -7.94226344788509));
#8468 = CARTESIAN_POINT ('', (174.500000000063, 45.8934515465628, -8.44036079699564));
#8469 = B_SPLINE_CURVE_WITH_KNOTS ('', 1, (#8467, #8468), .UNSPECIFIED., .F., .U., (2, 2), (0., 0.25000000003246), .UNSPECIFIED.);
#8470 = EDGE_CURVE ('', #8466, #948, #8469, .T.);
#8471 = ORIENTED_EDGE ('', *, *, #8470, .T.);
#8472 = ORIENTED_EDGE ('', *, *, #1077, .F.);
#8473 = CARTESIAN_POINT ('', (164.000000000001, 45.9370294179429, -7.9422634478852));
#8474 = VERTEX_POINT ('', #8473);
#8475 = CARTESIAN_POINT ('', (163.999999999998, 45.9370294179423, -7.94226344788509));
#8476 = CARTESIAN_POINT ('', (163.500000000001, 45.8934515465687, -8.44036079692843));
#8477 = B_SPLINE_CURVE_WITH_KNOTS ('', 1, (#8475, #8476), .UNSPECIFIED., .F., .U., (2, 2), (0., 0.249999999998725), .UNSPECIFIED.);
#8478 = EDGE_CURVE ('', #8474, #950, #8477, .T.);
#8479 = ORIENTED_EDGE ('', *, *, #8478, .F.);
#8480 = CARTESIAN_POINT ('', (173.999999999998, 45.9370294179416, -7.94226344788503));
#8481 = CARTESIAN_POINT ('', (173.999999999998, 40.9560559274829, -7.50648473414735));
#8482 = CARTESIAN_POINT ('', (168.999999999998, 40.9560559274835, -7.5064847341474));
#8483 = CARTESIAN_POINT ('', (163.999999999998, 40.9560559274842, -7.50648473414746));
#8484 = CARTESIAN_POINT ('', (163.999999999998, 45.9370294179429, -7.94226344788515));
#8485 = (
   BOUNDED_CURVE ()
   B_SPLINE_CURVE (2, (#8480, #8481, #8482, #8483, #8484), .UNSPECIFIED., .F., .U.)
   B_SPLINE_CURVE_WITH_KNOTS ((3, 2, 3), (3.14159265358984, 4.71238898038474, 6.28318530717963), .UNSPECIFIED.)
   CURVE ()
   GEOMETRIC_REPRESENTATION_ITEM ()
   RATIONAL_B_SPLINE_CURVE ((1., 0.707106781186549, 1., 0.707106781186549, 1.))
   REPRESENTATION_ITEM ('')
);
#8486 = EDGE_CURVE ('', #8466, #8474, #8485, .T.);
#8487 = ORIENTED_EDGE ('', *, *, #8486, .F.);
#8488 = EDGE_LOOP ('', (#8471, #8472, #8479, #8487));
#8489 = FACE_OUTER_BOUND ('', #8488, .T.);
#8490 = CARTESIAN_POINT ('', (173.999999999998, 45.9370294179422, -7.94226344788509));
#8491 = CARTESIAN_POINT ('', (173.999999999998, 45.8385347862889, -7.93364628419728));
#8492 = CARTESIAN_POINT ('', (173.995657335303, 45.6907928388089, -7.92072053866555));
#8493 = CARTESIAN_POINT ('', (173.980572383588, 45.4896490190446, -7.9031227346979));
#8494 = CARTESIAN_POINT ('', (173.959104707668, 45.2870478051132, -7.88539742526233));
#8495 = CARTESIAN_POINT ('', (173.919964609953, 45.0310799977948, -7.86300314389441));
#8496 = CARTESIAN_POINT ('', (173.852369885462, 44.7214963080504, -7.83591808062929));
#8497 = CARTESIAN_POINT ('', (173.763418522877, 44.4114051827776, -7.80878862250796));
#8498 = CARTESIAN_POINT ('', (173.652619260682, 44.1029219949554, -7.78179984068522));
#8499 = CARTESIAN_POINT ('', (173.519753466256, 43.7982634032195, -7.75514566766259));
#8500 = CARTESIAN_POINT ('', (173.364900689441, 43.499721018599, -7.72902659342634));
#8501 = CARTESIAN_POINT ('', (173.188456349051, 43.2096072744459, -7.70364492967992));
#8502 = CARTESIAN_POINT ('', (172.991139250904, 42.9302027392799, -7.6792002003152));
#8503 = CARTESIAN_POINT ('', (172.773987973261, 42.6636999313448, -7.65588422582308));
#8504 = CARTESIAN_POINT ('', (172.538345597216, 42.4121482939775, -7.63387630926209));
#8505 = CARTESIAN_POINT ('', (172.28583307346, 42.1774026083159, -7.6133387229551));
#8506 = CARTESIAN_POINT ('', (172.018312268094, 41.9610776568437, -7.59441274206352));
#8507 = CARTESIAN_POINT ('', (171.737840452995, 41.7645114098273, -7.57721542381777));
#8508 = CARTESIAN_POINT ('', (171.44661852147, 41.5887384934223, -7.56183728627747));
#8509 = CARTESIAN_POINT ('', (171.14693575344, 41.4344749781747, -7.54834097749766));
#8510 = CARTESIAN_POINT ('', (170.841113415378, 41.3021147782091, -7.53676096049867));
#8511 = CARTESIAN_POINT ('', (170.531451871893, 41.1917371406584, -7.52710416850621));
#8512 = CARTESIAN_POINT ('', (170.220176248898, 41.1031242648629, -7.51935154643169));
#8513 = CARTESIAN_POINT ('', (169.909409999753, 41.0357867587061, -7.51346027801286));
#8514 = CARTESIAN_POINT ('', (169.652464436995, 40.9967956008794, -7.51004899372529));
#8515 = CARTESIAN_POINT ('', (169.44908931934, 40.9754096159477, -7.50817796248543));
#8516 = CARTESIAN_POINT ('', (169.247177162861, 40.9603820670289, -7.50686322231446));
#8517 = CARTESIAN_POINT ('', (168.999999999998, 40.9531718344533, -7.50623240870271));
#8518 = CARTESIAN_POINT ('', (168.752822837135, 40.9603820670289, -7.50686322231445));
#8519 = CARTESIAN_POINT ('', (168.550910680657, 40.9754096159476, -7.50817796248542));
#8520 = CARTESIAN_POINT ('', (168.347535563002, 40.9967956008794, -7.51004899372529));
#8521 = CARTESIAN_POINT ('', (168.090590000243, 41.0357867587061, -7.51346027801286));
#8522 = CARTESIAN_POINT ('', (167.779823751098, 41.1031242648629, -7.51935154643169));
#8523 = CARTESIAN_POINT ('', (167.468548128103, 41.1917371406584, -7.52710416850621));
#8524 = CARTESIAN_POINT ('', (167.158886584619, 41.3021147782092, -7.53676096049867));
#8525 = CARTESIAN_POINT ('', (166.853064246556, 41.4344749781747, -7.54834097749766));
#8526 = CARTESIAN_POINT ('', (166.553381478526, 41.5887384934221, -7.56183728627745));
#8527 = CARTESIAN_POINT ('', (166.262159547002, 41.7645114098279, -7.57721542381783));
#8528 = CARTESIAN_POINT ('', (165.981687731902, 41.9610776568413, -7.59441274206331));
#8529 = CARTESIAN_POINT ('', (165.714166926537, 42.177402608325, -7.6133387229559));
#8530 = CARTESIAN_POINT ('', (165.461654402778, 42.4121482939435, -7.63387630925912));
#8531 = CARTESIAN_POINT ('', (165.226012026746, 42.6636999314716, -7.65588422583418));
#8532 = CARTESIAN_POINT ('', (165.008860749055, 42.9302027388066, -7.67920020027378));
#8533 = CARTESIAN_POINT ('', (164.811543651084, 43.2096072762125, -7.70364492983447));
#8534 = CARTESIAN_POINT ('', (164.63509931004, 43.4997210120061, -7.72902659284953));
#8535 = CARTESIAN_POINT ('', (164.480246535666, 43.7982634278246, -7.75514566981526));
#8536 = CARTESIAN_POINT ('', (164.34738073213, 44.1029219031281, -7.78179983265137));
#8537 = CARTESIAN_POINT ('', (164.236581503932, 44.4114055254817, -7.80878865249068));
#8538 = CARTESIAN_POINT ('', (164.147630014469, 44.7214950290611, -7.83591796873223));
#8539 = CARTESIAN_POINT ('', (164.08003576349, 45.0310847710477, -7.86300356149994));
#8540 = CARTESIAN_POINT ('', (164.017409250919, 45.4406031463901, -7.8988317768479));
#8541 = CARTESIAN_POINT ('', (163.999985116755, 45.7413831583283, -7.92514661810765));
#8542 = CARTESIAN_POINT ('', (163.999999999998, 45.9370294179423, -7.94226344788509));
#8543 = CARTESIAN_POINT ('', (174.500000000063, 45.8934515465628, -8.44036079699564));
#8544 = CARTESIAN_POINT ('', (174.500000000063, 45.7851074517429, -8.43088191693893));
#8545 = CARTESIAN_POINT ('', (174.495223068898, 45.622591309513, -8.41666359685387));
#8546 = CARTESIAN_POINT ('', (174.478629622012, 45.4013331077696, -8.39730601248922));
#8547 = CARTESIAN_POINT ('', (174.4550151785, 45.1784717724424, -8.37780817210986));
#8548 = CARTESIAN_POINT ('', (174.411961071012, 44.8969071843889, -8.35317446260486));
#8549 = CARTESIAN_POINT ('', (174.337606874072, 44.556365125666, -8.32338089301288));
#8550 = CARTESIAN_POINT ('', (174.239760375227, 44.2152648878619, -8.29353848907906));
#8551 = CARTESIAN_POINT ('', (174.117881186811, 43.8759333812535, -8.26385082907369));
#8552 = CARTESIAN_POINT ('', (173.97172881294, 43.5408089303401, -8.23453123874846));
#8553 = CARTESIAN_POINT ('', (173.801390758442, 43.2124123072536, -8.20580025708824));
#8554 = CARTESIAN_POINT ('', (173.607301984011, 42.8932871886814, -8.17788042696685));
#8555 = CARTESIAN_POINT ('', (173.390253176047, 42.5859421999952, -8.15099122466534));
#8556 = CARTESIAN_POINT ('', (173.151386770636, 42.2927891112632, -8.12534365272371));
#8557 = CARTESIAN_POINT ('', (172.892180156984, 42.0160823101559, -8.10113494450633));
#8558 = CARTESIAN_POINT ('', (172.614416380849, 41.757862055925, -8.07854359956838));
#8559 = CARTESIAN_POINT ('', (172.320143494943, 41.5199046093029, -8.05772502058739));
#8560 = CARTESIAN_POINT ('', (172.01162449833, 41.3036817375822, -8.03880797051684));
#8561 = CARTESIAN_POINT ('', (171.691280373649, 41.1103315295345, -8.02189201922231));
#8562 = CARTESIAN_POINT ('', (171.361629328812, 40.94064166276, -8.00704607956435));
#8563 = CARTESIAN_POINT ('', (171.02522475694, 40.7950454427962, -7.9943080608653));
#8564 = CARTESIAN_POINT ('', (170.684597059103, 40.6736300414889, -7.98368558967348));
#8565 = CARTESIAN_POINT ('', (170.342193873804, 40.5761558781128, -7.9751577053914));
#8566 = CARTESIAN_POINT ('', (170.000350999741, 40.5020846213394, -7.96867731013062));
#8567 = CARTESIAN_POINT ('', (169.717710880703, 40.4591943477295, -7.96492489741424));
#8568 = CARTESIAN_POINT ('', (169.49399825128, 40.4356697643044, -7.96286676305037));
#8569 = CARTESIAN_POINT ('', (169.271894879151, 40.4191394604935, -7.96142054886229));
#8570 = CARTESIAN_POINT ('', (168.999999999998, 40.4112082046603, -7.96072665388935));
#8571 = CARTESIAN_POINT ('', (168.728105120846, 40.4191394604935, -7.96142054886228));
#8572 = CARTESIAN_POINT ('', (168.506001748717, 40.4356697643043, -7.96286676305037));
#8573 = CARTESIAN_POINT ('', (168.282289119294, 40.4591943477295, -7.96492489741424));
#8574 = CARTESIAN_POINT ('', (167.999649000256, 40.5020846213394, -7.96867731013062));
#8575 = CARTESIAN_POINT ('', (167.657806126192, 40.5761558781128, -7.9751577053914));
#8576 = CARTESIAN_POINT ('', (167.315402940894, 40.673630041489, -7.98368558967348));
#8577 = CARTESIAN_POINT ('', (166.974775243057, 40.7950454427962, -7.9943080608653));
#8578 = CARTESIAN_POINT ('', (166.638370671184, 40.9406416627601, -8.00704607956435));
#8579 = CARTESIAN_POINT ('', (166.308719626348, 41.1103315295342, -8.02189201922229));
#8580 = CARTESIAN_POINT ('', (165.988375501666, 41.3036817375829, -8.0388079705169));
#8581 = CARTESIAN_POINT ('', (165.679856505054, 41.5199046093001, -8.05772502058716));
#8582 = CARTESIAN_POINT ('', (165.385583619148, 41.757862055935, -8.07854359956925));
#8583 = CARTESIAN_POINT ('', (165.10781984301, 42.0160823101185, -8.10113494450306));
#8584 = CARTESIAN_POINT ('', (164.848613229371, 42.2927891114027, -8.12534365273591));
#8585 = CARTESIAN_POINT ('', (164.609746823909, 42.5859421994745, -8.15099122461978));
#8586 = CARTESIAN_POINT ('', (164.392698016138, 42.8932871906246, -8.17788042713686));
#8587 = CARTESIAN_POINT ('', (164.198609240987, 43.2124123000014, -8.20580025645375));
#8588 = CARTESIAN_POINT ('', (164.028271189174, 43.5408089574056, -8.23453124111639));
#8589 = CARTESIAN_POINT ('', (163.882118805283, 43.8759332802434, -8.26385082023646));
#8590 = CARTESIAN_POINT ('', (163.760239654263, 44.2152652648364, -8.29353852206005));
#8591 = CARTESIAN_POINT ('', (163.662393015854, 44.5563637187778, -8.32338076992611));
#8592 = CARTESIAN_POINT ('', (163.588039339776, 44.8969124349671, -8.35317492197093));
#8593 = CARTESIAN_POINT ('', (163.519150175947, 45.347382647849, -8.39258595885416));
#8594 = CARTESIAN_POINT ('', (163.499983628366, 45.6782406609849, -8.42153228424022));
#8595 = CARTESIAN_POINT ('', (163.499999999933, 45.8934515465628, -8.44036079699564));
#8596 = B_SPLINE_SURFACE_WITH_KNOTS ('', 1, 3, ((#8490, #8491, #8492, #8493, #8494, #8495, #8496, #8497, #8498, #8499, #8500, #8501, #8502, #8503, #8504, #8505, #8506, #8507, #8508, #8509, #8510, #8511, #8512, #8513, #8514, #8515, #8516, #8517, #8518, #8519, #8520, #8521, #8522, #8523, #8524, #8525, #8526, #8527, #8528, #8529, #8530, #8531, #8532, #8533, #8534, #8535, #8536, #8537, #8538, #8539, #8540, #8541, #8542), (#8543, #8544, #8545, #8546, #8547, #8548, #8549, #8550, #8551, #8552, #8553, #8554, #8555, #8556, #8557, #8558, #8559, #8560, #8561, #8562, #8563, #8564, #8565, #8566, #8567, #8568, #8569, #8570, #8571, #8572, #8573, #8574, #8575, #8576, #8577, #8578, #8579, #8580, #8581, #8582, #8583, #8584, #8585, #8586, #8587, #8588, #8589, #8590, #8591, #8592, #8593, #8594, #8595)), .UNSPECIFIED., .F., .F., .U., (2, 2), (4, 1, 1, 1, 1, 1, 1, 1, 1, 1, 1, 1, 1, 1, 1, 1, 1, 1, 1, 1, 1, 1, 1, 1, 1, 1, 1, 1, 1, 1, 1, 1, 1, 1, 1, 1, 1, 1, 1, 1, 1, 1, 1, 1, 1, 1, 1, 1, 1, 1, 4), (0., 0.25000000003246), (0.5, 0.510416666666668, 0.515625, 0.520833333333332, 0.53125, 0.541666666666666, 0.552083333333333, 0.5625, 0.572916666666667, 0.583333333333333, 0.59375, 0.604166666666666, 0.614583333333333, 0.625, 0.635416666666666, 0.645833333333334, 0.656249999999999, 0.666666666666667, 0.677083333333333, 0.687499999999999, 0.697916666666667, 0.708333333333334, 0.718750000000001, 0.729166666666666, 0.734375, 0.739583333333334, 0.75, 0.760416666666668, 0.765625000000001, 0.770833333333332, 0.78125, 0.791666666666666, 0.802083333333333, 0.8125, 0.822916666666667, 0.833333333333333, 0.84375, 0.854166666666666, 0.864583333333333, 0.875, 0.885416666666666, 0.895833333333333, 0.90625, 0.916666666666667, 0.927083333333333, 0.9375, 0.947916666666667, 0.958333333333333, 0.96875, 0.979166666666667, 1.), .UNSPECIFIED.);
#8597 = ADVANCED_FACE ('', (#8489), #8596, .T.);
#8598 = ORIENTED_EDGE ('', *, *, #8486, .T.);
#8599 = CARTESIAN_POINT ('', (163.999999999998, 45.9370294179429, -7.94226344788515));
#8600 = CARTESIAN_POINT ('', (163.999999999999, 50.9180029084016, -8.37804216162284));
#8601 = CARTESIAN_POINT ('', (168.999999999999, 50.9180029084009, -8.37804216162278));
#8602 = CARTESIAN_POINT ('', (173.999999999999, 50.9180029084003, -8.37804216162272));
#8603 = CARTESIAN_POINT ('', (173.999999999998, 45.9370294179416, -7.94226344788503));
#8604 = (
   BOUNDED_CURVE ()
   B_SPLINE_CURVE (2, (#8599, #8600, #8601, #8602, #8603), .UNSPECIFIED., .F., .U.)
   B_SPLINE_CURVE_WITH_KNOTS ((3, 2, 3), (4.68965589442912E-14, 1.57079632679494, 3.14159265358984), .UNSPECIFIED.)
   CURVE ()
   GEOMETRIC_REPRESENTATION_ITEM ()
   RATIONAL_B_SPLINE_CURVE ((1., 0.707106781186545, 1., 0.707106781186553, 1.))
   REPRESENTATION_ITEM ('')
);
#8605 = EDGE_CURVE ('', #8474, #8466, #8604, .T.);
#8606 = ORIENTED_EDGE ('', *, *, #8605, .T.);
#8607 = EDGE_LOOP ('', (#8598, #8606));
#8608 = FACE_OUTER_BOUND ('', #8607, .T.);
#8609 = CARTESIAN_POINT ('', (163.999999999998, 40.9560559274829, -7.50648473414735));
#8610 = CARTESIAN_POINT ('', (173.999999999999, 40.9560559274829, -7.50648473414735));
#8611 = CARTESIAN_POINT ('', (163.999999999998, 50.9180029084016, -8.37804216162283));
#8612 = CARTESIAN_POINT ('', (173.999999999999, 50.9180029084016, -8.37804216162283));
#8613 = B_SPLINE_SURFACE_WITH_KNOTS ('', 1, 1, ((#8609, #8610), (#8611, #8612)), .UNSPECIFIED., .F., .F., .U., (2, 2), (2, 2), (0.31061016599547, 0.64732768084625), (0.32560064406979, 0.662318158920569), .UNSPECIFIED.);
#8614 = ADVANCED_FACE ('', (#8608), #8613, .T.);
#8615 = CARTESIAN_POINT ('', (21.4991099289595, 126.628799963372, -15.0018786104355));
#8616 = VERTEX_POINT ('', #8615);
#8617 = CARTESIAN_POINT ('', (21.4991099289594, 126.628799963373, -15.0018786104357));
#8618 = CARTESIAN_POINT ('', (21.9991099290243, 126.585222091994, -15.4999759595462));
#8619 = B_SPLINE_CURVE_WITH_KNOTS ('', 1, (#8617, #8618), .UNSPECIFIED., .F., .U., (2, 2), (0., 0.250000000032463), .UNSPECIFIED.);
#8620 = EDGE_CURVE ('', #8616, #814, #8619, .T.);
#8621 = ORIENTED_EDGE ('', *, *, #8620, .T.);
#8622 = ORIENTED_EDGE ('', *, *, #943, .F.);
#8623 = CARTESIAN_POINT ('', (11.4991099289597, 126.628799963375, -15.0018786104359));
#8624 = VERTEX_POINT ('', #8623);
#8625 = CARTESIAN_POINT ('', (11.4991099289596, 126.628799963373, -15.0018786104357));
#8626 = CARTESIAN_POINT ('', (10.9991099289621, 126.585222092, -15.499975959479));
#8627 = B_SPLINE_CURVE_WITH_KNOTS ('', 1, (#8625, #8626), .UNSPECIFIED., .F., .U., (2, 2), (0., 0.249999999998725), .UNSPECIFIED.);
#8628 = EDGE_CURVE ('', #8624, #816, #8627, .T.);
#8629 = ORIENTED_EDGE ('', *, *, #8628, .F.);
#8630 = CARTESIAN_POINT ('', (21.4991099289595, 126.628799963372, -15.0018786104355));
#8631 = CARTESIAN_POINT ('', (21.4991099289578, 121.647826472913, -14.5660998966978));
#8632 = CARTESIAN_POINT ('', (16.4991099289578, 121.647826472915, -14.566099896698));
#8633 = CARTESIAN_POINT ('', (11.4991099289579, 121.647826472916, -14.5660998966981));
#8634 = CARTESIAN_POINT ('', (11.4991099289596, 126.628799963375, -15.0018786104358));
#8635 = (
   BOUNDED_CURVE ()
   B_SPLINE_CURVE (2, (#8630, #8631, #8632, #8633, #8634), .UNSPECIFIED., .F., .U.)
   B_SPLINE_CURVE_WITH_KNOTS ((3, 2, 3), (3.14159265358992, 4.71238898038482, 6.28318530717972), .UNSPECIFIED.)
   CURVE ()
   GEOMETRIC_REPRESENTATION_ITEM ()
   RATIONAL_B_SPLINE_CURVE ((1., 0.707106781186551, 1., 0.707106781186546, 1.))
   REPRESENTATION_ITEM ('')
);
#8636 = EDGE_CURVE ('', #8616, #8624, #8635, .T.);
#8637 = ORIENTED_EDGE ('', *, *, #8636, .F.);
#8638 = EDGE_LOOP ('', (#8621, #8622, #8629, #8637));
#8639 = FACE_OUTER_BOUND ('', #8638, .T.);
#8640 = CARTESIAN_POINT ('', (21.4991099289594, 126.628799963373, -15.0018786104357));
#8641 = CARTESIAN_POINT ('', (21.4991099289594, 126.53030533172, -14.9932614467478));
#8642 = CARTESIAN_POINT ('', (21.4947672642639, 126.38256338424, -14.9803357012161));
#8643 = CARTESIAN_POINT ('', (21.4796823125495, 126.181419564476, -14.9627378972485));
#8644 = CARTESIAN_POINT ('', (21.4582146366296, 125.978818350544, -14.9450125878129));
#8645 = CARTESIAN_POINT ('', (21.4190745389144, 125.722850543226, -14.922618306445));
#8646 = CARTESIAN_POINT ('', (21.3514798144236, 125.413266853482, -14.8955332431799));
#8647 = CARTESIAN_POINT ('', (21.2625284518383, 125.103175728209, -14.8684037850585));
#8648 = CARTESIAN_POINT ('', (21.1517291896436, 124.794692540387, -14.8414150032358));
#8649 = CARTESIAN_POINT ('', (21.0188633952169, 124.490033948651, -14.8147608302132));
#8650 = CARTESIAN_POINT ('', (20.8640106184023, 124.19149156403, -14.7886417559769));
#8651 = CARTESIAN_POINT ('', (20.6875662780121, 123.901377819877, -14.7632600922305));
#8652 = CARTESIAN_POINT ('', (20.4902491798655, 123.621973284711, -14.7388153628658));
#8653 = CARTESIAN_POINT ('', (20.2730979022223, 123.355470476776, -14.7154993883736));
#8654 = CARTESIAN_POINT ('', (20.0374555261774, 123.103918839409, -14.6934914718126));
#8655 = CARTESIAN_POINT ('', (19.7849430024216, 122.869173153747, -14.6729538855057));
#8656 = CARTESIAN_POINT ('', (19.5174221970552, 122.652848202275, -14.6540279046141));
#8657 = CARTESIAN_POINT ('', (19.2369503819562, 122.456281955259, -14.6368305863683));
#8658 = CARTESIAN_POINT ('', (18.9457284504313, 122.280509038854, -14.621452448828));
#8659 = CARTESIAN_POINT ('', (18.6460456824016, 122.126245523606, -14.6079561400482));
#8660 = CARTESIAN_POINT ('', (18.3402233443392, 121.99388532364, -14.5963761230492));
#8661 = CARTESIAN_POINT ('', (18.0305618008547, 121.88350768609, -14.5867193310568));
#8662 = CARTESIAN_POINT ('', (17.7192861778596, 121.794894810294, -14.5789667089823));
#8663 = CARTESIAN_POINT ('', (17.4085199287144, 121.727557304137, -14.5730754405634));
#8664 = CARTESIAN_POINT ('', (17.1515743659558, 121.688566146311, -14.5696641562759));
#8665 = CARTESIAN_POINT ('', (16.948199248301, 121.667180161379, -14.567793125036));
#8666 = CARTESIAN_POINT ('', (16.7462870918223, 121.65215261246, -14.566478384865));
#8667 = CARTESIAN_POINT ('', (16.4991099289595, 121.644942379884, -14.5658475712533));
#8668 = CARTESIAN_POINT ('', (16.2519327660967, 121.65215261246, -14.566478384865));
#8669 = CARTESIAN_POINT ('', (16.050020609618, 121.667180161379, -14.567793125036));
#8670 = CARTESIAN_POINT ('', (15.8466454919633, 121.688566146311, -14.5696641562759));
#8671 = CARTESIAN_POINT ('', (15.5896999292046, 121.727557304137, -14.5730754405634));
#8672 = CARTESIAN_POINT ('', (15.2789336800593, 121.794894810294, -14.5789667089823));
#8673 = CARTESIAN_POINT ('', (14.9676580570643, 121.88350768609, -14.5867193310568));
#8674 = CARTESIAN_POINT ('', (14.6579965135798, 121.99388532364, -14.5963761230492));
#8675 = CARTESIAN_POINT ('', (14.3521741755174, 122.126245523606, -14.6079561400482));
#8676 = CARTESIAN_POINT ('', (14.0524914074878, 122.280509038853, -14.621452448828));
#8677 = CARTESIAN_POINT ('', (13.761269475963, 122.456281955259, -14.6368305863684));
#8678 = CARTESIAN_POINT ('', (13.4807976608635, 122.652848202272, -14.6540279046139));
#8679 = CARTESIAN_POINT ('', (13.2132768554982, 122.869173153756, -14.6729538855065));
#8680 = CARTESIAN_POINT ('', (12.960764331739, 123.103918839375, -14.6934914718097));
#8681 = CARTESIAN_POINT ('', (12.7251219557067, 123.355470476903, -14.7154993883847));
#8682 = CARTESIAN_POINT ('', (12.5079706780164, 123.621973284238, -14.7388153628244));
#8683 = CARTESIAN_POINT ('', (12.3106535800451, 123.901377821644, -14.763260092385));
#8684 = CARTESIAN_POINT ('', (12.1342092390009, 124.191491557437, -14.7886417554001));
#8685 = CARTESIAN_POINT ('', (11.9793564646271, 124.490033973256, -14.8147608323658));
#8686 = CARTESIAN_POINT ('', (11.846490661091, 124.794692448559, -14.8414149952019));
#8687 = CARTESIAN_POINT ('', (11.735691432893, 125.103176070913, -14.8684038150412));
#8688 = CARTESIAN_POINT ('', (11.6467399434307, 125.413265574492, -14.8955331312828));
#8689 = CARTESIAN_POINT ('', (11.5791456924516, 125.722855316479, -14.9226187240505));
#8690 = CARTESIAN_POINT ('', (11.5165191798806, 126.132373691821, -14.9584469393985));
#8691 = CARTESIAN_POINT ('', (11.4990950457164, 126.43315370376, -14.9847617806582));
#8692 = CARTESIAN_POINT ('', (11.4991099289596, 126.628799963373, -15.0018786104357));
#8693 = CARTESIAN_POINT ('', (21.9991099290243, 126.585222091994, -15.4999759595462));
#8694 = CARTESIAN_POINT ('', (21.9991099290244, 126.476877997174, -15.4904970794895));
#8695 = CARTESIAN_POINT ('', (21.9943329978592, 126.314361854944, -15.4762787594044));
#8696 = CARTESIAN_POINT ('', (21.9777395509732, 126.093103653201, -15.4569211750398));
#8697 = CARTESIAN_POINT ('', (21.954125107461, 125.870242317874, -15.4374233346604));
#8698 = CARTESIAN_POINT ('', (21.9110709999738, 125.58867772982, -15.4127896251554));
#8699 = CARTESIAN_POINT ('', (21.836716803033, 125.248135671097, -15.3829960555634));
#8700 = CARTESIAN_POINT ('', (21.738870304188, 124.907035433293, -15.3531536516296));
#8701 = CARTESIAN_POINT ('', (21.6169911157725, 124.567703926685, -15.3234659916243));
#8702 = CARTESIAN_POINT ('', (21.4708387419014, 124.232579475771, -15.294146401299));
#8703 = CARTESIAN_POINT ('', (21.3005006874033, 123.904182852685, -15.2654154196388));
#8704 = CARTESIAN_POINT ('', (21.1064119129718, 123.585057734113, -15.2374955895174));
#8705 = CARTESIAN_POINT ('', (20.889363105008, 123.277712745426, -15.2106063872159));
#8706 = CARTESIAN_POINT ('', (20.6504966995976, 122.984559656694, -15.1849588152743));
#8707 = CARTESIAN_POINT ('', (20.3912900859451, 122.707852855587, -15.1607501070569));
#8708 = CARTESIAN_POINT ('', (20.1135263098104, 122.449632601356, -15.1381587621189));
#8709 = CARTESIAN_POINT ('', (19.819253423904, 122.211675154734, -15.117340183138));
#8710 = CARTESIAN_POINT ('', (19.5107344272914, 121.995452283013, -15.0984231330674));
#8711 = CARTESIAN_POINT ('', (19.1903903026102, 121.802102074966, -15.0815071817729));
#8712 = CARTESIAN_POINT ('', (18.8607392577737, 121.632412208191, -15.0666612421149));
#8713 = CARTESIAN_POINT ('', (18.5243346859011, 121.486815988227, -15.0539232234159));
#8714 = CARTESIAN_POINT ('', (18.1837069880641, 121.36540058692, -15.043300752224));
#8715 = CARTESIAN_POINT ('', (17.8413038027655, 121.267926423544, -15.034772867942));
#8716 = CARTESIAN_POINT ('', (17.4994609287017, 121.193855166771, -15.0282924726812));
#8717 = CARTESIAN_POINT ('', (17.2168208096638, 121.150964893161, -15.0245400599648));
#8718 = CARTESIAN_POINT ('', (16.993108180241, 121.127440309736, -15.0224819256009));
#8719 = CARTESIAN_POINT ('', (16.7710048081118, 121.110910005925, -15.0210357114129));
#8720 = CARTESIAN_POINT ('', (16.4991099289595, 121.102978750091, -15.0203418164399));
#8721 = CARTESIAN_POINT ('', (16.2272150498072, 121.110910005925, -15.0210357114129));
#8722 = CARTESIAN_POINT ('', (16.005111677678, 121.127440309736, -15.0224819256009));
#8723 = CARTESIAN_POINT ('', (15.7813990482552, 121.150964893161, -15.0245400599648));
#8724 = CARTESIAN_POINT ('', (15.4987589292174, 121.193855166771, -15.0282924726812));
#8725 = CARTESIAN_POINT ('', (15.1569160551535, 121.267926423544, -15.034772867942));
#8726 = CARTESIAN_POINT ('', (14.8145128698549, 121.36540058692, -15.043300752224));
#8727 = CARTESIAN_POINT ('', (14.473885172018, 121.486815988227, -15.0539232234159));
#8728 = CARTESIAN_POINT ('', (14.1374806001452, 121.632412208191, -15.0666612421149));
#8729 = CARTESIAN_POINT ('', (13.8078295553088, 121.802102074965, -15.0815071817729));
#8730 = CARTESIAN_POINT ('', (13.4874854306277, 121.995452283014, -15.0984231330675));
#8731 = CARTESIAN_POINT ('', (13.1789664340147, 122.211675154731, -15.1173401831377));
#8732 = CARTESIAN_POINT ('', (12.8846935481094, 122.449632601366, -15.1381587621198));
#8733 = CARTESIAN_POINT ('', (12.606929771971, 122.70785285555, -15.1607501070536));
#8734 = CARTESIAN_POINT ('', (12.3477231583324, 122.984559656834, -15.1849588152865));
#8735 = CARTESIAN_POINT ('', (12.1088567528703, 123.277712744906, -15.2106063871704));
#8736 = CARTESIAN_POINT ('', (11.8918079450993, 123.585057736056, -15.2374955896874));
#8737 = CARTESIAN_POINT ('', (11.6977191699484, 123.904182845433, -15.2654154190043));
#8738 = CARTESIAN_POINT ('', (11.5273811181351, 124.232579502837, -15.294146403667));
#8739 = CARTESIAN_POINT ('', (11.3812287342438, 124.567703825675, -15.323465982787));
#8740 = CARTESIAN_POINT ('', (11.2593495832245, 124.907035810268, -15.3531536846106));
#8741 = CARTESIAN_POINT ('', (11.1615029448148, 125.248134264209, -15.3829959324767));
#8742 = CARTESIAN_POINT ('', (11.0871492687369, 125.588682980398, -15.4127900845215));
#8743 = CARTESIAN_POINT ('', (11.018260104908, 126.03915319328, -15.4522011214047));
#8744 = CARTESIAN_POINT ('', (10.9990935573272, 126.370011206416, -15.4811474467908));
#8745 = CARTESIAN_POINT ('', (10.9991099288947, 126.585222091994, -15.4999759595462));
#8746 = B_SPLINE_SURFACE_WITH_KNOTS ('', 1, 3, ((#8640, #8641, #8642, #8643, #8644, #8645, #8646, #8647, #8648, #8649, #8650, #8651, #8652, #8653, #8654, #8655, #8656, #8657, #8658, #8659, #8660, #8661, #8662, #8663, #8664, #8665, #8666, #8667, #8668, #8669, #8670, #8671, #8672, #8673, #8674, #8675, #8676, #8677, #8678, #8679, #8680, #8681, #8682, #8683, #8684, #8685, #8686, #8687, #8688, #8689, #8690, #8691, #8692), (#8693, #8694, #8695, #8696, #8697, #8698, #8699, #8700, #8701, #8702, #8703, #8704, #8705, #8706, #8707, #8708, #8709, #8710, #8711, #8712, #8713, #8714, #8715, #8716, #8717, #8718, #8719, #8720, #8721, #8722, #8723, #8724, #8725, #8726, #8727, #8728, #8729, #8730, #8731, #8732, #8733, #8734, #8735, #8736, #8737, #8738, #8739, #8740, #8741, #8742, #8743, #8744, #8745)), .UNSPECIFIED., .F., .F., .U., (2, 2), (4, 1, 1, 1, 1, 1, 1, 1, 1, 1, 1, 1, 1, 1, 1, 1, 1, 1, 1, 1, 1, 1, 1, 1, 1, 1, 1, 1, 1, 1, 1, 1, 1, 1, 1, 1, 1, 1, 1, 1, 1, 1, 1, 1, 1, 1, 1, 1, 1, 1, 4), (0., 0.250000000032463), (0.5, 0.510416666666668, 0.515625, 0.520833333333332, 0.53125, 0.541666666666666, 0.552083333333333, 0.5625, 0.572916666666667, 0.583333333333333, 0.59375, 0.604166666666666, 0.614583333333333, 0.625, 0.635416666666666, 0.645833333333334, 0.656249999999999, 0.666666666666667, 0.677083333333333, 0.687499999999999, 0.697916666666667, 0.708333333333334, 0.718750000000001, 0.729166666666666, 0.734375, 0.739583333333334, 0.75, 0.760416666666668, 0.765625000000001, 0.770833333333332, 0.78125, 0.791666666666666, 0.802083333333333, 0.8125, 0.822916666666667, 0.833333333333333, 0.84375, 0.854166666666666, 0.864583333333333, 0.875, 0.885416666666666, 0.895833333333333, 0.90625, 0.916666666666667, 0.927083333333333, 0.9375, 0.947916666666667, 0.958333333333333, 0.96875, 0.979166666666667, 1.), .UNSPECIFIED.);
#8747 = ADVANCED_FACE ('', (#8639), #8746, .T.);
#8748 = ORIENTED_EDGE ('', *, *, #8636, .T.);
#8749 = CARTESIAN_POINT ('', (11.4991099289596, 126.628799963375, -15.0018786104358));
#8750 = CARTESIAN_POINT ('', (11.4991099289613, 131.609773453834, -15.4376573241735));
#8751 = CARTESIAN_POINT ('', (16.4991099289612, 131.609773453832, -15.4376573241733));
#8752 = CARTESIAN_POINT ('', (21.4991099289611, 131.609773453831, -15.4376573241732));
#8753 = CARTESIAN_POINT ('', (21.4991099289595, 126.628799963372, -15.0018786104355));
#8754 = (
   BOUNDED_CURVE ()
   B_SPLINE_CURVE (2, (#8749, #8750, #8751, #8752, #8753), .UNSPECIFIED., .F., .U.)
   B_SPLINE_CURVE_WITH_KNOTS ((3, 2, 3), (1.29579600992368E-13, 1.57079632679503, 3.14159265358992), .UNSPECIFIED.)
   CURVE ()
   GEOMETRIC_REPRESENTATION_ITEM ()
   RATIONAL_B_SPLINE_CURVE ((1., 0.707106781186548, 1., 0.70710678118655, 1.))
   REPRESENTATION_ITEM ('')
);
#8755 = EDGE_CURVE ('', #8624, #8616, #8754, .T.);
#8756 = ORIENTED_EDGE ('', *, *, #8755, .T.);
#8757 = EDGE_LOOP ('', (#8748, #8756));
#8758 = FACE_OUTER_BOUND ('', #8757, .T.);
#8759 = CARTESIAN_POINT ('', (11.4991099289579, 121.647826472913, -14.5660998966978));
#8760 = CARTESIAN_POINT ('', (21.4991099289611, 121.647826472913, -14.5660998966978));
#8761 = CARTESIAN_POINT ('', (11.4991099289579, 131.609773453834, -15.4376573241735));
#8762 = CARTESIAN_POINT ('', (21.4991099289611, 131.609773453834, -15.4376573241735));
#8763 = B_SPLINE_SURFACE_WITH_KNOTS ('', 1, 1, ((#8759, #8760), (#8761, #8762)), .UNSPECIFIED., .F., .F., .U., (2, 2), (2, 2), (0.310610165995436, 0.647327680846287), (0.325600644069754, 0.662318158920605), .UNSPECIFIED.);
#8764 = ADVANCED_FACE ('', (#8758), #8763, .T.);
#8765 = ORIENTED_EDGE ('', *, *, #2700, .F.);
#8766 = CARTESIAN_POINT ('', (179.499999999998, 135.555106997314, -16.2847258132314));
#8767 = CARTESIAN_POINT ('', (179.499999999998, 135.005825693523, -9.6898172088739));
#8768 = CARTESIAN_POINT ('', (179.499999999998, 134.456544370284, -3.09490860121004));
#8769 = CARTESIAN_POINT ('', (179.499999999998, 133.907263028415, 3.50000000001528));
#8770 = B_SPLINE_CURVE_WITH_KNOTS ('', 3, (#8766, #8767, #8768, #8769), .UNSPECIFIED., .F., .U., (4, 4), (0.505455805424621, 20.3586863995666), .UNSPECIFIED.);
#8771 = EDGE_CURVE ('', #630, #2364, #8770, .T.);
#8772 = ORIENTED_EDGE ('', *, *, #8771, .F.);
#8773 = ORIENTED_EDGE ('', *, *, #658, .T.);
#8774 = CARTESIAN_POINT ('', (169.000138821063, 139.576286539654, 4.08289567134713));
#8775 = CARTESIAN_POINT ('', (169.003298091631, 141.312405034418, -16.7884375126137));
#8776 = B_SPLINE_CURVE_WITH_KNOTS ('', 1, (#8774, #8775), .UNSPECIFIED., .F., .U., (2, 2), (0.00611402885779257, 0.145256250084202), .UNSPECIFIED.);
#8777 = EDGE_CURVE ('', #2775, #621, #8776, .T.);
#8778 = ORIENTED_EDGE ('', *, *, #8777, .F.);
#8779 = ORIENTED_EDGE ('', *, *, #2785, .T.);
#8780 = EDGE_LOOP ('', (#8765, #8772, #8773, #8778, #8779));
#8781 = FACE_OUTER_BOUND ('', #8780, .T.);
#8782 = CARTESIAN_POINT ('', (169.000138818531, 139.576285147933, 4.08291240239544));
#8783 = CARTESIAN_POINT ('', (169.003298091632, 141.312405034418, -16.7884375126133));
#8784 = CARTESIAN_POINT ('', (175.806769842341, 139.576285147933, 4.08291240239543));
#8785 = CARTESIAN_POINT ('', (175.808208775833, 141.312405034419, -16.7884375126134));
#8786 = CARTESIAN_POINT ('', (179.499985882173, 133.858734870285, 4.08291240239468));
#8787 = CARTESIAN_POINT ('', (179.500491375051, 135.596299837043, -16.7884375126141));
#8788 = (
   BOUNDED_SURFACE ()
   B_SPLINE_SURFACE (2, 1, ((#8782, #8783), (#8784, #8785), (#8786, #8787)), .UNSPECIFIED., .F., .F., .U.)
   B_SPLINE_SURFACE_WITH_KNOTS ((3, 3), (2, 2), (12., 12.6283612829028), (0.00611391731747052, 0.145256250084199), .UNSPECIFIED.)
   GEOMETRIC_REPRESENTATION_ITEM ()
   RATIONAL_B_SPLINE_SURFACE (((1., 1.), (0.815957241272784, 0.815957241272784), (0.863205170511184, 0.863205170511184)))
   REPRESENTATION_ITEM ('')
   SURFACE ()
);
#8789 = ADVANCED_FACE ('', (#8781), #8788, .T.);
#8790 = ORIENTED_EDGE ('', *, *, #6660, .T.);
#8791 = ORIENTED_EDGE ('', *, *, #6303, .T.);
#8792 = CARTESIAN_POINT ('', (168.999863247129, 33.4234626720351, 4.08319309885516));
#8793 = CARTESIAN_POINT ('', (168.998170305342, 32.4759634143143, -7.26648269236673));
#8794 = B_SPLINE_CURVE_WITH_KNOTS ('', 1, (#8792, #8793), .UNSPECIFIED., .F., .U., (2, 2), (0.00611204600764538, 0.0817765512824581), .UNSPECIFIED.);
#8795 = EDGE_CURVE ('', #6254, #668, #8794, .T.);
#8796 = ORIENTED_EDGE ('', *, *, #8795, .T.);
#8797 = ORIENTED_EDGE ('', *, *, #694, .T.);
#8798 = CARTESIAN_POINT ('', (179.499999999998, 38.1535083560272, -7.7632034565274));
#8799 = CARTESIAN_POINT ('', (179.499999999998, 38.4665402443036, -4.00880230426711));
#8800 = CARTESIAN_POINT ('', (179.499999999998, 38.7795721386722, -0.254401151257584));
#8801 = CARTESIAN_POINT ('', (179.499999999998, 39.0926040389261, 3.50000000000272));
#8802 = B_SPLINE_CURVE_WITH_KNOTS ('', 3, (#8798, #8799, #8800, #8801), .UNSPECIFIED., .F., .U., (4, 4), (0.591175171283015, 11.8934604608689), .UNSPECIFIED.);
#8803 = EDGE_CURVE ('', #661, #3842, #8802, .T.);
#8804 = ORIENTED_EDGE ('', *, *, #8803, .T.);
#8805 = EDGE_LOOP ('', (#8790, #8791, #8796, #8797, #8804));
#8806 = FACE_OUTER_BOUND ('', #8805, .T.);
#8807 = CARTESIAN_POINT ('', (179.500276567859, 39.141657303781, 4.0831930988559));
#8808 = CARTESIAN_POINT ('', (179.499993884673, 38.153498953089, -7.76320267253565));
#8809 = CARTESIAN_POINT ('', (175.80704432592, 33.4234626720345, 4.08319309885515));
#8810 = CARTESIAN_POINT ('', (175.806239563209, 32.4344959908241, -7.76320267253641));
#8811 = CARTESIAN_POINT ('', (168.999863247129, 33.423462672035, 4.08319309885515));
#8812 = CARTESIAN_POINT ('', (168.998096213533, 32.4344959908246, -7.76320267253641));
#8813 = (
   BOUNDED_SURFACE ()
   B_SPLINE_SURFACE (2, 1, ((#8807, #8808), (#8809, #8810), (#8811, #8812)), .UNSPECIFIED., .F., .F., .U.)
   B_SPLINE_SURFACE_WITH_KNOTS ((3, 3), (2, 2), (0.37160858798758, 1.), (0.00611204600764543, 0.0850880178169226), .UNSPECIFIED.)
   GEOMETRIC_REPRESENTATION_ITEM ()
   RATIONAL_B_SPLINE_SURFACE (((0.863209701996981, 0.863209701996981), (0.815948416660932, 0.815948416660932), (1., 1.)))
   REPRESENTATION_ITEM ('')
   SURFACE ()
);
#8814 = ADVANCED_FACE ('', (#8806), #8813, .T.);
#8815 = ORIENTED_EDGE ('', *, *, #703, .T.);
#8816 = ORIENTED_EDGE ('', *, *, #8795, .F.);
#8817 = ORIENTED_EDGE ('', *, *, #6260, .T.);
#8818 = CARTESIAN_POINT ('', (82.4905070484587, 33.4234626720348, 4.08319309885517));
#8819 = CARTESIAN_POINT ('', (82.4770978105241, 32.475963414314, -7.26648269236669));
#8820 = B_SPLINE_CURVE_WITH_KNOTS ('', 1, (#8818, #8819), .UNSPECIFIED., .F., .U., (2, 2), (0.00611204600764532, 0.0817765512824579), .UNSPECIFIED.);
#8821 = EDGE_CURVE ('', #6158, #697, #8820, .T.);
#8822 = ORIENTED_EDGE ('', *, *, #8821, .T.);
#8823 = EDGE_LOOP ('', (#8815, #8816, #8817, #8822));
#8824 = FACE_OUTER_BOUND ('', #8823, .T.);
#8825 = CARTESIAN_POINT ('', (168.999863247129, 33.423462672035, 4.08319309885516));
#8826 = CARTESIAN_POINT ('', (168.998170305342, 32.4759634143143, -7.26648269236669));
#8827 = CARTESIAN_POINT ('', (125.745185147794, 33.4234626720349, 4.08319309885515));
#8828 = CARTESIAN_POINT ('', (125.737634057933, 32.4759634143142, -7.26648269236669));
#8829 = CARTESIAN_POINT ('', (82.4905070484587, 33.4234626720347, 4.08319309885515));
#8830 = CARTESIAN_POINT ('', (82.4770978105241, 32.475963414314, -7.26648269236669));
#8831 = B_SPLINE_SURFACE_WITH_KNOTS ('', 2, 1, ((#8825, #8826), (#8827, #8828), (#8829, #8830)), .UNSPECIFIED., .F., .F., .U., (3, 3), (2, 2), (1., 2.), (0.00611204600764538, 0.0817765512824579), .UNSPECIFIED.);
#8832 = ADVANCED_FACE ('', (#8824), #8831, .T.);
#8833 = ORIENTED_EDGE ('', *, *, #714, .T.);
#8834 = ORIENTED_EDGE ('', *, *, #8821, .F.);
#8835 = ORIENTED_EDGE ('', *, *, #6174, .T.);
#8836 = CARTESIAN_POINT ('', (70.9729294006687, 31.9068834235676, 4.08005623892872));
#8837 = CARTESIAN_POINT ('', (70.9581381513617, 30.9704391241505, -7.13476638431465));
#8838 = B_SPLINE_CURVE_WITH_KNOTS ('', 1, (#8836, #8837), .UNSPECIFIED., .F., .U., (2, 2), (0.00613295840715367, 0.0808984425621096), .UNSPECIFIED.);
#8839 = EDGE_CURVE ('', #6101, #706, #8838, .T.);
#8840 = ORIENTED_EDGE ('', *, *, #8839, .T.);
#8841 = EDGE_LOOP ('', (#8833, #8834, #8835, #8840));
#8842 = FACE_OUTER_BOUND ('', #8841, .T.);
#8843 = CARTESIAN_POINT ('', (82.4905070484586, 33.4234626720347, 4.08319309885516));
#8844 = CARTESIAN_POINT ('', (82.4770978105241, 32.475963414314, -7.26648269236663));
#8845 = CARTESIAN_POINT ('', (76.6319068120903, 33.4234626720347, 4.08319309885516));
#8846 = CARTESIAN_POINT ('', (76.617704121304, 32.475963414314, -7.26648269236663));
#8847 = CARTESIAN_POINT ('', (70.9729335378788, 31.9071453532204, 4.08319309885496));
#8848 = CARTESIAN_POINT ('', (70.957964430491, 30.9594407347903, -7.26648269236683));
#8849 = (
   BOUNDED_SURFACE ()
   B_SPLINE_SURFACE (2, 1, ((#8843, #8844), (#8845, #8846), (#8847, #8848)), .UNSPECIFIED., .F., .F., .U.)
   B_SPLINE_SURFACE_WITH_KNOTS ((3, 3), (2, 2), (2., 3.), (0.00611204600764532, 0.0817765512824574), .UNSPECIFIED.)
   GEOMETRIC_REPRESENTATION_ITEM ()
   RATIONAL_B_SPLINE_SURFACE (((1., 1.), (0.991444861373809, 0.99144486137381), (1., 1.)))
   REPRESENTATION_ITEM ('')
   SURFACE ()
);
#8850 = ADVANCED_FACE ('', (#8842), #8849, .T.);
#8851 = ORIENTED_EDGE ('', *, *, #723, .T.);
#8852 = ORIENTED_EDGE ('', *, *, #8839, .F.);
#8853 = ORIENTED_EDGE ('', *, *, #6107, .T.);
#8854 = CARTESIAN_POINT ('', (67.2350604476678, 30.9053244561978, 4.08005623892859));
#8855 = CARTESIAN_POINT ('', (67.2198876057337, 29.9760118078069, -7.04776526743421));
#8856 = B_SPLINE_CURVE_WITH_KNOTS ('', 1, (#8854, #8855), .UNSPECIFIED., .F., .U., (2, 2), (0.00613295840715362, 0.0803184351162391), .UNSPECIFIED.);
#8857 = EDGE_CURVE ('', #6005, #717, #8856, .T.);
#8858 = ORIENTED_EDGE ('', *, *, #8857, .T.);
#8859 = EDGE_LOOP ('', (#8851, #8852, #8853, #8858));
#8860 = FACE_OUTER_BOUND ('', #8859, .T.);
#8861 = CARTESIAN_POINT ('', (70.9729294006687, 31.9068834235676, 4.08005623892872));
#8862 = CARTESIAN_POINT ('', (70.9581381513617, 30.9704391241505, -7.13476638431456));
#8863 = CARTESIAN_POINT ('', (69.1039949241682, 31.4061039398828, 4.08005623892865));
#8864 = CARTESIAN_POINT ('', (69.0889535653122, 30.4695926238139, -7.13476638431462));
#8865 = CARTESIAN_POINT ('', (67.2350604476679, 30.9053244561979, 4.08005623892859));
#8866 = CARTESIAN_POINT ('', (67.2197689792629, 29.9687461234774, -7.13476638431469));
#8867 = B_SPLINE_SURFACE_WITH_KNOTS ('', 2, 1, ((#8861, #8862), (#8863, #8864), (#8865, #8866)), .UNSPECIFIED., .F., .F., .U., (3, 3), (2, 2), (3., 4.), (0.00613295840715362, 0.0808984425621089), .UNSPECIFIED.);
#8868 = ADVANCED_FACE ('', (#8860), #8867, .T.);
#8869 = ORIENTED_EDGE ('', *, *, #734, .T.);
#8870 = ORIENTED_EDGE ('', *, *, #8857, .F.);
#8871 = ORIENTED_EDGE ('', *, *, #6021, .T.);
#8872 = CARTESIAN_POINT ('', (56.5023772862981, 26.4589869255259, 4.07144112272173));
#8873 = CARTESIAN_POINT ('', (56.486368141977, 25.5620743673355, -6.66159577988084));
#8874 = B_SPLINE_CURVE_WITH_KNOTS ('', 1, (#8872, #8873), .UNSPECIFIED., .F., .U., (2, 2), (0.00619039251519538, 0.0777439718658794), .UNSPECIFIED.);
#8875 = EDGE_CURVE ('', #5948, #726, #8874, .T.);
#8876 = ORIENTED_EDGE ('', *, *, #8875, .T.);
#8877 = EDGE_LOOP ('', (#8869, #8870, #8871, #8876));
#8878 = FACE_OUTER_BOUND ('', #8877, .T.);
#8879 = CARTESIAN_POINT ('', (67.2350604476679, 30.9053244561979, 4.08005623892859));
#8880 = CARTESIAN_POINT ('', (67.2198876057338, 29.976011807807, -7.04776526743408));
#8881 = CARTESIAN_POINT ('', (61.5760869616315, 29.3890070806253, 4.08005623892839));
#8882 = CARTESIAN_POINT ('', (61.5601626843879, 28.4594930857501, -7.04776526743427));
#8883 = CARTESIAN_POINT ('', (56.5023901364019, 26.4597068527921, 4.080056238928));
#8884 = CARTESIAN_POINT ('', (56.485792140691, 25.5298038863784, -7.04776526743467));
#8885 = (
   BOUNDED_SURFACE ()
   B_SPLINE_SURFACE (2, 1, ((#8879, #8880), (#8881, #8882), (#8883, #8884)), .UNSPECIFIED., .F., .F., .U.)
   B_SPLINE_SURFACE_WITH_KNOTS ((3, 3), (2, 2), (4., 5.), (0.00613295840715362, 0.0803184351162382), .UNSPECIFIED.)
   GEOMETRIC_REPRESENTATION_ITEM ()
   RATIONAL_B_SPLINE_SURFACE (((1., 1.), (0.991444861373806, 0.991444861373806), (1., 1.)))
   REPRESENTATION_ITEM ('')
   SURFACE ()
);
#8886 = ADVANCED_FACE ('', (#8878), #8885, .T.);
#8887 = ORIENTED_EDGE ('', *, *, #743, .T.);
#8888 = ORIENTED_EDGE ('', *, *, #8875, .F.);
#8889 = ORIENTED_EDGE ('', *, *, #5954, .T.);
#8890 = CARTESIAN_POINT ('', (35.3560758298328, 14.2501640872705, 4.07144112272012));
#8891 = CARTESIAN_POINT ('', (35.3392077849905, 13.4404639770706, -5.6010922870561));
#8892 = B_SPLINE_CURVE_WITH_KNOTS ('', 1, (#8890, #8891), .UNSPECIFIED., .F., .U., (2, 2), (0.00619039251519534, 0.0706739485803703), .UNSPECIFIED.);
#8893 = EDGE_CURVE ('', #5863, #737, #8892, .T.);
#8894 = ORIENTED_EDGE ('', *, *, #8893, .T.);
#8895 = EDGE_LOOP ('', (#8887, #8888, #8889, #8894));
#8896 = FACE_OUTER_BOUND ('', #8895, .T.);
#8897 = CARTESIAN_POINT ('', (56.5023772862981, 26.4589869255259, 4.07144112272174));
#8898 = CARTESIAN_POINT ('', (56.486368141977, 25.5620743673355, -6.66159577988068));
#8899 = CARTESIAN_POINT ('', (45.9292265580655, 20.3545755063982, 4.07144112272094));
#8900 = CARTESIAN_POINT ('', (45.9118632512231, 19.4568811221116, -6.66159577988149));
#8901 = CARTESIAN_POINT ('', (35.3560758298329, 14.2501640872705, 4.07144112272013));
#8902 = CARTESIAN_POINT ('', (35.3373583604691, 13.3516878768877, -6.6615957798823));
#8903 = B_SPLINE_SURFACE_WITH_KNOTS ('', 2, 1, ((#8897, #8898), (#8899, #8900), (#8901, #8902)), .UNSPECIFIED., .F., .F., .U., (3, 3), (2, 2), (5., 6.), (0.0061903925151953, 0.0777439718658783), .UNSPECIFIED.);
#8904 = ADVANCED_FACE ('', (#8896), #8903, .T.);
#8905 = ORIENTED_EDGE ('', *, *, #784, .T.);
#8906 = ORIENTED_EDGE ('', *, *, #8893, .F.);
#8907 = ORIENTED_EDGE ('', *, *, #5877, .T.);
#8908 = CARTESIAN_POINT ('', (18.2805146091732, 18.8231926888593, 4.04347393101632));
#8909 = CARTESIAN_POINT ('', (18.2609561036159, 17.9831126182116, -5.99852254553682));
#8910 = B_SPLINE_CURVE_WITH_KNOTS ('', 1, (#8908, #8909), .UNSPECIFIED., .F., .U., (2, 2), (0.00637684045989138, 0.0733234836369125), .UNSPECIFIED.);
#8911 = EDGE_CURVE ('', #5808, #746, #8910, .T.);
#8912 = ORIENTED_EDGE ('', *, *, #8911, .T.);
#8913 = EDGE_LOOP ('', (#8905, #8906, #8907, #8912));
#8914 = FACE_OUTER_BOUND ('', #8913, .T.);
#8915 = CARTESIAN_POINT ('', (35.3560976645749, 14.2512121988431, 4.08396167702819));
#8916 = CARTESIAN_POINT ('', (35.3385147016857, 13.4071945831635, -5.9985225455372));
#8917 = CARTESIAN_POINT ('', (24.5306617850953, 8.00114387973068, 4.08396167702736));
#8918 = CARTESIAN_POINT ('', (24.5117763851267, 7.15637430165269, -5.99852254553801));
#8919 = CARTESIAN_POINT ('', (18.2805934659829, 18.8265797592102, 4.0839616770288));
#8920 = CARTESIAN_POINT ('', (18.2609561036159, 17.9831126182116, -5.99852254553659));
#8921 = (
   BOUNDED_SURFACE ()
   B_SPLINE_SURFACE (2, 1, ((#8915, #8916), (#8917, #8918), (#8919, #8920)), .UNSPECIFIED., .F., .F., .U.)
   B_SPLINE_SURFACE_WITH_KNOTS ((3, 3), (2, 2), (6., 7.), (0.00610692215314158, 0.0733234836369109), .UNSPECIFIED.)
   GEOMETRIC_REPRESENTATION_ITEM ()
   RATIONAL_B_SPLINE_SURFACE (((1., 1.), (0.707106781186544, 0.707106781186544), (1., 1.)))
   REPRESENTATION_ITEM ('')
   SURFACE ()
);
#8922 = ADVANCED_FACE ('', (#8914), #8921, .T.);
#8923 = ORIENTED_EDGE ('', *, *, #793, .T.);
#8924 = ORIENTED_EDGE ('', *, *, #8911, .F.);
#8925 = ORIENTED_EDGE ('', *, *, #5814, .T.);
#8926 = CARTESIAN_POINT ('', (4.89395234280654, 42.0093986728908, 4.0434739310194));
#8927 = CARTESIAN_POINT ('', (4.86854523690783, 41.0041629230167, -8.0126034696645));
#8928 = B_SPLINE_CURVE_WITH_KNOTS ('', 1, (#8926, #8927), .UNSPECIFIED., .F., .U., (2, 2), (0.00637684045989138, 0.0867506897977842), .UNSPECIFIED.);
#8929 = EDGE_CURVE ('', #5767, #787, #8928, .T.);
#8930 = ORIENTED_EDGE ('', *, *, #8929, .T.);
#8931 = EDGE_LOOP ('', (#8923, #8924, #8925, #8930));
#8932 = FACE_OUTER_BOUND ('', #8931, .T.);
#8933 = CARTESIAN_POINT ('', (18.2805146091732, 18.8231926888592, 4.04347393101632));
#8934 = CARTESIAN_POINT ('', (18.2570333365606, 17.8146212978866, -8.0126034696673));
#8935 = CARTESIAN_POINT ('', (11.5872334759899, 30.4162956808751, 4.04347393101785));
#8936 = CARTESIAN_POINT ('', (11.5627892867343, 29.4093921104518, -8.01260346966576));
#8937 = CARTESIAN_POINT ('', (4.89395234280654, 42.0093986728908, 4.04347393101939));
#8938 = CARTESIAN_POINT ('', (4.86854523690783, 41.0041629230167, -8.01260346966423));
#8939 = B_SPLINE_SURFACE_WITH_KNOTS ('', 2, 1, ((#8933, #8934), (#8935, #8936), (#8937, #8938)), .UNSPECIFIED., .F., .F., .U., (3, 3), (2, 2), (7., 8.), (0.00637684045989142, 0.0867506897977824), .UNSPECIFIED.);
#8940 = ADVANCED_FACE ('', (#8932), #8939, .T.);
#8941 = ORIENTED_EDGE ('', *, *, #5686, .F.);
#8942 = CARTESIAN_POINT ('', (3.89969783917908, 42.8895615309671, -8.1775529431591));
#8943 = CARTESIAN_POINT ('', (3.90805734573289, 43.2137817298641, -4.2850352949903));
#8944 = CARTESIAN_POINT ('', (3.9164168526158, 43.5380019415248, -0.392517645988747));
#8945 = CARTESIAN_POINT ('', (3.92477635981957, 43.8622221656316, 3.50000000000336));
#8946 = B_SPLINE_CURVE_WITH_KNOTS ('', 3, (#8942, #8943, #8944, #8945), .UNSPECIFIED., .F., .U., (4, 4), (0.774036641422609, 12.4920544055975), .UNSPECIFIED.);
#8947 = EDGE_CURVE ('', #796, #3760, #8946, .T.);
#8948 = ORIENTED_EDGE ('', *, *, #8947, .F.);
#8949 = ORIENTED_EDGE ('', *, *, #804, .T.);
#8950 = ORIENTED_EDGE ('', *, *, #8929, .F.);
#8951 = ORIENTED_EDGE ('', *, *, #5773, .T.);
#8952 = EDGE_LOOP ('', (#8941, #8948, #8949, #8950, #8951));
#8953 = FACE_OUTER_BOUND ('', #8952, .T.);
#8954 = CARTESIAN_POINT ('', (4.89395234280654, 42.0093986728908, 4.04347393101939));
#8955 = CARTESIAN_POINT ('', (4.8681976734609, 40.9904115259233, -8.17752787445818));
#8956 = CARTESIAN_POINT ('', (4.36042496294566, 42.9334952020389, 4.04347393101952));
#8957 = CARTESIAN_POINT ('', (4.33459248866957, 41.9146428171641, -8.17752787445806));
#8958 = CARTESIAN_POINT ('', (3.9257208383838, 43.9079890113233, 4.04347393101965));
#8959 = CARTESIAN_POINT ('', (3.89982497068976, 42.8892787380363, -8.17752787445793));
#8960 = (
   BOUNDED_SURFACE ()
   B_SPLINE_SURFACE (2, 1, ((#8954, #8955), (#8956, #8957), (#8958, #8959)), .UNSPECIFIED., .F., .F., .U.)
   B_SPLINE_SURFACE_WITH_KNOTS ((3, 3), (2, 2), (8., 8.19052410537939), (0.00637684045989138, 0.0878501858297421), .UNSPECIFIED.)
   GEOMETRIC_REPRESENTATION_ITEM ()
   RATIONAL_B_SPLINE_SURFACE (((1., 1.), (0.992857214578516, 0.992857214578516), (0.988436174761723, 0.988436174761723)))
   REPRESENTATION_ITEM ('')
   SURFACE ()
);
#8961 = ADVANCED_FACE ('', (#8953), #8960, .T.);
#8962 = ORIENTED_EDGE ('', *, *, #8947, .T.);
#8963 = ORIENTED_EDGE ('', *, *, #3764, .T.);
#8964 = CARTESIAN_POINT ('', (6.29590132182835, 135.825378345322, -16.3083957627222));
#8965 = CARTESIAN_POINT ('', (6.2817226877895, 135.275465558176, -9.70559717521345));
#8966 = CARTESIAN_POINT ('', (6.26754405324813, 134.725552751539, -3.10279858436467));
#8967 = CARTESIAN_POINT ('', (6.25336541822548, 134.175639926236, 3.50000000001531));
#8968 = B_SPLINE_CURVE_WITH_KNOTS ('', 3, (#8964, #8965, #8966, #8967), .UNSPECIFIED., .F., .U., (4, 4), (0.481704846636086, 20.3587264701028), .UNSPECIFIED.);
#8969 = EDGE_CURVE ('', #592, #3324, #8968, .T.);
#8970 = ORIENTED_EDGE ('', *, *, #8969, .F.);
#8971 = ORIENTED_EDGE ('', *, *, #809, .F.);
#8972 = EDGE_LOOP ('', (#8962, #8963, #8970, #8971));
#8973 = FACE_OUTER_BOUND ('', #8972, .T.);
#8974 = CARTESIAN_POINT ('', (6.29590129828948, 135.825377432376, -16.3083848009818));
#8975 = CARTESIAN_POINT ('', (6.29590129828948, 135.825377432373, 3.50000000001551));
#8976 = CARTESIAN_POINT ('', (3.8996883049823, 42.8891917508675, -16.3083848009939));
#8977 = CARTESIAN_POINT ('', (3.8996883049823, 42.8891917508649, 3.50000000000336));
#8978 = B_SPLINE_SURFACE_WITH_KNOTS ('', 1, 1, ((#8974, #8975), (#8976, #8977)), .UNSPECIFIED., .F., .F., .U., (2, 2), (2, 2), (1.11397590317432, 4.49954049780493), (0.096828538834305, 0.81818681047555), .UNSPECIFIED.);
#8979 = ADVANCED_FACE ('', (#8973), #8978, .T.);
#8980 = ORIENTED_EDGE ('', *, *, #3169, .T.);
#8981 = ORIENTED_EDGE ('', *, *, #3083, .F.);
#8982 = ORIENTED_EDGE ('', *, *, #3031, .T.);
#8983 = CARTESIAN_POINT ('', (16.6008017903343, 140.706138484405, -9.49999999998415));
#8984 = CARTESIAN_POINT ('', (16.6153582533, 141.312405034418, -16.7884375126137));
#8985 = B_SPLINE_CURVE_WITH_KNOTS ('', 1, (#8983, #8984), .UNSPECIFIED., .F., .U., (2, 2), (0.09666666666667, 0.145256250084202), .UNSPECIFIED.);
#8986 = EDGE_CURVE ('', #3014, #590, #8985, .T.);
#8987 = ORIENTED_EDGE ('', *, *, #8986, .T.);
#8988 = ORIENTED_EDGE ('', *, *, #618, .T.);
#8989 = ORIENTED_EDGE ('', *, *, #8969, .T.);
#8990 = ORIENTED_EDGE ('', *, *, #3330, .T.);
#8991 = EDGE_LOOP ('', (#8980, #8981, #8982, #8987, #8988, #8989, #8990));
#8992 = FACE_OUTER_BOUND ('', #8991, .T.);
#8993 = CARTESIAN_POINT ('', (6.25212877885504, 134.127129796728, 4.08271859374093));
#8994 = CARTESIAN_POINT ('', (6.29642133039857, 135.864610798007, -16.7884375126141));
#8995 = CARTESIAN_POINT ('', (9.97447991695381, 139.576301269317, 4.08271859374165));
#8996 = CARTESIAN_POINT ('', (10.0178316728774, 141.312405034419, -16.7884375126134));
#8997 = CARTESIAN_POINT ('', (16.573674393023, 139.576301269317, 4.08271859374165));
#8998 = CARTESIAN_POINT ('', (16.6153582533, 141.312405034418, -16.7884375126134));
#8999 = (
   BOUNDED_SURFACE ()
   B_SPLINE_SURFACE (2, 1, ((#8993, #8994), (#8995, #8996), (#8997, #8998)), .UNSPECIFIED., .F., .F., .U.)
   B_SPLINE_SURFACE_WITH_KNOTS ((3, 3), (2, 2), (10.3772693558504, 11.), (0.00611520937516241, 0.145256250084199), .UNSPECIFIED.)
   GEOMETRIC_REPRESENTATION_ITEM ()
   RATIONAL_B_SPLINE_SURFACE (((0.866631605482899, 0.866631605482899), (0.823245126527078, 0.823245126527078), (1., 1.)))
   REPRESENTATION_ITEM ('')
   SURFACE ()
);
#9000 = ADVANCED_FACE ('', (#8992), #8999, .T.);
#9001 = ORIENTED_EDGE ('', *, *, #627, .T.);
#9002 = ORIENTED_EDGE ('', *, *, #8986, .F.);
#9003 = ORIENTED_EDGE ('', *, *, #3020, .F.);
#9004 = ORIENTED_EDGE ('', *, *, #2982, .T.);
#9005 = ORIENTED_EDGE ('', *, *, #2844, .T.);
#9006 = ORIENTED_EDGE ('', *, *, #8777, .T.);
#9007 = EDGE_LOOP ('', (#9001, #9002, #9003, #9004, #9005, #9006));
#9008 = FACE_OUTER_BOUND ('', #9007, .T.);
#9009 = CARTESIAN_POINT ('', (16.5736740393637, 139.576286539654, 4.08289567134712));
#9010 = CARTESIAN_POINT ('', (16.6153582533, 141.312405034418, -16.7884375126134));
#9011 = CARTESIAN_POINT ('', (92.7869064302133, 139.576286539654, 4.08289567134713));
#9012 = CARTESIAN_POINT ('', (92.8093281724657, 141.312405034418, -16.7884375126134));
#9013 = CARTESIAN_POINT ('', (169.000138821063, 139.576286539654, 4.08289567134712));
#9014 = CARTESIAN_POINT ('', (169.003298091631, 141.312405034418, -16.7884375126134));
#9015 = B_SPLINE_SURFACE_WITH_KNOTS ('', 2, 1, ((#9009, #9010), (#9011, #9012), (#9013, #9014)), .UNSPECIFIED., .F., .F., .U., (3, 3), (2, 2), (11., 12.), (0.00611402885779262, 0.145256250084199), .UNSPECIFIED.);
#9016 = ADVANCED_FACE ('', (#9008), #9015, .T.);
#9017 = ORIENTED_EDGE ('', *, *, #2065, .T.);
#9018 = CARTESIAN_POINT ('', (164.34363520053, 110.760949727852, -12.1078918439847));
#9019 = CARTESIAN_POINT ('', (164.34363520053, 110.760949727852, -14.115531519074));
#9020 = B_SPLINE_CURVE_WITH_KNOTS ('', 1, (#9018, #9019), .UNSPECIFIED., .F., .U., (2, 2), (0.532354310558991, 0.572742298987632), .UNSPECIFIED.);
#9021 = EDGE_CURVE ('', #431, #2026, #9020, .T.);
#9022 = ORIENTED_EDGE ('', *, *, #9021, .F.);
#9023 = ORIENTED_EDGE ('', *, *, #465, .F.);
#9024 = ORIENTED_EDGE ('', *, *, #573, .T.);
#9025 = EDGE_LOOP ('', (#9017, #9022, #9023, #9024));
#9026 = FACE_OUTER_BOUND ('', #9025, .T.);
#9027 = CARTESIAN_POINT ('', (164.34363520053, 110.760949727851, -11.9095727664946));
#9028 = CARTESIAN_POINT ('', (164.34363520053, 110.76094972785, -14.1155315190742));
#9029 = CARTESIAN_POINT ('', (163.473552685244, 110.756713994211, -11.9095727664946));
#9030 = CARTESIAN_POINT ('', (163.473552685244, 110.75671399421, -14.1155315190742));
#9031 = CARTESIAN_POINT ('', (163.045253094884, 109.99933629072, -11.9095727664946));
#9032 = CARTESIAN_POINT ('', (163.045253094884, 109.99933629072, -14.1155315190742));
#9033 = CARTESIAN_POINT ('', (162.616953504525, 109.24195858723, -11.9095727664945));
#9034 = CARTESIAN_POINT ('', (162.616953504525, 109.24195858723, -14.1155315190741));
#9035 = CARTESIAN_POINT ('', (163.061753775296, 108.4941522995, -11.9095727664945));
#9036 = CARTESIAN_POINT ('', (163.061753775296, 108.4941522995, -14.1155315190741));
#9037 = (
   BOUNDED_SURFACE ()
   B_SPLINE_SURFACE (2, 1, ((#9027, #9028), (#9029, #9030), (#9031, #9032), (#9033, #9034), (#9035, #9036)), .UNSPECIFIED., .F., .F., .U.)
   B_SPLINE_SURFACE_WITH_KNOTS ((3, 2, 3), (2, 2), (0., 0.0569584442367105, 0.113916888473421), (0.948689242263874, 1.02837010462484), .UNSPECIFIED.)
   GEOMETRIC_REPRESENTATION_ITEM ()
   RATIONAL_B_SPLINE_SURFACE (((1., 1.), (0.86500795629745, 0.86500795629745), (1., 1.), (0.86500795629745, 0.86500795629745), (1., 1.)))
   REPRESENTATION_ITEM ('')
   SURFACE ()
);
#9038 = ADVANCED_FACE ('', (#9026), #9037, .T.);
#9039 = ORIENTED_EDGE ('', *, *, #2030, .F.);
#9040 = CARTESIAN_POINT ('', (169.098328931649, 110.784096516612, -12.1099169255982));
#9041 = CARTESIAN_POINT ('', (169.098328931649, 110.784096516612, -14.1175566006875));
#9042 = B_SPLINE_CURVE_WITH_KNOTS ('', 1, (#9040, #9041), .UNSPECIFIED., .F., .U., (2, 2), (0.53239504942951, 0.572783037858151), .UNSPECIFIED.);
#9043 = EDGE_CURVE ('', #468, #1989, #9042, .T.);
#9044 = ORIENTED_EDGE ('', *, *, #9043, .F.);
#9045 = ORIENTED_EDGE ('', *, *, #472, .T.);
#9046 = ORIENTED_EDGE ('', *, *, #9021, .T.);
#9047 = EDGE_LOOP ('', (#9039, #9044, #9045, #9046));
#9048 = FACE_OUTER_BOUND ('', #9047, .T.);
#9049 = CARTESIAN_POINT ('', (169.098328931649, 110.784096516612, -12.1078918439847));
#9050 = CARTESIAN_POINT ('', (169.098328931649, 110.784096516612, -14.1175566006875));
#9051 = CARTESIAN_POINT ('', (164.34363520053, 110.760949727852, -12.1078918439847));
#9052 = CARTESIAN_POINT ('', (164.34363520053, 110.760949727852, -14.1175566006875));
#9053 = B_SPLINE_SURFACE_WITH_KNOTS ('', 1, 1, ((#9049, #9050), (#9051, #9052)), .UNSPECIFIED., .F., .F., .U., (2, 2), (2, 2), (0.0361207399131049, 0.207865830628497), (0.955852674081705, 1.0284432520711), .UNSPECIFIED.);
#9054 = ADVANCED_FACE ('', (#9048), #9053, .T.);
#9055 = ORIENTED_EDGE ('', *, *, #2023, .T.);
#9056 = CARTESIAN_POINT ('', (170.402219511514, 108.529887137412, -11.9126991597047));
#9057 = CARTESIAN_POINT ('', (170.402219511514, 108.529887137412, -13.9203388347939));
#9058 = B_SPLINE_CURVE_WITH_KNOTS ('', 1, (#9056, #9057), .UNSPECIFIED., .F., .U., (2, 2), (0.528427590056365, 0.568815578485006), .UNSPECIFIED.);
#9059 = EDGE_CURVE ('', #475, #1982, #9058, .T.);
#9060 = ORIENTED_EDGE ('', *, *, #9059, .F.);
#9061 = ORIENTED_EDGE ('', *, *, #509, .F.);
#9062 = ORIENTED_EDGE ('', *, *, #9043, .T.);
#9063 = EDGE_LOOP ('', (#9055, #9060, #9061, #9062));
#9064 = FACE_OUTER_BOUND ('', #9063, .T.);
#9065 = CARTESIAN_POINT ('', (170.402219511513, 108.529887137412, -11.9126991597047));
#9066 = CARTESIAN_POINT ('', (170.402219511513, 108.529887137412, -14.1175909688536));
#9067 = CARTESIAN_POINT ('', (170.839717934784, 109.281988629554, -11.9126991597047));
#9068 = CARTESIAN_POINT ('', (170.839717934784, 109.281988629554, -14.1175909688536));
#9069 = CARTESIAN_POINT ('', (170.404064690859, 110.035160439903, -11.9126991597047));
#9070 = CARTESIAN_POINT ('', (170.404064690859, 110.035160439903, -14.1175909688536));
#9071 = CARTESIAN_POINT ('', (169.968411446934, 110.788332250252, -11.9126991597046));
#9072 = CARTESIAN_POINT ('', (169.968411446934, 110.788332250252, -14.1175909688536));
#9073 = CARTESIAN_POINT ('', (169.098328931648, 110.784096516612, -11.9126991597046));
#9074 = CARTESIAN_POINT ('', (169.098328931648, 110.784096516612, -14.1175909688536));
#9075 = (
   BOUNDED_SURFACE ()
   B_SPLINE_SURFACE (2, 1, ((#9065, #9066), (#9067, #9068), (#9069, #9070), (#9071, #9072), (#9073, #9074)), .UNSPECIFIED., .F., .F., .U.)
   B_SPLINE_SURFACE_WITH_KNOTS ((3, 2, 3), (2, 2), (0., 0.0569584442367109, 0.113916888473422), (0.948802169899884, 1.02844449347469), .UNSPECIFIED.)
   GEOMETRIC_REPRESENTATION_ITEM ()
   RATIONAL_B_SPLINE_SURFACE (((1., 1.), (0.865007956297442, 0.865007956297442), (1., 1.), (0.865007956297442, 0.865007956297442), (1., 1.)))
   REPRESENTATION_ITEM ('')
   SURFACE ()
);
#9076 = ADVANCED_FACE ('', (#9064), #9075, .T.);
#9077 = ORIENTED_EDGE ('', *, *, #1986, .F.);
#9078 = CARTESIAN_POINT ('', (168.044547416401, 104.476824071581, -11.5581020888894));
#9079 = CARTESIAN_POINT ('', (168.044547416401, 104.476824071581, -13.5657417639786));
#9080 = B_SPLINE_CURVE_WITH_KNOTS ('', 1, (#9078, #9079), .UNSPECIFIED., .F., .U., (2, 2), (0.521294107604, 0.561682096032642), .UNSPECIFIED.);
#9081 = EDGE_CURVE ('', #512, #1945, #9080, .T.);
#9082 = ORIENTED_EDGE ('', *, *, #9081, .F.);
#9083 = ORIENTED_EDGE ('', *, *, #516, .T.);
#9084 = ORIENTED_EDGE ('', *, *, #9059, .T.);
#9085 = EDGE_LOOP ('', (#9077, #9082, #9083, #9084));
#9086 = FACE_OUTER_BOUND ('', #9085, .T.);
#9087 = CARTESIAN_POINT ('', (168.044547416401, 104.476824071581, -11.5581020888894));
#9088 = CARTESIAN_POINT ('', (168.044547416401, 104.476824071581, -13.9203388347939));
#9089 = CARTESIAN_POINT ('', (170.402219511514, 108.529887137412, -11.5581020888894));
#9090 = CARTESIAN_POINT ('', (170.402219511514, 108.529887137412, -13.9203388347939));
#9091 = B_SPLINE_SURFACE_WITH_KNOTS ('', 1, 1, ((#9087, #9088), (#9089, #9090)), .UNSPECIFIED., .F., .F., .U., (2, 2), (2, 2), (0.449474443747315, 0.618841577039921), (0.935993861331015, 1.02131960044302), .UNSPECIFIED.);
#9092 = ADVANCED_FACE ('', (#9086), #9091, .T.);
#9093 = ORIENTED_EDGE ('', *, *, #1979, .T.);
#9094 = ORIENTED_EDGE ('', *, *, #579, .F.);
#9095 = ORIENTED_EDGE ('', *, *, #551, .F.);
#9096 = ORIENTED_EDGE ('', *, *, #9081, .T.);
#9097 = EDGE_LOOP ('', (#9093, #9094, #9095, #9096));
#9098 = FACE_OUTER_BOUND ('', #9097, .T.);
#9099 = CARTESIAN_POINT ('', (165.458775411302, 104.464236022431, -11.4928486206927));
#9100 = CARTESIAN_POINT ('', (165.458775411302, 104.464236022431, -13.5657417639788));
#9101 = CARTESIAN_POINT ('', (165.897352340785, 103.726892529021, -11.4928486206927));
#9102 = CARTESIAN_POINT ('', (165.897352340785, 103.726892529021, -13.5657417639788));
#9103 = CARTESIAN_POINT ('', (166.755261256373, 103.731068999172, -11.4928486206926));
#9104 = CARTESIAN_POINT ('', (166.755261256373, 103.731068999172, -13.5657417639787));
#9105 = CARTESIAN_POINT ('', (167.613170171962, 103.735245469323, -11.4928486206926));
#9106 = CARTESIAN_POINT ('', (167.613170171962, 103.735245469323, -13.5657417639787));
#9107 = CARTESIAN_POINT ('', (168.044547416401, 104.476824071582, -11.4928486206926));
#9108 = CARTESIAN_POINT ('', (168.044547416402, 104.476824071582, -13.5657417639787));
#9109 = (
   BOUNDED_SURFACE ()
   B_SPLINE_SURFACE (2, 1, ((#9099, #9100), (#9101, #9102), (#9103, #9104), (#9105, #9106), (#9107, #9108)), .UNSPECIFIED., .F., .F., .U.)
   B_SPLINE_SURFACE_WITH_KNOTS ((3, 2, 3), (2, 2), (0., 0.0562980882564394, 0.112596176512879), (0.933636857777852, 1.00851129187415), .UNSPECIFIED.)
   GEOMETRIC_REPRESENTATION_ITEM ()
   RATIONAL_B_SPLINE_SURFACE (((1., 1.), (0.868049574207453, 0.868049574207453), (1., 1.), (0.868049574207453, 0.868049574207453), (1., 1.)))
   REPRESENTATION_ITEM ('')
   SURFACE ()
);
#9110 = ADVANCED_FACE ('', (#9098), #9109, .T.);
#9111 = CARTESIAN_POINT ('', (169.851313373375, 90.4551681065818, -10.3313661480881));
#9112 = CARTESIAN_POINT ('', (169.851313373373, 90.2808566210864, -12.3237555442716));
#9113 = B_SPLINE_CURVE_WITH_KNOTS ('', 1, (#9111, #9112), .UNSPECIFIED., .F., .U., (2, 2), (0., 1.), .UNSPECIFIED.);
#9114 = EDGE_CURVE ('', #97, #1350, #9113, .T.);
#9115 = ORIENTED_EDGE ('', *, *, #9114, .T.);
#9116 = ORIENTED_EDGE ('', *, *, #1356, .T.);
#9117 = CARTESIAN_POINT ('', (173.78717165665, 88.2639221801217, -12.1472966456155));
#9118 = CARTESIAN_POINT ('', (173.78717165665, 88.4382336656176, -10.1549072494321));
#9119 = B_SPLINE_CURVE_WITH_KNOTS ('', 1, (#9117, #9118), .UNSPECIFIED., .F., .U., (2, 2), (5.81775448280297, 6.81775448280297), .UNSPECIFIED.);
#9120 = EDGE_CURVE ('', #1352, #99, #9119, .T.);
#9121 = ORIENTED_EDGE ('', *, *, #9120, .T.);
#9122 = ORIENTED_EDGE ('', *, *, #103, .F.);
#9123 = EDGE_LOOP ('', (#9115, #9116, #9121, #9122));
#9124 = FACE_OUTER_BOUND ('', #9123, .T.);
#9125 = CARTESIAN_POINT ('', (169.851313373374, 90.4551681065817, -10.3313661480881));
#9126 = CARTESIAN_POINT ('', (173.787171656651, 88.4382336656171, -10.1549072494308));
#9127 = CARTESIAN_POINT ('', (169.851313373373, 90.2808566210862, -12.3237555442736));
#9128 = CARTESIAN_POINT ('', (173.78717165665, 88.2639221801216, -12.1472966456163));
#9129 = B_SPLINE_SURFACE_WITH_KNOTS ('', 1, 1, ((#9125, #9126), (#9127, #9128)), .UNSPECIFIED., .F., .F., .U., (2, 2), (2, 2), (1.1504339147983E-12, 0.0722414798274353), (4.24381670589363, 4.40368982123989), .UNSPECIFIED.);
#9130 = ADVANCED_FACE ('', (#9124), #9129, .T.);
#9131 = CARTESIAN_POINT ('', (175.768246612087, 86.6032668551062, -9.99436845556267));
#9132 = CARTESIAN_POINT ('', (175.768246612087, 86.4289553696095, -11.9867578517537));
#9133 = B_SPLINE_CURVE_WITH_KNOTS ('', 1, (#9131, #9132), .UNSPECIFIED., .F., .U., (2, 2), (-2.72710179312172, -2.3271017931202), .UNSPECIFIED.);
#9134 = EDGE_CURVE ('', #106, #1928, #9133, .T.);
#9135 = ORIENTED_EDGE ('', *, *, #9134, .T.);
#9136 = ORIENTED_EDGE ('', *, *, #1933, .F.);
#9137 = CARTESIAN_POINT ('', (176.499999999994, 84.0089358410337, -9.76739390240326));
#9138 = CARTESIAN_POINT ('', (176.499999999994, 83.8346243555375, -11.7597832985892));
#9139 = B_SPLINE_CURVE_WITH_KNOTS ('', 1, (#9137, #9138), .UNSPECIFIED., .F., .U., (2, 2), (-6.81775448280109, -5.81775448279983), .UNSPECIFIED.);
#9140 = EDGE_CURVE ('', #114, #1921, #9139, .T.);
#9141 = ORIENTED_EDGE ('', *, *, #9140, .F.);
#9142 = ORIENTED_EDGE ('', *, *, #119, .F.);
#9143 = EDGE_LOOP ('', (#9135, #9136, #9141, #9142));
#9144 = FACE_OUTER_BOUND ('', #9143, .T.);
#9145 = CARTESIAN_POINT ('', (176.499999999994, 84.0089358410342, -9.76739390239681));
#9146 = CARTESIAN_POINT ('', (176.499999999994, 83.8346243555375, -11.759783298589));
#9147 = CARTESIAN_POINT ('', (176.499999999994, 85.4085161082916, -9.88984130947687));
#9148 = CARTESIAN_POINT ('', (176.499999999994, 85.2342046227948, -11.8822307056691));
#9149 = CARTESIAN_POINT ('', (175.768246612087, 86.6032668551062, -9.99436845556267));
#9150 = CARTESIAN_POINT ('', (175.768246612087, 86.4289553696094, -11.9867578517549));
#9151 = (
   BOUNDED_SURFACE ()
   B_SPLINE_SURFACE (2, 1, ((#9145, #9146), (#9147, #9148), (#9149, #9150)), .UNSPECIFIED., .F., .F., .U.)
   B_SPLINE_SURFACE_WITH_KNOTS ((3, 3), (2, 2), (0.46640451042397, 0.567383255766207), (-2.72710179312172, -2.32710179311996), .UNSPECIFIED.)
   GEOMETRIC_REPRESENTATION_ITEM ()
   RATIONAL_B_SPLINE_SURFACE (((0.86570946213587, 0.86570946213587), (0.895745990194612, 0.895745990194612), (1., 1.)))
   REPRESENTATION_ITEM ('')
   SURFACE ()
);
#9152 = ADVANCED_FACE ('', (#9144), #9151, .T.);
#9153 = ORIENTED_EDGE ('', *, *, #133, .F.);
#9154 = ORIENTED_EDGE ('', *, *, #126, .T.);
#9155 = ORIENTED_EDGE ('', *, *, #9140, .T.);
#9156 = ORIENTED_EDGE ('', *, *, #1925, .T.);
#9157 = ORIENTED_EDGE ('', *, *, #8149, .T.);
#9158 = ORIENTED_EDGE ('', *, *, #3874, .F.);
#9159 = CARTESIAN_POINT ('', (176.499999999994, 95.9999999999956, 3.50000000001018));
#9160 = CARTESIAN_POINT ('', (176.499999999994, 95.9999999999974, -10.8164760799257));
#9161 = B_SPLINE_CURVE_WITH_KNOTS ('', 1, (#9159, #9160), .UNSPECIFIED., .F., .U., (2, 2), (-5.58920080039571E-15, 1.59071956443737), .UNSPECIFIED.);
#9162 = EDGE_CURVE ('', #3863, #129, #9161, .T.);
#9163 = ORIENTED_EDGE ('', *, *, #9162, .T.);
#9164 = EDGE_LOOP ('', (#9153, #9154, #9155, #9156, #9157, #9158, #9163));
#9165 = FACE_OUTER_BOUND ('', #9164, .T.);
#9166 = CARTESIAN_POINT ('', (176.499999999994, 80.4641016151351, -11.7597832985893));
#9167 = CARTESIAN_POINT ('', (176.499999999994, 95.9999999999969, -11.7597832985877));
#9168 = CARTESIAN_POINT ('', (176.499999999994, 80.4641016151335, 3.5000000000081));
#9169 = CARTESIAN_POINT ('', (176.499999999994, 95.9999999999954, 3.50000000000967));
#9170 = B_SPLINE_SURFACE_WITH_KNOTS ('', 1, 1, ((#9166, #9167), (#9168, #9169)), .UNSPECIFIED., .F., .F., .U., (2, 2), (2, 2), (-0.28529579466282, 0.410183872107489), (16.3221980204732, 17.0302619044915), .UNSPECIFIED.);
#9171 = ADVANCED_FACE ('', (#9165), #9170, .T.);
#9172 = ORIENTED_EDGE ('', *, *, #9162, .F.);
#9173 = ORIENTED_EDGE ('', *, *, #3867, .F.);
#9174 = CARTESIAN_POINT ('', (179.499999999998, 95.9999999999974, -10.8164760799257));
#9175 = CARTESIAN_POINT ('', (179.499999999998, 95.9999999999955, 3.50000000001026));
#9176 = B_SPLINE_CURVE_WITH_KNOTS ('', 1, (#9174, #9175), .UNSPECIFIED., .F., .U., (2, 2), (0.011470245004001, 0.906250000000001), .UNSPECIFIED.);
#9177 = EDGE_CURVE ('', #136, #3856, #9176, .T.);
#9178 = ORIENTED_EDGE ('', *, *, #9177, .F.);
#9179 = ORIENTED_EDGE ('', *, *, #140, .F.);
#9180 = EDGE_LOOP ('', (#9172, #9173, #9178, #9179));
#9181 = FACE_OUTER_BOUND ('', #9180, .T.);
#9182 = CARTESIAN_POINT ('', (176.499999999994, 95.9999999999955, 3.50000000001117));
#9183 = CARTESIAN_POINT ('', (176.499999999994, 95.9999999999974, -10.8164760799248));
#9184 = CARTESIAN_POINT ('', (179.499999999998, 95.9999999999955, 3.50000000001117));
#9185 = CARTESIAN_POINT ('', (179.499999999998, 95.9999999999974, -10.8164760799248));
#9186 = B_SPLINE_SURFACE_WITH_KNOTS ('', 1, 1, ((#9182, #9183), (#9184, #9185)), .UNSPECIFIED., .F., .F., .U., (2, 2), (2, 2), (-0.102913788107238, 1.2717277917502E-13), (2.58999700069957, 3.08111792927724), .UNSPECIFIED.);
#9187 = ADVANCED_FACE ('', (#9181), #9186, .T.);
#9188 = ORIENTED_EDGE ('', *, *, #3853, .T.);
#9189 = ORIENTED_EDGE ('', *, *, #8803, .F.);
#9190 = ORIENTED_EDGE ('', *, *, #665, .T.);
#9191 = ORIENTED_EDGE ('', *, *, #8771, .T.);
#9192 = ORIENTED_EDGE ('', *, *, #2368, .F.);
#9193 = ORIENTED_EDGE ('', *, *, #2673, .T.);
#9194 = CARTESIAN_POINT ('', (179.499999999998, 114.999999999999, -10.9999999999872));
#9195 = CARTESIAN_POINT ('', (179.499999999998, 98.0976880051363, -10.9999999999894));
#9196 = B_SPLINE_CURVE_WITH_KNOTS ('', 1, (#9194, #9195), .UNSPECIFIED., .F., .U., (2, 2), (0., 0.889595368150587), .UNSPECIFIED.);
#9197 = EDGE_CURVE ('', #2664, #143, #9196, .T.);
#9198 = ORIENTED_EDGE ('', *, *, #9197, .T.);
#9199 = ORIENTED_EDGE ('', *, *, #147, .T.);
#9200 = ORIENTED_EDGE ('', *, *, #9177, .T.);
#9201 = ORIENTED_EDGE ('', *, *, #3860, .F.);
#9202 = EDGE_LOOP ('', (#9188, #9189, #9190, #9191, #9192, #9193, #9198, #9199, #9200, #9201));
#9203 = FACE_OUTER_BOUND ('', #9202, .T.);
#9204 = CARTESIAN_POINT ('', (179.499999999998, 135.555028599353, -16.2847323428949));
#9205 = CARTESIAN_POINT ('', (179.499999999998, 38.1534950033622, -16.284732342908));
#9206 = CARTESIAN_POINT ('', (179.499999999998, 135.55502859935, 3.50000000001546));
#9207 = CARTESIAN_POINT ('', (179.499999999998, 38.1534950033595, 3.50000000000237));
#9208 = B_SPLINE_SURFACE_WITH_KNOTS ('', 1, 1, ((#9204, #9205), (#9206, #9207)), .UNSPECIFIED., .F., .F., .U., (2, 2), (2, 2), (0.0976898860091066, 0.818186810475552), (0.662602895389628, 4.20965646062897), .UNSPECIFIED.);
#9209 = ADVANCED_FACE ('', (#9203), #9208, .T.);
#9210 = ORIENTED_EDGE ('', *, *, #9197, .F.);
#9211 = ORIENTED_EDGE ('', *, *, #2668, .F.);
#9212 = CARTESIAN_POINT ('', (176.499999999994, 114.999999999997, -10.9999999999872));
#9213 = CARTESIAN_POINT ('', (176.499999999994, 98.0976880051362, -10.9999999999894));
#9214 = B_SPLINE_CURVE_WITH_KNOTS ('', 1, (#9212, #9213), .UNSPECIFIED., .F., .U., (2, 2), (-7.49580835343012, -6.8802799956238), .UNSPECIFIED.);
#9215 = EDGE_CURVE ('', #2657, #150, #9214, .T.);
#9216 = ORIENTED_EDGE ('', *, *, #9215, .T.);
#9217 = ORIENTED_EDGE ('', *, *, #154, .F.);
#9218 = EDGE_LOOP ('', (#9210, #9211, #9216, #9217));
#9219 = FACE_OUTER_BOUND ('', #9218, .T.);
#9220 = CARTESIAN_POINT ('', (176.499999999994, 98.0976880051363, -10.9999999999894));
#9221 = CARTESIAN_POINT ('', (176.499999999994, 114.999999999999, -10.9999999999872));
#9222 = CARTESIAN_POINT ('', (179.499999999998, 98.0976880051363, -10.9999999999894));
#9223 = CARTESIAN_POINT ('', (179.499999999998, 114.999999999999, -10.9999999999872));
#9224 = B_SPLINE_SURFACE_WITH_KNOTS ('', 1, 1, ((#9220, #9221), (#9222, #9223)), .UNSPECIFIED., .F., .F., .U., (2, 2), (2, 2), (-0.102913788107245, 1.28846105216796E-13), (0.0719603396253252, 0.651787324679272), .UNSPECIFIED.);
#9225 = ADVANCED_FACE ('', (#9219), #9224, .T.);
#9226 = CARTESIAN_POINT ('', (176.499999999994, 126.999999999997, -13.528624649223));
#9227 = CARTESIAN_POINT ('', (176.499999999994, 126.999999999995, 3.5000000000142));
#9228 = B_SPLINE_CURVE_WITH_KNOTS ('', 1, (#9226, #9227), .UNSPECIFIED., .F., .U., (2, 2), (-0.729874968112522, 0.818181818181823), .UNSPECIFIED.);
#9229 = EDGE_CURVE ('', #171, #2315, #9228, .T.);
#9230 = ORIENTED_EDGE ('', *, *, #9229, .F.);
#9231 = ORIENTED_EDGE ('', *, *, #175, .F.);
#9232 = ORIENTED_EDGE ('', *, *, #168, .T.);
#9233 = ORIENTED_EDGE ('', *, *, #161, .F.);
#9234 = ORIENTED_EDGE ('', *, *, #9215, .F.);
#9235 = ORIENTED_EDGE ('', *, *, #2661, .T.);
#9236 = ORIENTED_EDGE ('', *, *, #2354, .F.);
#9237 = EDGE_LOOP ('', (#9230, #9231, #9232, #9233, #9234, #9235, #9236));
#9238 = FACE_OUTER_BOUND ('', #9237, .T.);
#9239 = CARTESIAN_POINT ('', (176.499999999994, 98.0976880051359, -13.5286246492263));
#9240 = CARTESIAN_POINT ('', (176.499999999994, 126.999999999998, -13.5286246492234));
#9241 = CARTESIAN_POINT ('', (176.499999999994, 98.0976880051342, 3.50000000000988));
#9242 = CARTESIAN_POINT ('', (176.499999999994, 126.999999999996, 3.50000000001281));
#9243 = B_SPLINE_SURFACE_WITH_KNOTS ('', 1, 1, ((#9239, #9240), (#9241, #9242)), .UNSPECIFIED., .F., .F., .U., (2, 2), (2, 2), (-0.365912482923717, 0.410183872107489), (17.1258661032048, 18.4431174639713), .UNSPECIFIED.);
#9244 = ADVANCED_FACE ('', (#9238), #9243, .T.);
#9245 = ORIENTED_EDGE ('', *, *, #246, .F.);
#9246 = ORIENTED_EDGE ('', *, *, #9229, .T.);
#9247 = ORIENTED_EDGE ('', *, *, #2347, .F.);
#9248 = CARTESIAN_POINT ('', (172.222312665139, 133.7724959275, -14.1211412666543));
#9249 = CARTESIAN_POINT ('', (172.222312665139, 133.772495927498, 3.50000000001509));
#9250 = B_SPLINE_CURVE_WITH_KNOTS ('', 1, (#9248, #9249), .UNSPECIFIED., .F., .U., (2, 2), (-0.783740115151805, 0.818181818181823), .UNSPECIFIED.);
#9251 = EDGE_CURVE ('', #178, #2266, #9250, .T.);
#9252 = ORIENTED_EDGE ('', *, *, #9251, .F.);
#9253 = EDGE_LOOP ('', (#9245, #9246, #9247, #9252));
#9254 = FACE_OUTER_BOUND ('', #9253, .T.);
#9255 = CARTESIAN_POINT ('', (176.499999999994, 126.999999999997, -14.1211412666551));
#9256 = CARTESIAN_POINT ('', (176.499999999994, 131.737198125304, -14.1211412666545));
#9257 = CARTESIAN_POINT ('', (172.222312665139, 133.772495927501, -14.1211412666542));
#9258 = CARTESIAN_POINT ('', (176.499999999994, 126.999999999995, 3.50000000001427));
#9259 = CARTESIAN_POINT ('', (176.499999999994, 131.737198125301, 3.5000000000149));
#9260 = CARTESIAN_POINT ('', (172.222312665139, 133.772495927498, 3.50000000001515));
#9261 = (
   BOUNDED_SURFACE ()
   B_SPLINE_SURFACE (1, 2, ((#9255, #9256, #9257), (#9258, #9259, #9260)), .UNSPECIFIED., .F., .F., .U.)
   B_SPLINE_SURFACE_WITH_KNOTS ((2, 2), (3, 3), (-0.636488660665465, 0.), (0., 0.3012878817942), .UNSPECIFIED.)
   GEOMETRIC_REPRESENTATION_ITEM ()
   RATIONAL_B_SPLINE_SURFACE (((1., 0.79262652632913, 0.878901077399404), (1., 0.79262652632913, 0.878901077399404)))
   REPRESENTATION_ITEM ('')
   SURFACE ()
);
#9262 = ADVANCED_FACE ('', (#9254), #9261, .T.);
#9263 = ORIENTED_EDGE ('', *, *, #367, .F.);
#9264 = ORIENTED_EDGE ('', *, *, #9251, .T.);
#9265 = ORIENTED_EDGE ('', *, *, #2312, .F.);
#9266 = CARTESIAN_POINT ('', (165.843911086749, 134.499999999997, -14.1847896256666));
#9267 = CARTESIAN_POINT ('', (165.843911086749, 134.499999999995, 3.50000000001519));
#9268 = B_SPLINE_CURVE_WITH_KNOTS ('', 1, (#9266, #9267), .UNSPECIFIED., .F., .U., (2, 2), (-0.789526329607478, 0.818181818181823), .UNSPECIFIED.);
#9269 = EDGE_CURVE ('', #249, #2259, #9268, .T.);
#9270 = ORIENTED_EDGE ('', *, *, #9269, .F.);
#9271 = EDGE_LOOP ('', (#9263, #9264, #9265, #9270));
#9272 = FACE_OUTER_BOUND ('', #9271, .T.);
#9273 = CARTESIAN_POINT ('', (172.222312665139, 133.7724959275, -14.3379072539656));
#9274 = CARTESIAN_POINT ('', (171.199816737636, 137.119808592645, -14.3379072539652));
#9275 = CARTESIAN_POINT ('', (167.852504072491, 136.097312665142, -14.3379072539653));
#9276 = CARTESIAN_POINT ('', (166.533497532777, 135.694398760728, -14.3379072539654));
#9277 = CARTESIAN_POINT ('', (165.843911086749, 134.499999999997, -14.3379072539656));
#9278 = CARTESIAN_POINT ('', (172.222312665139, 133.772495927498, 3.50000000001519));
#9279 = CARTESIAN_POINT ('', (171.199816737636, 137.119808592643, 3.50000000001566));
#9280 = CARTESIAN_POINT ('', (167.852504072491, 136.097312665139, 3.5000000000155));
#9281 = CARTESIAN_POINT ('', (166.533497532777, 135.694398760725, 3.50000000001543));
#9282 = CARTESIAN_POINT ('', (165.843911086749, 134.499999999995, 3.50000000001526));
#9283 = (
   BOUNDED_SURFACE ()
   B_SPLINE_SURFACE (1, 2, ((#9273, #9274, #9275, #9276, #9277), (#9278, #9279, #9280, #9281, #9282)), .UNSPECIFIED., .F., .F., .U.)
   B_SPLINE_SURFACE_WITH_KNOTS ((2, 2), (3, 2, 3), (-0.644318408515149, 0.), (0., 0.198584139518161, 0.29372085174065), .UNSPECIFIED.)
   GEOMETRIC_REPRESENTATION_ITEM ()
   RATIONAL_B_SPLINE_SURFACE (((1., 0.707106781186547, 1., 0.85968215821372, 0.853809878556345), (1., 0.707106781186547, 1., 0.85968215821372, 0.853809878556345)))
   REPRESENTATION_ITEM ('')
   SURFACE ()
);
#9284 = ADVANCED_FACE ('', (#9272), #9283, .T.);
#9285 = CARTESIAN_POINT ('', (154.295766554971, 134.499999999997, -16.1924293007567));
#9286 = CARTESIAN_POINT ('', (154.278131597283, 134.499999999997, -15.1886186537188));
#9287 = CARTESIAN_POINT ('', (154.261575969993, 134.499999999997, -14.1847896254255));
#9288 = (
   BOUNDED_CURVE ()
   B_SPLINE_CURVE (2, (#9285, #9286, #9287), .UNSPECIFIED., .F., .U.)
   B_SPLINE_CURVE_WITH_KNOTS ((3, 3), (0., 0.00107522311507136), .UNSPECIFIED.)
   CURVE ()
   GEOMETRIC_REPRESENTATION_ITEM ()
   RATIONAL_B_SPLINE_CURVE ((1., 0.99999985548691, 1.))
   REPRESENTATION_ITEM ('')
);
#9289 = EDGE_CURVE ('', #1382, #370, #9288, .T.);
#9290 = ORIENTED_EDGE ('', *, *, #9289, .T.);
#9291 = ORIENTED_EDGE ('', *, *, #374, .F.);
#9292 = ORIENTED_EDGE ('', *, *, #9269, .T.);
#9293 = ORIENTED_EDGE ('', *, *, #2263, .F.);
#9294 = ORIENTED_EDGE ('', *, *, #2131, .F.);
#9295 = ORIENTED_EDGE ('', *, *, #1408, .T.);
#9296 = EDGE_LOOP ('', (#9290, #9291, #9292, #9293, #9294, #9295));
#9297 = FACE_OUTER_BOUND ('', #9296, .T.);
#9298 = CARTESIAN_POINT ('', (165.843911086752, 134.499999999997, -16.1924293007558));
#9299 = CARTESIAN_POINT ('', (148.156088913241, 134.499999999997, -16.1924293007558));
#9300 = CARTESIAN_POINT ('', (165.843911086752, 134.499999999995, 3.50000000001516));
#9301 = CARTESIAN_POINT ('', (148.156088913241, 134.499999999995, 3.50000000001516));
#9302 = B_SPLINE_SURFACE_WITH_KNOTS ('', 1, 1, ((#9298, #9299), (#9300, #9301)), .UNSPECIFIED., .F., .F., .U., (2, 2), (2, 2), (-0.487318005868996, 0.410183872107015), (-0.230974563554469, 0.575165368475712), .UNSPECIFIED.);
#9303 = ADVANCED_FACE ('', (#9297), #9302, .T.);
#9304 = ORIENTED_EDGE ('', *, *, #396, .F.);
#9305 = ORIENTED_EDGE ('', *, *, #9289, .F.);
#9306 = ORIENTED_EDGE ('', *, *, #1401, .F.);
#9307 = CARTESIAN_POINT ('', (159.169608144958, 128.586511192497, -13.6674263931232));
#9308 = CARTESIAN_POINT ('', (159.180489049136, 128.557459161311, -14.6687085477605));
#9309 = CARTESIAN_POINT ('', (159.192088462528, 128.528407363957, -15.669982643334));
#9310 = (
   BOUNDED_CURVE ()
   B_SPLINE_CURVE (2, (#9307, #9308, #9309), .UNSPECIFIED., .F., .U.)
   B_SPLINE_CURVE_WITH_KNOTS ((3, 3), (0., 0.000717290144072402), .UNSPECIFIED.)
   CURVE ()
   GEOMETRIC_REPRESENTATION_ITEM ()
   RATIONAL_B_SPLINE_CURVE ((1., 0.999999935686857, 1.))
   REPRESENTATION_ITEM ('')
);
#9311 = EDGE_CURVE ('', #377, #1374, #9310, .T.);
#9312 = ORIENTED_EDGE ('', *, *, #9311, .F.);
#9313 = EDGE_LOOP ('', (#9304, #9305, #9306, #9312));
#9314 = FACE_OUTER_BOUND ('', #9313, .T.);
#9315 = CARTESIAN_POINT ('', (159.197288383133, 128.515463965907, -16.1160785946028));
#9316 = CARTESIAN_POINT ('', (159.2516822807, 128.786463481859, -16.1151227368715));
#9317 = CARTESIAN_POINT ('', (159.315502064565, 129.337487567973, -16.1140012808619));
#9318 = CARTESIAN_POINT ('', (159.273454639592, 130.168498011741, -16.114740354019));
#9319 = CARTESIAN_POINT ('', (159.094818423992, 130.981164041494, -16.1178797907605));
#9320 = CARTESIAN_POINT ('', (158.784495418273, 131.753185193573, -16.1233334362519));
#9321 = CARTESIAN_POINT ('', (158.351001248385, 132.463376351873, -16.1309516330026));
#9322 = CARTESIAN_POINT ('', (157.806231491877, 133.092249091118, -16.1405253284532));
#9323 = CARTESIAN_POINT ('', (157.165135247649, 133.622546456423, -16.1517918110357));
#9324 = CARTESIAN_POINT ('', (156.445304912634, 134.039716510652, -16.1644419191424));
#9325 = CARTESIAN_POINT ('', (155.666493431302, 134.332311656901, -16.1781285250688));
#9326 = CARTESIAN_POINT ('', (154.940784082171, 134.474536860487, -16.1908819178381));
#9327 = CARTESIAN_POINT ('', (154.480174821805, 134.499983701477, -16.1989765208807));
#9328 = CARTESIAN_POINT ('', (154.295932574702, 134.499999999995, -16.2022143364176));
#9329 = CARTESIAN_POINT ('', (159.187714884172, 128.539112419655, -15.3010314617167));
#9330 = CARTESIAN_POINT ('', (159.240653771757, 128.809635353832, -15.3001250577465));
#9331 = CARTESIAN_POINT ('', (159.301765489565, 129.359440003613, -15.2990792055955));
#9332 = CARTESIAN_POINT ('', (159.256388515243, 130.187994330085, -15.2998582889343));
#9333 = CARTESIAN_POINT ('', (159.075240278331, 130.997769053281, -15.3029633723003));
#9334 = CARTESIAN_POINT ('', (158.763265034442, 131.766664406517, -15.3083097144292));
#9335 = CARTESIAN_POINT ('', (158.328977407322, 132.473696333973, -15.3157514181926));
#9336 = CARTESIAN_POINT ('', (157.784230013735, 133.099569153209, -15.325085412457));
#9337 = CARTESIAN_POINT ('', (157.143889988877, 133.627202136398, -15.3360569929288));
#9338 = CARTESIAN_POINT ('', (156.425433245733, 134.042195645616, -15.3483667721429));
#9339 = CARTESIAN_POINT ('', (155.648467547112, 134.33322410296, -15.3616788490548));
#9340 = CARTESIAN_POINT ('', (154.924670235203, 134.474675831398, -15.3740798767727));
#9341 = CARTESIAN_POINT ('', (154.465313555825, 134.499983790352, -15.3819501481364));
#9342 = CARTESIAN_POINT ('', (154.281572326261, 134.499999999995, -15.3850982319186));
#9343 = CARTESIAN_POINT ('', (159.178486947269, 128.562795583201, -14.4847880509768));
#9344 = CARTESIAN_POINT ('', (159.229979569398, 128.832830301724, -14.4839289569899));
#9345 = CARTESIAN_POINT ('', (159.288402001364, 129.381395697241, -14.4829547231134));
#9346 = CARTESIAN_POINT ('', (159.239724880335, 130.20747404469, -14.483768961195));
#9347 = CARTESIAN_POINT ('', (159.056092979252, 131.014346401421, -14.4868361090916));
#9348 = CARTESIAN_POINT ('', (158.742491011426, 131.780112211872, -14.4920729199147));
#9349 = CARTESIAN_POINT ('', (158.307431344727, 132.483986713444, -14.4993372664759));
#9350 = CARTESIAN_POINT ('', (157.762722953616, 133.106865069659, -14.5084319989123));
#9351 = CARTESIAN_POINT ('', (157.123150892626, 133.63184090349, -14.5191102947763));
#9352 = CARTESIAN_POINT ('', (156.406074995642, 134.044665161517, -14.531082357268));
#9353 = CARTESIAN_POINT ('', (155.630958696405, 134.334132855748, -14.5440232800402));
#9354 = CARTESIAN_POINT ('', (154.90907446966, 134.474814232924, -14.5560753816205));
#9355 = CARTESIAN_POINT ('', (154.450970557985, 134.499983878844, -14.5637235638362));
#9356 = CARTESIAN_POINT ('', (154.267730420906, 134.499999999996, -14.5667828128521));
#9357 = CARTESIAN_POINT ('', (159.169606004564, 128.586511009434, -13.66743270241));
#9358 = CARTESIAN_POINT ('', (159.219661312661, 128.856046066486, -13.6666188300412));
#9359 = CARTESIAN_POINT ('', (159.275413570281, 129.403352767179, -13.6657123397868));
#9360 = CARTESIAN_POINT ('', (159.223465998074, 130.226935792983, -13.6665570296881));
#9361 = CARTESIAN_POINT ('', (159.037378927527, 131.030895163056, -13.6695827868165));
#9362 = CARTESIAN_POINT ('', (158.722175780308, 131.793528031715, -13.6747079305911));
#9363 = CARTESIAN_POINT ('', (158.286365457996, 132.494247161608, -13.6817941078342));
#9364 = CARTESIAN_POINT ('', (157.741712646539, 133.114136675431, -13.6906500278264));
#9365 = CARTESIAN_POINT ('', (157.10292022838, 133.636462687862, -13.7010366260369));
#9366 = CARTESIAN_POINT ('', (156.387232378263, 134.047125035466, -13.7126735175786));
#9367 = CARTESIAN_POINT ('', (155.613969058834, 134.335037910486, -13.7252465663228));
#9368 = CARTESIAN_POINT ('', (154.893998946099, 134.474952064509, -13.7369530797858));
#9369 = CARTESIAN_POINT ('', (154.437147980004, 134.499983966948, -13.7443813487535));
#9370 = CARTESIAN_POINT ('', (154.254409006848, 134.499999999996, -13.7473526333393));
#9371 = B_SPLINE_SURFACE_WITH_KNOTS ('', 3, 3, ((#9315, #9316, #9317, #9318, #9319, #9320, #9321, #9322, #9323, #9324, #9325, #9326, #9327, #9328), (#9329, #9330, #9331, #9332, #9333, #9334, #9335, #9336, #9337, #9338, #9339, #9340, #9341, #9342), (#9343, #9344, #9345, #9346, #9347, #9348, #9349, #9350, #9351, #9352, #9353, #9354, #9355, #9356), (#9357, #9358, #9359, #9360, #9361, #9362, #9363, #9364, #9365, #9366, #9367, #9368, #9369, #9370)), .UNSPECIFIED., .F., .F., .U., (4, 4), (4, 1, 1, 1, 1, 1, 1, 1, 1, 1, 1, 4), (1.37182677912136, 1.3863567572407), (0., 0.09375, 0.1875, 0.28125, 0.375, 0.46875, 0.5625, 0.65625, 0.75, 0.84375, 0.9375, 1.), .UNSPECIFIED.);
#9372 = ADVANCED_FACE ('', (#9314), #9371, .T.);
#9373 = ORIENTED_EDGE ('', *, *, #9311, .T.);
#9374 = ORIENTED_EDGE ('', *, *, #1379, .F.);
#9375 = CARTESIAN_POINT ('', (158.999999999998, 126.585222092, -15.499975959479));
#9376 = CARTESIAN_POINT ('', (158.999999999998, 126.759533577495, -13.5075865632956));
#9377 = B_SPLINE_CURVE_WITH_KNOTS ('', 1, (#9375, #9376), .UNSPECIFIED., .F., .U., (2, 2), (0., 1.), .UNSPECIFIED.);
#9378 = EDGE_CURVE ('', #1367, #399, #9377, .T.);
#9379 = ORIENTED_EDGE ('', *, *, #9378, .T.);
#9380 = ORIENTED_EDGE ('', *, *, #404, .T.);
#9381 = EDGE_LOOP ('', (#9373, #9374, #9379, #9380));
#9382 = FACE_OUTER_BOUND ('', #9381, .T.);
#9383 = CARTESIAN_POINT ('', (158.999999999998, 126.585222092, -15.499975959479));
#9384 = CARTESIAN_POINT ('', (158.999999999998, 127.56623680843, -15.5858036259186));
#9385 = CARTESIAN_POINT ('', (159.192088462539, 128.528407363998, -15.6699826419092));
#9386 = CARTESIAN_POINT ('', (158.999999999998, 126.759533577496, -13.5075865632955));
#9387 = CARTESIAN_POINT ('', (158.999999999998, 127.740548293925, -13.5934142297351));
#9388 = CARTESIAN_POINT ('', (159.192088462539, 128.702718849493, -13.6775932457257));
#9389 = (
   BOUNDED_SURFACE ()
   B_SPLINE_SURFACE (1, 2, ((#9383, #9384, #9385), (#9386, #9387, #9388)), .UNSPECIFIED., .F., .F., .U.)
   B_SPLINE_SURFACE_WITH_KNOTS ((2, 2), (3, 3), (0., 0.0722414798262113), (0., 0.07592059861125), .UNSPECIFIED.)
   GEOMETRIC_REPRESENTATION_ITEM ()
   RATIONAL_B_SPLINE_SURFACE (((1., 0.960808451297237, 0.932105212948285), (1., 0.960808451297237, 0.932105212948285)))
   REPRESENTATION_ITEM ('')
   SURFACE ()
);
#9390 = ADVANCED_FACE ('', (#9382), #9389, .T.);
#9391 = ORIENTED_EDGE ('', *, *, #1371, .T.);
#9392 = CARTESIAN_POINT ('', (158.999999999998, 108.172359404917, -11.8814195362128));
#9393 = CARTESIAN_POINT ('', (158.999999999997, 107.998047919422, -13.8738089323963));
#9394 = B_SPLINE_CURVE_WITH_KNOTS ('', 1, (#9392, #9393), .UNSPECIFIED., .F., .U., (2, 2), (0., 1.), .UNSPECIFIED.);
#9395 = EDGE_CURVE ('', #407, #1359, #9394, .T.);
#9396 = ORIENTED_EDGE ('', *, *, #9395, .F.);
#9397 = ORIENTED_EDGE ('', *, *, #411, .F.);
#9398 = ORIENTED_EDGE ('', *, *, #9378, .F.);
#9399 = EDGE_LOOP ('', (#9391, #9396, #9397, #9398));
#9400 = FACE_OUTER_BOUND ('', #9399, .T.);
#9401 = CARTESIAN_POINT ('', (158.999999999998, 126.759533577495, -13.5075865632955));
#9402 = CARTESIAN_POINT ('', (158.999999999998, 108.172359404917, -11.8814195362124));
#9403 = CARTESIAN_POINT ('', (158.999999999997, 126.585222092, -15.4999759594795));
#9404 = CARTESIAN_POINT ('', (158.999999999997, 107.998047919422, -13.8738089323963));
#9405 = B_SPLINE_SURFACE_WITH_KNOTS ('', 1, 1, ((#9401, #9402), (#9403, #9404)), .UNSPECIFIED., .F., .F., .U., (2, 2), (2, 2), (8.11711808879068E-14, 0.0722414798263083), (3.5337489099548, 4.20769596598047), .UNSPECIFIED.);
#9406 = ADVANCED_FACE ('', (#9400), #9405, .T.);
#9407 = ORIENTED_EDGE ('', *, *, #1364, .T.);
#9408 = ORIENTED_EDGE ('', *, *, #9114, .F.);
#9409 = ORIENTED_EDGE ('', *, *, #417, .F.);
#9410 = ORIENTED_EDGE ('', *, *, #9395, .T.);
#9411 = EDGE_LOOP ('', (#9407, #9408, #9409, #9410));
#9412 = FACE_OUTER_BOUND ('', #9411, .T.);
#9413 = CARTESIAN_POINT ('', (158.999999999998, 108.172359404917, -11.8814195362128));
#9414 = CARTESIAN_POINT ('', (158.999999999998, 96.0159342971368, -10.8178701502806));
#9415 = CARTESIAN_POINT ('', (169.851313373374, 90.4551681065825, -10.331366148089));
#9416 = CARTESIAN_POINT ('', (158.999999999998, 107.998047919422, -13.8738089323955));
#9417 = CARTESIAN_POINT ('', (158.999999999998, 95.8416228116416, -12.8102595464633));
#9418 = CARTESIAN_POINT ('', (169.851313373374, 90.2808566210873, -12.3237555442717));
#9419 = (
   BOUNDED_SURFACE ()
   B_SPLINE_SURFACE (1, 2, ((#9413, #9414, #9415), (#9416, #9417, #9418)), .UNSPECIFIED., .F., .F., .U.)
   B_SPLINE_SURFACE_WITH_KNOTS ((2, 2), (3, 3), (0., 0.0722414798261827), (0., 0.791541588938237), .UNSPECIFIED.)
   GEOMETRIC_REPRESENTATION_ITEM ()
   RATIONAL_B_SPLINE_SURFACE (((1., 0.853649322418499, 1.), (1., 0.853649322418499, 1.)))
   REPRESENTATION_ITEM ('')
   SURFACE ()
);
#9420 = ADVANCED_FACE ('', (#9412), #9419, .T.);
#9421 = ORIENTED_EDGE ('', *, *, #2552, .F.);
#9422 = ORIENTED_EDGE ('', *, *, #2590, .T.);
#9423 = ORIENTED_EDGE ('', *, *, #2560, .F.);
#9424 = ORIENTED_EDGE ('', *, *, #2529, .F.);
#9425 = EDGE_LOOP ('', (#9421, #9422, #9423, #9424));
#9426 = FACE_OUTER_BOUND ('', #9425, .T.);
#9427 = CARTESIAN_POINT ('', (137.249999999997, 134.500228111648, -5.49999999998457));
#9428 = CARTESIAN_POINT ('', (137.249999999997, 133.750228111648, -5.49999999998466));
#9429 = CARTESIAN_POINT ('', (137.999999999997, 133.750228111648, -5.49999999998466));
#9430 = CARTESIAN_POINT ('', (138.749999999997, 133.750228111647, -5.49999999998467));
#9431 = CARTESIAN_POINT ('', (138.749999999997, 134.500228111647, -5.49999999998458));
#9432 = CARTESIAN_POINT ('', (137.249999999997, 134.500228111646, 3.50000000001516));
#9433 = CARTESIAN_POINT ('', (137.249999999997, 133.750228111647, 3.50000000001506));
#9434 = CARTESIAN_POINT ('', (137.999999999997, 133.750228111646, 3.50000000001506));
#9435 = CARTESIAN_POINT ('', (138.749999999997, 133.750228111646, 3.50000000001505));
#9436 = CARTESIAN_POINT ('', (138.749999999997, 134.500228111646, 3.50000000001514));
#9437 = (
   BOUNDED_SURFACE ()
   B_SPLINE_SURFACE (1, 2, ((#9427, #9428, #9429, #9430, #9431), (#9432, #9433, #9434, #9435, #9436)), .UNSPECIFIED., .F., .F., .U.)
   B_SPLINE_SURFACE_WITH_KNOTS ((2, 2), (3, 2, 3), (-0.325086659217944, 0.), (0., 0.0425537441824538, 0.0851074883649076), .UNSPECIFIED.)
   GEOMETRIC_REPRESENTATION_ITEM ()
   RATIONAL_B_SPLINE_SURFACE (((1., 0.707106781186547, 1., 0.707106781186547, 1.), (1., 0.707106781186547, 1., 0.707106781186547, 1.)))
   REPRESENTATION_ITEM ('')
   SURFACE ()
);
#9438 = ADVANCED_FACE ('', (#9426), #9437, .T.);
#9439 = ORIENTED_EDGE ('', *, *, #2606, .F.);
#9440 = ORIENTED_EDGE ('', *, *, #2515, .F.);
#9441 = ORIENTED_EDGE ('', *, *, #2621, .F.);
#9442 = ORIENTED_EDGE ('', *, *, #2645, .T.);
#9443 = EDGE_LOOP ('', (#9439, #9440, #9441, #9442));
#9444 = FACE_OUTER_BOUND ('', #9443, .T.);
#9445 = CARTESIAN_POINT ('', (43.7499999999984, 134.499999999995, 3.50000000001512));
#9446 = CARTESIAN_POINT ('', (43.7499999999983, 134.499999999996, -5.49999999998459));
#9447 = CARTESIAN_POINT ('', (43.7499999999985, 135.249999999995, 3.50000000001522));
#9448 = CARTESIAN_POINT ('', (43.7499999999984, 135.249999999996, -5.49999999998449));
#9449 = CARTESIAN_POINT ('', (42.9999999999987, 135.249999999995, 3.50000000001523));
#9450 = CARTESIAN_POINT ('', (42.9999999999986, 135.249999999996, -5.49999999998448));
#9451 = CARTESIAN_POINT ('', (42.2499999999989, 135.249999999995, 3.50000000001524));
#9452 = CARTESIAN_POINT ('', (42.2499999999988, 135.249999999996, -5.49999999998447));
#9453 = CARTESIAN_POINT ('', (42.2499999999988, 134.499999999995, 3.50000000001514));
#9454 = CARTESIAN_POINT ('', (42.2499999999987, 134.499999999996, -5.49999999998458));
#9455 = (
   BOUNDED_SURFACE ()
   B_SPLINE_SURFACE (2, 1, ((#9445, #9446), (#9447, #9448), (#9449, #9450), (#9451, #9452), (#9453, #9454)), .UNSPECIFIED., .F., .F., .U.)
   B_SPLINE_SURFACE_WITH_KNOTS ((3, 2, 3), (2, 2), (0.08510748836491, 0.127661232547365, 0.17021497672982), (0., 0.325086659217944), .UNSPECIFIED.)
   GEOMETRIC_REPRESENTATION_ITEM ()
   RATIONAL_B_SPLINE_SURFACE (((1., 1.), (0.707106781186547, 0.707106781186547), (1., 1.), (0.707106781186547, 0.707106781186547), (1., 1.)))
   REPRESENTATION_ITEM ('')
   SURFACE ()
);
#9456 = ADVANCED_FACE ('', (#9444), #9455, .T.);
#9457 = ORIENTED_EDGE ('', *, *, #4346, .F.);
#9458 = ORIENTED_EDGE ('', *, *, #4331, .F.);
#9459 = ORIENTED_EDGE ('', *, *, #4361, .F.);
#9460 = ORIENTED_EDGE ('', *, *, #4385, .T.);
#9461 = EDGE_LOOP ('', (#9457, #9458, #9459, #9460));
#9462 = FACE_OUTER_BOUND ('', #9461, .T.);
#9463 = CARTESIAN_POINT ('', (177.249999999994, 76.9999999999975, 3.50000000000763));
#9464 = CARTESIAN_POINT ('', (177.249999999994, 76.9999999999986, -5.4999999999921));
#9465 = CARTESIAN_POINT ('', (177.249999999994, 77.7499999999972, 3.50000000000772));
#9466 = CARTESIAN_POINT ('', (177.249999999994, 77.7499999999983, -5.499999999992));
#9467 = CARTESIAN_POINT ('', (176.499999999994, 77.7499999999972, 3.50000000000772));
#9468 = CARTESIAN_POINT ('', (176.499999999994, 77.7499999999984, -5.499999999992));
#9469 = CARTESIAN_POINT ('', (175.749999999995, 77.7499999999973, 3.50000000000773));
#9470 = CARTESIAN_POINT ('', (175.749999999995, 77.7499999999984, -5.49999999999199));
#9471 = CARTESIAN_POINT ('', (175.749999999995, 76.9999999999975, 3.50000000000763));
#9472 = CARTESIAN_POINT ('', (175.749999999995, 76.9999999999986, -5.49999999999209));
#9473 = (
   BOUNDED_SURFACE ()
   B_SPLINE_SURFACE (2, 1, ((#9463, #9464), (#9465, #9466), (#9467, #9468), (#9469, #9470), (#9471, #9472)), .UNSPECIFIED., .F., .F., .U.)
   B_SPLINE_SURFACE_WITH_KNOTS ((3, 2, 3), (2, 2), (0.0851074883649034, 0.127661232547355, 0.170214976729807), (0., 0.325086659217944), .UNSPECIFIED.)
   GEOMETRIC_REPRESENTATION_ITEM ()
   RATIONAL_B_SPLINE_SURFACE (((1., 1.), (0.707106781186547, 0.707106781186547), (1., 1.), (0.707106781186547, 0.707106781186547), (1., 1.)))
   REPRESENTATION_ITEM ('')
   SURFACE ()
);
#9474 = ADVANCED_FACE ('', (#9462), #9473, .T.);
#9475 = ORIENTED_EDGE ('', *, *, #4400, .F.);
#9476 = ORIENTED_EDGE ('', *, *, #4309, .F.);
#9477 = ORIENTED_EDGE ('', *, *, #4415, .F.);
#9478 = ORIENTED_EDGE ('', *, *, #4439, .T.);
#9479 = EDGE_LOOP ('', (#9475, #9476, #9477, #9478));
#9480 = FACE_OUTER_BOUND ('', #9479, .T.);
#9481 = CARTESIAN_POINT ('', (7.89948891361075, 52.3391538178076, 3.50000000000438));
#9482 = CARTESIAN_POINT ('', (7.89948891361073, 52.3391538178088, -5.49999999999531));
#9483 = CARTESIAN_POINT ('', (7.89948891361079, 53.0891538178075, 3.50000000000449));
#9484 = CARTESIAN_POINT ('', (7.89948891361076, 53.0891538178087, -5.49999999999521));
#9485 = CARTESIAN_POINT ('', (7.14948891361097, 53.0891538178075, 3.50000000000449));
#9486 = CARTESIAN_POINT ('', (7.14948891361094, 53.0891538178087, -5.49999999999521));
#9487 = CARTESIAN_POINT ('', (6.39948891361115, 53.0891538178075, 3.50000000000449));
#9488 = CARTESIAN_POINT ('', (6.39948891361112, 53.0891538178087, -5.4999999999952));
#9489 = CARTESIAN_POINT ('', (6.39948891361111, 52.3391538178077, 3.50000000000439));
#9490 = CARTESIAN_POINT ('', (6.39948891361109, 52.3391538178089, -5.4999999999953));
#9491 = (
   BOUNDED_SURFACE ()
   B_SPLINE_SURFACE (2, 1, ((#9481, #9482), (#9483, #9484), (#9485, #9486), (#9487, #9488), (#9489, #9490)), .UNSPECIFIED., .F., .F., .U.)
   B_SPLINE_SURFACE_WITH_KNOTS ((3, 2, 3), (2, 2), (0.0851074883649108, 0.127661232547366, 0.170214976729822), (0., 0.325086659217943), .UNSPECIFIED.)
   GEOMETRIC_REPRESENTATION_ITEM ()
   RATIONAL_B_SPLINE_SURFACE (((1., 1.), (0.707106781186547, 0.707106781186547), (1., 1.), (0.707106781186547, 0.707106781186547), (1., 1.)))
   REPRESENTATION_ITEM ('')
   SURFACE ()
);
#9492 = ADVANCED_FACE ('', (#9480), #9491, .T.);
#9493 = ORIENTED_EDGE ('', *, *, #4454, .F.);
#9494 = ORIENTED_EDGE ('', *, *, #4287, .F.);
#9495 = ORIENTED_EDGE ('', *, *, #4469, .F.);
#9496 = ORIENTED_EDGE ('', *, *, #4493, .T.);
#9497 = EDGE_LOOP ('', (#9493, #9494, #9495, #9496));
#9498 = FACE_OUTER_BOUND ('', #9497, .T.);
#9499 = CARTESIAN_POINT ('', (152.999999999995, 38.4999999999978, 3.5000000000026));
#9500 = CARTESIAN_POINT ('', (152.999999999995, 38.499999999999, -5.49999999999712));
#9501 = CARTESIAN_POINT ('', (152.999999999995, 39.2499999999977, 3.5000000000027));
#9502 = CARTESIAN_POINT ('', (152.999999999995, 39.2499999999989, -5.49999999999702));
#9503 = CARTESIAN_POINT ('', (152.249999999995, 39.2499999999977, 3.5000000000027));
#9504 = CARTESIAN_POINT ('', (152.249999999995, 39.2499999999989, -5.49999999999701));
#9505 = CARTESIAN_POINT ('', (151.499999999995, 39.2499999999978, 3.5000000000027));
#9506 = CARTESIAN_POINT ('', (151.499999999995, 39.249999999999, -5.49999999999701));
#9507 = CARTESIAN_POINT ('', (151.499999999995, 38.499999999998, 3.5000000000026));
#9508 = CARTESIAN_POINT ('', (151.499999999995, 38.4999999999992, -5.49999999999711));
#9509 = (
   BOUNDED_SURFACE ()
   B_SPLINE_SURFACE (2, 1, ((#9499, #9500), (#9501, #9502), (#9503, #9504), (#9505, #9506), (#9507, #9508)), .UNSPECIFIED., .F., .F., .U.)
   B_SPLINE_SURFACE_WITH_KNOTS ((3, 2, 3), (2, 2), (0.0851074883649104, 0.127661232547366, 0.170214976729821), (0., 0.325086659217944), .UNSPECIFIED.)
   GEOMETRIC_REPRESENTATION_ITEM ()
   RATIONAL_B_SPLINE_SURFACE (((1., 1.), (0.707106781186547, 0.707106781186547), (1., 1.), (0.707106781186547, 0.707106781186547), (1., 1.)))
   REPRESENTATION_ITEM ('')
   SURFACE ()
);
#9510 = ADVANCED_FACE ('', (#9498), #9509, .T.);
#9511 = ORIENTED_EDGE ('', *, *, #4508, .F.);
#9512 = ORIENTED_EDGE ('', *, *, #4265, .F.);
#9513 = ORIENTED_EDGE ('', *, *, #4523, .F.);
#9514 = ORIENTED_EDGE ('', *, *, #4547, .T.);
#9515 = EDGE_LOOP ('', (#9511, #9512, #9513, #9514));
#9516 = FACE_OUTER_BOUND ('', #9515, .T.);
#9517 = CARTESIAN_POINT ('', (95.9999999999966, 38.4999999999978, 3.50000000000259));
#9518 = CARTESIAN_POINT ('', (95.9999999999966, 38.4999999999989, -5.49999999999713));
#9519 = CARTESIAN_POINT ('', (95.9999999999966, 39.2499999999976, 3.50000000000269));
#9520 = CARTESIAN_POINT ('', (95.9999999999966, 39.2499999999987, -5.49999999999703));
#9521 = CARTESIAN_POINT ('', (95.2499999999968, 39.2499999999976, 3.5000000000027));
#9522 = CARTESIAN_POINT ('', (95.2499999999968, 39.2499999999988, -5.49999999999703));
#9523 = CARTESIAN_POINT ('', (94.4999999999971, 39.2499999999976, 3.50000000000271));
#9524 = CARTESIAN_POINT ('', (94.499999999997, 39.2499999999988, -5.49999999999702));
#9525 = CARTESIAN_POINT ('', (94.499999999997, 38.4999999999978, 3.50000000000261));
#9526 = CARTESIAN_POINT ('', (94.4999999999969, 38.499999999999, -5.49999999999712));
#9527 = (
   BOUNDED_SURFACE ()
   B_SPLINE_SURFACE (2, 1, ((#9517, #9518), (#9519, #9520), (#9521, #9522), (#9523, #9524), (#9525, #9526)), .UNSPECIFIED., .F., .F., .U.)
   B_SPLINE_SURFACE_WITH_KNOTS ((3, 2, 3), (2, 2), (0.0851074883649094, 0.127661232547364, 0.170214976729819), (0., 0.325086659217944), .UNSPECIFIED.)
   GEOMETRIC_REPRESENTATION_ITEM ()
   RATIONAL_B_SPLINE_SURFACE (((1., 1.), (0.707106781186547, 0.707106781186547), (1., 1.), (0.707106781186547, 0.707106781186547), (1., 1.)))
   REPRESENTATION_ITEM ('')
   SURFACE ()
);
#9528 = ADVANCED_FACE ('', (#9516), #9527, .T.);
#9529 = ORIENTED_EDGE ('', *, *, #4562, .F.);
#9530 = ORIENTED_EDGE ('', *, *, #4243, .F.);
#9531 = ORIENTED_EDGE ('', *, *, #4577, .F.);
#9532 = ORIENTED_EDGE ('', *, *, #4601, .T.);
#9533 = EDGE_LOOP ('', (#9529, #9530, #9531, #9532));
#9534 = FACE_OUTER_BOUND ('', #9533, .T.);
#9535 = CARTESIAN_POINT ('', (43.9999999999985, 24.6580219542973, 3.50000000000079));
#9536 = CARTESIAN_POINT ('', (43.9999999999985, 24.6580219542985, -5.49999999999893));
#9537 = CARTESIAN_POINT ('', (43.9999999999985, 25.4080219542971, 3.50000000000089));
#9538 = CARTESIAN_POINT ('', (43.9999999999984, 25.4080219542983, -5.49999999999883));
#9539 = CARTESIAN_POINT ('', (43.2499999999987, 25.4080219542971, 3.5000000000009));
#9540 = CARTESIAN_POINT ('', (43.2499999999986, 25.4080219542982, -5.49999999999882));
#9541 = CARTESIAN_POINT ('', (42.4999999999989, 25.408021954297, 3.5000000000009));
#9542 = CARTESIAN_POINT ('', (42.4999999999988, 25.4080219542982, -5.49999999999881));
#9543 = CARTESIAN_POINT ('', (42.4999999999989, 24.6580219542972, 3.5000000000008));
#9544 = CARTESIAN_POINT ('', (42.4999999999988, 24.6580219542984, -5.49999999999891));
#9545 = (
   BOUNDED_SURFACE ()
   B_SPLINE_SURFACE (2, 1, ((#9535, #9536), (#9537, #9538), (#9539, #9540), (#9541, #9542), (#9543, #9544)), .UNSPECIFIED., .F., .F., .U.)
   B_SPLINE_SURFACE_WITH_KNOTS ((3, 2, 3), (2, 2), (0.0851074883649083, 0.127661232547363, 0.170214976729817), (0., 0.325086659217944), .UNSPECIFIED.)
   GEOMETRIC_REPRESENTATION_ITEM ()
   RATIONAL_B_SPLINE_SURFACE (((1., 1.), (0.707106781186547, 0.707106781186547), (1., 1.), (0.707106781186547, 0.707106781186547), (1., 1.)))
   REPRESENTATION_ITEM ('')
   SURFACE ()
);
#9546 = ADVANCED_FACE ('', (#9534), #9545, .T.);
#9547 = ORIENTED_EDGE ('', *, *, #4616, .F.);
#9548 = ORIENTED_EDGE ('', *, *, #4221, .F.);
#9549 = ORIENTED_EDGE ('', *, *, #4631, .F.);
#9550 = ORIENTED_EDGE ('', *, *, #4655, .T.);
#9551 = EDGE_LOOP ('', (#9547, #9548, #9549, #9550));
#9552 = FACE_OUTER_BOUND ('', #9551, .T.);
#9553 = CARTESIAN_POINT ('', (9.50981331588014, 114.994745565627, 3.50000000001257));
#9554 = CARTESIAN_POINT ('', (9.50981331587999, 114.994745565628, -5.49999999998715));
#9555 = CARTESIAN_POINT ('', (9.50981331588018, 115.744745565627, 3.50000000001267));
#9556 = CARTESIAN_POINT ('', (9.50981331588002, 115.744745565628, -5.49999999998705));
#9557 = CARTESIAN_POINT ('', (8.75981331588036, 115.744745565627, 3.50000000001268));
#9558 = CARTESIAN_POINT ('', (8.7598133158802, 115.744745565628, -5.49999999998704));
#9559 = CARTESIAN_POINT ('', (8.00981331588054, 115.744745565627, 3.5000000000127));
#9560 = CARTESIAN_POINT ('', (8.00981331588038, 115.744745565628, -5.49999999998703));
#9561 = CARTESIAN_POINT ('', (8.0098133158805, 114.994745565627, 3.5000000000126));
#9562 = CARTESIAN_POINT ('', (8.00981331588034, 114.994745565628, -5.49999999998712));
#9563 = (
   BOUNDED_SURFACE ()
   B_SPLINE_SURFACE (2, 1, ((#9553, #9554), (#9555, #9556), (#9557, #9558), (#9559, #9560), (#9561, #9562)), .UNSPECIFIED., .F., .F., .U.)
   B_SPLINE_SURFACE_WITH_KNOTS ((3, 2, 3), (2, 2), (0.0851074883649106, 0.127661232547366, 0.170214976729821), (0., 0.325086659217944), .UNSPECIFIED.)
   GEOMETRIC_REPRESENTATION_ITEM ()
   RATIONAL_B_SPLINE_SURFACE (((1., 1.), (0.707106781186547, 0.707106781186547), (1., 1.), (0.707106781186547, 0.707106781186547), (1., 1.)))
   REPRESENTATION_ITEM ('')
   SURFACE ()
);
#9564 = ADVANCED_FACE ('', (#9552), #9563, .T.);
#9565 = ORIENTED_EDGE ('', *, *, #8170, .F.);
#9566 = ORIENTED_EDGE ('', *, *, #8305, .F.);
#9567 = ORIENTED_EDGE ('', *, *, #8178, .T.);
#9568 = ORIENTED_EDGE ('', *, *, #1292, .F.);
#9569 = EDGE_LOOP ('', (#9565, #9566, #9567, #9568));
#9570 = FACE_OUTER_BOUND ('', #9569, .T.);
#9571 = CARTESIAN_POINT ('', (24.1076951545866, 24.3176248247411, -6.05081063380231));
#9572 = CARTESIAN_POINT ('', (24.1076802713434, 24.5132710843551, -6.06792746357976));
#9573 = CARTESIAN_POINT ('', (24.1251044055075, 24.8140510962932, -6.0942423048395));
#9574 = CARTESIAN_POINT ('', (24.1877309180785, 25.2235694716356, -6.13007052018747));
#9575 = CARTESIAN_POINT ('', (24.2553251690577, 25.5331592136222, -6.15715611295518));
#9576 = CARTESIAN_POINT ('', (24.34427665852, 25.8432487172016, -6.18428542919672));
#9577 = CARTESIAN_POINT ('', (24.4550758867181, 26.1517323395553, -6.21127424903604));
#9578 = CARTESIAN_POINT ('', (24.587941690254, 26.4563908148587, -6.23792841187215));
#9579 = CARTESIAN_POINT ('', (24.7427944646279, 26.7549332306773, -6.26404748883788));
#9580 = CARTESIAN_POINT ('', (24.9192388056721, 27.0450469664709, -6.28942915185294));
#9581 = CARTESIAN_POINT ('', (25.1165559036434, 27.3244515038767, -6.31387388141362));
#9582 = CARTESIAN_POINT ('', (25.3337071813337, 27.5909543112116, -6.33718985585322));
#9583 = CARTESIAN_POINT ('', (25.569349557366, 27.8425059487398, -6.35919777242829));
#9584 = CARTESIAN_POINT ('', (25.8218620811252, 28.0772516343583, -6.37973535873151));
#9585 = CARTESIAN_POINT ('', (26.0893828864905, 28.293576585842, -6.3986613396241));
#9586 = CARTESIAN_POINT ('', (26.3698547015899, 28.4901428328554, -6.41585865786958));
#9587 = CARTESIAN_POINT ('', (26.6610766331147, 28.6659157492611, -6.43123679540995));
#9588 = CARTESIAN_POINT ('', (26.9607594011443, 28.8201792645086, -6.44473310418974));
#9589 = CARTESIAN_POINT ('', (27.2665817392068, 28.9525394644742, -6.45631312118874));
#9590 = CARTESIAN_POINT ('', (27.5762432826913, 29.062917102025, -6.4659699131812));
#9591 = CARTESIAN_POINT ('', (27.8875189056863, 29.1515299778204, -6.47372253525572));
#9592 = CARTESIAN_POINT ('', (28.1982851548316, 29.2188674839772, -6.47961380367454));
#9593 = CARTESIAN_POINT ('', (28.4552307175903, 29.257858641804, -6.48302508796213));
#9594 = CARTESIAN_POINT ('', (28.658605835245, 29.2792446267357, -6.48489611920198));
#9595 = CARTESIAN_POINT ('', (28.8605179917237, 29.2942721756544, -6.48621085937295));
#9596 = CARTESIAN_POINT ('', (29.1076951545865, 29.30148240823, -6.4868416729847));
#9597 = CARTESIAN_POINT ('', (29.3548723174493, 29.2942721756545, -6.48621085937296));
#9598 = CARTESIAN_POINT ('', (29.556784473928, 29.2792446267357, -6.48489611920199));
#9599 = CARTESIAN_POINT ('', (29.7601595915827, 29.2578586418039, -6.48302508796211));
#9600 = CARTESIAN_POINT ('', (30.0171051543414, 29.2188674839773, -6.47961380367454));
#9601 = CARTESIAN_POINT ('', (30.3278714034867, 29.1515299778205, -6.47372253525573));
#9602 = CARTESIAN_POINT ('', (30.6391470264816, 29.0629171020248, -6.46596991318118));
#9603 = CARTESIAN_POINT ('', (30.9488085699662, 28.9525394644742, -6.45631312118875));
#9604 = CARTESIAN_POINT ('', (31.2546309080286, 28.8201792645086, -6.44473310418974));
#9605 = CARTESIAN_POINT ('', (31.5543136760583, 28.665915749261, -6.43123679540994));
#9606 = CARTESIAN_POINT ('', (31.8455356075831, 28.4901428328561, -6.41585865786964));
#9607 = CARTESIAN_POINT ('', (32.1260074226823, 28.2935765858395, -6.39866133962388));
#9608 = CARTESIAN_POINT ('', (32.3935282280485, 28.0772516343675, -6.37973535873231));
#9609 = CARTESIAN_POINT ('', (32.6460407518043, 27.8425059487058, -6.35919777242532));
#9610 = CARTESIAN_POINT ('', (32.8816831278493, 27.5909543113385, -6.33718985586432));
#9611 = CARTESIAN_POINT ('', (33.0988344054925, 27.3244515034034, -6.3138738813722));
#9612 = CARTESIAN_POINT ('', (33.2961515036392, 27.0450469682375, -6.28942915200749));
#9613 = CARTESIAN_POINT ('', (33.4725958440292, 26.7549332240843, -6.26404748826106));
#9614 = CARTESIAN_POINT ('', (33.6274486208439, 26.4563908394638, -6.23792841402481));
#9615 = CARTESIAN_POINT ('', (33.7603144152706, 26.151732247728, -6.21127424100219));
#9616 = CARTESIAN_POINT ('', (33.8711136774652, 25.8432490599058, -6.18428545917945));
#9617 = CARTESIAN_POINT ('', (33.9600650400505, 25.5331579346329, -6.15715600105811));
#9618 = CARTESIAN_POINT ('', (34.0276597645414, 25.2235742448885, -6.13007093779299));
#9619 = CARTESIAN_POINT ('', (34.0667998622566, 24.9676064375701, -6.10767665642507));
#9620 = CARTESIAN_POINT ('', (34.0882675381765, 24.7650052236387, -6.08995134698951));
#9621 = CARTESIAN_POINT ('', (34.1033524898908, 24.5638614038744, -6.07235354302185));
#9622 = CARTESIAN_POINT ('', (34.1076951545864, 24.4161194563944, -6.05942779749013));
#9623 = CARTESIAN_POINT ('', (34.1076951545864, 24.3176248247411, -6.05081063380231));
#9624 = CARTESIAN_POINT ('', (23.6076951545884, 24.2740469533675, -6.54890798284632));
#9625 = CARTESIAN_POINT ('', (23.607678783021, 24.4892578389428, -6.56773649560151));
#9626 = CARTESIAN_POINT ('', (23.6268453306015, 24.8201158520746, -6.59668282098721));
#9627 = CARTESIAN_POINT ('', (23.6957344944296, 25.2705860649511, -6.63609385786997));
#9628 = CARTESIAN_POINT ('', (23.7700881705066, 25.6111347811363, -6.66588800991444));
#9629 = CARTESIAN_POINT ('', (23.8679348089151, 25.9522332350735, -6.69573025778012));
#9630 = CARTESIAN_POINT ('', (23.9898139599329, 26.2915652196624, -6.72541795960336));
#9631 = CARTESIAN_POINT ('', (24.1359663438225, 26.6266895424961, -6.75473753872307));
#9632 = CARTESIAN_POINT ('', (24.3063043956337, 26.9550861998964, -6.78346852338536));
#9633 = CARTESIAN_POINT ('', (24.5003931707822, 27.2742113092692, -6.81138835270192));
#9634 = CARTESIAN_POINT ('', (24.7174419785506, 27.5815563004156, -6.83827755521866));
#9635 = CARTESIAN_POINT ('', (24.9563083840098, 27.8747093884838, -6.86392512710222));
#9636 = CARTESIAN_POINT ('', (25.2155149976452, 28.1514161897648, -6.88813383533479));
#9637 = CARTESIAN_POINT ('', (25.4932787737802, 28.4096364439451, -6.91072518026831));
#9638 = CARTESIAN_POINT ('', (25.7875516596821, 28.647593890577, -6.93154375925015));
#9639 = CARTESIAN_POINT ('', (26.0960706562913, 28.8638167622917, -6.95046080932018));
#9640 = CARTESIAN_POINT ('', (26.4164147809684, 29.0571669703379, -6.96737676061459));
#9641 = CARTESIAN_POINT ('', (26.7460658258009, 29.22685683711, -6.98222270027235));
#9642 = CARTESIAN_POINT ('', (27.0824703976695, 29.3724530570721, -6.99496071897124));
#9643 = CARTESIAN_POINT ('', (27.4230980955023, 29.493868458378, -7.00558319016294));
#9644 = CARTESIAN_POINT ('', (27.7655012807967, 29.5913426217529, -7.01411107444491));
#9645 = CARTESIAN_POINT ('', (28.1073441548564, 29.6654138785254, -7.02059146970561));
#9646 = CARTESIAN_POINT ('', (28.3899842738909, 29.7083041521349, -7.02434388242196));
#9647 = CARTESIAN_POINT ('', (28.613696903311, 29.7318287355597, -7.0264020167858));
#9648 = CARTESIAN_POINT ('', (28.8358002754375, 29.7483590393703, -7.02784823097386));
#9649 = CARTESIAN_POINT ('', (29.1076951545865, 29.7562902952035, -7.02854212594679));
#9650 = CARTESIAN_POINT ('', (29.3795900337354, 29.7483590393703, -7.02784823097386));
#9651 = CARTESIAN_POINT ('', (29.601693405862, 29.7318287355597, -7.0264020167858));
#9652 = CARTESIAN_POINT ('', (29.825406035282, 29.7083041521347, -7.02434388242194));
#9653 = CARTESIAN_POINT ('', (30.1080461543165, 29.6654138785254, -7.02059146970561));
#9654 = CARTESIAN_POINT ('', (30.4498890283763, 29.591342621753, -7.01411107444492));
#9655 = CARTESIAN_POINT ('', (30.7922922136706, 29.4938684583778, -7.00558319016293));
#9656 = CARTESIAN_POINT ('', (31.1329199115035, 29.3724530570722, -6.99496071897125));
#9657 = CARTESIAN_POINT ('', (31.469324483372, 29.2268568371101, -6.98222270027235));
#9658 = CARTESIAN_POINT ('', (31.7989755282045, 29.0571669703378, -6.96737676061457));
#9659 = CARTESIAN_POINT ('', (32.1193196528818, 28.8638167622924, -6.95046080932024));
#9660 = CARTESIAN_POINT ('', (32.4278386494907, 28.6475938905743, -6.93154375924992));
#9661 = CARTESIAN_POINT ('', (32.7221115353935, 28.4096364439551, -6.91072518026919));
#9662 = CARTESIAN_POINT ('', (32.9998753115248, 28.1514161897274, -6.88813383533151));
#9663 = CARTESIAN_POINT ('', (33.2590819251741, 27.8747093886234, -6.86392512711443));
#9664 = CARTESIAN_POINT ('', (33.4979483305816, 27.5815562998949, -6.83827755517311));
#9665 = CARTESIAN_POINT ('', (33.7149971385428, 27.2742113112125, -6.81138835287193));
#9666 = CARTESIAN_POINT ('', (33.9090859129719, 26.9550861926441, -6.78346852275087));
#9667 = CARTESIAN_POINT ('', (34.079423967468, 26.6266895695616, -6.754737541091));
#9668 = CARTESIAN_POINT ('', (34.2255763413373, 26.2915651186524, -6.72541795076613));
#9669 = CARTESIAN_POINT ('', (34.3474555297513, 25.9522336120481, -6.69573029076112));
#9670 = CARTESIAN_POINT ('', (34.4453020285951, 25.611133374248, -6.66588788682766));
#9671 = CARTESIAN_POINT ('', (34.519656225535, 25.2705913155293, -6.63609431723604));
#9672 = CARTESIAN_POINT ('', (34.5627103330218, 24.9890267274792, -6.61146060773133));
#9673 = CARTESIAN_POINT ('', (34.5863247765336, 24.7661653921547, -6.59196276735222));
#9674 = CARTESIAN_POINT ('', (34.6029182234194, 24.544907190414, -6.5726051829878));
#9675 = CARTESIAN_POINT ('', (34.6076951545845, 24.3823910481861, -6.55838686290291));
#9676 = CARTESIAN_POINT ('', (34.6076951545845, 24.2740469533675, -6.54890798284632));
#9677 = B_SPLINE_SURFACE_WITH_KNOTS ('', 1, 3, ((#9571, #9572, #9573, #9574, #9575, #9576, #9577, #9578, #9579, #9580, #9581, #9582, #9583, #9584, #9585, #9586, #9587, #9588, #9589, #9590, #9591, #9592, #9593, #9594, #9595, #9596, #9597, #9598, #9599, #9600, #9601, #9602, #9603, #9604, #9605, #9606, #9607, #9608, #9609, #9610, #9611, #9612, #9613, #9614, #9615, #9616, #9617, #9618, #9619, #9620, #9621, #9622, #9623), (#9624, #9625, #9626, #9627, #9628, #9629, #9630, #9631, #9632, #9633, #9634, #9635, #9636, #9637, #9638, #9639, #9640, #9641, #9642, #9643, #9644, #9645, #9646, #9647, #9648, #9649, #9650, #9651, #9652, #9653, #9654, #9655, #9656, #9657, #9658, #9659, #9660, #9661, #9662, #9663, #9664, #9665, #9666, #9667, #9668, #9669, #9670, #9671, #9672, #9673, #9674, #9675, #9676)), .UNSPECIFIED., .F., .F., .U., (2, 2), (4, 1, 1, 1, 1, 1, 1, 1, 1, 1, 1, 1, 1, 1, 1, 1, 1, 1, 1, 1, 1, 1, 1, 1, 1, 1, 1, 1, 1, 1, 1, 1, 1, 1, 1, 1, 1, 1, 1, 1, 1, 1, 1, 1, 1, 1, 1, 1, 1, 1, 4), (0., 0.249999999999066), (0., 0.0208333333333335, 0.0312499999999993, 0.0416666666666661, 0.0520833333333332, 0.0625000000000005, 0.0729166666666669, 0.0833333333333328, 0.0937500000000007, 0.104166666666667, 0.114583333333333, 0.125, 0.135416666666667, 0.145833333333334, 0.15625, 0.166666666666666, 0.177083333333333, 0.1875, 0.197916666666667, 0.208333333333334, 0.21875, 0.229166666666667, 0.234374999999999, 0.239583333333333, 0.25, 0.260416666666667, 0.265625, 0.270833333333333, 0.281249999999999, 0.291666666666667, 0.302083333333334, 0.3125, 0.322916666666667, 0.333333333333333, 0.343750000000001, 0.354166666666667, 0.364583333333334, 0.375, 0.385416666666667, 0.395833333333334, 0.40625, 0.416666666666668, 0.427083333333333, 0.4375, 0.447916666666666, 0.458333333333333, 0.468750000000001, 0.479166666666666, 0.484375, 0.489583333333332, 0.5), .UNSPECIFIED.);
#9678 = ADVANCED_FACE ('', (#9570), #9677, .T.);
#9679 = ORIENTED_EDGE ('', *, *, #8320, .F.);
#9680 = ORIENTED_EDGE ('', *, *, #8455, .F.);
#9681 = ORIENTED_EDGE ('', *, *, #8328, .T.);
#9682 = ORIENTED_EDGE ('', *, *, #1158, .F.);
#9683 = EDGE_LOOP ('', (#9679, #9680, #9681, #9682));
#9684 = FACE_OUTER_BOUND ('', #9683, .T.);
#9685 = CARTESIAN_POINT ('', (163.999999999998, 126.628799963374, -15.0018786104357));
#9686 = CARTESIAN_POINT ('', (163.999985116755, 126.824446222988, -15.0189954402132));
#9687 = CARTESIAN_POINT ('', (164.017409250919, 127.125226234926, -15.0453102814729));
#9688 = CARTESIAN_POINT ('', (164.08003576349, 127.534744610268, -15.0811384968209));
#9689 = CARTESIAN_POINT ('', (164.147630014469, 127.844334352255, -15.1082240895886));
#9690 = CARTESIAN_POINT ('', (164.236581503931, 128.154423855834, -15.1353534058301));
#9691 = CARTESIAN_POINT ('', (164.347380732129, 128.462907478188, -15.1623422256694));
#9692 = CARTESIAN_POINT ('', (164.480246535665, 128.767565953492, -15.1889963885055));
#9693 = CARTESIAN_POINT ('', (164.635099310039, 129.06610836931, -15.2151154654713));
#9694 = CARTESIAN_POINT ('', (164.811543651083, 129.356222105104, -15.2404971284863));
#9695 = CARTESIAN_POINT ('', (165.008860749055, 129.63562664251, -15.264941858047));
#9696 = CARTESIAN_POINT ('', (165.226012026745, 129.902129449844, -15.2882578324866));
#9697 = CARTESIAN_POINT ('', (165.461654402777, 130.153681087373, -15.3102657490617));
#9698 = CARTESIAN_POINT ('', (165.714166926537, 130.388426772991, -15.3308033353649));
#9699 = CARTESIAN_POINT ('', (165.981687731902, 130.604751724475, -15.3497293162575));
#9700 = CARTESIAN_POINT ('', (166.262159547001, 130.801317971488, -15.366926634503));
#9701 = CARTESIAN_POINT ('', (166.553381478526, 130.977090887894, -15.3823047720433));
#9702 = CARTESIAN_POINT ('', (166.853064246556, 131.131354403141, -15.3958010808231));
#9703 = CARTESIAN_POINT ('', (167.158886584618, 131.263714603107, -15.4073810978221));
#9704 = CARTESIAN_POINT ('', (167.468548128103, 131.374092240658, -15.4170378898146));
#9705 = CARTESIAN_POINT ('', (167.779823751098, 131.462705116453, -15.4247905118891));
#9706 = CARTESIAN_POINT ('', (168.090590000243, 131.53004262261, -15.4306817803079));
#9707 = CARTESIAN_POINT ('', (168.347535563002, 131.569033780437, -15.4340930645955));
#9708 = CARTESIAN_POINT ('', (168.550910680656, 131.590419765368, -15.4359640958354));
#9709 = CARTESIAN_POINT ('', (168.752822837135, 131.605447314287, -15.4372788360063));
#9710 = CARTESIAN_POINT ('', (168.999999999998, 131.612657546863, -15.4379096496181));
#9711 = CARTESIAN_POINT ('', (169.247177162861, 131.605447314287, -15.4372788360063));
#9712 = CARTESIAN_POINT ('', (169.449089319339, 131.590419765369, -15.4359640958354));
#9713 = CARTESIAN_POINT ('', (169.652464436994, 131.569033780437, -15.4340930645955));
#9714 = CARTESIAN_POINT ('', (169.909409999753, 131.53004262261, -15.4306817803079));
#9715 = CARTESIAN_POINT ('', (170.220176248898, 131.462705116453, -15.4247905118891));
#9716 = CARTESIAN_POINT ('', (170.531451871893, 131.374092240658, -15.4170378898146));
#9717 = CARTESIAN_POINT ('', (170.841113415377, 131.263714603107, -15.4073810978221));
#9718 = CARTESIAN_POINT ('', (171.14693575344, 131.131354403141, -15.3958010808231));
#9719 = CARTESIAN_POINT ('', (171.44661852147, 130.977090887894, -15.3823047720433));
#9720 = CARTESIAN_POINT ('', (171.737840452995, 130.801317971489, -15.366926634503));
#9721 = CARTESIAN_POINT ('', (172.018312268094, 130.604751724472, -15.3497293162573));
#9722 = CARTESIAN_POINT ('', (172.28583307346, 130.388426773, -15.3308033353657));
#9723 = CARTESIAN_POINT ('', (172.538345597216, 130.153681087339, -15.3102657490587));
#9724 = CARTESIAN_POINT ('', (172.773987973261, 129.902129449971, -15.2882578324977));
#9725 = CARTESIAN_POINT ('', (172.991139250904, 129.635626642036, -15.2649418580056));
#9726 = CARTESIAN_POINT ('', (173.18845634905, 129.35622210687, -15.2404971286409));
#9727 = CARTESIAN_POINT ('', (173.364900689441, 129.066108362717, -15.2151154648945));
#9728 = CARTESIAN_POINT ('', (173.519753466255, 128.767565978097, -15.1889963906582));
#9729 = CARTESIAN_POINT ('', (173.652619260682, 128.462907386361, -15.1623422176356));
#9730 = CARTESIAN_POINT ('', (173.763418522876, 128.154424198539, -15.1353534358128));
#9731 = CARTESIAN_POINT ('', (173.852369885462, 127.844333073266, -15.1082239776915));
#9732 = CARTESIAN_POINT ('', (173.919964609953, 127.534749383521, -15.0811389144264));
#9733 = CARTESIAN_POINT ('', (173.959104707668, 127.278781576203, -15.0587446330585));
#9734 = CARTESIAN_POINT ('', (173.980572383588, 127.076180362272, -15.0410193236229));
#9735 = CARTESIAN_POINT ('', (173.995657335302, 126.875036542507, -15.0234215196552));
#9736 = CARTESIAN_POINT ('', (173.999999999998, 126.727294595027, -15.0104957741235));
#9737 = CARTESIAN_POINT ('', (173.999999999998, 126.628799963374, -15.0018786104357));
#9738 = CARTESIAN_POINT ('', (163.499999999933, 126.585222091995, -15.4999759595463));
#9739 = CARTESIAN_POINT ('', (163.499983628366, 126.800432977572, -15.5188044723017));
#9740 = CARTESIAN_POINT ('', (163.519150175946, 127.131290990708, -15.5477507976877));
#9741 = CARTESIAN_POINT ('', (163.588039339775, 127.58176120359, -15.587161834571));
#9742 = CARTESIAN_POINT ('', (163.662393015853, 127.92230991978, -15.6169559866158));
#9743 = CARTESIAN_POINT ('', (163.760239654263, 128.263408373721, -15.6467982344818));
#9744 = CARTESIAN_POINT ('', (163.882118805282, 128.602740358314, -15.6764859363054));
#9745 = CARTESIAN_POINT ('', (164.028271189173, 128.937864681152, -15.7058055154255));
#9746 = CARTESIAN_POINT ('', (164.198609240987, 129.266261338556, -15.7345365000881));
#9747 = CARTESIAN_POINT ('', (164.392698016138, 129.585386447933, -15.762456329405));
#9748 = CARTESIAN_POINT ('', (164.609746823909, 129.892731439083, -15.7893455319221));
#9749 = CARTESIAN_POINT ('', (164.848613229371, 130.185884527155, -15.814993103806));
#9750 = CARTESIAN_POINT ('', (165.107819843009, 130.462591328439, -15.8392018120388));
#9751 = CARTESIAN_POINT ('', (165.385583619148, 130.720811582622, -15.8617931569726));
#9752 = CARTESIAN_POINT ('', (165.679856505053, 130.958769029257, -15.8826117359547));
#9753 = CARTESIAN_POINT ('', (165.988375501666, 131.174991900975, -15.901528786025));
#9754 = CARTESIAN_POINT ('', (166.308719626347, 131.368342109023, -15.9184447373196));
#9755 = CARTESIAN_POINT ('', (166.638370671184, 131.538031975797, -15.9332906769775));
#9756 = CARTESIAN_POINT ('', (166.974775243056, 131.683628195761, -15.9460286956766));
#9757 = CARTESIAN_POINT ('', (167.315402940893, 131.805043597068, -15.9566511668684));
#9758 = CARTESIAN_POINT ('', (167.657806126192, 131.902517760445, -15.9651790511505));
#9759 = CARTESIAN_POINT ('', (167.999649000256, 131.976589017218, -15.9716594464113));
#9760 = CARTESIAN_POINT ('', (168.282289119294, 132.019479290828, -15.9754118591277));
#9761 = CARTESIAN_POINT ('', (168.506001748716, 132.043003874253, -15.9774699934915));
#9762 = CARTESIAN_POINT ('', (168.728105120846, 132.059534178064, -15.9789162076796));
#9763 = CARTESIAN_POINT ('', (168.999999999998, 132.067465433897, -15.9796101026525));
#9764 = CARTESIAN_POINT ('', (169.27189487915, 132.059534178064, -15.9789162076796));
#9765 = CARTESIAN_POINT ('', (169.493998251279, 132.043003874253, -15.9774699934915));
#9766 = CARTESIAN_POINT ('', (169.717710880702, 132.019479290828, -15.9754118591277));
#9767 = CARTESIAN_POINT ('', (170.00035099974, 131.976589017218, -15.9716594464113));
#9768 = CARTESIAN_POINT ('', (170.342193873804, 131.902517760445, -15.9651790511505));
#9769 = CARTESIAN_POINT ('', (170.684597059102, 131.805043597068, -15.9566511668684));
#9770 = CARTESIAN_POINT ('', (171.025224756939, 131.683628195761, -15.9460286956766));
#9771 = CARTESIAN_POINT ('', (171.361629328812, 131.538031975797, -15.9332906769775));
#9772 = CARTESIAN_POINT ('', (171.691280373649, 131.368342109023, -15.9184447373196));
#9773 = CARTESIAN_POINT ('', (172.01162449833, 131.174991900975, -15.9015287860251));
#9774 = CARTESIAN_POINT ('', (172.320143494942, 130.958769029254, -15.8826117359545));
#9775 = CARTESIAN_POINT ('', (172.614416380849, 130.720811582632, -15.8617931569735));
#9776 = CARTESIAN_POINT ('', (172.892180156983, 130.462591328402, -15.8392018120356));
#9777 = CARTESIAN_POINT ('', (173.151386770636, 130.185884527294, -15.8149931038182));
#9778 = CARTESIAN_POINT ('', (173.390253176046, 129.892731438562, -15.7893455318766));
#9779 = CARTESIAN_POINT ('', (173.60730198401, 129.585386449876, -15.7624563295751));
#9780 = CARTESIAN_POINT ('', (173.801390758442, 129.266261331304, -15.7345364994537));
#9781 = CARTESIAN_POINT ('', (173.97172881294, 128.937864708217, -15.7058055177934));
#9782 = CARTESIAN_POINT ('', (174.117881186811, 128.602740257304, -15.6764859274682));
#9783 = CARTESIAN_POINT ('', (174.239760375226, 128.263408750696, -15.6467982674628));
#9784 = CARTESIAN_POINT ('', (174.337606874071, 127.922308512891, -15.616955863529));
#9785 = CARTESIAN_POINT ('', (174.411961071012, 127.581766454169, -15.587162293937));
#9786 = CARTESIAN_POINT ('', (174.455015178499, 127.300201866115, -15.562528584432));
#9787 = CARTESIAN_POINT ('', (174.478629622012, 127.077340530788, -15.5430307440527));
#9788 = CARTESIAN_POINT ('', (174.495223068897, 126.856082329044, -15.523673159688));
#9789 = CARTESIAN_POINT ('', (174.500000000063, 126.693566186814, -15.509454839603));
#9790 = CARTESIAN_POINT ('', (174.500000000063, 126.585222091995, -15.4999759595463));
#9791 = B_SPLINE_SURFACE_WITH_KNOTS ('', 1, 3, ((#9685, #9686, #9687, #9688, #9689, #9690, #9691, #9692, #9693, #9694, #9695, #9696, #9697, #9698, #9699, #9700, #9701, #9702, #9703, #9704, #9705, #9706, #9707, #9708, #9709, #9710, #9711, #9712, #9713, #9714, #9715, #9716, #9717, #9718, #9719, #9720, #9721, #9722, #9723, #9724, #9725, #9726, #9727, #9728, #9729, #9730, #9731, #9732, #9733, #9734, #9735, #9736, #9737), (#9738, #9739, #9740, #9741, #9742, #9743, #9744, #9745, #9746, #9747, #9748, #9749, #9750, #9751, #9752, #9753, #9754, #9755, #9756, #9757, #9758, #9759, #9760, #9761, #9762, #9763, #9764, #9765, #9766, #9767, #9768, #9769, #9770, #9771, #9772, #9773, #9774, #9775, #9776, #9777, #9778, #9779, #9780, #9781, #9782, #9783, #9784, #9785, #9786, #9787, #9788, #9789, #9790)), .UNSPECIFIED., .F., .F., .U., (2, 2), (4, 1, 1, 1, 1, 1, 1, 1, 1, 1, 1, 1, 1, 1, 1, 1, 1, 1, 1, 1, 1, 1, 1, 1, 1, 1, 1, 1, 1, 1, 1, 1, 1, 1, 1, 1, 1, 1, 1, 1, 1, 1, 1, 1, 1, 1, 1, 1, 1, 1, 4), (0., 0.250000000032463), (0., 0.0208333333333335, 0.0312499999999993, 0.0416666666666661, 0.0520833333333332, 0.0625000000000005, 0.0729166666666669, 0.0833333333333328, 0.0937500000000007, 0.104166666666667, 0.114583333333333, 0.125, 0.135416666666667, 0.145833333333334, 0.15625, 0.166666666666666, 0.177083333333333, 0.1875, 0.197916666666667, 0.208333333333334, 0.21875, 0.229166666666667, 0.234374999999999, 0.239583333333333, 0.25, 0.260416666666667, 0.265625, 0.270833333333333, 0.281249999999999, 0.291666666666667, 0.302083333333334, 0.3125, 0.322916666666667, 0.333333333333333, 0.343750000000001, 0.354166666666667, 0.364583333333334, 0.375, 0.385416666666667, 0.395833333333334, 0.40625, 0.416666666666668, 0.427083333333333, 0.4375, 0.447916666666666, 0.458333333333333, 0.468750000000001, 0.479166666666666, 0.484375, 0.489583333333332, 0.5), .UNSPECIFIED.);
#9792 = ADVANCED_FACE ('', (#9684), #9791, .T.);
#9793 = ORIENTED_EDGE ('', *, *, #8470, .F.);
#9794 = ORIENTED_EDGE ('', *, *, #8605, .F.);
#9795 = ORIENTED_EDGE ('', *, *, #8478, .T.);
#9796 = ORIENTED_EDGE ('', *, *, #1024, .F.);
#9797 = EDGE_LOOP ('', (#9793, #9794, #9795, #9796));
#9798 = FACE_OUTER_BOUND ('', #9797, .T.);
#9799 = CARTESIAN_POINT ('', (163.999999999998, 45.9370294179423, -7.94226344788509));
#9800 = CARTESIAN_POINT ('', (163.999985116755, 46.1326756775562, -7.95938027766255));
#9801 = CARTESIAN_POINT ('', (164.017409250919, 46.4334556894943, -7.98569511892228));
#9802 = CARTESIAN_POINT ('', (164.08003576349, 46.8429740648368, -8.02152333427025));
#9803 = CARTESIAN_POINT ('', (164.147630014469, 47.1525638068234, -8.04860892703796));
#9804 = CARTESIAN_POINT ('', (164.236581503932, 47.4626533104028, -8.0757382432795));
#9805 = CARTESIAN_POINT ('', (164.34738073213, 47.7711369327564, -8.10272706311882));
#9806 = CARTESIAN_POINT ('', (164.480246535666, 48.0757954080599, -8.12938122595493));
#9807 = CARTESIAN_POINT ('', (164.63509931004, 48.3743378238785, -8.15550030292066));
#9808 = CARTESIAN_POINT ('', (164.811543651084, 48.6644515596721, -8.18088196593572));
#9809 = CARTESIAN_POINT ('', (165.008860749055, 48.9438560970779, -8.2053266954964));
#9810 = CARTESIAN_POINT ('', (165.226012026746, 49.2103589044128, -8.22864266993601));
#9811 = CARTESIAN_POINT ('', (165.461654402778, 49.461910541941, -8.25065058651108));
#9812 = CARTESIAN_POINT ('', (165.714166926537, 49.6966562275595, -8.27118817281429));
#9813 = CARTESIAN_POINT ('', (165.981687731902, 49.9129811790432, -8.29011415370688));
#9814 = CARTESIAN_POINT ('', (166.262159547002, 50.1095474260566, -8.30731147195237));
#9815 = CARTESIAN_POINT ('', (166.553381478526, 50.2853203424623, -8.32268960949273));
#9816 = CARTESIAN_POINT ('', (166.853064246556, 50.4395838577097, -8.33618591827253));
#9817 = CARTESIAN_POINT ('', (167.158886584619, 50.5719440576753, -8.34776593527152));
#9818 = CARTESIAN_POINT ('', (167.468548128103, 50.6823216952262, -8.35742272726398));
#9819 = CARTESIAN_POINT ('', (167.779823751098, 50.7709345710216, -8.3651753493385));
#9820 = CARTESIAN_POINT ('', (168.090590000243, 50.8382720771784, -8.37106661775732));
#9821 = CARTESIAN_POINT ('', (168.347535563002, 50.8772632350052, -8.37447790204491));
#9822 = CARTESIAN_POINT ('', (168.550910680657, 50.8986492199368, -8.37634893328476));
#9823 = CARTESIAN_POINT ('', (168.752822837135, 50.9136767688556, -8.37766367345573));
#9824 = CARTESIAN_POINT ('', (168.999999999998, 50.9208870014312, -8.37829448706748));
#9825 = CARTESIAN_POINT ('', (169.247177162861, 50.9136767688557, -8.37766367345573));
#9826 = CARTESIAN_POINT ('', (169.44908931934, 50.8986492199369, -8.37634893328477));
#9827 = CARTESIAN_POINT ('', (169.652464436994, 50.877263235005, -8.37447790204489));
#9828 = CARTESIAN_POINT ('', (169.909409999753, 50.8382720771784, -8.37106661775732));
#9829 = CARTESIAN_POINT ('', (170.220176248898, 50.7709345710217, -8.36517534933851));
#9830 = CARTESIAN_POINT ('', (170.531451871893, 50.682321695226, -8.35742272726396));
#9831 = CARTESIAN_POINT ('', (170.841113415378, 50.5719440576754, -8.34776593527153));
#9832 = CARTESIAN_POINT ('', (171.14693575344, 50.4395838577097, -8.33618591827253));
#9833 = CARTESIAN_POINT ('', (171.44661852147, 50.2853203424622, -8.32268960949273));
#9834 = CARTESIAN_POINT ('', (171.737840452995, 50.1095474260572, -8.30731147195242));
#9835 = CARTESIAN_POINT ('', (172.018312268094, 49.9129811790407, -8.29011415370666));
#9836 = CARTESIAN_POINT ('', (172.28583307346, 49.6966562275687, -8.27118817281509));
#9837 = CARTESIAN_POINT ('', (172.538345597216, 49.461910541907, -8.2506505865081));
#9838 = CARTESIAN_POINT ('', (172.773987973261, 49.2103589045397, -8.22864266994711));
#9839 = CARTESIAN_POINT ('', (172.991139250904, 48.9438560966045, -8.20532669545499));
#9840 = CARTESIAN_POINT ('', (173.188456349051, 48.6644515614387, -8.18088196609028));
#9841 = CARTESIAN_POINT ('', (173.364900689441, 48.3743378172855, -8.15550030234385));
#9842 = CARTESIAN_POINT ('', (173.519753466256, 48.0757954326649, -8.12938122810759));
#9843 = CARTESIAN_POINT ('', (173.652619260682, 47.7711368409292, -8.10272705508497));
#9844 = CARTESIAN_POINT ('', (173.763418522877, 47.462653653107, -8.07573827326223));
#9845 = CARTESIAN_POINT ('', (173.852369885462, 47.1525625278341, -8.04860881514089));
#9846 = CARTESIAN_POINT ('', (173.919964609953, 46.8429788380897, -8.02152375187577));
#9847 = CARTESIAN_POINT ('', (173.959104707668, 46.5870110307713, -7.99912947050785));
#9848 = CARTESIAN_POINT ('', (173.980572383588, 46.3844098168399, -7.98140416107229));
#9849 = CARTESIAN_POINT ('', (173.995657335303, 46.1832659970756, -7.96380635710463));
#9850 = CARTESIAN_POINT ('', (173.999999999998, 46.0355240495956, -7.95088061157291));
#9851 = CARTESIAN_POINT ('', (173.999999999998, 45.9370294179422, -7.94226344788509));
#9852 = CARTESIAN_POINT ('', (163.499999999933, 45.8934515465628, -8.44036079699564));
#9853 = CARTESIAN_POINT ('', (163.499983628366, 46.1086624321408, -8.45918930975106));
#9854 = CARTESIAN_POINT ('', (163.519150175947, 46.4395204452766, -8.48813563513711));
#9855 = CARTESIAN_POINT ('', (163.588039339776, 46.8899906581586, -8.52754667202034));
#9856 = CARTESIAN_POINT ('', (163.662393015854, 47.2305393743479, -8.55734082406517));
#9857 = CARTESIAN_POINT ('', (163.760239654263, 47.5716378282892, -8.58718307193122));
#9858 = CARTESIAN_POINT ('', (163.882118805283, 47.9109698128822, -8.61687077375482));
#9859 = CARTESIAN_POINT ('', (164.028271189174, 48.24609413572, -8.64619035287489));
#9860 = CARTESIAN_POINT ('', (164.198609240987, 48.5744907931243, -8.67492133753753));
#9861 = CARTESIAN_POINT ('', (164.392698016138, 48.893615902501, -8.70284116685442));
#9862 = CARTESIAN_POINT ('', (164.609746823909, 49.2009608936511, -8.72973036937149));
#9863 = CARTESIAN_POINT ('', (164.848613229371, 49.4941139817229, -8.75537794125536));
#9864 = CARTESIAN_POINT ('', (165.10781984301, 49.7708207830072, -8.77958664948822));
#9865 = CARTESIAN_POINT ('', (165.385583619148, 50.0290410371906, -8.80217799442202));
#9866 = CARTESIAN_POINT ('', (165.679856505054, 50.2669984838255, -8.82299657340412));
#9867 = CARTESIAN_POINT ('', (165.988375501666, 50.4832213555428, -8.84191362347438));
#9868 = CARTESIAN_POINT ('', (166.308719626348, 50.6765715635914, -8.85882957476898));
#9869 = CARTESIAN_POINT ('', (166.638370671184, 50.8462614303655, -8.87367551442693));
#9870 = CARTESIAN_POINT ('', (166.974775243057, 50.9918576503294, -8.88641353312597));
#9871 = CARTESIAN_POINT ('', (167.315402940894, 51.1132730516367, -8.8970360043178));
#9872 = CARTESIAN_POINT ('', (167.657806126192, 51.2107472150128, -8.90556388859988));
#9873 = CARTESIAN_POINT ('', (167.999649000256, 51.2848184717862, -8.91204428386065));
#9874 = CARTESIAN_POINT ('', (168.282289119294, 51.3277087453962, -8.91579669657705));
#9875 = CARTESIAN_POINT ('', (168.506001748717, 51.3512333288213, -8.91785483094091));
#9876 = CARTESIAN_POINT ('', (168.728105120846, 51.3677636326321, -8.91930104512899));
#9877 = CARTESIAN_POINT ('', (168.999999999998, 51.3756948884654, -8.91999494010193));
#9878 = CARTESIAN_POINT ('', (169.271894879151, 51.3677636326322, -8.91930104512899));
#9879 = CARTESIAN_POINT ('', (169.49399825128, 51.3512333288213, -8.91785483094091));
#9880 = CARTESIAN_POINT ('', (169.717710880703, 51.3277087453961, -8.91579669657703));
#9881 = CARTESIAN_POINT ('', (170.00035099974, 51.2848184717863, -8.91204428386066));
#9882 = CARTESIAN_POINT ('', (170.342193873804, 51.2107472150129, -8.90556388859988));
#9883 = CARTESIAN_POINT ('', (170.684597059103, 51.1132730516366, -8.89703600431779));
#9884 = CARTESIAN_POINT ('', (171.02522475694, 50.9918576503294, -8.88641353312598));
#9885 = CARTESIAN_POINT ('', (171.361629328813, 50.8462614303655, -8.87367551442693));
#9886 = CARTESIAN_POINT ('', (171.691280373649, 50.6765715635912, -8.85882957476897));
#9887 = CARTESIAN_POINT ('', (172.01162449833, 50.4832213555435, -8.84191362347444));
#9888 = CARTESIAN_POINT ('', (172.320143494943, 50.2669984838228, -8.82299657340388));
#9889 = CARTESIAN_POINT ('', (172.614416380849, 50.0290410372007, -8.80217799442291));
#9890 = CARTESIAN_POINT ('', (172.892180156984, 49.7708207829698, -8.77958664948495));
#9891 = CARTESIAN_POINT ('', (173.151386770636, 49.4941139818625, -8.75537794126757));
#9892 = CARTESIAN_POINT ('', (173.390253176047, 49.2009608931304, -8.72973036932594));
#9893 = CARTESIAN_POINT ('', (173.607301984011, 48.8936159044443, -8.70284116702444));
#9894 = CARTESIAN_POINT ('', (173.801390758442, 48.5744907858721, -8.67492133690304));
#9895 = CARTESIAN_POINT ('', (173.97172881294, 48.2460941627856, -8.64619035524282));
#9896 = CARTESIAN_POINT ('', (174.117881186811, 47.9109697118722, -8.61687076491759));
#9897 = CARTESIAN_POINT ('', (174.239760375227, 47.5716382052638, -8.58718310491222));
#9898 = CARTESIAN_POINT ('', (174.337606874072, 47.2305379674596, -8.5573407009784));
#9899 = CARTESIAN_POINT ('', (174.411961071013, 46.8899959087368, -8.52754713138641));
#9900 = CARTESIAN_POINT ('', (174.4550151785, 46.6084313206832, -8.50291342188141));
#9901 = CARTESIAN_POINT ('', (174.478629622012, 46.3855699853561, -8.48341558150207));
#9902 = CARTESIAN_POINT ('', (174.495223068898, 46.1643117836126, -8.46405799713741));
#9903 = CARTESIAN_POINT ('', (174.500000000063, 46.0017956413827, -8.44983967705235));
#9904 = CARTESIAN_POINT ('', (174.500000000063, 45.8934515465628, -8.44036079699564));
#9905 = B_SPLINE_SURFACE_WITH_KNOTS ('', 1, 3, ((#9799, #9800, #9801, #9802, #9803, #9804, #9805, #9806, #9807, #9808, #9809, #9810, #9811, #9812, #9813, #9814, #9815, #9816, #9817, #9818, #9819, #9820, #9821, #9822, #9823, #9824, #9825, #9826, #9827, #9828, #9829, #9830, #9831, #9832, #9833, #9834, #9835, #9836, #9837, #9838, #9839, #9840, #9841, #9842, #9843, #9844, #9845, #9846, #9847, #9848, #9849, #9850, #9851), (#9852, #9853, #9854, #9855, #9856, #9857, #9858, #9859, #9860, #9861, #9862, #9863, #9864, #9865, #9866, #9867, #9868, #9869, #9870, #9871, #9872, #9873, #9874, #9875, #9876, #9877, #9878, #9879, #9880, #9881, #9882, #9883, #9884, #9885, #9886, #9887, #9888, #9889, #9890, #9891, #9892, #9893, #9894, #9895, #9896, #9897, #9898, #9899, #9900, #9901, #9902, #9903, #9904)), .UNSPECIFIED., .F., .F., .U., (2, 2), (4, 1, 1, 1, 1, 1, 1, 1, 1, 1, 1, 1, 1, 1, 1, 1, 1, 1, 1, 1, 1, 1, 1, 1, 1, 1, 1, 1, 1, 1, 1, 1, 1, 1, 1, 1, 1, 1, 1, 1, 1, 1, 1, 1, 1, 1, 1, 1, 1, 1, 4), (0., 0.25000000003246), (0., 0.0208333333333335, 0.0312499999999993, 0.0416666666666661, 0.0520833333333332, 0.0625000000000005, 0.0729166666666669, 0.0833333333333328, 0.0937500000000007, 0.104166666666667, 0.114583333333333, 0.125, 0.135416666666667, 0.145833333333334, 0.15625, 0.166666666666666, 0.177083333333333, 0.1875, 0.197916666666667, 0.208333333333334, 0.21875, 0.229166666666667, 0.234374999999999, 0.239583333333333, 0.25, 0.260416666666667, 0.265625, 0.270833333333333, 0.281249999999999, 0.291666666666667, 0.302083333333334, 0.3125, 0.322916666666667, 0.333333333333333, 0.343750000000001, 0.354166666666667, 0.364583333333334, 0.375, 0.385416666666667, 0.395833333333334, 0.40625, 0.416666666666668, 0.427083333333333, 0.4375, 0.447916666666666, 0.458333333333333, 0.468750000000001, 0.479166666666666, 0.484375, 0.489583333333332, 0.5), .UNSPECIFIED.);
#9906 = ADVANCED_FACE ('', (#9798), #9905, .T.);
#9907 = ORIENTED_EDGE ('', *, *, #8620, .F.);
#9908 = ORIENTED_EDGE ('', *, *, #8755, .F.);
#9909 = ORIENTED_EDGE ('', *, *, #8628, .T.);
#9910 = ORIENTED_EDGE ('', *, *, #890, .F.);
#9911 = EDGE_LOOP ('', (#9907, #9908, #9909, #9910));
#9912 = FACE_OUTER_BOUND ('', #9911, .T.);
#9913 = CARTESIAN_POINT ('', (11.4991099289596, 126.628799963373, -15.0018786104357));
#9914 = CARTESIAN_POINT ('', (11.4990950457164, 126.824446222987, -15.0189954402131));
#9915 = CARTESIAN_POINT ('', (11.5165191798805, 127.125226234926, -15.0453102814728));
#9916 = CARTESIAN_POINT ('', (11.5791456924516, 127.534744610268, -15.0811384968208));
#9917 = CARTESIAN_POINT ('', (11.6467399434307, 127.844334352255, -15.1082240895885));
#9918 = CARTESIAN_POINT ('', (11.735691432893, 128.154423855834, -15.1353534058301));
#9919 = CARTESIAN_POINT ('', (11.8464906610911, 128.462907478188, -15.1623422256694));
#9920 = CARTESIAN_POINT ('', (11.9793564646271, 128.767565953491, -15.1889963885055));
#9921 = CARTESIAN_POINT ('', (12.134209239001, 129.06610836931, -15.2151154654712));
#9922 = CARTESIAN_POINT ('', (12.3106535800451, 129.356222105103, -15.2404971284863));
#9923 = CARTESIAN_POINT ('', (12.5079706780164, 129.635626642509, -15.264941858047));
#9924 = CARTESIAN_POINT ('', (12.7251219557067, 129.902129449844, -15.2882578324866));
#9925 = CARTESIAN_POINT ('', (12.960764331739, 130.153681087372, -15.3102657490616));
#9926 = CARTESIAN_POINT ('', (13.2132768554982, 130.388426772991, -15.3308033353649));
#9927 = CARTESIAN_POINT ('', (13.4807976608636, 130.604751724474, -15.3497293162574));
#9928 = CARTESIAN_POINT ('', (13.761269475963, 130.801317971488, -15.3669266345029));
#9929 = CARTESIAN_POINT ('', (14.0524914074878, 130.977090887893, -15.3823047720433));
#9930 = CARTESIAN_POINT ('', (14.3521741755174, 131.131354403141, -15.3958010808231));
#9931 = CARTESIAN_POINT ('', (14.6579965135799, 131.263714603107, -15.4073810978221));
#9932 = CARTESIAN_POINT ('', (14.9676580570643, 131.374092240657, -15.4170378898145));
#9933 = CARTESIAN_POINT ('', (15.2789336800593, 131.462705116453, -15.4247905118891));
#9934 = CARTESIAN_POINT ('', (15.5896999292046, 131.53004262261, -15.4306817803079));
#9935 = CARTESIAN_POINT ('', (15.8466454919633, 131.569033780436, -15.4340930645955));
#9936 = CARTESIAN_POINT ('', (16.050020609618, 131.590419765368, -15.4359640958353));
#9937 = CARTESIAN_POINT ('', (16.2519327660967, 131.605447314287, -15.4372788360063));
#9938 = CARTESIAN_POINT ('', (16.4991099289595, 131.612657546862, -15.437909649618));
#9939 = CARTESIAN_POINT ('', (16.7462870918223, 131.605447314287, -15.4372788360063));
#9940 = CARTESIAN_POINT ('', (16.948199248301, 131.590419765368, -15.4359640958353));
#9941 = CARTESIAN_POINT ('', (17.1515743659557, 131.569033780436, -15.4340930645955));
#9942 = CARTESIAN_POINT ('', (17.4085199287144, 131.53004262261, -15.4306817803079));
#9943 = CARTESIAN_POINT ('', (17.7192861778598, 131.462705116453, -15.4247905118891));
#9944 = CARTESIAN_POINT ('', (18.0305618008547, 131.374092240657, -15.4170378898145));
#9945 = CARTESIAN_POINT ('', (18.3402233443392, 131.263714603107, -15.4073810978221));
#9946 = CARTESIAN_POINT ('', (18.6460456824017, 131.131354403141, -15.3958010808231));
#9947 = CARTESIAN_POINT ('', (18.9457284504313, 130.977090887893, -15.3823047720433));
#9948 = CARTESIAN_POINT ('', (19.2369503819562, 130.801317971488, -15.366926634503));
#9949 = CARTESIAN_POINT ('', (19.5174221970553, 130.604751724472, -15.3497293162572));
#9950 = CARTESIAN_POINT ('', (19.7849430024215, 130.388426773, -15.3308033353657));
#9951 = CARTESIAN_POINT ('', (20.0374555261773, 130.153681087338, -15.3102657490587));
#9952 = CARTESIAN_POINT ('', (20.2730979022223, 129.902129449971, -15.2882578324977));
#9953 = CARTESIAN_POINT ('', (20.4902491798655, 129.635626642036, -15.2649418580055));
#9954 = CARTESIAN_POINT ('', (20.6875662780122, 129.35622210687, -15.2404971286408));
#9955 = CARTESIAN_POINT ('', (20.8640106184023, 129.066108362717, -15.2151154648944));
#9956 = CARTESIAN_POINT ('', (21.018863395217, 128.767565978096, -15.1889963906582));
#9957 = CARTESIAN_POINT ('', (21.1517291896437, 128.46290738636, -15.1623422176355));
#9958 = CARTESIAN_POINT ('', (21.2625284518383, 128.154424198538, -15.1353534358128));
#9959 = CARTESIAN_POINT ('', (21.3514798144235, 127.844333073265, -15.1082239776915));
#9960 = CARTESIAN_POINT ('', (21.4190745389144, 127.534749383521, -15.0811389144263));
#9961 = CARTESIAN_POINT ('', (21.4582146366297, 127.278781576203, -15.0587446330584));
#9962 = CARTESIAN_POINT ('', (21.4796823125495, 127.076180362271, -15.0410193236229));
#9963 = CARTESIAN_POINT ('', (21.4947672642638, 126.875036542507, -15.0234215196552));
#9964 = CARTESIAN_POINT ('', (21.4991099289594, 126.727294595027, -15.0104957741235));
#9965 = CARTESIAN_POINT ('', (21.4991099289594, 126.628799963373, -15.0018786104357));
#9966 = CARTESIAN_POINT ('', (10.9991099288947, 126.585222091994, -15.4999759595462));
#9967 = CARTESIAN_POINT ('', (10.9990935573272, 126.800432977572, -15.5188044723016));
#9968 = CARTESIAN_POINT ('', (11.018260104908, 127.131290990708, -15.5477507976877));
#9969 = CARTESIAN_POINT ('', (11.0871492687369, 127.58176120359, -15.5871618345709));
#9970 = CARTESIAN_POINT ('', (11.1615029448148, 127.922309919779, -15.6169559866157));
#9971 = CARTESIAN_POINT ('', (11.2593495832245, 128.26340837372, -15.6467982344818));
#9972 = CARTESIAN_POINT ('', (11.3812287342438, 128.602740358313, -15.6764859363054));
#9973 = CARTESIAN_POINT ('', (11.5273811181351, 128.937864681151, -15.7058055154255));
#9974 = CARTESIAN_POINT ('', (11.6977191699484, 129.266261338555, -15.7345365000881));
#9975 = CARTESIAN_POINT ('', (11.8918079450993, 129.585386447932, -15.762456329405));
#9976 = CARTESIAN_POINT ('', (12.1088567528703, 129.892731439082, -15.7893455319221));
#9977 = CARTESIAN_POINT ('', (12.3477231583324, 130.185884527154, -15.8149931038059));
#9978 = CARTESIAN_POINT ('', (12.606929771971, 130.462591328438, -15.8392018120388));
#9979 = CARTESIAN_POINT ('', (12.8846935481094, 130.720811582622, -15.8617931569726));
#9980 = CARTESIAN_POINT ('', (13.1789664340148, 130.958769029257, -15.8826117359547));
#9981 = CARTESIAN_POINT ('', (13.4874854306277, 131.174991900974, -15.901528786025));
#9982 = CARTESIAN_POINT ('', (13.8078295553088, 131.368342109023, -15.9184447373196));
#9983 = CARTESIAN_POINT ('', (14.1374806001453, 131.538031975797, -15.9332906769775));
#9984 = CARTESIAN_POINT ('', (14.473885172018, 131.683628195761, -15.9460286956765));
#9985 = CARTESIAN_POINT ('', (14.8145128698549, 131.805043597068, -15.9566511668684));
#9986 = CARTESIAN_POINT ('', (15.1569160551535, 131.902517760444, -15.9651790511504));
#9987 = CARTESIAN_POINT ('', (15.4987589292173, 131.976589017217, -15.9716594464112));
#9988 = CARTESIAN_POINT ('', (15.7813990482552, 132.019479290827, -15.9754118591276));
#9989 = CARTESIAN_POINT ('', (16.005111677678, 132.043003874253, -15.9774699934915));
#9990 = CARTESIAN_POINT ('', (16.2272150498072, 132.059534178063, -15.9789162076796));
#9991 = CARTESIAN_POINT ('', (16.4991099289595, 132.067465433897, -15.9796101026525));
#9992 = CARTESIAN_POINT ('', (16.7710048081118, 132.059534178063, -15.9789162076796));
#9993 = CARTESIAN_POINT ('', (16.993108180241, 132.043003874253, -15.9774699934915));
#9994 = CARTESIAN_POINT ('', (17.2168208096638, 132.019479290827, -15.9754118591276));
#9995 = CARTESIAN_POINT ('', (17.4994609287017, 131.976589017217, -15.9716594464112));
#9996 = CARTESIAN_POINT ('', (17.8413038027656, 131.902517760444, -15.9651790511505));
#9997 = CARTESIAN_POINT ('', (18.1837069880641, 131.805043597068, -15.9566511668684));
#9998 = CARTESIAN_POINT ('', (18.5243346859011, 131.683628195761, -15.9460286956765));
#9999 = CARTESIAN_POINT ('', (18.8607392577738, 131.538031975797, -15.9332906769775));
#10000 = CARTESIAN_POINT ('', (19.1903903026102, 131.368342109022, -15.9184447373195));
#10001 = CARTESIAN_POINT ('', (19.5107344272914, 131.174991900975, -15.901528786025));
#10002 = CARTESIAN_POINT ('', (19.8192534239041, 130.958769029254, -15.8826117359545));
#10003 = CARTESIAN_POINT ('', (20.1135263098104, 130.720811582632, -15.8617931569735));
#10004 = CARTESIAN_POINT ('', (20.3912900859451, 130.462591328401, -15.8392018120355));
#10005 = CARTESIAN_POINT ('', (20.6504966995976, 130.185884527294, -15.8149931038181));
#10006 = CARTESIAN_POINT ('', (20.889363105008, 129.892731438562, -15.7893455318765));
#10007 = CARTESIAN_POINT ('', (21.1064119129718, 129.585386449875, -15.762456329575));
#10008 = CARTESIAN_POINT ('', (21.3005006874032, 129.266261331303, -15.7345364994536));
#10009 = CARTESIAN_POINT ('', (21.4708387419014, 128.937864708217, -15.7058055177934));
#10010 = CARTESIAN_POINT ('', (21.6169911157725, 128.602740257303, -15.6764859274682));
#10011 = CARTESIAN_POINT ('', (21.738870304188, 128.263408750695, -15.6467982674628));
#10012 = CARTESIAN_POINT ('', (21.8367168030329, 127.922308512891, -15.616955863529));
#10013 = CARTESIAN_POINT ('', (21.9110709999738, 127.581766454168, -15.587162293937));
#10014 = CARTESIAN_POINT ('', (21.9541251074611, 127.300201866114, -15.562528584432));
#10015 = CARTESIAN_POINT ('', (21.9777395509732, 127.077340530787, -15.5430307440526));
#10016 = CARTESIAN_POINT ('', (21.9943329978591, 126.856082329044, -15.523673159688));
#10017 = CARTESIAN_POINT ('', (21.9991099290243, 126.693566186814, -15.5094548396029));
#10018 = CARTESIAN_POINT ('', (21.9991099290243, 126.585222091994, -15.4999759595462));
#10019 = B_SPLINE_SURFACE_WITH_KNOTS ('', 1, 3, ((#9913, #9914, #9915, #9916, #9917, #9918, #9919, #9920, #9921, #9922, #9923, #9924, #9925, #9926, #9927, #9928, #9929, #9930, #9931, #9932, #9933, #9934, #9935, #9936, #9937, #9938, #9939, #9940, #9941, #9942, #9943, #9944, #9945, #9946, #9947, #9948, #9949, #9950, #9951, #9952, #9953, #9954, #9955, #9956, #9957, #9958, #9959, #9960, #9961, #9962, #9963, #9964, #9965), (#9966, #9967, #9968, #9969, #9970, #9971, #9972, #9973, #9974, #9975, #9976, #9977, #9978, #9979, #9980, #9981, #9982, #9983, #9984, #9985, #9986, #9987, #9988, #9989, #9990, #9991, #9992, #9993, #9994, #9995, #9996, #9997, #9998, #9999, #10000, #10001, #10002, #10003, #10004, #10005, #10006, #10007, #10008, #10009, #10010, #10011, #10012, #10013, #10014, #10015, #10016, #10017, #10018)), .UNSPECIFIED., .F., .F., .U., (2, 2), (4, 1, 1, 1, 1, 1, 1, 1, 1, 1, 1, 1, 1, 1, 1, 1, 1, 1, 1, 1, 1, 1, 1, 1, 1, 1, 1, 1, 1, 1, 1, 1, 1, 1, 1, 1, 1, 1, 1, 1, 1, 1, 1, 1, 1, 1, 1, 1, 1, 1, 4), (0., 0.250000000032463), (0., 0.0208333333333335, 0.0312499999999993, 0.0416666666666661, 0.0520833333333332, 0.0625000000000005, 0.0729166666666669, 0.0833333333333328, 0.0937500000000007, 0.104166666666667, 0.114583333333333, 0.125, 0.135416666666667, 0.145833333333334, 0.15625, 0.166666666666666, 0.177083333333333, 0.1875, 0.197916666666667, 0.208333333333334, 0.21875, 0.229166666666667, 0.234374999999999, 0.239583333333333, 0.25, 0.260416666666667, 0.265625, 0.270833333333333, 0.281249999999999, 0.291666666666667, 0.302083333333334, 0.3125, 0.322916666666667, 0.333333333333333, 0.343750000000001, 0.354166666666667, 0.364583333333334, 0.375, 0.385416666666667, 0.395833333333334, 0.40625, 0.416666666666668, 0.427083333333333, 0.4375, 0.447916666666666, 0.458333333333333, 0.468750000000001, 0.479166666666666, 0.484375, 0.489583333333332, 0.5), .UNSPECIFIED.);
#10020 = ADVANCED_FACE ('', (#9912), #10019, .T.);
#10021 = ORIENTED_EDGE ('', *, *, #9134, .F.);
#10022 = ORIENTED_EDGE ('', *, *, #111, .F.);
#10023 = ORIENTED_EDGE ('', *, *, #9120, .F.);
#10024 = ORIENTED_EDGE ('', *, *, #1939, .F.);
#10025 = EDGE_LOOP ('', (#10021, #10022, #10023, #10024));
#10026 = FACE_OUTER_BOUND ('', #10025, .T.);
#10027 = CARTESIAN_POINT ('', (175.768246612087, 86.6032668551062, -9.99436845556171));
#10028 = CARTESIAN_POINT ('', (175.768246612087, 86.4289553696095, -11.9867578517537));
#10029 = CARTESIAN_POINT ('', (175.036493224179, 87.7980176019208, -10.0988956016475));
#10030 = CARTESIAN_POINT ('', (175.036493224179, 87.6237061164241, -12.0912849978395));
#10031 = CARTESIAN_POINT ('', (173.78717165665, 88.438233665618, -10.1549072494284));
#10032 = CARTESIAN_POINT ('', (173.78717165665, 88.2639221801213, -12.1472966456204));
#10033 = (
   BOUNDED_SURFACE ()
   B_SPLINE_SURFACE (2, 1, ((#10027, #10028), (#10029, #10030), (#10031, #10032)), .UNSPECIFIED., .F., .F., .U.)
   B_SPLINE_SURFACE_WITH_KNOTS ((3, 3), (2, 2), (0.567383255766207, 0.668362001108444), (-2.72710179312191, -2.3271017931202), .UNSPECIFIED.)
   GEOMETRIC_REPRESENTATION_ITEM ()
   RATIONAL_B_SPLINE_SURFACE (((1., 1.), (0.895745990194611, 0.895745990194611), (0.86570946213587, 0.86570946213587)))
   REPRESENTATION_ITEM ('')
   SURFACE ()
);
#10034 = ADVANCED_FACE ('', (#10026), #10033, .T.);
#10035 = CLOSED_SHELL ('', (#560, #588, #2074, #2216, #2546, #2583, #2600, #2637, #2654, #2682, #2759, #2826, #2905, #2936, #2954, #2970, #3003, #3060, #3149, #3305, #3344, #3361, #3380, #4340, #4377, #4394, #4431, #4448, #4485, #4502, #4539, #4556, #4593, #4610, #4647, #4664, #4730, #5046, #5068, #5090, #5106, #5124, #5188, #5501, #5530, #5566, #5588, #5604, #5622, #5650, #5678, #5755, #5796, #5843, #5936, #5983, #6089, #6136, #6242, #6289, #6406, #6497, #6515, #6531, #6549, #6565, #6583, #6599, #6617, #6633, #6653, #6672, #6804, #6872, #6888, #6907, #6923, #6942, #6958, #6974, #6996, #7018, #7040, #7056, #7078, #7132, #7154, #7176, #7199, #7268, #7292, #7308, #7330, #7348, #7370, #7392, #7414, #7432, #7451, #7548, #7572, #7588, #7610, #7628, #7646, #7662, #7680, #7696, #7718, #7740, #7762, #7778, #7800, #7885, #7903, #7926, #8018, #8036, #8058, #8080, #8098, #8120, #8142, #8164, #8297, #8314, #8447, #8464, #8597, #8614, #8747, #8764, #8789, #8814, #8832, #8850, #8868, #8886, #8904, #8922, #8940, #8961, #8979, #9000, #9016, #9038, #9054, #9076, #9092, #9110, #9130, #9152, #9171, #9187, #9209, #9225, #9244, #9262, #9284, #9303, #9372, #9390, #9406, #9420, #9438, #9456, #9474, #9492, #9510, #9528, #9546, #9564, #9678, #9792, #9906, #10020, #10034));
#10036 = MANIFOLD_SOLID_BREP ('', #10035);
#10037 = PRESENTATION_LAYER_ASSIGNMENT ('Level 8', 'Level 8', (#10036));
#10038 = COLOUR_RGB ('', 1., 0.333333333333333, 0.498039215686275);
#10039 = FILL_AREA_STYLE_COLOUR ('', #10038);
#10040 = FILL_AREA_STYLE ('', (#10039));
#10041 = SURFACE_STYLE_FILL_AREA (#10040);
#10042 = SURFACE_SIDE_STYLE ('', (#10041));
#10043 = SURFACE_STYLE_USAGE (.POSITIVE., #10042);
#10044 = PRESENTATION_STYLE_ASSIGNMENT ((#10043));
#10045 = STYLED_ITEM ('', (#10044), #10036);
#10046 = (
   LENGTH_UNIT ()
   NAMED_UNIT (*)
   SI_UNIT ($, .METRE.)
);
#10047 = (
   NAMED_UNIT (*)
   SI_UNIT ($, .STERADIAN.)
   SOLID_ANGLE_UNIT ()
);
#10048 = (
   NAMED_UNIT (*)
   PLANE_ANGLE_UNIT ()
   SI_UNIT ($, .RADIAN.)
);
#10049 = UNCERTAINTY_MEASURE_WITH_UNIT (LENGTH_MEASURE(0.001), #10046, 'DISTANCE_ACCURACY_VALUE', '');
#10050 = (
   GEOMETRIC_REPRESENTATION_CONTEXT (3)
   GLOBAL_UNCERTAINTY_ASSIGNED_CONTEXT ((#10049))
   GLOBAL_UNIT_ASSIGNED_CONTEXT ((#10046, #10047, #10048))
   REPRESENTATION_CONTEXT ('', '3D')
);
#10051 = SHAPE_REPRESENTATION ('', (#10179), #10050);
#10052 = APPLICATION_CONTEXT ('configuration controlled 3D designs of mechanical parts and assemblies');
#10053 = APPLICATION_PROTOCOL_DEFINITION ('International Standard', 'config_control_design', 1997, #10052);
#10054 = MECHANICAL_CONTEXT ('', #10052, 'mechanical');
#10055 = PRODUCT ('', '', '', (#10054));
#10056 = PERSON_AND_ORGANIZATION_ROLE ('design_owner');
#10057 = PERSON ('#10057', '', $, $, $, $);
#10058 = ORGANIZATION ($, '', '');
#10059 = PERSON_AND_ORGANIZATION (#10057, #10058);
#10060 = CC_DESIGN_PERSON_AND_ORGANIZATION_ASSIGNMENT (#10059, #10056, (#10055));
#10061 = PRODUCT_RELATED_PRODUCT_CATEGORY ('detail', $, (#10055));
#10062 = PRODUCT_DEFINITION_FORMATION_WITH_SPECIFIED_SOURCE ('', '', #10055, .NOT_KNOWN.);
#10063 = APPROVAL_STATUS ('approved');
#10064 = APPROVAL (#10063, '');
#10065 = CALENDAR_DATE (2026, 9, 7);
#10066 = COORDINATED_UNIVERSAL_TIME_OFFSET (0, $, .AHEAD.);
#10067 = LOCAL_TIME (21, 54, 28., #10066);
#10068 = DATE_AND_TIME (#10065, #10067);
#10069 = APPROVAL_DATE_TIME (#10068, #10064);
#10070 = APPROVAL_ROLE ('');
#10071 = PERSON ('#10071', '', $, $, $, $);
#10072 = ORGANIZATION ($, '', '');
#10073 = PERSON_AND_ORGANIZATION (#10071, #10072);
#10074 = APPROVAL_PERSON_ORGANIZATION (#10073, #10064, #10070);
#10075 = CC_DESIGN_APPROVAL (#10064, (#10062));
#10076 = PERSON_AND_ORGANIZATION_ROLE ('creator');
#10077 = PERSON ('#10077', '', $, $, $, $);
#10078 = ORGANIZATION ($, '', '');
#10079 = PERSON_AND_ORGANIZATION (#10077, #10078);
#10080 = CC_DESIGN_PERSON_AND_ORGANIZATION_ASSIGNMENT (#10079, #10076, (#10062));
#10081 = PERSON_AND_ORGANIZATION_ROLE ('part_supplier');
#10082 = PERSON ('#10082', '', $, $, $, $);
#10083 = ORGANIZATION ($, '', '');
#10084 = PERSON_AND_ORGANIZATION (#10082, #10083);
#10085 = CC_DESIGN_PERSON_AND_ORGANIZATION_ASSIGNMENT (#10084, #10081, (#10062));
#10086 = SECURITY_CLASSIFICATION_LEVEL ('unclassified');
#10087 = SECURITY_CLASSIFICATION ('', '', #10086);
#10088 = APPROVAL_STATUS ('approved');
#10089 = APPROVAL (#10088, '');
#10090 = CALENDAR_DATE (2026, 9, 7);
#10091 = COORDINATED_UNIVERSAL_TIME_OFFSET (0, $, .AHEAD.);
#10092 = LOCAL_TIME (21, 54, 28., #10091);
#10093 = DATE_AND_TIME (#10090, #10092);
#10094 = APPROVAL_DATE_TIME (#10093, #10089);
#10095 = APPROVAL_ROLE ('');
#10096 = PERSON ('#10096', '', $, $, $, $);
#10097 = ORGANIZATION ($, '', '');
#10098 = PERSON_AND_ORGANIZATION (#10096, #10097);
#10099 = APPROVAL_PERSON_ORGANIZATION (#10098, #10089, #10095);
#10100 = CC_DESIGN_APPROVAL (#10089, (#10087));
#10101 = DATE_TIME_ROLE ('classification_date');
#10102 = CALENDAR_DATE (2026, 9, 7);
#10103 = COORDINATED_UNIVERSAL_TIME_OFFSET (0, $, .AHEAD.);
#10104 = LOCAL_TIME (21, 54, 28., #10103);
#10105 = DATE_AND_TIME (#10102, #10104);
#10106 = CC_DESIGN_DATE_AND_TIME_ASSIGNMENT (#10105, #10101, (#10087));
#10107 = PERSON_AND_ORGANIZATION_ROLE ('classification_officer');
#10108 = PERSON ('#10108', '', $, $, $, $);
#10109 = ORGANIZATION ($, '', '');
#10110 = PERSON_AND_ORGANIZATION (#10108, #10109);
#10111 = CC_DESIGN_PERSON_AND_ORGANIZATION_ASSIGNMENT (#10110, #10107, (#10087));
#10112 = CC_DESIGN_SECURITY_CLASSIFICATION (#10087, (#10062));
#10113 = DESIGN_CONTEXT ('', #10052, 'design');
#10114 = APPROVAL_STATUS ('approved');
#10115 = APPROVAL (#10114, '');
#10116 = CALENDAR_DATE (2026, 9, 7);
#10117 = COORDINATED_UNIVERSAL_TIME_OFFSET (0, $, .AHEAD.);
#10118 = LOCAL_TIME (21, 54, 28., #10117);
#10119 = DATE_AND_TIME (#10116, #10118);
#10120 = APPROVAL_DATE_TIME (#10119, #10115);
#10121 = APPROVAL_ROLE ('');
#10122 = PERSON ('#10122', '', $, $, $, $);
#10123 = ORGANIZATION ($, '', '');
#10124 = PERSON_AND_ORGANIZATION (#10122, #10123);
#10125 = APPROVAL_PERSON_ORGANIZATION (#10124, #10115, #10121);
#10126 = CC_DESIGN_APPROVAL (#10115, (*));
#10127 = DATE_TIME_ROLE ('creation_date');
#10128 = CALENDAR_DATE (2026, 9, 7);
#10129 = COORDINATED_UNIVERSAL_TIME_OFFSET (0, $, .AHEAD.);
#10130 = LOCAL_TIME (21, 54, 28., #10129);
#10131 = DATE_AND_TIME (#10128, #10130);
#10132 = CC_DESIGN_DATE_AND_TIME_ASSIGNMENT (#10131, #10127, (*));
#10133 = PERSON_AND_ORGANIZATION_ROLE ('creator');
#10134 = PERSON ('#10134', '', $, $, $, $);
#10135 = ORGANIZATION ($, '', '');
#10136 = PERSON_AND_ORGANIZATION (#10134, #10135);
#10137 = CC_DESIGN_PERSON_AND_ORGANIZATION_ASSIGNMENT (#10136, #10133, (*));
#10138 = PRODUCT_DEFINITION ('', '', #10062, #10113);
#10139 = PRODUCT_DEFINITION_SHAPE ('', '', #10138);
#10140 = SHAPE_DEFINITION_REPRESENTATION (#10139, #10051);
#10141 = SHAPE_REPRESENTATION_RELATIONSHIP ('', '', #10051, #10142);
#10142 = ADVANCED_BREP_SHAPE_REPRESENTATION ('', (#10036), #10050);
#10143 = NEXT_ASSEMBLY_USAGE_OCCURRENCE ('#10143', '', '', #93, #10138, $);
#10144 = SECURITY_CLASSIFICATION_LEVEL ('unclassified');
#10145 = SECURITY_CLASSIFICATION ('', '', #10144);
#10146 = APPROVAL_STATUS ('approved');
#10147 = APPROVAL (#10146, '');
#10148 = CALENDAR_DATE (2026, 9, 7);
#10149 = COORDINATED_UNIVERSAL_TIME_OFFSET (0, $, .AHEAD.);
#10150 = LOCAL_TIME (21, 54, 28., #10149);
#10151 = DATE_AND_TIME (#10148, #10150);
#10152 = APPROVAL_DATE_TIME (#10151, #10147);
#10153 = APPROVAL_ROLE ('');
#10154 = PERSON ('#10154', '', $, $, $, $);
#10155 = ORGANIZATION ($, '', '');
#10156 = PERSON_AND_ORGANIZATION (#10154, #10155);
#10157 = APPROVAL_PERSON_ORGANIZATION (#10156, #10147, #10153);
#10158 = CC_DESIGN_APPROVAL (#10147, (#10145));
#10159 = DATE_TIME_ROLE ('classification_date');
#10160 = CALENDAR_DATE (2026, 9, 7);
#10161 = COORDINATED_UNIVERSAL_TIME_OFFSET (0, $, .AHEAD.);
#10162 = LOCAL_TIME (21, 54, 28., #10161);
#10163 = DATE_AND_TIME (#10160, #10162);
#10164 = CC_DESIGN_DATE_AND_TIME_ASSIGNMENT (#10163, #10159, (#10145));
#10165 = PERSON_AND_ORGANIZATION_ROLE ('classification_officer');
#10166 = PERSON ('#10166', '', $, $, $, $);
#10167 = ORGANIZATION ($, '', '');
#10168 = PERSON_AND_ORGANIZATION (#10166, #10167);
#10169 = CC_DESIGN_PERSON_AND_ORGANIZATION_ASSIGNMENT (#10168, #10165, (#10145));
#10170 = CC_DESIGN_SECURITY_CLASSIFICATION (#10145, (#10143));
#10171 = PRODUCT_DEFINITION_SHAPE ('', '', #10143);
#10172 = CARTESIAN_POINT ('', (0., 0., 0.));
#10173 = DIRECTION ('', (0., 0., 1.));
#10174 = DIRECTION ('', (1., 0., 0.));
#10175 = AXIS2_PLACEMENT_3D ('', #10172, #10173, #10174);
#10176 = CARTESIAN_POINT ('', (0., 0., 0.));
#10177 = DIRECTION ('', (0., 0., 1.));
#10178 = DIRECTION ('', (1., 0., 0.));
#10179 = AXIS2_PLACEMENT_3D ('', #10176, #10177, #10178);
#10180 = ITEM_DEFINED_TRANSFORMATION ('', '', #10175, #10179);
#10181 = (
   REPRESENTATION_RELATIONSHIP ('', '', #6, #10051)
   REPRESENTATION_RELATIONSHIP_WITH_TRANSFORMATION (#10180)
   SHAPE_REPRESENTATION_RELATIONSHIP ()
);
#10182 = CONTEXT_DEPENDENT_SHAPE_REPRESENTATION (#10181, #10171);
ENDSEC;
END-ISO-10303-21;
