ISO-10303-21;
HEADER;
FILE_DESCRIPTION (('STEP'), '1');
FILE_NAME ('ilwolCaseFrameL.stp', '2026-07-09T18:28:49', ('Unknown'), ('Unknown'), 'HarmonyWare STEP v2.1.9', 'HarmonyWare Translators', '');
FILE_SCHEMA (('CONFIG_CONTROL_DESIGN'));
ENDSEC;

DATA;
#1 = (
   LENGTH_UNIT ()
   NAMED_UNIT (*)
   SI_UNIT ($, .METRE.)
);
#2 = (
   NAMED_UNIT (*)
   SI_UNIT ($, .STERADIAN.)
   SOLID_ANGLE_UNIT ()
);
#3 = (
   NAMED_UNIT (*)
   PLANE_ANGLE_UNIT ()
   SI_UNIT ($, .RADIAN.)
);
#4 = UNCERTAINTY_MEASURE_WITH_UNIT (LENGTH_MEASURE(0.001), #1, 'DISTANCE_ACCURACY_VALUE', '');
#5 = (
   GEOMETRIC_REPRESENTATION_CONTEXT (3)
   GLOBAL_UNCERTAINTY_ASSIGNED_CONTEXT ((#4))
   GLOBAL_UNIT_ASSIGNED_CONTEXT ((#1, #2, #3))
   REPRESENTATION_CONTEXT ('', '3D')
);
#6 = SHAPE_REPRESENTATION ('', (#9839), #5);
#7 = APPLICATION_CONTEXT ('configuration controlled 3D designs of mechanical parts and assemblies');
#8 = APPLICATION_PROTOCOL_DEFINITION ('International Standard', 'config_control_design', 1997, #7);
#9 = MECHANICAL_CONTEXT ('', #7, 'mechanical');
#10 = PRODUCT ('', '', '', (#9));
#11 = PERSON_AND_ORGANIZATION_ROLE ('design_owner');
#12 = PERSON ('#12', '', $, $, $, $);
#13 = ORGANIZATION ($, '', '');
#14 = PERSON_AND_ORGANIZATION (#12, #13);
#15 = CC_DESIGN_PERSON_AND_ORGANIZATION_ASSIGNMENT (#14, #11, (#10));
#16 = PRODUCT_RELATED_PRODUCT_CATEGORY ('detail', $, (#10));
#17 = PRODUCT_DEFINITION_FORMATION_WITH_SPECIFIED_SOURCE ('', '', #10, .NOT_KNOWN.);
#18 = APPROVAL_STATUS ('approved');
#19 = APPROVAL (#18, '');
#20 = CALENDAR_DATE (2026, 9, 7);
#21 = COORDINATED_UNIVERSAL_TIME_OFFSET (0, $, .AHEAD.);
#22 = LOCAL_TIME (18, 28, 49., #21);
#23 = DATE_AND_TIME (#20, #22);
#24 = APPROVAL_DATE_TIME (#23, #19);
#25 = APPROVAL_ROLE ('');
#26 = PERSON ('#26', '', $, $, $, $);
#27 = ORGANIZATION ($, '', '');
#28 = PERSON_AND_ORGANIZATION (#26, #27);
#29 = APPROVAL_PERSON_ORGANIZATION (#28, #19, #25);
#30 = CC_DESIGN_APPROVAL (#19, (#17));
#31 = PERSON_AND_ORGANIZATION_ROLE ('creator');
#32 = PERSON ('#32', '', $, $, $, $);
#33 = ORGANIZATION ($, '', '');
#34 = PERSON_AND_ORGANIZATION (#32, #33);
#35 = CC_DESIGN_PERSON_AND_ORGANIZATION_ASSIGNMENT (#34, #31, (#17));
#36 = PERSON_AND_ORGANIZATION_ROLE ('part_supplier');
#37 = PERSON ('#37', '', $, $, $, $);
#38 = ORGANIZATION ($, '', '');
#39 = PERSON_AND_ORGANIZATION (#37, #38);
#40 = CC_DESIGN_PERSON_AND_ORGANIZATION_ASSIGNMENT (#39, #36, (#17));
#41 = SECURITY_CLASSIFICATION_LEVEL ('unclassified');
#42 = SECURITY_CLASSIFICATION ('', '', #41);
#43 = APPROVAL_STATUS ('approved');
#44 = APPROVAL (#43, '');
#45 = CALENDAR_DATE (2026, 9, 7);
#46 = COORDINATED_UNIVERSAL_TIME_OFFSET (0, $, .AHEAD.);
#47 = LOCAL_TIME (18, 28, 49., #46);
#48 = DATE_AND_TIME (#45, #47);
#49 = APPROVAL_DATE_TIME (#48, #44);
#50 = APPROVAL_ROLE ('');
#51 = PERSON ('#51', '', $, $, $, $);
#52 = ORGANIZATION ($, '', '');
#53 = PERSON_AND_ORGANIZATION (#51, #52);
#54 = APPROVAL_PERSON_ORGANIZATION (#53, #44, #50);
#55 = CC_DESIGN_APPROVAL (#44, (#42));
#56 = DATE_TIME_ROLE ('classification_date');
#57 = CALENDAR_DATE (2026, 9, 7);
#58 = COORDINATED_UNIVERSAL_TIME_OFFSET (0, $, .AHEAD.);
#59 = LOCAL_TIME (18, 28, 49., #58);
#60 = DATE_AND_TIME (#57, #59);
#61 = CC_DESIGN_DATE_AND_TIME_ASSIGNMENT (#60, #56, (#42));
#62 = PERSON_AND_ORGANIZATION_ROLE ('classification_officer');
#63 = PERSON ('#63', '', $, $, $, $);
#64 = ORGANIZATION ($, '', '');
#65 = PERSON_AND_ORGANIZATION (#63, #64);
#66 = CC_DESIGN_PERSON_AND_ORGANIZATION_ASSIGNMENT (#65, #62, (#42));
#67 = CC_DESIGN_SECURITY_CLASSIFICATION (#42, (#17));
#68 = DESIGN_CONTEXT ('', #7, 'design');
#69 = APPROVAL_STATUS ('approved');
#70 = APPROVAL (#69, '');
#71 = CALENDAR_DATE (2026, 9, 7);
#72 = COORDINATED_UNIVERSAL_TIME_OFFSET (0, $, .AHEAD.);
#73 = LOCAL_TIME (18, 28, 49., #72);
#74 = DATE_AND_TIME (#71, #73);
#75 = APPROVAL_DATE_TIME (#74, #70);
#76 = APPROVAL_ROLE ('');
#77 = PERSON ('#77', '', $, $, $, $);
#78 = ORGANIZATION ($, '', '');
#79 = PERSON_AND_ORGANIZATION (#77, #78);
#80 = APPROVAL_PERSON_ORGANIZATION (#79, #70, #76);
#81 = CC_DESIGN_APPROVAL (#70, (*));
#82 = DATE_TIME_ROLE ('creation_date');
#83 = CALENDAR_DATE (2026, 9, 7);
#84 = COORDINATED_UNIVERSAL_TIME_OFFSET (0, $, .AHEAD.);
#85 = LOCAL_TIME (18, 28, 49., #84);
#86 = DATE_AND_TIME (#83, #85);
#87 = CC_DESIGN_DATE_AND_TIME_ASSIGNMENT (#86, #82, (*));
#88 = PERSON_AND_ORGANIZATION_ROLE ('creator');
#89 = PERSON ('#89', '', $, $, $, $);
#90 = ORGANIZATION ($, '', '');
#91 = PERSON_AND_ORGANIZATION (#89, #90);
#92 = CC_DESIGN_PERSON_AND_ORGANIZATION_ASSIGNMENT (#91, #88, (*));
#93 = PRODUCT_DEFINITION ('', '', #17, #68);
#94 = PRODUCT_DEFINITION_SHAPE ('', '', #93);
#95 = SHAPE_DEFINITION_REPRESENTATION (#94, #6);
#96 = CARTESIAN_POINT ('', (-135.030798272236, 134.071461158803, 3.5000000000151));
#97 = VERTEX_POINT ('', #96);
#98 = CARTESIAN_POINT ('', (-135.030798272236, 134.071461158806, -16.1549370102712));
#99 = VERTEX_POINT ('', #98);
#100 = CARTESIAN_POINT ('', (-135.030798272235, 134.071461158803, 3.50000000001508));
#101 = CARTESIAN_POINT ('', (-135.030798272235, 134.071461158805, -16.154937010271));
#102 = B_SPLINE_CURVE_WITH_KNOTS ('', 1, (#100, #101), .UNSPECIFIED., .F., .U., (2, 2), (-0.274436768285985, 0.399817905959967), .UNSPECIFIED.);
#103 = EDGE_CURVE ('', #97, #99, #102, .T.);
#104 = ORIENTED_EDGE ('', *, *, #103, .T.);
#105 = CARTESIAN_POINT ('', (-134.535931317609, 134.499999999999, -16.192429300756));
#106 = VERTEX_POINT ('', #105);
#107 = CARTESIAN_POINT ('', (-134.535931317599, 134.499999999998, -16.1924293007559));
#108 = CARTESIAN_POINT ('', (-134.968915210738, 134.500000000006, -16.1924293007566));
#109 = CARTESIAN_POINT ('', (-135.030798272235, 134.071461158805, -16.154937010271));
#110 = (
   BOUNDED_CURVE ()
   B_SPLINE_CURVE (2, (#107, #108, #109), .UNSPECIFIED., .F., .U.)
   B_SPLINE_CURVE_WITH_KNOTS ((3, 3), (0., 1.42738290743278), .UNSPECIFIED.)
   CURVE ()
   GEOMETRIC_REPRESENTATION_ITEM ()
   RATIONAL_B_SPLINE_CURVE ((1., 0.75595050023034, 1.))
   REPRESENTATION_ITEM ('')
);
#111 = EDGE_CURVE ('', #106, #99, #110, .T.);
#112 = ORIENTED_EDGE ('', *, *, #111, .F.);
#113 = CARTESIAN_POINT ('', (-134.535931317609, 134.499999999996, 3.50000000001516));
#114 = VERTEX_POINT ('', #113);
#115 = CARTESIAN_POINT ('', (-134.535931317608, 134.499999999998, -16.1924293007559));
#116 = CARTESIAN_POINT ('', (-134.535931317608, 134.499999999996, 3.50000000001514));
#117 = B_SPLINE_CURVE_WITH_KNOTS ('', 1, (#115, #116), .UNSPECIFIED., .F., .U., (2, 2), (-0.401104063839506, 0.274436768285985), .UNSPECIFIED.);
#118 = EDGE_CURVE ('', #106, #114, #117, .T.);
#119 = ORIENTED_EDGE ('', *, *, #118, .T.);
#120 = CARTESIAN_POINT ('', (-134.535931317608, 134.499999999995, 3.50000000001491));
#121 = CARTESIAN_POINT ('', (-134.968915210739, 134.499999999995, 3.50000000001491));
#122 = CARTESIAN_POINT ('', (-135.030798272235, 134.071461158803, 3.50000000001486));
#123 = (
   BOUNDED_CURVE ()
   B_SPLINE_CURVE (2, (#120, #121, #122), .UNSPECIFIED., .F., .U.)
   B_SPLINE_CURVE_WITH_KNOTS ((3, 3), (0., 1.42738290741509), .UNSPECIFIED.)
   CURVE ()
   GEOMETRIC_REPRESENTATION_ITEM ()
   RATIONAL_B_SPLINE_CURVE ((1., 0.755950500236106, 1.))
   REPRESENTATION_ITEM ('')
);
#124 = EDGE_CURVE ('', #114, #97, #123, .T.);
#125 = ORIENTED_EDGE ('', *, *, #124, .T.);
#126 = EDGE_LOOP ('', (#104, #112, #119, #125));
#127 = FACE_OUTER_BOUND ('', #126, .T.);
#128 = CARTESIAN_POINT ('', (-134.535931317604, 134.499999999998, -16.1924293007559));
#129 = CARTESIAN_POINT ('', (-134.722334288853, 134.5, -16.1924293007559));
#130 = CARTESIAN_POINT ('', (-134.863245708215, 134.377975250116, -16.1924293007559));
#131 = CARTESIAN_POINT ('', (-135.004157127574, 134.255950500234, -16.1924293007559));
#132 = CARTESIAN_POINT ('', (-135.030798272235, 134.071461158806, -16.1924293007559));
#133 = CARTESIAN_POINT ('', (-134.535931317603, 134.499999999995, 3.50000000001518));
#134 = CARTESIAN_POINT ('', (-134.722334288853, 134.499999999997, 3.50000000001518));
#135 = CARTESIAN_POINT ('', (-134.863245708214, 134.377975250113, 3.50000000001516));
#136 = CARTESIAN_POINT ('', (-135.004157127574, 134.255950500231, 3.50000000001515));
#137 = CARTESIAN_POINT ('', (-135.030798272235, 134.071461158803, 3.50000000001512));
#138 = (
   BOUNDED_SURFACE ()
   B_SPLINE_SURFACE (1, 2, ((#128, #129, #130, #131, #132), (#133, #134, #135, #136, #137)), .UNSPECIFIED., .F., .F., .U.)
   B_SPLINE_SURFACE_WITH_KNOTS ((2, 2), (3, 2, 3), (0., 0.711305117030377), (0.0437820546533933, 0.0567383255766191, 0.0696945964996926), .UNSPECIFIED.)
   GEOMETRIC_REPRESENTATION_ITEM ()
   RATIONAL_B_SPLINE_SURFACE (((0.854651542909414, 0.866234900097703, 1., 0.866234900099275, 0.854651542909687), (0.854651542909414, 0.866234900097703, 1., 0.866234900099275, 0.854651542909687)))
   REPRESENTATION_ITEM ('')
   SURFACE ()
);
#139 = ADVANCED_FACE ('', (#127), #138, .T.);
#140 = CARTESIAN_POINT ('', (-140.969201727762, 134.071461158806, -16.1549370102712));
#141 = VERTEX_POINT ('', #140);
#142 = CARTESIAN_POINT ('', (-140.969201727761, 134.071461158803, 3.5000000000151));
#143 = VERTEX_POINT ('', #142);
#144 = CARTESIAN_POINT ('', (-140.96920172776, 134.071461158805, -16.154937010271));
#145 = CARTESIAN_POINT ('', (-140.96920172776, 134.071461158803, 3.50000000001507));
#146 = B_SPLINE_CURVE_WITH_KNOTS ('', 1, (#144, #145), .UNSPECIFIED., .F., .U., (2, 2), (-0.399817905959967, 0.274436768285985), .UNSPECIFIED.);
#147 = EDGE_CURVE ('', #141, #143, #146, .T.);
#148 = ORIENTED_EDGE ('', *, *, #147, .F.);
#149 = CARTESIAN_POINT ('', (-135.030798272235, 134.071461158805, -16.154937010271));
#150 = CARTESIAN_POINT ('', (-135.402096641212, 131.50022811165, -15.929983267362));
#151 = CARTESIAN_POINT ('', (-137.999999999998, 131.50022811165, -15.929983267362));
#152 = CARTESIAN_POINT ('', (-140.597903358784, 131.50022811165, -15.929983267362));
#153 = CARTESIAN_POINT ('', (-140.969201727761, 134.071461158805, -16.154937010271));
#154 = (
   BOUNDED_CURVE ()
   B_SPLINE_CURVE (2, (#149, #150, #151, #152, #153), .UNSPECIFIED., .F., .U.)
   B_SPLINE_CURVE_WITH_KNOTS ((3, 2, 3), (-1.42738290741156, 3.25584004201573E-12, 1.4273829074181), .UNSPECIFIED.)
   CURVE ()
   GEOMETRIC_REPRESENTATION_ITEM ()
   RATIONAL_B_SPLINE_CURVE ((1., 0.755950500236198, 1., 0.755950500236204, 1.))
   REPRESENTATION_ITEM ('')
);
#155 = EDGE_CURVE ('', #99, #141, #154, .T.);
#156 = ORIENTED_EDGE ('', *, *, #155, .F.);
#157 = ORIENTED_EDGE ('', *, *, #103, .F.);
#158 = CARTESIAN_POINT ('', (-140.96920172776, 134.071461158803, 3.5000000000151));
#159 = CARTESIAN_POINT ('', (-140.597903358784, 131.500228111647, 3.50000000001475));
#160 = CARTESIAN_POINT ('', (-137.999999999998, 131.500228111647, 3.50000000001476));
#161 = CARTESIAN_POINT ('', (-135.402096641212, 131.500228111647, 3.50000000001477));
#162 = CARTESIAN_POINT ('', (-135.030798272235, 134.071461158803, 3.50000000001511));
#163 = (
   BOUNDED_CURVE ()
   B_SPLINE_CURVE (2, (#158, #159, #160, #161, #162), .UNSPECIFIED., .F., .U.)
   B_SPLINE_CURVE_WITH_KNOTS ((3, 2, 3), (0., 1.42738290741484, 2.85476581482967), .UNSPECIFIED.)
   CURVE ()
   GEOMETRIC_REPRESENTATION_ITEM ()
   RATIONAL_B_SPLINE_CURVE ((1., 0.755950500236204, 1., 0.755950500236197, 1.))
   REPRESENTATION_ITEM ('')
);
#164 = EDGE_CURVE ('', #143, #97, #163, .T.);
#165 = ORIENTED_EDGE ('', *, *, #164, .F.);
#166 = EDGE_LOOP ('', (#148, #156, #157, #165));
#167 = FACE_OUTER_BOUND ('', #166, .T.);
#168 = CARTESIAN_POINT ('', (-140.96920172776, 134.071461158803, 3.50000000001508));
#169 = CARTESIAN_POINT ('', (-140.597903358784, 131.500228111647, 3.50000000001472));
#170 = CARTESIAN_POINT ('', (-137.999999999998, 131.500228111647, 3.50000000001473));
#171 = CARTESIAN_POINT ('', (-135.402096641212, 131.500228111647, 3.50000000001474));
#172 = CARTESIAN_POINT ('', (-135.030798272235, 134.071461158803, 3.5000000000151));
#173 = CARTESIAN_POINT ('', (-140.96920172776, 134.071461158806, -16.1549370102711));
#174 = CARTESIAN_POINT ('', (-140.597903358784, 131.50022811165, -16.1549370102714));
#175 = CARTESIAN_POINT ('', (-137.999999999998, 131.50022811165, -16.1549370102714));
#176 = CARTESIAN_POINT ('', (-135.402096641212, 131.50022811165, -16.1549370102714));
#177 = CARTESIAN_POINT ('', (-135.030798272235, 134.071461158806, -16.154937010271));
#178 = (
   BOUNDED_SURFACE ()
   B_SPLINE_SURFACE (1, 2, ((#168, #169, #170, #171, #172), (#173, #174, #175, #176, #177)), .UNSPECIFIED., .F., .F., .U.)
   B_SPLINE_SURFACE_WITH_KNOTS ((2, 2), (3, 2, 3), (-0.709950867757025, 0.), (0.357221271628991, 0.510644930189579, 0.664068588750158), .UNSPECIFIED.)
   GEOMETRIC_REPRESENTATION_ITEM ()
   RATIONAL_B_SPLINE_SURFACE (((0.947914012946706, 0.73600002736972, 1., 0.736000027369736, 0.947914012946681), (0.947914012946706, 0.73600002736972, 1., 0.736000027369736, 0.947914012946681)))
   REPRESENTATION_ITEM ('')
   SURFACE ()
);
#179 = ADVANCED_FACE ('', (#167), #178, .T.);
#180 = CARTESIAN_POINT ('', (-141.464068682388, 134.499999999996, 3.50000000001516));
#181 = VERTEX_POINT ('', #180);
#182 = CARTESIAN_POINT ('', (-141.464068682389, 134.499999999999, -16.192429300756));
#183 = VERTEX_POINT ('', #182);
#184 = CARTESIAN_POINT ('', (-141.464068682387, 134.499999999996, 3.50000000001514));
#185 = CARTESIAN_POINT ('', (-141.464068682387, 134.499999999998, -16.1924293007559));
#186 = B_SPLINE_CURVE_WITH_KNOTS ('', 1, (#184, #185), .UNSPECIFIED., .F., .U., (2, 2), (-0.274436768285985, 0.401104063839506), .UNSPECIFIED.);
#187 = EDGE_CURVE ('', #181, #183, #186, .T.);
#188 = ORIENTED_EDGE ('', *, *, #187, .T.);
#189 = CARTESIAN_POINT ('', (-140.96920172776, 134.071461158805, -16.154937010271));
#190 = CARTESIAN_POINT ('', (-141.031084789256, 134.499999999997, -16.1924293007558));
#191 = CARTESIAN_POINT ('', (-141.464068682386, 134.499999999998, -16.1924293007559));
#192 = (
   BOUNDED_CURVE ()
   B_SPLINE_CURVE (2, (#189, #190, #191), .UNSPECIFIED., .F., .U.)
   B_SPLINE_CURVE_WITH_KNOTS ((3, 3), (-1.42738290741211, 0.), .UNSPECIFIED.)
   CURVE ()
   GEOMETRIC_REPRESENTATION_ITEM ()
   RATIONAL_B_SPLINE_CURVE ((1., 0.755950500237037, 1.))
   REPRESENTATION_ITEM ('')
);
#193 = EDGE_CURVE ('', #141, #183, #192, .T.);
#194 = ORIENTED_EDGE ('', *, *, #193, .F.);
#195 = ORIENTED_EDGE ('', *, *, #147, .T.);
#196 = CARTESIAN_POINT ('', (-140.96920172776, 134.071461158803, 3.50000000001485));
#197 = CARTESIAN_POINT ('', (-141.031084789257, 134.499999999995, 3.5000000000149));
#198 = CARTESIAN_POINT ('', (-141.464068682387, 134.499999999995, 3.50000000001491));
#199 = (
   BOUNDED_CURVE ()
   B_SPLINE_CURVE (2, (#196, #197, #198), .UNSPECIFIED., .F., .U.)
   B_SPLINE_CURVE_WITH_KNOTS ((3, 3), (0., 1.42738290741474), .UNSPECIFIED.)
   CURVE ()
   GEOMETRIC_REPRESENTATION_ITEM ()
   RATIONAL_B_SPLINE_CURVE ((1., 0.755950500236235, 1.))
   REPRESENTATION_ITEM ('')
);
#200 = EDGE_CURVE ('', #143, #181, #199, .T.);
#201 = ORIENTED_EDGE ('', *, *, #200, .T.);
#202 = EDGE_LOOP ('', (#188, #194, #195, #201));
#203 = FACE_OUTER_BOUND ('', #202, .T.);
#204 = CARTESIAN_POINT ('', (-140.96920172776, 134.071461158805, -16.1924293007559));
#205 = CARTESIAN_POINT ('', (-140.995842872421, 134.255950500234, -16.1924293007559));
#206 = CARTESIAN_POINT ('', (-141.136754291781, 134.377975250116, -16.1924293007559));
#207 = CARTESIAN_POINT ('', (-141.27766571114, 134.499999999998, -16.1924293007559));
#208 = CARTESIAN_POINT ('', (-141.464068682387, 134.499999999998, -16.1924293007559));
#209 = CARTESIAN_POINT ('', (-140.969201727761, 134.071461158802, 3.50000000001512));
#210 = CARTESIAN_POINT ('', (-140.995842872422, 134.255950500231, 3.50000000001514));
#211 = CARTESIAN_POINT ('', (-141.136754291781, 134.377975250113, 3.50000000001516));
#212 = CARTESIAN_POINT ('', (-141.277665711141, 134.499999999995, 3.50000000001517));
#213 = CARTESIAN_POINT ('', (-141.464068682388, 134.499999999995, 3.50000000001517));
#214 = (
   BOUNDED_SURFACE ()
   B_SPLINE_SURFACE (1, 2, ((#204, #205, #206, #207, #208), (#209, #210, #211, #212, #213)), .UNSPECIFIED., .F., .F., .U.)
   B_SPLINE_SURFACE_WITH_KNOTS ((2, 2), (3, 2, 3), (0., 0.711305117030377), (0.0437820546535385, 0.0567383255766167, 0.0696945964996789), .UNSPECIFIED.)
   GEOMETRIC_REPRESENTATION_ITEM ()
   RATIONAL_B_SPLINE_SURFACE (((0.854651542909677, 0.866234900099221, 1., 0.866234900099387, 0.854651542909706), (0.854651542909677, 0.866234900099221, 1., 0.866234900099387, 0.854651542909706)))
   REPRESENTATION_ITEM ('')
   SURFACE ()
);
#215 = ADVANCED_FACE ('', (#203), #214, .T.);
#216 = CARTESIAN_POINT ('', (-142.093911086752, 134.499999999999, -16.192429300756));
#217 = VERTEX_POINT ('', #216);
#218 = CARTESIAN_POINT ('', (-142.093911086755, 134.499999999999, 3.50000000001523));
#219 = VERTEX_POINT ('', #218);
#220 = CARTESIAN_POINT ('', (-142.093911086751, 134.499999999998, -16.1924293007559));
#221 = CARTESIAN_POINT ('', (-142.093911086751, 134.499999999995, 3.50000000001521));
#222 = B_SPLINE_CURVE_WITH_KNOTS ('', 1, (#220, #221), .UNSPECIFIED., .F., .U., (2, 2), (-0.97203902734287, 0.818181818181823), .UNSPECIFIED.);
#223 = EDGE_CURVE ('', #217, #219, #222, .T.);
#224 = ORIENTED_EDGE ('', *, *, #223, .F.);
#225 = CARTESIAN_POINT ('', (-141.464068682387, 134.499999999998, -16.1924293007559));
#226 = CARTESIAN_POINT ('', (-142.093911086751, 134.499999999998, -16.1924293007559));
#227 = B_SPLINE_CURVE_WITH_KNOTS ('', 1, (#225, #226), .UNSPECIFIED., .F., .U., (2, 2), (-1.30371014596528, -1.28077329206313), .UNSPECIFIED.);
#228 = EDGE_CURVE ('', #183, #217, #227, .T.);
#229 = ORIENTED_EDGE ('', *, *, #228, .F.);
#230 = ORIENTED_EDGE ('', *, *, #187, .F.);
#231 = CARTESIAN_POINT ('', (-141.464068682388, 134.499999999995, 3.50000000001516));
#232 = CARTESIAN_POINT ('', (-142.093911086751, 134.499999999995, 3.50000000001516));
#233 = B_SPLINE_CURVE_WITH_KNOTS ('', 1, (#231, #232), .UNSPECIFIED., .F., .U., (2, 2), (0.993445553446205, 1.), .UNSPECIFIED.);
#234 = EDGE_CURVE ('', #181, #219, #233, .T.);
#235 = ORIENTED_EDGE ('', *, *, #234, .T.);
#236 = EDGE_LOOP ('', (#224, #229, #230, #235));
#237 = FACE_OUTER_BOUND ('', #236, .T.);
#238 = CARTESIAN_POINT ('', (-142.093911086754, 134.499999999998, -16.1924293007559));
#239 = CARTESIAN_POINT ('', (-142.093911086754, 134.499999999995, 3.5000000000152));
#240 = CARTESIAN_POINT ('', (-141.464068682387, 134.499999999998, -16.1924293007559));
#241 = CARTESIAN_POINT ('', (-141.464068682387, 134.499999999995, 3.5000000000152));
#242 = B_SPLINE_SURFACE_WITH_KNOTS ('', 1, 1, ((#238, #239), (#240, #241)), .UNSPECIFIED., .F., .F., .U., (2, 2), (2, 2), (0.590655210875138, 0.619360899346278), (-0.487318005868995, 0.410183872107015), .UNSPECIFIED.);
#243 = ADVANCED_FACE ('', (#237), #242, .T.);
#244 = CARTESIAN_POINT ('', (-148.156088913242, 134.499999999999, -16.192429300756));
#245 = VERTEX_POINT ('', #244);
#246 = CARTESIAN_POINT ('', (-148.156088913245, 134.499999999999, 3.50000000001523));
#247 = VERTEX_POINT ('', #246);
#248 = CARTESIAN_POINT ('', (-148.156088913241, 134.499999999998, -16.1924293007559));
#249 = CARTESIAN_POINT ('', (-148.156088913241, 134.499999999995, 3.50000000001522));
#250 = B_SPLINE_CURVE_WITH_KNOTS ('', 1, (#248, #249), .UNSPECIFIED., .F., .U., (2, 2), (-0.972039027342869, 0.818181818181823), .UNSPECIFIED.);
#251 = EDGE_CURVE ('', #245, #247, #250, .T.);
#252 = ORIENTED_EDGE ('', *, *, #251, .F.);
#253 = CARTESIAN_POINT ('', (-142.09391108675, 134.499999999998, -16.1924293007559));
#254 = CARTESIAN_POINT ('', (-142.129409742771, 134.561485475827, -16.1978085828624));
#255 = CARTESIAN_POINT ('', (-142.204110624754, 134.682205643534, -16.2083702289957));
#256 = CARTESIAN_POINT ('', (-142.326770379083, 134.855946963528, -16.2235706248812));
#257 = CARTESIAN_POINT ('', (-142.459688066763, 135.021798923679, -16.2380807912179));
#258 = CARTESIAN_POINT ('', (-142.659245217455, 135.242065924294, -16.2573516567205));
#259 = CARTESIAN_POINT ('', (-142.838127614625, 135.404601639437, -16.2715716892136));
#260 = CARTESIAN_POINT ('', (-142.972540737334, 135.509912431714, -16.2807851896848));
#261 = CARTESIAN_POINT ('', (-143.028429635273, 135.553124935593, -16.2845657938967));
#262 = CARTESIAN_POINT ('', (-143.160333511476, 135.650130376335, -16.293052670262));
#263 = CARTESIAN_POINT ('', (-143.306387665084, 135.742545627006, -16.3011379570327));
#264 = CARTESIAN_POINT ('', (-143.407964506275, 135.799897876449, -16.3061556286866));
#265 = CARTESIAN_POINT ('', (-143.479095284458, 135.839692560944, -16.3096372124485));
#266 = CARTESIAN_POINT ('', (-143.607123207493, 135.906194420286, -16.3154553712443));
#267 = CARTESIAN_POINT ('', (-143.801449899167, 135.992384977932, -16.3229960679413));
#268 = CARTESIAN_POINT ('', (-143.997201839627, 136.065422372674, -16.3293860119947));
#269 = CARTESIAN_POINT ('', (-144.128105458939, 136.105724777171, -16.332912015501));
#270 = CARTESIAN_POINT ('', (-144.197609886688, 136.124901353697, -16.3345897485523));
#271 = CARTESIAN_POINT ('', (-144.204466409856, 136.126781831504, -16.3347542690424));
#272 = CARTESIAN_POINT ('', (-144.280762813292, 136.147456353979, -16.3365630553828));
#273 = CARTESIAN_POINT ('', (-144.424129066166, 136.181349747601, -16.3395283430931));
#274 = CARTESIAN_POINT ('', (-144.636276372784, 136.217941574505, -16.3427297131249));
#275 = CARTESIAN_POINT ('', (-144.850083489593, 136.24138096328, -16.3447803939227));
#276 = CARTESIAN_POINT ('', (-145.143286143045, 136.255455926211, -16.3460117936187));
#277 = CARTESIAN_POINT ('', (-145.372914932477, 136.244600989556, -16.3450621097182));
#278 = CARTESIAN_POINT ('', (-145.529993315494, 136.226496868606, -16.3434782043718));
#279 = CARTESIAN_POINT ('', (-145.60101749107, 136.218069048318, -16.3427408656385));
#280 = CARTESIAN_POINT ('', (-145.727857484303, 136.199461813477, -16.3411129435303));
#281 = CARTESIAN_POINT ('', (-145.92318045772, 136.15979125989, -16.3376422198156));
#282 = CARTESIAN_POINT ('', (-146.122795480897, 136.107014786862, -16.3330248767248));
#283 = CARTESIAN_POINT ('', (-146.411490020952, 136.011553727752, -16.3246731162445));
#284 = CARTESIAN_POINT ('', (-146.642736138909, 135.908502690794, -16.3156573187461));
#285 = CARTESIAN_POINT ('', (-146.802703542353, 135.821754308604, -16.3080678187253));
#286 = CARTESIAN_POINT ('', (-146.864896376651, 135.787329048234, -16.305055998704));
#287 = CARTESIAN_POINT ('', (-146.953762944595, 135.73554792728, -16.3005257376358));
#288 = CARTESIAN_POINT ('', (-147.099796631701, 135.64162732103, -16.2923087493175));
#289 = CARTESIAN_POINT ('', (-147.288826894482, 135.505515861144, -16.2804005396016));
#290 = CARTESIAN_POINT ('', (-147.458156575035, 135.362433292197, -16.2678824368705));
#291 = CARTESIAN_POINT ('', (-147.566883312162, 135.257740136664, -16.2587229726126));
#292 = CARTESIAN_POINT ('', (-147.617858115483, 135.206958223715, -16.2542801309175));
#293 = CARTESIAN_POINT ('', (-147.661714073168, 135.162034239592, -16.2503497915863));
#294 = CARTESIAN_POINT ('', (-147.758102599354, 135.057935801844, -16.2412423583926));
#295 = CARTESIAN_POINT ('', (-147.873126301119, 134.920883821793, -16.2292518638243));
#296 = CARTESIAN_POINT ('', (-147.951727400126, 134.814779616015, -16.2199689486663));
#297 = CARTESIAN_POINT ('', (-148.024226484154, 134.711815719248, -16.2109607749468));
#298 = CARTESIAN_POINT ('', (-148.089406826969, 134.61294840219, -16.2023110055111));
#299 = CARTESIAN_POINT ('', (-148.136650407533, 134.533668479509, -16.1953749110313));
#300 = CARTESIAN_POINT ('', (-148.156088913242, 134.499999999998, -16.1924293007559));
#301 = B_SPLINE_CURVE_WITH_KNOTS ('', 3, (#253, #254, #255, #256, #257, #258, #259, #260, #261, #262, #263, #264, #265, #266, #267, #268, #269, #270, #271, #272, #273, #274, #275, #276, #277, #278, #279, #280, #281, #282, #283, #284, #285, #286, #287, #288, #289, #290, #291, #292, #293, #294, #295, #296, #297, #298, #299, #300), .UNSPECIFIED., .F., .U., (4, 1, 1, 1, 1, 1, 2, 1, 1, 2, 1, 1, 1, 2, 1, 1, 1, 1, 1, 1, 1, 2, 1, 1, 1, 1, 1, 2, 1, 1, 1, 1, 2, 1, 1, 1, 2, 1, 4), (0., 0.00777871976589113, 0.0155574395317823, 0.0233225910039668, 0.0310877424761513, 0.0481350872714137, 0.049718155305451, 0.055840678447094, 0.0675928635116475, 0.0686203262326684, 0.0765228967329115, 0.0844254672331547, 0.0919062957168165, 0.0993871242004784, 0.0997751085098261, 0.100163092819174, 0.108015601994967, 0.11586811117076, 0.123715470000122, 0.131562828829484, 0.147999717964769, 0.148802274594756, 0.155796454379936, 0.162790634165115, 0.170589869350491, 0.178389104535867, 0.19606591362854, 0.19820112158614, 0.203801412691257, 0.209401703796373, 0.217134028211457, 0.229216790055185, 0.233567227483829, 0.237045833203069, 0.240524438922308, 0.249905594547221, 0.259286750172135, 0.269319790981344, 0.279352831790553), .UNSPECIFIED.);
#302 = EDGE_CURVE ('', #217, #245, #301, .T.);
#303 = ORIENTED_EDGE ('', *, *, #302, .F.);
#304 = ORIENTED_EDGE ('', *, *, #223, .T.);
#305 = CARTESIAN_POINT ('', (-142.093911086751, 134.499999999995, 3.50000000001516));
#306 = CARTESIAN_POINT ('', (-142.164800080964, 134.62278333967, 3.50000000001518));
#307 = CARTESIAN_POINT ('', (-142.243307704628, 134.741469435567, 3.50000000001519));
#308 = CARTESIAN_POINT ('', (-142.413666955067, 134.967814067901, 3.50000000001522));
#309 = CARTESIAN_POINT ('', (-142.505805783474, 135.075907946683, 3.50000000001523));
#310 = CARTESIAN_POINT ('', (-142.701946953051, 135.27957787925, 3.50000000001526));
#311 = CARTESIAN_POINT ('', (-142.806284775893, 135.375549471066, 3.50000000001528));
#312 = CARTESIAN_POINT ('', (-143.025180672263, 135.553681827119, 3.5000000000153));
#313 = CARTESIAN_POINT ('', (-143.1401168557, 135.63619332345, 3.50000000001531));
#314 = CARTESIAN_POINT ('', (-143.294951066765, 135.733737112171, 3.50000000001533));
#315 = CARTESIAN_POINT ('', (-143.330919158479, 135.755501653079, 3.50000000001533));
#316 = CARTESIAN_POINT ('', (-143.383482086332, 135.786028194841, 3.50000000001533));
#317 = CARTESIAN_POINT ('', (-143.399778793794, 135.795318313929, 3.50000000001534));
#318 = CARTESIAN_POINT ('', (-143.54194103109, 135.874852118069, 3.50000000001534));
#319 = CARTESIAN_POINT ('', (-143.672336811784, 135.937561155562, 3.50000000001535));
#320 = CARTESIAN_POINT ('', (-143.939063602397, 136.046094628534, 3.50000000001537));
#321 = CARTESIAN_POINT ('', (-144.075886069889, 136.092161710788, 3.50000000001537));
#322 = CARTESIAN_POINT ('', (-144.35334217722, 136.16689076088, 3.50000000001537));
#323 = CARTESIAN_POINT ('', (-144.494490547877, 136.195730125536, 3.50000000001538));
#324 = CARTESIAN_POINT ('', (-144.778438155136, 136.235743870946, 3.50000000001539));
#325 = CARTESIAN_POINT ('', (-144.921766938982, 136.247028991739, 3.50000000001539));
#326 = CARTESIAN_POINT ('', (-145.207910232259, 136.251936824333, 3.50000000001539));
#327 = CARTESIAN_POINT ('', (-145.351260696818, 136.245603199064, 3.50000000001539));
#328 = CARTESIAN_POINT ('', (-145.635308797928, 136.215536467182, 3.50000000001538));
#329 = CARTESIAN_POINT ('', (-145.776540535807, 136.19178049922, 3.50000000001537));
#330 = CARTESIAN_POINT ('', (-146.054270140087, 136.127386435076, 3.50000000001538));
#331 = CARTESIAN_POINT ('', (-146.191292240783, 136.086660453558, 3.50000000001537));
#332 = CARTESIAN_POINT ('', (-146.458608982992, 135.989088491265, 3.50000000001535));
#333 = CARTESIAN_POINT ('', (-146.589410328656, 135.932092010468, 3.50000000001535));
#334 = CARTESIAN_POINT ('', (-146.842407942429, 135.802972749296, 3.50000000001534));
#335 = CARTESIAN_POINT ('', (-146.96508617076, 135.730640121323, 3.50000000001533));
#336 = CARTESIAN_POINT ('', (-147.200102558379, 135.572057293189, 3.5000000000153));
#337 = CARTESIAN_POINT ('', (-147.312891264091, 135.485541959164, 3.5000000000153));
#338 = CARTESIAN_POINT ('', (-147.526560654646, 135.299997857762, 3.50000000001527));
#339 = CARTESIAN_POINT ('', (-147.627854434265, 135.20065345029, 3.50000000001525));
#340 = CARTESIAN_POINT ('', (-147.817154879697, 134.991028369829, 3.50000000001523));
#341 = CARTESIAN_POINT ('', (-147.905531862787, 134.880386962662, 3.50000000001521));
#342 = CARTESIAN_POINT ('', (-148.047114922757, 134.679309338496, 3.50000000001519));
#343 = CARTESIAN_POINT ('', (-148.103671965962, 134.590788815861, 3.50000000001517));
#344 = CARTESIAN_POINT ('', (-148.156088913241, 134.499999999996, 3.50000000001515));
#345 = B_SPLINE_CURVE_WITH_KNOTS ('', 3, (#305, #306, #307, #308, #309, #310, #311, #312, #313, #314, #315, #316, #317, #318, #319, #320, #321, #322, #323, #324, #325, #326, #327, #328, #329, #330, #331, #332, #333, #334, #335, #336, #337, #338, #339, #340, #341, #342, #343, #344), .UNSPECIFIED., .F., .U., (4, 2, 2, 2, 2, 2, 2, 2, 2, 2, 2, 2, 2, 2, 2, 2, 2, 2, 2, 4), (0., 0.425333965277286, 0.849874991493349, 1.27361174909139, 1.69652660076902, 1.82260702475934, 1.87887950101231, 2.31130074215832, 2.74276853339846, 3.1733314271166, 3.60302784977276, 4.03188756387844, 4.45993273889153, 4.88717871741225, 5.31363453484619, 5.73930323039366, 6.16418197176854, 6.58826200337681, 7.01152841625956, 7.32603009993551), .UNSPECIFIED.);
#346 = EDGE_CURVE ('', #219, #247, #345, .T.);
#347 = ORIENTED_EDGE ('', *, *, #346, .T.);
#348 = EDGE_LOOP ('', (#252, #303, #304, #347));
#349 = FACE_OUTER_BOUND ('', #348, .T.);
#350 = CARTESIAN_POINT ('', (-142.09391108675, 134.499999999995, 3.50000000001519));
#351 = CARTESIAN_POINT ('', (-142.09391108675, 134.499999999998, -16.3455522827633));
#352 = CARTESIAN_POINT ('', (-142.164800080964, 134.62278333967, 3.5000000000152));
#353 = CARTESIAN_POINT ('', (-142.164800080963, 134.622783339672, -16.3455522827632));
#354 = CARTESIAN_POINT ('', (-142.243307704628, 134.741469435567, 3.50000000001523));
#355 = CARTESIAN_POINT ('', (-142.243307704628, 134.74146943557, -16.3455522827632));
#356 = CARTESIAN_POINT ('', (-142.413666955067, 134.967814067901, 3.50000000001525));
#357 = CARTESIAN_POINT ('', (-142.413666955066, 134.967814067904, -16.3455522827632));
#358 = CARTESIAN_POINT ('', (-142.505805783474, 135.075907946683, 3.50000000001526));
#359 = CARTESIAN_POINT ('', (-142.505805783474, 135.075907946686, -16.3455522827632));
#360 = CARTESIAN_POINT ('', (-142.701946953051, 135.27957787925, 3.50000000001529));
#361 = CARTESIAN_POINT ('', (-142.701946953051, 135.279577879253, -16.3455522827632));
#362 = CARTESIAN_POINT ('', (-142.806284775893, 135.375549471066, 3.50000000001531));
#363 = CARTESIAN_POINT ('', (-142.806284775892, 135.375549471068, -16.3455522827632));
#364 = CARTESIAN_POINT ('', (-143.025180672263, 135.553681827119, 3.50000000001533));
#365 = CARTESIAN_POINT ('', (-143.025180672263, 135.553681827122, -16.3455522827631));
#366 = CARTESIAN_POINT ('', (-143.1401168557, 135.63619332345, 3.50000000001534));
#367 = CARTESIAN_POINT ('', (-143.1401168557, 135.636193323453, -16.3455522827631));
#368 = CARTESIAN_POINT ('', (-143.294951066765, 135.733737112171, 3.50000000001535));
#369 = CARTESIAN_POINT ('', (-143.294951066765, 135.733737112173, -16.3455522827631));
#370 = CARTESIAN_POINT ('', (-143.330919158479, 135.755501653079, 3.50000000001535));
#371 = CARTESIAN_POINT ('', (-143.330919158479, 135.755501653082, -16.3455522827631));
#372 = CARTESIAN_POINT ('', (-143.383482086332, 135.786028194841, 3.50000000001536));
#373 = CARTESIAN_POINT ('', (-143.383482086332, 135.786028194843, -16.3455522827631));
#374 = CARTESIAN_POINT ('', (-143.399778793794, 135.795318313929, 3.50000000001536));
#375 = CARTESIAN_POINT ('', (-143.399778793794, 135.795318313932, -16.3455522827631));
#376 = CARTESIAN_POINT ('', (-143.54194103109, 135.874852118069, 3.50000000001537));
#377 = CARTESIAN_POINT ('', (-143.54194103109, 135.874852118072, -16.3455522827631));
#378 = CARTESIAN_POINT ('', (-143.672336811783, 135.937561155562, 3.50000000001538));
#379 = CARTESIAN_POINT ('', (-143.672336811783, 135.937561155565, -16.3455522827631));
#380 = CARTESIAN_POINT ('', (-143.939063602397, 136.046094628534, 3.5000000000154));
#381 = CARTESIAN_POINT ('', (-143.939063602397, 136.046094628537, -16.3455522827631));
#382 = CARTESIAN_POINT ('', (-144.075886069889, 136.092161710788, 3.5000000000154));
#383 = CARTESIAN_POINT ('', (-144.075886069889, 136.09216171079, -16.3455522827631));
#384 = CARTESIAN_POINT ('', (-144.35334217722, 136.16689076088, 3.50000000001541));
#385 = CARTESIAN_POINT ('', (-144.35334217722, 136.166890760883, -16.3455522827631));
#386 = CARTESIAN_POINT ('', (-144.494490547877, 136.195730125536, 3.50000000001541));
#387 = CARTESIAN_POINT ('', (-144.494490547877, 136.195730125539, -16.3455522827631));
#388 = CARTESIAN_POINT ('', (-144.778438155136, 136.235743870946, 3.50000000001543));
#389 = CARTESIAN_POINT ('', (-144.778438155136, 136.235743870949, -16.345552282763));
#390 = CARTESIAN_POINT ('', (-144.921766938982, 136.247028991739, 3.50000000001542));
#391 = CARTESIAN_POINT ('', (-144.921766938982, 136.247028991741, -16.345552282763));
#392 = CARTESIAN_POINT ('', (-145.207910232259, 136.251936824333, 3.50000000001542));
#393 = CARTESIAN_POINT ('', (-145.207910232258, 136.251936824335, -16.345552282763));
#394 = CARTESIAN_POINT ('', (-145.351260696817, 136.245603199064, 3.5000000000154));
#395 = CARTESIAN_POINT ('', (-145.351260696817, 136.245603199067, -16.3455522827631));
#396 = CARTESIAN_POINT ('', (-145.635308797928, 136.215536467182, 3.50000000001541));
#397 = CARTESIAN_POINT ('', (-145.635308797928, 136.215536467185, -16.3455522827631));
#398 = CARTESIAN_POINT ('', (-145.776540535807, 136.19178049922, 3.5000000000154));
#399 = CARTESIAN_POINT ('', (-145.776540535807, 136.191780499223, -16.3455522827631));
#400 = CARTESIAN_POINT ('', (-146.054270140087, 136.127386435076, 3.5000000000154));
#401 = CARTESIAN_POINT ('', (-146.054270140087, 136.127386435078, -16.3455522827631));
#402 = CARTESIAN_POINT ('', (-146.191292240783, 136.086660453557, 3.50000000001539));
#403 = CARTESIAN_POINT ('', (-146.191292240783, 136.08666045356, -16.3455522827631));
#404 = CARTESIAN_POINT ('', (-146.458608982992, 135.989088491265, 3.50000000001539));
#405 = CARTESIAN_POINT ('', (-146.458608982992, 135.989088491268, -16.3455522827631));
#406 = CARTESIAN_POINT ('', (-146.589410328656, 135.932092010468, 3.50000000001538));
#407 = CARTESIAN_POINT ('', (-146.589410328656, 135.932092010471, -16.3455522827631));
#408 = CARTESIAN_POINT ('', (-146.842407942429, 135.802972749296, 3.50000000001537));
#409 = CARTESIAN_POINT ('', (-146.842407942429, 135.802972749299, -16.3455522827631));
#410 = CARTESIAN_POINT ('', (-146.96508617076, 135.730640121323, 3.50000000001535));
#411 = CARTESIAN_POINT ('', (-146.96508617076, 135.730640121326, -16.3455522827631));
#412 = CARTESIAN_POINT ('', (-147.200102558379, 135.572057293189, 3.50000000001533));
#413 = CARTESIAN_POINT ('', (-147.200102558379, 135.572057293192, -16.3455522827631));
#414 = CARTESIAN_POINT ('', (-147.312891264091, 135.485541959164, 3.50000000001532));
#415 = CARTESIAN_POINT ('', (-147.312891264091, 135.485541959166, -16.3455522827631));
#416 = CARTESIAN_POINT ('', (-147.526560654646, 135.299997857762, 3.5000000000153));
#417 = CARTESIAN_POINT ('', (-147.526560654646, 135.299997857765, -16.3455522827632));
#418 = CARTESIAN_POINT ('', (-147.627854434265, 135.20065345029, 3.50000000001528));
#419 = CARTESIAN_POINT ('', (-147.627854434264, 135.200653450293, -16.3455522827632));
#420 = CARTESIAN_POINT ('', (-147.817154879697, 134.991028369829, 3.50000000001526));
#421 = CARTESIAN_POINT ('', (-147.817154879697, 134.991028369832, -16.3455522827632));
#422 = CARTESIAN_POINT ('', (-147.905531862787, 134.880386962662, 3.50000000001524));
#423 = CARTESIAN_POINT ('', (-147.905531862787, 134.880386962665, -16.3455522827632));
#424 = CARTESIAN_POINT ('', (-148.047114922757, 134.679309338496, 3.50000000001521));
#425 = CARTESIAN_POINT ('', (-148.047114922757, 134.679309338498, -16.3455522827632));
#426 = CARTESIAN_POINT ('', (-148.103671965962, 134.590788815861, 3.50000000001521));
#427 = CARTESIAN_POINT ('', (-148.103671965962, 134.590788815864, -16.3455522827633));
#428 = CARTESIAN_POINT ('', (-148.156088913242, 134.499999999996, 3.50000000001518));
#429 = CARTESIAN_POINT ('', (-148.156088913242, 134.499999999998, -16.3455522827633));
#430 = B_SPLINE_SURFACE_WITH_KNOTS ('', 3, 1, ((#350, #351), (#352, #353), (#354, #355), (#356, #357), (#358, #359), (#360, #361), (#362, #363), (#364, #365), (#366, #367), (#368, #369), (#370, #371), (#372, #373), (#374, #375), (#376, #377), (#378, #379), (#380, #381), (#382, #383), (#384, #385), (#386, #387), (#388, #389), (#390, #391), (#392, #393), (#394, #395), (#396, #397), (#398, #399), (#400, #401), (#402, #403), (#404, #405), (#406, #407), (#408, #409), (#410, #411), (#412, #413), (#414, #415), (#416, #417), (#418, #419), (#420, #421), (#422, #423), (#424, #425), (#426, #427), (#428, #429)), .UNSPECIFIED., .F., .F., .U., (4, 2, 2, 2, 2, 2, 2, 2, 2, 2, 2, 2, 2, 2, 2, 2, 2, 2, 2, 4), (2, 2), (164.589994890551, 165.015328855828, 165.439869882045, 165.863606639643, 166.28652149132, 166.412601915311, 166.468874391564, 166.90129563271, 167.33276342395, 167.763326317668, 168.193022740324, 168.62188245443, 169.049927629443, 169.477173607963, 169.903629425397, 170.329298120945, 170.75417686232, 171.178256893928, 171.601523306811, 171.916024990487), (0.140703211246081, 0.899727818956118), .UNSPECIFIED.);
#431 = ADVANCED_FACE ('', (#349), #430, .T.);
#432 = CARTESIAN_POINT ('', (-165.843911086755, 134.499999999999, 3.50000000001523));
#433 = VERTEX_POINT ('', #432);
#434 = CARTESIAN_POINT ('', (-148.156088913243, 134.499999999996, 3.50000000001515));
#435 = CARTESIAN_POINT ('', (-165.843911086752, 134.499999999996, 3.50000000001515));
#436 = B_SPLINE_CURVE_WITH_KNOTS ('', 1, (#434, #435), .UNSPECIFIED., .F., .U., (2, 2), (0., 1.), .UNSPECIFIED.);
#437 = EDGE_CURVE ('', #247, #433, #436, .T.);
#438 = ORIENTED_EDGE ('', *, *, #437, .T.);
#439 = CARTESIAN_POINT ('', (-165.843911086751, 134.499999999999, -14.1847896256668));
#440 = VERTEX_POINT ('', #439);
#441 = CARTESIAN_POINT ('', (-165.84391108675, 134.499999999998, -14.1847896256666));
#442 = CARTESIAN_POINT ('', (-165.84391108675, 134.499999999996, 3.50000000001521));
#443 = B_SPLINE_CURVE_WITH_KNOTS ('', 1, (#441, #442), .UNSPECIFIED., .F., .U., (2, 2), (-0.789526329607478, 0.818181818181823), .UNSPECIFIED.);
#444 = EDGE_CURVE ('', #440, #433, #443, .T.);
#445 = ORIENTED_EDGE ('', *, *, #444, .F.);
#446 = CARTESIAN_POINT ('', (-154.261575970043, 134.499999999999, -14.1847896256668));
#447 = VERTEX_POINT ('', #446);
#448 = CARTESIAN_POINT ('', (-165.84391108675, 134.499999999998, -14.1847896256666));
#449 = CARTESIAN_POINT ('', (-154.261575970042, 134.499999999998, -14.1847896256666));
#450 = B_SPLINE_CURVE_WITH_KNOTS ('', 1, (#448, #449), .UNSPECIFIED., .F., .U., (2, 2), (1.46249025015086E-13, 1.69235616446402), .UNSPECIFIED.);
#451 = EDGE_CURVE ('', #440, #447, #450, .T.);
#452 = ORIENTED_EDGE ('', *, *, #451, .T.);
#453 = CARTESIAN_POINT ('', (-154.295766555017, 134.499999999999, -16.192429300756));
#454 = VERTEX_POINT ('', #453);
#455 = CARTESIAN_POINT ('', (-154.295766554971, 134.499999999998, -16.1924293007566));
#456 = CARTESIAN_POINT ('', (-154.278131597284, 134.499999999998, -15.1886186536983));
#457 = CARTESIAN_POINT ('', (-154.261575969993, 134.499999999998, -14.1847896253845));
#458 = (
   BOUNDED_CURVE ()
   B_SPLINE_CURVE (2, (#455, #456, #457), .UNSPECIFIED., .F., .U.)
   B_SPLINE_CURVE_WITH_KNOTS ((3, 3), (0., 0.00107522311507136), .UNSPECIFIED.)
   CURVE ()
   GEOMETRIC_REPRESENTATION_ITEM ()
   RATIONAL_B_SPLINE_CURVE ((1., 0.99999985548691, 1.))
   REPRESENTATION_ITEM ('')
);
#459 = EDGE_CURVE ('', #454, #447, #458, .T.);
#460 = ORIENTED_EDGE ('', *, *, #459, .F.);
#461 = CARTESIAN_POINT ('', (-148.156088913241, 134.499999999998, -16.1924293007559));
#462 = CARTESIAN_POINT ('', (-154.295766555016, 134.499999999998, -16.1924293007559));
#463 = B_SPLINE_CURVE_WITH_KNOTS ('', 1, (#461, #462), .UNSPECIFIED., .F., .U., (2, 2), (-1.16420222564531, -0.940614724867262), .UNSPECIFIED.);
#464 = EDGE_CURVE ('', #245, #454, #463, .T.);
#465 = ORIENTED_EDGE ('', *, *, #464, .F.);
#466 = ORIENTED_EDGE ('', *, *, #251, .T.);
#467 = EDGE_LOOP ('', (#438, #445, #452, #460, #465, #466));
#468 = FACE_OUTER_BOUND ('', #467, .T.);
#469 = CARTESIAN_POINT ('', (-165.843911086753, 134.499999999998, -16.1924293007559));
#470 = CARTESIAN_POINT ('', (-165.843911086753, 134.499999999996, 3.50000000001519));
#471 = CARTESIAN_POINT ('', (-148.156088913241, 134.499999999998, -16.1924293007559));
#472 = CARTESIAN_POINT ('', (-148.156088913241, 134.499999999996, 3.50000000001519));
#473 = B_SPLINE_SURFACE_WITH_KNOTS ('', 1, 1, ((#469, #470), (#471, #472)), .UNSPECIFIED., .F., .F., .U., (2, 2), (2, 2), (-0.230974563554469, 0.575165368475712), (-0.487318005868996, 0.410183872107015), .UNSPECIFIED.);
#474 = ADVANCED_FACE ('', (#468), #473, .T.);
#475 = ORIENTED_EDGE ('', *, *, #459, .T.);
#476 = CARTESIAN_POINT ('', (-159.169608144988, 128.586511192498, -13.6674263931237));
#477 = VERTEX_POINT ('', #476);
#478 = CARTESIAN_POINT ('', (-154.261575970042, 134.499999999998, -14.1847896256666));
#479 = CARTESIAN_POINT ('', (-154.585959637941, 134.499999999998, -14.1847896256666));
#480 = CARTESIAN_POINT ('', (-155.231554314029, 134.436886476884, -14.179267907879));
#481 = CARTESIAN_POINT ('', (-155.852852709717, 134.251060456855, -14.1630102377384));
#482 = CARTESIAN_POINT ('', (-156.453096461826, 134.005624856099, -14.1415374050466));
#483 = CARTESIAN_POINT ('', (-157.026416418301, 133.702952119207, -14.1150569718102));
#484 = CARTESIAN_POINT ('', (-157.530611639975, 133.296048041545, -14.0794574778723));
#485 = CARTESIAN_POINT ('', (-157.993398548396, 132.841424342573, -14.0396830580422));
#486 = CARTESIAN_POINT ('', (-158.410044528493, 132.343184250306, -13.9960926982547));
#487 = CARTESIAN_POINT ('', (-158.722826507682, 131.774422670385, -13.9463325077626));
#488 = CARTESIAN_POINT ('', (-158.947854433299, 131.249768653378, -13.9004312290012));
#489 = CARTESIAN_POINT ('', (-159.108022650933, 130.783759428516, -13.8596607047274));
#490 = CARTESIAN_POINT ('', (-159.198032516686, 130.29940887116, -13.8172855217863));
#491 = CARTESIAN_POINT ('', (-159.25197362338, 129.809901460437, -13.7744591726361));
#492 = CARTESIAN_POINT ('', (-159.269592454383, 129.317851508057, -13.7314103799144));
#493 = CARTESIAN_POINT ('', (-159.214926903265, 128.828504891191, -13.688598098404));
#494 = CARTESIAN_POINT ('', (-159.169608144987, 128.586511192497, -13.6674263931236));
#495 = B_SPLINE_CURVE_WITH_KNOTS ('', 3, (#478, #479, #480, #481, #482, #483, #484, #485, #486, #487, #488, #489, #490, #491, #492, #493, #494), .UNSPECIFIED., .F., .U., (4, 1, 2, 1, 2, 1, 2, 1, 2, 1, 4), (0., 0.0354051933307964, 0.0708103866615928, 0.106223337776957, 0.141636288892321, 0.177159699919672, 0.212683110947024, 0.239662905936659, 0.266642700926294, 0.293609993907174, 0.320577286888054), .UNSPECIFIED.);
#496 = EDGE_CURVE ('', #447, #477, #495, .T.);
#497 = ORIENTED_EDGE ('', *, *, #496, .T.);
#498 = CARTESIAN_POINT ('', (-159.192088462541, 128.528407364, -15.6699826419094));
#499 = VERTEX_POINT ('', #498);
#500 = CARTESIAN_POINT ('', (-159.169608144958, 128.586511192497, -13.6674263931237));
#501 = CARTESIAN_POINT ('', (-159.180489049138, 128.557459161306, -14.6687085479417));
#502 = CARTESIAN_POINT ('', (-159.192088462532, 128.528407363947, -15.6699826436958));
#503 = (
   BOUNDED_CURVE ()
   B_SPLINE_CURVE (2, (#500, #501, #502), .UNSPECIFIED., .F., .U.)
   B_SPLINE_CURVE_WITH_KNOTS ((3, 3), (0., 0.000717290144227056), .UNSPECIFIED.)
   CURVE ()
   GEOMETRIC_REPRESENTATION_ITEM ()
   RATIONAL_B_SPLINE_CURVE ((1., 0.999999935686857, 1.))
   REPRESENTATION_ITEM ('')
);
#504 = EDGE_CURVE ('', #477, #499, #503, .T.);
#505 = ORIENTED_EDGE ('', *, *, #504, .T.);
#506 = CARTESIAN_POINT ('', (-159.19208846254, 128.528407363999, -15.6699826419118));
#507 = CARTESIAN_POINT ('', (-159.256120400618, 128.84914315739, -15.6980433878205));
#508 = CARTESIAN_POINT ('', (-159.320676676374, 129.500074888537, -15.7549925350251));
#509 = CARTESIAN_POINT ('', (-159.258070135402, 130.151177182421, -15.8119566045356));
#510 = CARTESIAN_POINT ('', (-159.131950831677, 130.792339711086, -15.8680510572712));
#511 = CARTESIAN_POINT ('', (-158.943762457787, 131.417554464915, -15.9227502605003));
#512 = CARTESIAN_POINT ('', (-158.638029047946, 131.994805409393, -15.9732531741518));
#513 = CARTESIAN_POINT ('', (-158.277728577655, 132.538230262249, -16.0207966882548));
#514 = CARTESIAN_POINT ('', (-157.866781653424, 133.04289748171, -16.0649493488108));
#515 = CARTESIAN_POINT ('', (-157.36582998198, 133.4590463609, -16.1013576580789));
#516 = CARTESIAN_POINT ('', (-156.890704712842, 133.780678609701, -16.1294968336733));
#517 = CARTESIAN_POINT ('', (-156.460322268728, 134.027376851317, -16.1510801331264));
#518 = CARTESIAN_POINT ('', (-155.997997624911, 134.207803556383, -16.166865424417));
#519 = CARTESIAN_POINT ('', (-155.523389110516, 134.353297546875, -16.1795944991962));
#520 = CARTESIAN_POINT ('', (-155.039214126396, 134.463023512104, -16.1891942772482));
#521 = CARTESIAN_POINT ('', (-154.544056335983, 134.499999999998, -16.1924293007559));
#522 = CARTESIAN_POINT ('', (-154.295766555016, 134.499999999998, -16.1924293007559));
#523 = B_SPLINE_CURVE_WITH_KNOTS ('', 3, (#506, #507, #508, #509, #510, #511, #512, #513, #514, #515, #516, #517, #518, #519, #520, #521, #522), .UNSPECIFIED., .F., .U., (4, 1, 2, 1, 2, 1, 2, 1, 2, 1, 4), (0., 0.0358289971803904, 0.0716579943607808, 0.107414401357314, 0.143170808353846, 0.178774398349426, 0.214377988345005, 0.241481289824759, 0.268584591304512, 0.295688567880393, 0.322792544456275), .UNSPECIFIED.);
#524 = EDGE_CURVE ('', #499, #454, #523, .T.);
#525 = ORIENTED_EDGE ('', *, *, #524, .T.);
#526 = EDGE_LOOP ('', (#475, #497, #505, #525));
#527 = FACE_OUTER_BOUND ('', #526, .T.);
#528 = CARTESIAN_POINT ('', (-159.197288383133, 128.515463965908, -16.1160785946029));
#529 = CARTESIAN_POINT ('', (-159.187714884173, 128.539112419656, -15.3010314617168));
#530 = CARTESIAN_POINT ('', (-159.17848694727, 128.562795583202, -14.484788050977));
#531 = CARTESIAN_POINT ('', (-159.169606004565, 128.586511009434, -13.6674327024102));
#532 = CARTESIAN_POINT ('', (-159.251682280701, 128.78646348186, -16.1151227368716));
#533 = CARTESIAN_POINT ('', (-159.240653771758, 128.809635353833, -15.3001250577466));
#534 = CARTESIAN_POINT ('', (-159.229979569399, 128.832830301724, -14.4839289569901));
#535 = CARTESIAN_POINT ('', (-159.219661312661, 128.856046066486, -13.6666188300414));
#536 = CARTESIAN_POINT ('', (-159.315502064565, 129.337487567974, -16.114001280862));
#537 = CARTESIAN_POINT ('', (-159.301765489565, 129.359440003614, -15.2990792055956));
#538 = CARTESIAN_POINT ('', (-159.288402001364, 129.381395697242, -14.4829547231135));
#539 = CARTESIAN_POINT ('', (-159.275413570282, 129.403352767179, -13.6657123397871));
#540 = CARTESIAN_POINT ('', (-159.273454639592, 130.168498011742, -16.1147403540191));
#541 = CARTESIAN_POINT ('', (-159.256388515244, 130.187994330086, -15.2998582889344));
#542 = CARTESIAN_POINT ('', (-159.239724880336, 130.207474044691, -14.4837689611952));
#543 = CARTESIAN_POINT ('', (-159.223465998075, 130.226935792983, -13.6665570296883));
#544 = CARTESIAN_POINT ('', (-159.094818423993, 130.981164041494, -16.1178797907606));
#545 = CARTESIAN_POINT ('', (-159.075240278332, 130.997769053281, -15.3029633723005));
#546 = CARTESIAN_POINT ('', (-159.056092979253, 131.014346401422, -14.4868361090917));
#547 = CARTESIAN_POINT ('', (-159.037378927527, 131.030895163056, -13.6695827868167));
#548 = CARTESIAN_POINT ('', (-158.784495418274, 131.753185193573, -16.1233334362519));
#549 = CARTESIAN_POINT ('', (-158.763265034443, 131.766664406517, -15.3083097144293));
#550 = CARTESIAN_POINT ('', (-158.742491011427, 131.780112211873, -14.4920729199149));
#551 = CARTESIAN_POINT ('', (-158.722175780308, 131.793528031715, -13.6747079305914));
#552 = CARTESIAN_POINT ('', (-158.351001248385, 132.463376351873, -16.1309516330027));
#553 = CARTESIAN_POINT ('', (-158.328977407323, 132.473696333974, -15.3157514181927));
#554 = CARTESIAN_POINT ('', (-158.307431344727, 132.483986713445, -14.4993372664761));
#555 = CARTESIAN_POINT ('', (-158.286365457997, 132.494247161609, -13.6817941078345));
#556 = CARTESIAN_POINT ('', (-157.806231491878, 133.092249091119, -16.1405253284533));
#557 = CARTESIAN_POINT ('', (-157.784230013736, 133.099569153209, -15.3250854124571));
#558 = CARTESIAN_POINT ('', (-157.762722953617, 133.106865069659, -14.5084319989124));
#559 = CARTESIAN_POINT ('', (-157.74171264654, 133.114136675431, -13.6906500278267));
#560 = CARTESIAN_POINT ('', (-157.16513524765, 133.622546456424, -16.1517918110358));
#561 = CARTESIAN_POINT ('', (-157.143889988878, 133.627202136399, -15.3360569929289));
#562 = CARTESIAN_POINT ('', (-157.123150892627, 133.63184090349, -14.5191102947764));
#563 = CARTESIAN_POINT ('', (-157.102920228381, 133.636462687863, -13.7010366260371));
#564 = CARTESIAN_POINT ('', (-156.445304912635, 134.039716510653, -16.1644419191425));
#565 = CARTESIAN_POINT ('', (-156.425433245734, 134.042195645617, -15.348366772143));
#566 = CARTESIAN_POINT ('', (-156.406074995643, 134.044665161518, -14.5310823572682));
#567 = CARTESIAN_POINT ('', (-156.387232378264, 134.047125035466, -13.7126735175788));
#568 = CARTESIAN_POINT ('', (-155.666493431303, 134.332311656901, -16.1781285250689));
#569 = CARTESIAN_POINT ('', (-155.648467547113, 134.333224102961, -15.3616788490549));
#570 = CARTESIAN_POINT ('', (-155.630958696406, 134.334132855749, -14.5440232800404));
#571 = CARTESIAN_POINT ('', (-155.613969058835, 134.335037910487, -13.7252465663231));
#572 = CARTESIAN_POINT ('', (-154.940784082171, 134.474536860488, -16.1908819178382));
#573 = CARTESIAN_POINT ('', (-154.924670235204, 134.474675831398, -15.3740798767729));
#574 = CARTESIAN_POINT ('', (-154.909074469661, 134.474814232925, -14.5560753816207));
#575 = CARTESIAN_POINT ('', (-154.8939989461, 134.474952064509, -13.736953079786));
#576 = CARTESIAN_POINT ('', (-154.480174821806, 134.499983701478, -16.1989765208807));
#577 = CARTESIAN_POINT ('', (-154.465313555826, 134.499983790352, -15.3819501481365));
#578 = CARTESIAN_POINT ('', (-154.450970557986, 134.499983878845, -14.5637235638363));
#579 = CARTESIAN_POINT ('', (-154.437147980005, 134.499983966949, -13.7443813487537));
#580 = CARTESIAN_POINT ('', (-154.295932574703, 134.499999999996, -16.2022143364177));
#581 = CARTESIAN_POINT ('', (-154.281572326262, 134.499999999996, -15.3850982319188));
#582 = CARTESIAN_POINT ('', (-154.267730420907, 134.499999999997, -14.5667828128523));
#583 = CARTESIAN_POINT ('', (-154.254409006849, 134.499999999997, -13.7473526333395));
#584 = B_SPLINE_SURFACE_WITH_KNOTS ('', 3, 3, ((#528, #529, #530, #531), (#532, #533, #534, #535), (#536, #537, #538, #539), (#540, #541, #542, #543), (#544, #545, #546, #547), (#548, #549, #550, #551), (#552, #553, #554, #555), (#556, #557, #558, #559), (#560, #561, #562, #563), (#564, #565, #566, #567), (#568, #569, #570, #571), (#572, #573, #574, #575), (#576, #577, #578, #579), (#580, #581, #582, #583)), .UNSPECIFIED., .F., .F., .U., (4, 1, 1, 1, 1, 1, 1, 1, 1, 1, 1, 4), (4, 4), (0., 0.09375, 0.1875, 0.28125, 0.375, 0.46875, 0.5625, 0.65625, 0.75, 0.84375, 0.9375, 1.), (1.37182677912136, 1.3863567572407), .UNSPECIFIED.);
#585 = ADVANCED_FACE ('', (#527), #584, .T.);
#586 = CARTESIAN_POINT ('', (-159., 126.759533577497, -13.5075865632957));
#587 = VERTEX_POINT ('', #586);
#588 = CARTESIAN_POINT ('', (-158.999999999999, 126.759533577496, -13.5075865632956));
#589 = CARTESIAN_POINT ('', (-158.999999999999, 127.680835399648, -13.5881900284196));
#590 = CARTESIAN_POINT ('', (-159.169608144987, 128.586511192497, -13.6674263931236));
#591 = (
   BOUNDED_CURVE ()
   B_SPLINE_CURVE (2, (#588, #589, #590), .UNSPECIFIED., .F., .U.)
   B_SPLINE_CURVE_WITH_KNOTS ((3, 3), (0., 0.184439569554176), .UNSPECIFIED.)
   CURVE ()
   GEOMETRIC_REPRESENTATION_ITEM ()
   RATIONAL_B_SPLINE_CURVE ((1., 0.99575076839045, 1.))
   REPRESENTATION_ITEM ('')
);
#592 = EDGE_CURVE ('', #587, #477, #591, .T.);
#593 = ORIENTED_EDGE ('', *, *, #592, .F.);
#594 = CARTESIAN_POINT ('', (-159., 126.585222092002, -15.4999759594792));
#595 = VERTEX_POINT ('', #594);
#596 = CARTESIAN_POINT ('', (-158.999999999999, 126.585222092001, -15.4999759594791));
#597 = CARTESIAN_POINT ('', (-158.999999999999, 126.759533577496, -13.5075865632956));
#598 = B_SPLINE_CURVE_WITH_KNOTS ('', 1, (#596, #597), .UNSPECIFIED., .F., .U., (2, 2), (0., 1.), .UNSPECIFIED.);
#599 = EDGE_CURVE ('', #595, #587, #598, .T.);
#600 = ORIENTED_EDGE ('', *, *, #599, .F.);
#601 = CARTESIAN_POINT ('', (-158.999999999999, 126.585222092001, -15.4999759594791));
#602 = CARTESIAN_POINT ('', (-158.999999999999, 127.56623680843, -15.5858036259187));
#603 = CARTESIAN_POINT ('', (-159.19208846254, 128.528407363999, -15.6699826419092));
#604 = (
   BOUNDED_CURVE ()
   B_SPLINE_CURVE (2, (#601, #602, #603), .UNSPECIFIED., .F., .U.)
   B_SPLINE_CURVE_WITH_KNOTS ((3, 3), (0., 0.196319432809487), .UNSPECIFIED.)
   CURVE ()
   GEOMETRIC_REPRESENTATION_ITEM ()
   RATIONAL_B_SPLINE_CURVE ((1., 0.995186202111577, 1.))
   REPRESENTATION_ITEM ('')
);
#605 = EDGE_CURVE ('', #595, #499, #604, .T.);
#606 = ORIENTED_EDGE ('', *, *, #605, .T.);
#607 = ORIENTED_EDGE ('', *, *, #504, .F.);
#608 = EDGE_LOOP ('', (#593, #600, #606, #607));
#609 = FACE_OUTER_BOUND ('', #608, .T.);
#610 = CARTESIAN_POINT ('', (-158.999999999999, 126.585222092001, -15.4999759594791));
#611 = CARTESIAN_POINT ('', (-158.999999999999, 126.759533577496, -13.5075865632956));
#612 = CARTESIAN_POINT ('', (-158.999999999999, 127.566236808431, -15.5858036259187));
#613 = CARTESIAN_POINT ('', (-158.999999999999, 127.740548293926, -13.5934142297352));
#614 = CARTESIAN_POINT ('', (-159.19208846254, 128.528407363999, -15.6699826419093));
#615 = CARTESIAN_POINT ('', (-159.19208846254, 128.702718849494, -13.6775932457258));
#616 = (
   BOUNDED_SURFACE ()
   B_SPLINE_SURFACE (2, 1, ((#610, #611), (#612, #613), (#614, #615)), .UNSPECIFIED., .F., .F., .U.)
   B_SPLINE_SURFACE_WITH_KNOTS ((3, 3), (2, 2), (0., 0.0759205986112509), (0., 0.0722414798262113), .UNSPECIFIED.)
   GEOMETRIC_REPRESENTATION_ITEM ()
   RATIONAL_B_SPLINE_SURFACE (((1., 1.), (0.960808451297237, 0.960808451297237), (0.932105212948285, 0.932105212948285)))
   REPRESENTATION_ITEM ('')
   SURFACE ()
);
#617 = ADVANCED_FACE ('', (#609), #616, .T.);
#618 = CARTESIAN_POINT ('', (-170.666666666664, 116.762609902982, -14.6406087467296));
#619 = VERTEX_POINT ('', #618);
#620 = CARTESIAN_POINT ('', (-170.666666666663, 116.762609902981, -14.6406087467295));
#621 = CARTESIAN_POINT ('', (-166.090055512639, 115.991965162881, -14.5731860683649));
#622 = CARTESIAN_POINT ('', (-162.545027756319, 118.976659407137, -14.834312978828));
#623 = CARTESIAN_POINT ('', (-158.999999999999, 121.961353651392, -15.0954398892911));
#624 = CARTESIAN_POINT ('', (-158.999999999999, 126.585222092001, -15.4999759594791));
#625 = (
   BOUNDED_CURVE ()
   B_SPLINE_CURVE (2, (#620, #621, #622, #623, #624), .UNSPECIFIED., .F., .U.)
   B_SPLINE_CURVE_WITH_KNOTS ((3, 2, 3), (0., 0.869122203007168, 1.73824440601434), .UNSPECIFIED.)
   CURVE ()
   GEOMETRIC_REPRESENTATION_ITEM ()
   RATIONAL_B_SPLINE_CURVE ((1., 0.907054911338892, 1., 0.907054911338883, 1.))
   REPRESENTATION_ITEM ('')
);
#626 = EDGE_CURVE ('', #619, #595, #625, .T.);
#627 = ORIENTED_EDGE ('', *, *, #626, .T.);
#628 = ORIENTED_EDGE ('', *, *, #599, .T.);
#629 = CARTESIAN_POINT ('', (-170.666666666664, 116.936921388477, -12.6482193505461));
#630 = VERTEX_POINT ('', #629);
#631 = CARTESIAN_POINT ('', (-170.666666666663, 116.936921388476, -12.648219350546));
#632 = CARTESIAN_POINT ('', (-166.090055512639, 116.166276648376, -12.5807966721814));
#633 = CARTESIAN_POINT ('', (-162.545027756319, 119.150970892632, -12.8419235826445));
#634 = CARTESIAN_POINT ('', (-158.999999999999, 122.135665136887, -13.1030504931076));
#635 = CARTESIAN_POINT ('', (-158.999999999999, 126.759533577496, -13.5075865632956));
#636 = (
   BOUNDED_CURVE ()
   B_SPLINE_CURVE (2, (#631, #632, #633, #634, #635), .UNSPECIFIED., .F., .U.)
   B_SPLINE_CURVE_WITH_KNOTS ((3, 2, 3), (0., 0.869122203007168, 1.73824440601434), .UNSPECIFIED.)
   CURVE ()
   GEOMETRIC_REPRESENTATION_ITEM ()
   RATIONAL_B_SPLINE_CURVE ((1., 0.907054911338887, 1., 0.907054911338899, 1.))
   REPRESENTATION_ITEM ('')
);
#637 = EDGE_CURVE ('', #630, #587, #636, .T.);
#638 = ORIENTED_EDGE ('', *, *, #637, .F.);
#639 = CARTESIAN_POINT ('', (-170.666666666663, 116.762609902981, -14.6406087467295));
#640 = CARTESIAN_POINT ('', (-170.666666666663, 116.936921388476, -12.648219350546));
#641 = B_SPLINE_CURVE_WITH_KNOTS ('', 1, (#639, #640), .UNSPECIFIED., .F., .U., (2, 2), (5.55111512312578E-17, 0.0727640277742819), .UNSPECIFIED.);
#642 = EDGE_CURVE ('', #619, #630, #641, .T.);
#643 = ORIENTED_EDGE ('', *, *, #642, .F.);
#644 = EDGE_LOOP ('', (#627, #628, #638, #643));
#645 = FACE_OUTER_BOUND ('', #644, .T.);
#646 = CARTESIAN_POINT ('', (-170.666666666663, 116.762609902981, -14.6406087467294));
#647 = CARTESIAN_POINT ('', (-170.666666666663, 116.936921388476, -12.6482193505459));
#648 = CARTESIAN_POINT ('', (-169.839202169001, 116.623275111084, -14.6284185320036));
#649 = CARTESIAN_POINT ('', (-169.839202169001, 116.797586596579, -12.6360291358201));
#650 = CARTESIAN_POINT ('', (-168.999999999999, 116.623275111084, -14.6284185320036));
#651 = CARTESIAN_POINT ('', (-168.999999999999, 116.797586596579, -12.6360291358201));
#652 = CARTESIAN_POINT ('', (-158.999999999999, 116.623275111084, -14.6284185320036));
#653 = CARTESIAN_POINT ('', (-158.999999999999, 116.797586596579, -12.6360291358201));
#654 = CARTESIAN_POINT ('', (-158.999999999999, 126.585222092001, -15.4999759594791));
#655 = CARTESIAN_POINT ('', (-158.999999999999, 126.759533577496, -13.5075865632956));
#656 = (
   BOUNDED_SURFACE ()
   B_SPLINE_SURFACE (2, 1, ((#646, #647), (#648, #649), (#650, #651), (#652, #653), (#654, #655)), .UNSPECIFIED., .F., .F., .U.)
   B_SPLINE_SURFACE_WITH_KNOTS ((3, 2, 3), (2, 2), (1.63707417883653, 1.70214976729861, 2.26953302306482), (0., 0.0722414798262113), .UNSPECIFIED.)
   GEOMETRIC_REPRESENTATION_ITEM ()
   RATIONAL_B_SPLINE_SURFACE (((0.940519557087202, 0.940519557087202), (0.966406836336577, 0.966406836336577), (1., 1.), (0.707106781186547, 0.707106781186547), (1., 1.)))
   REPRESENTATION_ITEM ('')
   SURFACE ()
);
#657 = ADVANCED_FACE ('', (#645), #656, .T.);
#658 = ORIENTED_EDGE ('', *, *, #642, .T.);
#659 = CARTESIAN_POINT ('', (-176.499999999996, 112.025615293967, -12.2185357441713));
#660 = VERTEX_POINT ('', #659);
#661 = CARTESIAN_POINT ('', (-170.666666666663, 116.936921388476, -12.648219350546));
#662 = CARTESIAN_POINT ('', (-172.954972243675, 117.322243758526, -12.6819306897283));
#663 = CARTESIAN_POINT ('', (-174.727486121835, 115.829896636399, -12.5513672344967));
#664 = CARTESIAN_POINT ('', (-176.499999999995, 114.337549514271, -12.4208037792652));
#665 = CARTESIAN_POINT ('', (-176.499999999995, 112.025615293966, -12.2185357441712));
#666 = (
   BOUNDED_CURVE ()
   B_SPLINE_CURVE (2, (#661, #662, #663, #664, #665), .UNSPECIFIED., .F., .U.)
   B_SPLINE_CURVE_WITH_KNOTS ((3, 2, 3), (0., 0.869122203007134, 1.73824440601427), .UNSPECIFIED.)
   CURVE ()
   GEOMETRIC_REPRESENTATION_ITEM ()
   RATIONAL_B_SPLINE_CURVE ((1., 0.907054911338907, 1., 0.907054911338907, 1.))
   REPRESENTATION_ITEM ('')
);
#667 = EDGE_CURVE ('', #630, #660, #666, .T.);
#668 = ORIENTED_EDGE ('', *, *, #667, .T.);
#669 = CARTESIAN_POINT ('', (-176.499999999997, 111.851303808472, -14.2109251403574));
#670 = VERTEX_POINT ('', #669);
#671 = CARTESIAN_POINT ('', (-176.499999999995, 112.025615293967, -12.2185357441712));
#672 = CARTESIAN_POINT ('', (-176.499999999995, 111.851303808471, -14.2109251403572));
#673 = B_SPLINE_CURVE_WITH_KNOTS ('', 1, (#671, #672), .UNSPECIFIED., .F., .U., (2, 2), (-0.0727640277742817, 9.28146448586631E-14), .UNSPECIFIED.);
#674 = EDGE_CURVE ('', #660, #670, #673, .T.);
#675 = ORIENTED_EDGE ('', *, *, #674, .T.);
#676 = CARTESIAN_POINT ('', (-176.499999999995, 111.851303808471, -14.2109251403572));
#677 = CARTESIAN_POINT ('', (-176.499999999995, 114.163238028775, -14.4131931754512));
#678 = CARTESIAN_POINT ('', (-174.727486121835, 115.655585150903, -14.5437566306828));
#679 = CARTESIAN_POINT ('', (-172.954972243675, 117.147932273031, -14.6743200859143));
#680 = CARTESIAN_POINT ('', (-170.666666666663, 116.762609902981, -14.640608746732));
#681 = (
   BOUNDED_CURVE ()
   B_SPLINE_CURVE (2, (#676, #677, #678, #679, #680), .UNSPECIFIED., .F., .U.)
   B_SPLINE_CURVE_WITH_KNOTS ((3, 2, 3), (0., 0.869122203007141, 1.73824440601428), .UNSPECIFIED.)
   CURVE ()
   GEOMETRIC_REPRESENTATION_ITEM ()
   RATIONAL_B_SPLINE_CURVE ((1., 0.907054911338862, 1., 0.907054911338901, 1.))
   REPRESENTATION_ITEM ('')
);
#682 = EDGE_CURVE ('', #670, #619, #681, .T.);
#683 = ORIENTED_EDGE ('', *, *, #682, .T.);
#684 = EDGE_LOOP ('', (#658, #668, #675, #683));
#685 = FACE_OUTER_BOUND ('', #684, .T.);
#686 = CARTESIAN_POINT ('', (-176.499999999995, 112.025615293966, -12.2185357441712));
#687 = CARTESIAN_POINT ('', (-176.499999999995, 114.337549514271, -12.4208037792652));
#688 = CARTESIAN_POINT ('', (-174.727486121835, 115.829896636399, -12.5513672344967));
#689 = CARTESIAN_POINT ('', (-172.954972243675, 117.322243758526, -12.6819306897283));
#690 = CARTESIAN_POINT ('', (-170.666666666663, 116.936921388476, -12.648219350546));
#691 = CARTESIAN_POINT ('', (-176.499999999995, 111.851303808471, -14.2109251403573));
#692 = CARTESIAN_POINT ('', (-176.499999999995, 114.163238028776, -14.4131931754513));
#693 = CARTESIAN_POINT ('', (-174.727486121835, 115.655585150903, -14.5437566306828));
#694 = CARTESIAN_POINT ('', (-172.954972243675, 117.147932273031, -14.6743200859143));
#695 = CARTESIAN_POINT ('', (-170.666666666663, 116.762609902981, -14.640608746732));
#696 = (
   BOUNDED_SURFACE ()
   B_SPLINE_SURFACE (1, 2, ((#686, #687, #688, #689, #690), (#691, #692, #693, #694, #695)), .UNSPECIFIED., .F., .F., .U.)
   B_SPLINE_SURFACE_WITH_KNOTS ((2, 2), (3, 2, 3), (0., 0.0722414798263033), (0.411193577069939, 0.567383255766201, 0.723572934462457), .UNSPECIFIED.)
   GEOMETRIC_REPRESENTATION_ITEM ()
   RATIONAL_B_SPLINE_SURFACE (((0.855050931302626, 0.838744279906498, 1., 0.838744279906504, 0.855050931302625), (0.855050931302626, 0.838744279906498, 1., 0.838744279906504, 0.855050931302625)))
   REPRESENTATION_ITEM ('')
   SURFACE ()
);
#697 = ADVANCED_FACE ('', (#685), #696, .T.);
#698 = CARTESIAN_POINT ('', (-176.499999999996, 126.999999999999, -13.5286246492232));
#699 = VERTEX_POINT ('', #698);
#700 = CARTESIAN_POINT ('', (-176.5, 126.999999999999, 3.50000000001424));
#701 = VERTEX_POINT ('', #700);
#702 = CARTESIAN_POINT ('', (-176.499999999995, 126.999999999998, -13.5286246492231));
#703 = CARTESIAN_POINT ('', (-176.499999999995, 126.999999999995, 3.50000000001422));
#704 = B_SPLINE_CURVE_WITH_KNOTS ('', 1, (#702, #703), .UNSPECIFIED., .F., .U., (2, 2), (-0.729874968112522, 0.818181818181823), .UNSPECIFIED.);
#705 = EDGE_CURVE ('', #699, #701, #704, .T.);
#706 = ORIENTED_EDGE ('', *, *, #705, .T.);
#707 = CARTESIAN_POINT ('', (-176.5, 114.999999999999, 3.50000000001268));
#708 = VERTEX_POINT ('', #707);
#709 = CARTESIAN_POINT ('', (-176.499999999995, 126.999999999995, 3.50000000001418));
#710 = CARTESIAN_POINT ('', (-176.499999999995, 114.999999999996, 3.50000000001261));
#711 = B_SPLINE_CURVE_WITH_KNOTS ('', 1, (#709, #710), .UNSPECIFIED., .F., .U., (2, 2), (0., 0.255319148936173), .UNSPECIFIED.);
#712 = EDGE_CURVE ('', #701, #708, #711, .T.);
#713 = ORIENTED_EDGE ('', *, *, #712, .T.);
#714 = CARTESIAN_POINT ('', (-176.499999999997, 114.999999999998, -10.9999999999874));
#715 = VERTEX_POINT ('', #714);
#716 = CARTESIAN_POINT ('', (-176.499999999995, 114.999999999998, -10.9999999999873));
#717 = CARTESIAN_POINT ('', (-176.499999999995, 114.999999999996, 3.50000000001267));
#718 = B_SPLINE_CURVE_WITH_KNOTS ('', 1, (#716, #717), .UNSPECIFIED., .F., .U., (2, 2), (-0.61111111111114, 1.00000000000001), .UNSPECIFIED.);
#719 = EDGE_CURVE ('', #715, #708, #718, .T.);
#720 = ORIENTED_EDGE ('', *, *, #719, .F.);
#721 = CARTESIAN_POINT ('', (-176.499999999996, 98.097688005137, -10.9999999999895));
#722 = VERTEX_POINT ('', #721);
#723 = CARTESIAN_POINT ('', (-176.499999999995, 114.999999999997, -10.9999999999873));
#724 = CARTESIAN_POINT ('', (-176.499999999995, 98.0976880051368, -10.9999999999895));
#725 = B_SPLINE_CURVE_WITH_KNOTS ('', 1, (#723, #724), .UNSPECIFIED., .F., .U., (2, 2), (-7.49580835343012, -6.8802799956238), .UNSPECIFIED.);
#726 = EDGE_CURVE ('', #715, #722, #725, .T.);
#727 = ORIENTED_EDGE ('', *, *, #726, .T.);
#728 = CARTESIAN_POINT ('', (-176.499999999995, 100.581071908059, -11.2172679386777));
#729 = VERTEX_POINT ('', #728);
#730 = CARTESIAN_POINT ('', (-176.499999999995, 98.097688005137, -10.9999999999895));
#731 = CARTESIAN_POINT ('', (-176.499999999995, 100.581071908059, -11.2172679386777));
#732 = B_SPLINE_CURVE_WITH_KNOTS ('', 1, (#730, #731), .UNSPECIFIED., .F., .U., (2, 2), (0.8482842781613, 1.2637626158257), .UNSPECIFIED.);
#733 = EDGE_CURVE ('', #722, #729, #732, .T.);
#734 = ORIENTED_EDGE ('', *, *, #733, .T.);
#735 = CARTESIAN_POINT ('', (-176.499999999995, 100.406760422564, -13.2096573348612));
#736 = VERTEX_POINT ('', #735);
#737 = CARTESIAN_POINT ('', (-176.499999999995, 100.406760422564, -13.2096573348612));
#738 = CARTESIAN_POINT ('', (-176.499999999995, 100.581071908059, -11.2172679386777));
#739 = B_SPLINE_CURVE_WITH_KNOTS ('', 1, (#737, #738), .UNSPECIFIED., .F., .U., (2, 2), (8.64054895651151E-16, 0.0722414798262114), .UNSPECIFIED.);
#740 = EDGE_CURVE ('', #736, #729, #739, .T.);
#741 = ORIENTED_EDGE ('', *, *, #740, .F.);
#742 = CARTESIAN_POINT ('', (-176.499999999995, 111.851303808471, -14.2109251403572));
#743 = CARTESIAN_POINT ('', (-176.499999999995, 100.406760422564, -13.2096573348612));
#744 = B_SPLINE_CURVE_WITH_KNOTS ('', 1, (#742, #743), .UNSPECIFIED., .F., .U., (2, 2), (-8.94042832859471, -8.52206250866962), .UNSPECIFIED.);
#745 = EDGE_CURVE ('', #670, #736, #744, .T.);
#746 = ORIENTED_EDGE ('', *, *, #745, .F.);
#747 = ORIENTED_EDGE ('', *, *, #674, .F.);
#748 = CARTESIAN_POINT ('', (-176.499999999995, 112.025615293966, -12.2185357441712));
#749 = CARTESIAN_POINT ('', (-176.499999999995, 126.999999999998, -13.5286246492231));
#750 = B_SPLINE_CURVE_WITH_KNOTS ('', 1, (#748, #749), .UNSPECIFIED., .F., .U., (2, 2), (-0.467729655123845, 0.999999999999991), .UNSPECIFIED.);
#751 = EDGE_CURVE ('', #660, #699, #750, .T.);
#752 = ORIENTED_EDGE ('', *, *, #751, .T.);
#753 = EDGE_LOOP ('', (#706, #713, #720, #727, #734, #741, #746, #747, #752));
#754 = FACE_OUTER_BOUND ('', #753, .T.);
#755 = CARTESIAN_POINT ('', (-176.499999999995, 98.0976880051369, -14.2109251403588));
#756 = CARTESIAN_POINT ('', (-176.499999999995, 98.0976880051351, 3.50000000001014));
#757 = CARTESIAN_POINT ('', (-176.499999999995, 126.999999999999, -14.2109251403559));
#758 = CARTESIAN_POINT ('', (-176.499999999995, 126.999999999997, 3.50000000001309));
#759 = B_SPLINE_SURFACE_WITH_KNOTS ('', 1, 1, ((#755, #756), (#757, #758)), .UNSPECIFIED., .F., .F., .U., (2, 2), (2, 2), (17.1258661032048, 18.4431174639713), (-0.397009000411864, 0.410183872107489), .UNSPECIFIED.);
#760 = ADVANCED_FACE ('', (#754), #759, .T.);
#761 = CARTESIAN_POINT ('', (-175.299999999994, 98.7550168636916, -11.0575088233214));
#762 = VERTEX_POINT ('', #761);
#763 = CARTESIAN_POINT ('', (-176.499999999995, 100.581071908059, -11.2172679386777));
#764 = CARTESIAN_POINT ('', (-176.499999999995, 99.2767468763678, -11.1031542848517));
#765 = CARTESIAN_POINT ('', (-175.299999999994, 98.7550168636915, -11.0575088233214));
#766 = (
   BOUNDED_CURVE ()
   B_SPLINE_CURVE (2, (#763, #764, #765), .UNSPECIFIED., .F., .U.)
   B_SPLINE_CURVE_WITH_KNOTS ((3, 3), (-0.579639740363852, 0.579639740363863), .UNSPECIFIED.)
   CURVE ()
   GEOMETRIC_REPRESENTATION_ITEM ()
   RATIONAL_B_SPLINE_CURVE ((1., 0.836660026534009, 1.))
   REPRESENTATION_ITEM ('')
);
#767 = EDGE_CURVE ('', #729, #762, #766, .T.);
#768 = ORIENTED_EDGE ('', *, *, #767, .T.);
#769 = CARTESIAN_POINT ('', (-175.299999999994, 98.5807053781965, -13.0498982195049));
#770 = VERTEX_POINT ('', #769);
#771 = CARTESIAN_POINT ('', (-175.299999999994, 98.7550168636915, -11.0575088233214));
#772 = CARTESIAN_POINT ('', (-175.299999999994, 98.5807053781964, -13.0498982195049));
#773 = B_SPLINE_CURVE_WITH_KNOTS ('', 1, (#771, #772), .UNSPECIFIED., .F., .U., (2, 2), (-0.0722414798262117, -7.46273007647051E-17), .UNSPECIFIED.);
#774 = EDGE_CURVE ('', #762, #770, #773, .T.);
#775 = ORIENTED_EDGE ('', *, *, #774, .T.);
#776 = CARTESIAN_POINT ('', (-175.299999999994, 98.5807053781964, -13.0498982195049));
#777 = CARTESIAN_POINT ('', (-176.499999999995, 99.1024353908727, -13.0955436810352));
#778 = CARTESIAN_POINT ('', (-176.499999999995, 100.406760422564, -13.2096573348612));
#779 = (
   BOUNDED_CURVE ()
   B_SPLINE_CURVE (2, (#776, #777, #778), .UNSPECIFIED., .F., .U.)
   B_SPLINE_CURVE_WITH_KNOTS ((3, 3), (-0.579639740363863, 0.579639740363858), .UNSPECIFIED.)
   CURVE ()
   GEOMETRIC_REPRESENTATION_ITEM ()
   RATIONAL_B_SPLINE_CURVE ((1., 0.836660026534009, 1.))
   REPRESENTATION_ITEM ('')
);
#780 = EDGE_CURVE ('', #770, #736, #779, .T.);
#781 = ORIENTED_EDGE ('', *, *, #780, .T.);
#782 = ORIENTED_EDGE ('', *, *, #740, .T.);
#783 = EDGE_LOOP ('', (#768, #775, #781, #782));
#784 = FACE_OUTER_BOUND ('', #783, .T.);
#785 = CARTESIAN_POINT ('', (-176.499999999995, 100.406760422564, -13.2096573348612));
#786 = CARTESIAN_POINT ('', (-176.499999999995, 99.8125967777642, -13.157674751662));
#787 = CARTESIAN_POINT ('', (-176.173320053063, 99.3154838069403, -13.1141830022233));
#788 = CARTESIAN_POINT ('', (-175.846640106131, 98.8183708361163, -13.0706912527846));
#789 = CARTESIAN_POINT ('', (-175.299999999994, 98.5807053781964, -13.0498982195049));
#790 = CARTESIAN_POINT ('', (-176.499999999995, 100.581071908059, -11.2172679386777));
#791 = CARTESIAN_POINT ('', (-176.499999999995, 99.9869082632593, -11.1652853554785));
#792 = CARTESIAN_POINT ('', (-176.173320053063, 99.4897952924353, -11.1217936060398));
#793 = CARTESIAN_POINT ('', (-175.846640106131, 98.9926823216114, -11.078301856601));
#794 = CARTESIAN_POINT ('', (-175.299999999994, 98.7550168636915, -11.0575088233214));
#795 = (
   BOUNDED_SURFACE ()
   B_SPLINE_SURFACE (1, 2, ((#785, #786, #787, #788, #789), (#790, #791, #792, #793, #794)), .UNSPECIFIED., .F., .F., .U.)
   B_SPLINE_SURFACE_WITH_KNOTS ((2, 2), (3, 2, 3), (-4.09834231038155E-15, 0.999999999999997), (0.184357139543857, 0.226953302306482, 0.269549465069108), .UNSPECIFIED.)
   GEOMETRIC_REPRESENTATION_ITEM ()
   RATIONAL_B_SPLINE_SURFACE (((0.862651642491526, 0.890055556858131, 1., 0.890055556858132, 0.862651642491526), (0.862651642491526, 0.890055556858131, 1., 0.890055556858132, 0.862651642491526)))
   REPRESENTATION_ITEM ('')
   SURFACE ()
);
#796 = ADVANCED_FACE ('', (#784), #795, .T.);
#797 = CARTESIAN_POINT ('', (-175.299999999995, 93.1025402450865, -12.5706208734354));
#798 = VERTEX_POINT ('', #797);
#799 = CARTESIAN_POINT ('', (-175.299999999995, 93.2768517305816, -10.5782314772519));
#800 = VERTEX_POINT ('', #799);
#801 = CARTESIAN_POINT ('', (-175.299999999995, 93.1025402450864, -12.5706208734354));
#802 = CARTESIAN_POINT ('', (-175.299999999995, 93.2768517305815, -10.5782314772519));
#803 = B_SPLINE_CURVE_WITH_KNOTS ('', 1, (#801, #802), .UNSPECIFIED., .F., .U., (2, 2), (1.47888403223281E-16, 0.0722414798262118), .UNSPECIFIED.);
#804 = EDGE_CURVE ('', #798, #800, #803, .T.);
#805 = ORIENTED_EDGE ('', *, *, #804, .F.);
#806 = CARTESIAN_POINT ('', (-175.299999999995, 93.1025402450865, -12.5706208734354));
#807 = CARTESIAN_POINT ('', (-173.499999999992, 93.8851352641018, -12.639089065731));
#808 = CARTESIAN_POINT ('', (-173.499999999992, 95.8416228116414, -12.8102595464702));
#809 = CARTESIAN_POINT ('', (-173.499999999992, 97.7981103591811, -12.9814300272093));
#810 = CARTESIAN_POINT ('', (-175.299999999994, 98.5807053781965, -13.0498982195049));
#811 = (
   BOUNDED_CURVE ()
   B_SPLINE_CURVE (2, (#806, #807, #808, #809, #810), .UNSPECIFIED., .F., .U.)
   B_SPLINE_CURVE_WITH_KNOTS ((3, 2, 3), (3.55310949965698, 4.71238898038467, 5.87166846111235), .UNSPECIFIED.)
   CURVE ()
   GEOMETRIC_REPRESENTATION_ITEM ()
   RATIONAL_B_SPLINE_CURVE ((1., 0.836660026533969, 1., 0.836660026534049, 1.))
   REPRESENTATION_ITEM ('')
);
#812 = EDGE_CURVE ('', #798, #770, #811, .T.);
#813 = ORIENTED_EDGE ('', *, *, #812, .T.);
#814 = ORIENTED_EDGE ('', *, *, #774, .F.);
#815 = CARTESIAN_POINT ('', (-175.299999999995, 93.2768517305816, -10.5782314772519));
#816 = CARTESIAN_POINT ('', (-173.499999999992, 94.0594467495969, -10.6466996695475));
#817 = CARTESIAN_POINT ('', (-173.499999999992, 96.0159342971365, -10.8178701502867));
#818 = CARTESIAN_POINT ('', (-173.499999999992, 97.9724218446761, -10.9890406310258));
#819 = CARTESIAN_POINT ('', (-175.299999999994, 98.7550168636916, -11.0575088233214));
#820 = (
   BOUNDED_CURVE ()
   B_SPLINE_CURVE (2, (#815, #816, #817, #818, #819), .UNSPECIFIED., .F., .U.)
   B_SPLINE_CURVE_WITH_KNOTS ((3, 2, 3), (3.55310949965698, 4.71238898038467, 5.87166846111235), .UNSPECIFIED.)
   CURVE ()
   GEOMETRIC_REPRESENTATION_ITEM ()
   RATIONAL_B_SPLINE_CURVE ((1., 0.836660026533969, 1., 0.836660026534049, 1.))
   REPRESENTATION_ITEM ('')
);
#821 = EDGE_CURVE ('', #800, #762, #820, .T.);
#822 = ORIENTED_EDGE ('', *, *, #821, .F.);
#823 = EDGE_LOOP ('', (#805, #813, #814, #822));
#824 = FACE_OUTER_BOUND ('', #823, .T.);
#825 = CARTESIAN_POINT ('', (-175.299999999995, 93.1025402450864, -12.5706208734354));
#826 = CARTESIAN_POINT ('', (-175.299999999995, 93.2768517305815, -10.5782314772519));
#827 = CARTESIAN_POINT ('', (-173.499999999992, 93.8851352641017, -12.639089065731));
#828 = CARTESIAN_POINT ('', (-173.499999999992, 94.0594467495968, -10.6466996695475));
#829 = CARTESIAN_POINT ('', (-173.499999999992, 95.8416228116414, -12.8102595464702));
#830 = CARTESIAN_POINT ('', (-173.499999999992, 96.0159342971365, -10.8178701502867));
#831 = CARTESIAN_POINT ('', (-173.499999999992, 97.7981103591811, -12.9814300272093));
#832 = CARTESIAN_POINT ('', (-173.499999999992, 97.9724218446762, -10.9890406310258));
#833 = CARTESIAN_POINT ('', (-175.299999999995, 98.5807053781964, -13.0498982195049));
#834 = CARTESIAN_POINT ('', (-175.299999999995, 98.7550168636915, -11.0575088233214));
#835 = (
   BOUNDED_SURFACE ()
   B_SPLINE_SURFACE (2, 1, ((#825, #826), (#827, #828), (#829, #830), (#831, #832), (#833, #834)), .UNSPECIFIED., .F., .F., .U.)
   B_SPLINE_SURFACE_WITH_KNOTS ((3, 2, 3), (2, 2), (0.0462434470106873, 0.170214976730058, 0.294186506449429), (0., 0.0722414798262116), .UNSPECIFIED.)
   GEOMETRIC_REPRESENTATION_ITEM ()
   RATIONAL_B_SPLINE_SURFACE (((0.884091327405427, 0.884091327405427), (0.786679050937343, 0.786679050937343), (1., 1.), (0.786679050937341, 0.786679050937341), (0.884091327405429, 0.884091327405429)))
   REPRESENTATION_ITEM ('')
   SURFACE ()
);
#836 = ADVANCED_FACE ('', (#824), #835, .T.);
#837 = CARTESIAN_POINT ('', (-176.499999999995, 91.4507966862136, -10.4184723618956));
#838 = VERTEX_POINT ('', #837);
#839 = CARTESIAN_POINT ('', (-175.299999999995, 93.2768517305815, -10.5782314772519));
#840 = CARTESIAN_POINT ('', (-176.499999999995, 92.7551217179052, -10.5325860157216));
#841 = CARTESIAN_POINT ('', (-176.499999999995, 91.4507966862136, -10.4184723618956));
#842 = (
   BOUNDED_CURVE ()
   B_SPLINE_CURVE (2, (#839, #840, #841), .UNSPECIFIED., .F., .U.)
   B_SPLINE_CURVE_WITH_KNOTS ((3, 3), (-0.579639740363841, 0.579639740363852), .UNSPECIFIED.)
   CURVE ()
   GEOMETRIC_REPRESENTATION_ITEM ()
   RATIONAL_B_SPLINE_CURVE ((1., 0.836660026534004, 1.))
   REPRESENTATION_ITEM ('')
);
#843 = EDGE_CURVE ('', #800, #838, #842, .T.);
#844 = ORIENTED_EDGE ('', *, *, #843, .T.);
#845 = CARTESIAN_POINT ('', (-176.499999999995, 91.2764852007186, -12.4108617580791));
#846 = VERTEX_POINT ('', #845);
#847 = CARTESIAN_POINT ('', (-176.499999999995, 91.4507966862136, -10.4184723618956));
#848 = CARTESIAN_POINT ('', (-176.499999999995, 91.2764852007186, -12.4108617580791));
#849 = B_SPLINE_CURVE_WITH_KNOTS ('', 1, (#847, #848), .UNSPECIFIED., .F., .U., (2, 2), (-0.0722414798262115, -6.29017720728487E-16), .UNSPECIFIED.);
#850 = EDGE_CURVE ('', #838, #846, #849, .T.);
#851 = ORIENTED_EDGE ('', *, *, #850, .T.);
#852 = CARTESIAN_POINT ('', (-176.499999999995, 91.2764852007186, -12.4108617580792));
#853 = CARTESIAN_POINT ('', (-176.499999999995, 92.5808102324102, -12.5249754119051));
#854 = CARTESIAN_POINT ('', (-175.299999999995, 93.1025402450864, -12.5706208734354));
#855 = (
   BOUNDED_CURVE ()
   B_SPLINE_CURVE (2, (#852, #853, #854), .UNSPECIFIED., .F., .U.)
   B_SPLINE_CURVE_WITH_KNOTS ((3, 3), (-0.579639740363831, 0.579639740363841), .UNSPECIFIED.)
   CURVE ()
   GEOMETRIC_REPRESENTATION_ITEM ()
   RATIONAL_B_SPLINE_CURVE ((1., 0.836660026534051, 1.))
   REPRESENTATION_ITEM ('')
);
#856 = EDGE_CURVE ('', #846, #798, #855, .T.);
#857 = ORIENTED_EDGE ('', *, *, #856, .T.);
#858 = ORIENTED_EDGE ('', *, *, #804, .T.);
#859 = EDGE_LOOP ('', (#844, #851, #857, #858));
#860 = FACE_OUTER_BOUND ('', #859, .T.);
#861 = CARTESIAN_POINT ('', (-176.499999999995, 91.4507966862136, -10.4184723618956));
#862 = CARTESIAN_POINT ('', (-176.499999999995, 92.0449603310137, -10.4704549450948));
#863 = CARTESIAN_POINT ('', (-176.173320053063, 92.5420733018377, -10.5139466945335));
#864 = CARTESIAN_POINT ('', (-175.846640106131, 93.0391862726617, -10.5574384439723));
#865 = CARTESIAN_POINT ('', (-175.299999999995, 93.2768517305815, -10.5782314772519));
#866 = CARTESIAN_POINT ('', (-176.499999999995, 91.2764852007185, -12.4108617580791));
#867 = CARTESIAN_POINT ('', (-176.499999999995, 91.8706488455186, -12.4628443412783));
#868 = CARTESIAN_POINT ('', (-176.173320053063, 92.3677618163426, -12.5063360907171));
#869 = CARTESIAN_POINT ('', (-175.846640106131, 92.8648747871666, -12.5498278401558));
#870 = CARTESIAN_POINT ('', (-175.299999999995, 93.1025402450864, -12.5706208734354));
#871 = (
   BOUNDED_SURFACE ()
   B_SPLINE_SURFACE (1, 2, ((#861, #862, #863, #864, #865), (#866, #867, #868, #869, #870)), .UNSPECIFIED., .F., .F., .U.)
   B_SPLINE_SURFACE_WITH_KNOTS ((2, 2), (3, 2, 3), (-0.999999999999997, 8.88178419700117E-16), (0.184357139543857, 0.226953302306482, 0.269549465069107), .UNSPECIFIED.)
   GEOMETRIC_REPRESENTATION_ITEM ()
   RATIONAL_B_SPLINE_SURFACE (((0.862651642491526, 0.890055556858132, 1., 0.890055556858135, 0.862651642491528), (0.862651642491526, 0.890055556858132, 1., 0.890055556858135, 0.862651642491528)))
   REPRESENTATION_ITEM ('')
   SURFACE ()
);
#872 = ADVANCED_FACE ('', (#860), #871, .T.);
#873 = CARTESIAN_POINT ('', (-176.499999999997, 80.4641016151381, -11.4649007686484));
#874 = VERTEX_POINT ('', #873);
#875 = CARTESIAN_POINT ('', (-176.499999999996, 80.4641016151359, 3.5000000000081));
#876 = VERTEX_POINT ('', #875);
#877 = CARTESIAN_POINT ('', (-176.499999999995, 80.4641016151374, -11.4649007686483));
#878 = CARTESIAN_POINT ('', (-176.499999999995, 80.4641016151356, 3.50000000000809));
#879 = B_SPLINE_CURVE_WITH_KNOTS ('', 1, (#877, #878), .UNSPECIFIED., .F., .U., (2, 2), (-0.23892810729779, 0.274436768286033), .UNSPECIFIED.);
#880 = EDGE_CURVE ('', #874, #876, #879, .T.);
#881 = ORIENTED_EDGE ('', *, *, #880, .F.);
#882 = CARTESIAN_POINT ('', (-176.499999999995, 91.2764852007186, -12.4108617580791));
#883 = CARTESIAN_POINT ('', (-176.499999999995, 80.4641016151375, -11.4649007686483));
#884 = B_SPLINE_CURVE_WITH_KNOTS ('', 1, (#882, #883), .UNSPECIFIED., .F., .U., (2, 2), (-8.18829689211973, -7.79304025569537), .UNSPECIFIED.);
#885 = EDGE_CURVE ('', #846, #874, #884, .T.);
#886 = ORIENTED_EDGE ('', *, *, #885, .F.);
#887 = ORIENTED_EDGE ('', *, *, #850, .F.);
#888 = CARTESIAN_POINT ('', (-176.499999999996, 95.9999999999982, -10.8164760799258));
#889 = VERTEX_POINT ('', #888);
#890 = CARTESIAN_POINT ('', (-176.499999999995, 91.4507966862136, -10.4184723618956));
#891 = CARTESIAN_POINT ('', (-176.499999999995, 95.9999999999982, -10.8164760799258));
#892 = B_SPLINE_CURVE_WITH_KNOTS ('', 1, (#890, #891), .UNSPECIFIED., .F., .U., (2, 2), (-0.26376261582573, 0.49733413940586), .UNSPECIFIED.);
#893 = EDGE_CURVE ('', #838, #889, #892, .T.);
#894 = ORIENTED_EDGE ('', *, *, #893, .T.);
#895 = CARTESIAN_POINT ('', (-176.5, 95.9999999999987, 3.50000000001021));
#896 = VERTEX_POINT ('', #895);
#897 = CARTESIAN_POINT ('', (-176.499999999995, 95.9999999999961, 3.5000000000102));
#898 = CARTESIAN_POINT ('', (-176.499999999995, 95.9999999999979, -10.8164760799258));
#899 = B_SPLINE_CURVE_WITH_KNOTS ('', 1, (#897, #898), .UNSPECIFIED., .F., .U., (2, 2), (-5.58920080039571E-15, 1.59071956443737), .UNSPECIFIED.);
#900 = EDGE_CURVE ('', #896, #889, #899, .T.);
#901 = ORIENTED_EDGE ('', *, *, #900, .F.);
#902 = CARTESIAN_POINT ('', (-176.499999999995, 95.999999999996, 3.50000000001013));
#903 = CARTESIAN_POINT ('', (-176.499999999995, 80.4641016151356, 3.5000000000081));
#904 = B_SPLINE_CURVE_WITH_KNOTS ('', 1, (#902, #903), .UNSPECIFIED., .F., .U., (2, 2), (0.659574468085127, 0.990125497550259), .UNSPECIFIED.);
#905 = EDGE_CURVE ('', #896, #876, #904, .T.);
#906 = ORIENTED_EDGE ('', *, *, #905, .T.);
#907 = EDGE_LOOP ('', (#881, #886, #887, #894, #901, #906));
#908 = FACE_OUTER_BOUND ('', #907, .T.);
#909 = CARTESIAN_POINT ('', (-176.499999999995, 80.4641016151359, -12.4108617580806));
#910 = CARTESIAN_POINT ('', (-176.499999999995, 80.4641016151343, 3.50000000000834));
#911 = CARTESIAN_POINT ('', (-176.499999999995, 95.9999999999979, -12.410861758079));
#912 = CARTESIAN_POINT ('', (-176.499999999995, 95.9999999999963, 3.50000000000992));
#913 = B_SPLINE_SURFACE_WITH_KNOTS ('', 1, 1, ((#909, #910), (#911, #912)), .UNSPECIFIED., .F., .F., .U., (2, 2), (2, 2), (16.3221980204732, 17.0302619044915), (-0.314969337280564, 0.410183872107489), .UNSPECIFIED.);
#914 = ADVANCED_FACE ('', (#908), #913, .T.);
#915 = CARTESIAN_POINT ('', (-179.499999999999, 95.9999999999981, -10.8164760799258));
#916 = VERTEX_POINT ('', #915);
#917 = CARTESIAN_POINT ('', (-176.499999999995, 95.9999999999979, -10.8164760799258));
#918 = CARTESIAN_POINT ('', (-179.499999999998, 95.9999999999979, -10.8164760799258));
#919 = B_SPLINE_CURVE_WITH_KNOTS ('', 1, (#917, #918), .UNSPECIFIED., .F., .U., (2, 2), (0., 1.), .UNSPECIFIED.);
#920 = EDGE_CURVE ('', #889, #916, #919, .T.);
#921 = ORIENTED_EDGE ('', *, *, #920, .T.);
#922 = CARTESIAN_POINT ('', (-179.5, 95.9999999999968, 3.50000000001029));
#923 = VERTEX_POINT ('', #922);
#924 = CARTESIAN_POINT ('', (-179.499999999999, 95.9999999999979, -10.8164760799258));
#925 = CARTESIAN_POINT ('', (-179.499999999999, 95.999999999996, 3.50000000001028));
#926 = B_SPLINE_CURVE_WITH_KNOTS ('', 1, (#924, #925), .UNSPECIFIED., .F., .U., (2, 2), (0.011470245004001, 0.906250000000001), .UNSPECIFIED.);
#927 = EDGE_CURVE ('', #916, #923, #926, .T.);
#928 = ORIENTED_EDGE ('', *, *, #927, .T.);
#929 = CARTESIAN_POINT ('', (-179.499999999995, 95.999999999996, 3.50000000001015));
#930 = CARTESIAN_POINT ('', (-176.499999999995, 95.9999999999961, 3.50000000001015));
#931 = B_SPLINE_CURVE_WITH_KNOTS ('', 1, (#929, #930), .UNSPECIFIED., .F., .U., (2, 2), (1.4324324324326, 4.02702702702715), .UNSPECIFIED.);
#932 = EDGE_CURVE ('', #923, #896, #931, .T.);
#933 = ORIENTED_EDGE ('', *, *, #932, .T.);
#934 = ORIENTED_EDGE ('', *, *, #900, .T.);
#935 = EDGE_LOOP ('', (#921, #928, #933, #934));
#936 = FACE_OUTER_BOUND ('', #935, .T.);
#937 = CARTESIAN_POINT ('', (-176.499999999995, 95.9999999999959, 3.50000000001077));
#938 = CARTESIAN_POINT ('', (-179.499999999999, 95.9999999999959, 3.50000000001077));
#939 = CARTESIAN_POINT ('', (-176.499999999995, 95.9999999999979, -10.8164760799253));
#940 = CARTESIAN_POINT ('', (-179.499999999999, 95.9999999999979, -10.8164760799253));
#941 = B_SPLINE_SURFACE_WITH_KNOTS ('', 1, 1, ((#937, #938), (#939, #940)), .UNSPECIFIED., .F., .F., .U., (2, 2), (2, 2), (2.58999700069957, 3.08111792927724), (-0.102913788107238, 1.2717277917502E-13), .UNSPECIFIED.);
#942 = ADVANCED_FACE ('', (#936), #941, .T.);
#943 = CARTESIAN_POINT ('', (-179.499999999999, 38.1534950033613, -7.76320234321802));
#944 = VERTEX_POINT ('', #943);
#945 = CARTESIAN_POINT ('', (-179.499999999999, 135.555028599354, -16.284732342895));
#946 = VERTEX_POINT ('', #945);
#947 = CARTESIAN_POINT ('', (-179.499999999999, 38.1534950033611, -7.76320234321798));
#948 = CARTESIAN_POINT ('', (-179.499999999999, 135.555028599353, -16.284732342895));
#949 = B_SPLINE_CURVE_WITH_KNOTS ('', 1, (#947, #948), .UNSPECIFIED., .F., .U., (2, 2), (0.118769941547615, 0.950817886977694), .UNSPECIFIED.);
#950 = EDGE_CURVE ('', #944, #946, #949, .T.);
#951 = ORIENTED_EDGE ('', *, *, #950, .F.);
#952 = CARTESIAN_POINT ('', (-179.499999999999, 39.0926040389264, 3.50000000000274));
#953 = VERTEX_POINT ('', #952);
#954 = CARTESIAN_POINT ('', (-179.499999999999, 38.1535083560274, -7.76320345652744));
#955 = CARTESIAN_POINT ('', (-179.499999999999, 38.4665402443038, -4.00880230426713));
#956 = CARTESIAN_POINT ('', (-179.499999999999, 38.7795721386723, -0.254401151257584));
#957 = CARTESIAN_POINT ('', (-179.499999999999, 39.0926040389263, 3.50000000000274));
#958 = B_SPLINE_CURVE_WITH_KNOTS ('', 3, (#954, #955, #956, #957), .UNSPECIFIED., .F., .U., (4, 4), (0.591175171283015, 11.8934604608689), .UNSPECIFIED.);
#959 = EDGE_CURVE ('', #944, #953, #958, .T.);
#960 = ORIENTED_EDGE ('', *, *, #959, .T.);
#961 = CARTESIAN_POINT ('', (-179.499999999999, 43.6951138856759, 3.50000000000335));
#962 = VERTEX_POINT ('', #961);
#963 = CARTESIAN_POINT ('', (-179.499999999998, 43.6951138856758, 3.50000000000335));
#964 = CARTESIAN_POINT ('', (-179.499999999999, 39.0926040389262, 3.50000000000274));
#965 = B_SPLINE_CURVE_WITH_KNOTS ('', 1, (#963, #964), .UNSPECIFIED., .F., .U., (2, 2), (0., 4.60250984674954), .UNSPECIFIED.);
#966 = EDGE_CURVE ('', #962, #953, #965, .T.);
#967 = ORIENTED_EDGE ('', *, *, #966, .F.);
#968 = CARTESIAN_POINT ('', (-179.499999999999, 43.6951138856758, 3.5000000000033));
#969 = CARTESIAN_POINT ('', (-179.499999999999, 95.9999999999964, 3.50000000001014));
#970 = B_SPLINE_CURVE_WITH_KNOTS ('', 1, (#968, #969), .UNSPECIFIED., .F., .U., (2, 2), (0.169456330158408, 0.625272331154671), .UNSPECIFIED.);
#971 = EDGE_CURVE ('', #962, #923, #970, .T.);
#972 = ORIENTED_EDGE ('', *, *, #971, .T.);
#973 = ORIENTED_EDGE ('', *, *, #927, .F.);
#974 = CARTESIAN_POINT ('', (-179.499999999999, 98.0976880051371, -10.9999999999895));
#975 = VERTEX_POINT ('', #974);
#976 = CARTESIAN_POINT ('', (-179.499999999999, 98.0976880051369, -10.9999999999895));
#977 = CARTESIAN_POINT ('', (-179.499999999999, 95.9999999999979, -10.8164760799258));
#978 = B_SPLINE_CURVE_WITH_KNOTS ('', 1, (#976, #977), .UNSPECIFIED., .F., .U., (2, 2), (12.9102943310475, 15.0159951635827), .UNSPECIFIED.);
#979 = EDGE_CURVE ('', #975, #916, #978, .T.);
#980 = ORIENTED_EDGE ('', *, *, #979, .F.);
#981 = CARTESIAN_POINT ('', (-179.499999999999, 114.999999999997, -10.9999999999873));
#982 = VERTEX_POINT ('', #981);
#983 = CARTESIAN_POINT ('', (-179.499999999999, 114.999999999999, -10.9999999999873));
#984 = CARTESIAN_POINT ('', (-179.499999999999, 98.0976880051368, -10.9999999999895));
#985 = B_SPLINE_CURVE_WITH_KNOTS ('', 1, (#983, #984), .UNSPECIFIED., .F., .U., (2, 2), (0., 0.889595368150587), .UNSPECIFIED.);
#986 = EDGE_CURVE ('', #982, #975, #985, .T.);
#987 = ORIENTED_EDGE ('', *, *, #986, .F.);
#988 = CARTESIAN_POINT ('', (-179.5, 114.999999999996, 3.50000000001281));
#989 = VERTEX_POINT ('', #988);
#990 = CARTESIAN_POINT ('', (-179.499999999999, 114.999999999995, 3.50000000001281));
#991 = CARTESIAN_POINT ('', (-179.499999999999, 114.999999999997, -10.9999999999873));
#992 = B_SPLINE_CURVE_WITH_KNOTS ('', 1, (#990, #991), .UNSPECIFIED., .F., .U., (2, 2), (0.09375, 1.), .UNSPECIFIED.);
#993 = EDGE_CURVE ('', #989, #982, #992, .T.);
#994 = ORIENTED_EDGE ('', *, *, #993, .F.);
#995 = CARTESIAN_POINT ('', (-179.499999999999, 133.907263028416, 3.5000000000153));
#996 = VERTEX_POINT ('', #995);
#997 = CARTESIAN_POINT ('', (-179.499999999999, 114.999999999995, 3.50000000001279));
#998 = CARTESIAN_POINT ('', (-179.499999999999, 133.907263028416, 3.5000000000153));
#999 = B_SPLINE_CURVE_WITH_KNOTS ('', 1, (#997, #998), .UNSPECIFIED., .F., .U., (2, 2), (0., 1.), .UNSPECIFIED.);
#1000 = EDGE_CURVE ('', #989, #996, #999, .T.);
#1001 = ORIENTED_EDGE ('', *, *, #1000, .T.);
#1002 = CARTESIAN_POINT ('', (-179.499999999999, 135.555106997314, -16.2847258132314));
#1003 = CARTESIAN_POINT ('', (-179.499999999999, 135.005825693524, -9.68981720887395));
#1004 = CARTESIAN_POINT ('', (-179.499999999999, 134.456544370284, -3.09490860121006));
#1005 = CARTESIAN_POINT ('', (-179.499999999999, 133.907263028416, 3.5000000000153));
#1006 = B_SPLINE_CURVE_WITH_KNOTS ('', 3, (#1002, #1003, #1004, #1005), .UNSPECIFIED., .F., .U., (4, 4), (0.505455805424621, 20.3586863995666), .UNSPECIFIED.);
#1007 = EDGE_CURVE ('', #946, #996, #1006, .T.);
#1008 = ORIENTED_EDGE ('', *, *, #1007, .F.);
#1009 = EDGE_LOOP ('', (#951, #960, #967, #972, #973, #980, #987, #994, #1001, #1008));
#1010 = FACE_OUTER_BOUND ('', #1009, .T.);
#1011 = CARTESIAN_POINT ('', (-179.499999999999, 135.555028599353, -16.284732342895));
#1012 = CARTESIAN_POINT ('', (-179.499999999999, 135.555028599351, 3.5000000000155));
#1013 = CARTESIAN_POINT ('', (-179.499999999999, 38.1534950033624, -16.2847323429079));
#1014 = CARTESIAN_POINT ('', (-179.499999999999, 38.1534950033597, 3.50000000000255));
#1015 = B_SPLINE_SURFACE_WITH_KNOTS ('', 1, 1, ((#1011, #1012), (#1013, #1014)), .UNSPECIFIED., .F., .F., .U., (2, 2), (2, 2), (0.662602895389628, 4.20965646062897), (0.0976898860091063, 0.818186810475551), .UNSPECIFIED.);
#1016 = ADVANCED_FACE ('', (#1010), #1015, .T.);
#1017 = CARTESIAN_POINT ('', (-168.999863247132, 33.4234626720355, 4.08319309885521));
#1018 = VERTEX_POINT ('', #1017);
#1019 = CARTESIAN_POINT ('', (-168.998170305345, 32.4759634143148, -7.26648269236683));
#1020 = VERTEX_POINT ('', #1019);
#1021 = CARTESIAN_POINT ('', (-168.99986324713, 33.4234626720352, 4.08319309885518));
#1022 = CARTESIAN_POINT ('', (-168.998170305343, 32.4759634143145, -7.26648269236676));
#1023 = B_SPLINE_CURVE_WITH_KNOTS ('', 1, (#1021, #1022), .UNSPECIFIED., .F., .U., (2, 2), (0.00611204600764538, 0.0817765512824581), .UNSPECIFIED.);
#1024 = EDGE_CURVE ('', #1018, #1020, #1023, .T.);
#1025 = ORIENTED_EDGE ('', *, *, #1024, .F.);
#1026 = CARTESIAN_POINT ('', (-179.478628386865, 39.1066570821638, 4.04540186343489));
#1027 = VERTEX_POINT ('', #1026);
#1028 = CARTESIAN_POINT ('', (-179.478628386864, 39.1066570821637, 4.04540186343489));
#1029 = CARTESIAN_POINT ('', (-179.25748341674, 38.7661369597098, 4.04766890619818));
#1030 = CARTESIAN_POINT ('', (-179.020234752088, 38.436927955362, 4.04985989844635));
#1031 = CARTESIAN_POINT ('', (-177.896756162285, 37.0306100020777, 4.05921584030741));
#1032 = CARTESIAN_POINT ('', (-176.825280570104, 36.074992949193, 4.06556379399295));
#1033 = CARTESIAN_POINT ('', (-174.459509293412, 34.5917773697023, 4.07541164544325));
#1034 = CARTESIAN_POINT ('', (-173.132716404129, 34.0437789088725, 4.07904786421746));
#1035 = CARTESIAN_POINT ('', (-170.86486879587, 33.5284005966032, 4.08247852033228));
#1036 = CARTESIAN_POINT ('', (-169.855387899908, 33.4234626720352, 4.08319309885518));
#1037 = CARTESIAN_POINT ('', (-168.99986324713, 33.4234626720352, 4.08319309885519));
#1038 = B_SPLINE_CURVE_WITH_KNOTS ('', 3, (#1028, #1029, #1030, #1031, #1032, #1033, #1034, #1035, #1036, #1037), .UNSPECIFIED., .F., .U., (4, 2, 2, 2, 4), (6.59411271626867, 7.70836360517163, 11.5625043417619, 15.4166132145505, 17.9831871728834), .UNSPECIFIED.);
#1039 = EDGE_CURVE ('', #1027, #1018, #1038, .T.);
#1040 = ORIENTED_EDGE ('', *, *, #1039, .F.);
#1041 = CARTESIAN_POINT ('', (-179.499999999999, 39.0926040389263, 3.50000000000274));
#1042 = CARTESIAN_POINT ('', (-179.493128496727, 39.0971244383493, 3.68180694331481));
#1043 = CARTESIAN_POINT ('', (-179.486240187336, 39.1016558936318, 3.86363250846538));
#1044 = CARTESIAN_POINT ('', (-179.479336454602, 39.1061974951179, 4.04544023128593));
#1045 = B_SPLINE_CURVE_WITH_KNOTS ('', 3, (#1041, #1042, #1043, #1044), .UNSPECIFIED., .F., .U., (4, 4), (0., 0.545978704567918), .UNSPECIFIED.);
#1046 = EDGE_CURVE ('', #953, #1027, #1045, .T.);
#1047 = ORIENTED_EDGE ('', *, *, #1046, .F.);
#1048 = ORIENTED_EDGE ('', *, *, #959, .F.);
#1049 = CARTESIAN_POINT ('', (-168.998170305343, 32.4759634143145, -7.26648269236676));
#1050 = CARTESIAN_POINT ('', (-169.374723501859, 32.4759634143145, -7.26648269236675));
#1051 = CARTESIAN_POINT ('', (-169.771966612503, 32.4941199139785, -7.26807118025667));
#1052 = CARTESIAN_POINT ('', (-170.522355680707, 32.5628626045141, -7.27408538637879));
#1053 = CARTESIAN_POINT ('', (-170.913951545797, 32.6168416208715, -7.27880793837834));
#1054 = CARTESIAN_POINT ('', (-171.655751935564, 32.7538373412281, -7.29079351086109));
#1055 = CARTESIAN_POINT ('', (-172.038560592091, 32.8427492131676, -7.29857229170866));
#1056 = CARTESIAN_POINT ('', (-172.765515557213, 33.0469442248731, -7.31643704038141));
#1057 = CARTESIAN_POINT ('', (-173.136498289435, 33.1696409033256, -7.32717160879828));
#1058 = CARTESIAN_POINT ('', (-173.84247786159, 33.4394268904998, -7.35077482425414));
#1059 = CARTESIAN_POINT ('', (-174.198718637659, 33.5945097303928, -7.36434281465215));
#1060 = CARTESIAN_POINT ('', (-174.877766799565, 33.9277366775707, -7.39349639491154));
#1061 = CARTESIAN_POINT ('', (-175.216493370727, 34.1135660858092, -7.40975436148212));
#1062 = CARTESIAN_POINT ('', (-175.862874612853, 34.507558703165, -7.44422424901361));
#1063 = CARTESIAN_POINT ('', (-176.181479159888, 34.7222656657426, -7.46300867421921));
#1064 = CARTESIAN_POINT ('', (-176.789724203334, 35.1738435499417, -7.5025166197856));
#1065 = CARTESIAN_POINT ('', (-177.085783386258, 35.4153430760823, -7.52364509056975));
#1066 = CARTESIAN_POINT ('', (-177.650733768687, 35.9208447903544, -7.56787075996142));
#1067 = CARTESIAN_POINT ('', (-177.92202800224, 36.1868513123194, -7.59114331505728));
#1068 = CARTESIAN_POINT ('', (-178.438879135502, 36.742162539065, -7.63972675212613));
#1069 = CARTESIAN_POINT ('', (-178.683410878519, 37.0302072927855, -7.66492740266476));
#1070 = CARTESIAN_POINT ('', (-179.122247378499, 37.5978037417921, -7.71458565741033));
#1071 = CARTESIAN_POINT ('', (-179.316131705705, 37.8708119108028, -7.73847077724871));
#1072 = CARTESIAN_POINT ('', (-179.499999999999, 38.1534950033612, -7.76320234321798));
#1073 = B_SPLINE_CURVE_WITH_KNOTS ('', 3, (#1049, #1050, #1051, #1052, #1053, #1054, #1055, #1056, #1057, #1058, #1059, #1060, #1061, #1062, #1063, #1064, #1065, #1066, #1067, #1068, #1069, #1070, #1071, #1072), .UNSPECIFIED., .F., .U., (4, 2, 2, 2, 2, 2, 2, 2, 2, 2, 2, 4), (0., 1.12965958954663, 2.26066568441911, 3.39297876642338, 4.52656604857874, 5.66140084412404, 6.79746208798636, 7.93473399011256, 9.0732058049356, 10.2128717050338, 11.3537307501512, 12.3703893304857), .UNSPECIFIED.);
#1074 = EDGE_CURVE ('', #1020, #944, #1073, .T.);
#1075 = ORIENTED_EDGE ('', *, *, #1074, .F.);
#1076 = EDGE_LOOP ('', (#1025, #1040, #1047, #1048, #1075));
#1077 = FACE_OUTER_BOUND ('', #1076, .T.);
#1078 = CARTESIAN_POINT ('', (-179.50027656786, 39.1416573037811, 4.08319309885592));
#1079 = CARTESIAN_POINT ('', (-175.80704432592, 33.4234626720347, 4.08319309885517));
#1080 = CARTESIAN_POINT ('', (-168.99986324713, 33.4234626720352, 4.08319309885517));
#1081 = CARTESIAN_POINT ('', (-179.499993884674, 38.1534989530892, -7.7632026725357));
#1082 = CARTESIAN_POINT ('', (-175.80623956321, 32.4344959908242, -7.76320267253646));
#1083 = CARTESIAN_POINT ('', (-168.998096213534, 32.4344959908247, -7.76320267253646));
#1084 = (
   BOUNDED_SURFACE ()
   B_SPLINE_SURFACE (1, 2, ((#1078, #1079, #1080), (#1081, #1082, #1083)), .UNSPECIFIED., .F., .F., .U.)
   B_SPLINE_SURFACE_WITH_KNOTS ((2, 2), (3, 3), (0.00611204600764543, 0.0850880178169227), (0.37160858798758, 1.), .UNSPECIFIED.)
   GEOMETRIC_REPRESENTATION_ITEM ()
   RATIONAL_B_SPLINE_SURFACE (((0.863209701996981, 0.815948416660932, 1.), (0.863209701996981, 0.815948416660932, 1.)))
   REPRESENTATION_ITEM ('')
   SURFACE ()
);
#1085 = ADVANCED_FACE ('', (#1077), #1084, .T.);
#1086 = ORIENTED_EDGE ('', *, *, #1024, .T.);
#1087 = CARTESIAN_POINT ('', (-82.4770978105252, 32.4759634143145, -7.2664826923668));
#1088 = VERTEX_POINT ('', #1087);
#1089 = CARTESIAN_POINT ('', (-82.4770978105245, 32.4759634143142, -7.26648269236673));
#1090 = CARTESIAN_POINT ('', (-111.317455308797, 32.4759634143143, -7.26648269236674));
#1091 = CARTESIAN_POINT ('', (-140.15781280707, 32.4759634143144, -7.26648269236675));
#1092 = CARTESIAN_POINT ('', (-168.998170305343, 32.4759634143145, -7.26648269236676));
#1093 = B_SPLINE_CURVE_WITH_KNOTS ('', 3, (#1089, #1090, #1091, #1092), .UNSPECIFIED., .F., .U., (4, 4), (0., 86.5210724948194), .UNSPECIFIED.);
#1094 = EDGE_CURVE ('', #1088, #1020, #1093, .T.);
#1095 = ORIENTED_EDGE ('', *, *, #1094, .F.);
#1096 = CARTESIAN_POINT ('', (-82.4905070484598, 33.4234626720352, 4.08319309885521));
#1097 = VERTEX_POINT ('', #1096);
#1098 = CARTESIAN_POINT ('', (-82.4905070484591, 33.4234626720349, 4.08319309885519));
#1099 = CARTESIAN_POINT ('', (-82.4770978105245, 32.4759634143142, -7.26648269236672));
#1100 = B_SPLINE_CURVE_WITH_KNOTS ('', 1, (#1098, #1099), .UNSPECIFIED., .F., .U., (2, 2), (0.00611204600764532, 0.0817765512824579), .UNSPECIFIED.);
#1101 = EDGE_CURVE ('', #1097, #1088, #1100, .T.);
#1102 = ORIENTED_EDGE ('', *, *, #1101, .F.);
#1103 = CARTESIAN_POINT ('', (-168.99986324713, 33.4234626720352, 4.08319309885518));
#1104 = CARTESIAN_POINT ('', (-140.163411180906, 33.4234626720351, 4.08319309885518));
#1105 = CARTESIAN_POINT ('', (-111.326959114683, 33.423462672035, 4.08319309885518));
#1106 = CARTESIAN_POINT ('', (-82.4905070484591, 33.4234626720349, 4.08319309885518));
#1107 = B_SPLINE_CURVE_WITH_KNOTS ('', 3, (#1103, #1104, #1105, #1106), .UNSPECIFIED., .F., .U., (4, 4), (0., 86.5093561986719), .UNSPECIFIED.);
#1108 = EDGE_CURVE ('', #1018, #1097, #1107, .T.);
#1109 = ORIENTED_EDGE ('', *, *, #1108, .F.);
#1110 = EDGE_LOOP ('', (#1086, #1095, #1102, #1109));
#1111 = FACE_OUTER_BOUND ('', #1110, .T.);
#1112 = CARTESIAN_POINT ('', (-168.99986324713, 33.4234626720352, 4.08319309885518));
#1113 = CARTESIAN_POINT ('', (-125.745185147795, 33.4234626720351, 4.08319309885518));
#1114 = CARTESIAN_POINT ('', (-82.4905070484591, 33.4234626720349, 4.08319309885518));
#1115 = CARTESIAN_POINT ('', (-168.998170305343, 32.4759634143145, -7.26648269236676));
#1116 = CARTESIAN_POINT ('', (-125.737634057934, 32.4759634143143, -7.26648269236676));
#1117 = CARTESIAN_POINT ('', (-82.4770978105245, 32.4759634143142, -7.26648269236676));
#1118 = B_SPLINE_SURFACE_WITH_KNOTS ('', 1, 2, ((#1112, #1113, #1114), (#1115, #1116, #1117)), .UNSPECIFIED., .F., .F., .U., (2, 2), (3, 3), (0.00611204600764538, 0.0817765512824581), (1., 2.), .UNSPECIFIED.);
#1119 = ADVANCED_FACE ('', (#1111), #1118, .T.);
#1120 = CARTESIAN_POINT ('', (-82.4905070484598, 34.4199961176871, 5.00000000000214));
#1121 = VERTEX_POINT ('', #1120);
#1122 = CARTESIAN_POINT ('', (-82.4905070484591, 33.4234626720349, 4.08319309885518));
#1123 = CARTESIAN_POINT ('', (-82.4905070484591, 33.4999999999982, 5.00000000000203));
#1124 = CARTESIAN_POINT ('', (-82.4905070484591, 34.4199961176868, 5.00000000000212));
#1125 = (
   BOUNDED_CURVE ()
   B_SPLINE_CURVE (2, (#1122, #1123, #1124), .UNSPECIFIED., .F., .U.)
   B_SPLINE_CURVE_WITH_KNOTS ((3, 3), (0., 1.48750696331306), .UNSPECIFIED.)
   CURVE ()
   GEOMETRIC_REPRESENTATION_ITEM ()
   RATIONAL_B_SPLINE_CURVE ((1., 0.735932435367939, 1.))
   REPRESENTATION_ITEM ('')
);
#1126 = EDGE_CURVE ('', #1097, #1121, #1125, .T.);
#1127 = ORIENTED_EDGE ('', *, *, #1126, .T.);
#1128 = CARTESIAN_POINT ('', (-168.999863247132, 34.4199961176874, 5.00000000000214));
#1129 = VERTEX_POINT ('', #1128);
#1130 = CARTESIAN_POINT ('', (-168.99986324713, 34.4199961176871, 5.00000000000211));
#1131 = CARTESIAN_POINT ('', (-140.163411180907, 34.419996117687, 5.00000000000211));
#1132 = CARTESIAN_POINT ('', (-111.326959114683, 34.419996117687, 5.00000000000211));
#1133 = CARTESIAN_POINT ('', (-82.4905070484591, 34.4199961176868, 5.00000000000211));
#1134 = B_SPLINE_CURVE_WITH_KNOTS ('', 3, (#1130, #1131, #1132, #1133), .UNSPECIFIED., .F., .U., (4, 4), (0., 86.5093561986719), .UNSPECIFIED.);
#1135 = EDGE_CURVE ('', #1129, #1121, #1134, .T.);
#1136 = ORIENTED_EDGE ('', *, *, #1135, .F.);
#1137 = CARTESIAN_POINT ('', (-168.99986324713, 33.4234626720352, 4.08319309885518));
#1138 = CARTESIAN_POINT ('', (-168.99986324713, 33.4999999999985, 5.00000000000203));
#1139 = CARTESIAN_POINT ('', (-168.99986324713, 34.4199961176871, 5.00000000000212));
#1140 = (
   BOUNDED_CURVE ()
   B_SPLINE_CURVE (2, (#1137, #1138, #1139), .UNSPECIFIED., .F., .U.)
   B_SPLINE_CURVE_WITH_KNOTS ((3, 3), (0., 1.48750696331305), .UNSPECIFIED.)
   CURVE ()
   GEOMETRIC_REPRESENTATION_ITEM ()
   RATIONAL_B_SPLINE_CURVE ((1., 0.735932435367924, 1.))
   REPRESENTATION_ITEM ('')
);
#1141 = EDGE_CURVE ('', #1018, #1129, #1140, .T.);
#1142 = ORIENTED_EDGE ('', *, *, #1141, .F.);
#1143 = ORIENTED_EDGE ('', *, *, #1108, .T.);
#1144 = EDGE_LOOP ('', (#1127, #1136, #1142, #1143));
#1145 = FACE_OUTER_BOUND ('', #1144, .T.);
#1146 = CARTESIAN_POINT ('', (-168.99986324713, 33.4234626720352, 4.08319309885518));
#1147 = CARTESIAN_POINT ('', (-168.99986324713, 33.4999999999985, 5.00000000000198));
#1148 = CARTESIAN_POINT ('', (-168.99986324713, 34.4199961176871, 5.00000000000211));
#1149 = CARTESIAN_POINT ('', (-159.387712558389, 33.4234626720352, 4.08319309885518));
#1150 = CARTESIAN_POINT ('', (-159.387712558389, 33.4999999999985, 5.00000000000199));
#1151 = CARTESIAN_POINT ('', (-159.387712558389, 34.4199961176871, 5.00000000000211));
#1152 = CARTESIAN_POINT ('', (-140.163411180907, 33.4234626720351, 4.08319309885518));
#1153 = CARTESIAN_POINT ('', (-140.163411180907, 33.4999999999984, 5.00000000000199));
#1154 = CARTESIAN_POINT ('', (-140.163411180907, 34.419996117687, 5.00000000000211));
#1155 = CARTESIAN_POINT ('', (-111.326959114683, 33.423462672035, 4.08319309885518));
#1156 = CARTESIAN_POINT ('', (-111.326959114683, 33.4999999999983, 5.00000000000197));
#1157 = CARTESIAN_POINT ('', (-111.326959114683, 34.4199961176869, 5.00000000000211));
#1158 = CARTESIAN_POINT ('', (-92.1026577372003, 33.4234626720349, 4.08319309885518));
#1159 = CARTESIAN_POINT ('', (-92.1026577372005, 33.4999999999983, 5.00000000000198));
#1160 = CARTESIAN_POINT ('', (-92.1026577372003, 34.4199961176869, 5.00000000000211));
#1161 = CARTESIAN_POINT ('', (-82.4905070484591, 33.4234626720349, 4.08319309885518));
#1162 = CARTESIAN_POINT ('', (-82.4905070484591, 33.4999999999982, 5.00000000000199));
#1163 = CARTESIAN_POINT ('', (-82.4905070484591, 34.4199961176868, 5.00000000000211));
#1164 = (
   BOUNDED_SURFACE ()
   B_SPLINE_SURFACE (3, 2, ((#1146, #1147, #1148), (#1149, #1150, #1151), (#1152, #1153, #1154), (#1155, #1156, #1157), (#1158, #1159, #1160), (#1161, #1162, #1163)), .UNSPECIFIED., .F., .F., .U.)
   B_SPLINE_SURFACE_WITH_KNOTS ((4, 1, 1, 4), (3, 3), (0., 28.836452066224, 57.672904132448, 86.5093561986719), (0., 1.), .UNSPECIFIED.)
   GEOMETRIC_REPRESENTATION_ITEM ()
   RATIONAL_B_SPLINE_SURFACE (((1., 0.735932435367946, 1.), (1., 0.735932435367944, 1.), (1., 0.735932435367946, 1.), (1., 0.735932435367952, 1.), (1., 0.735932435367953, 1.), (1., 0.735932435367951, 1.)))
   REPRESENTATION_ITEM ('')
   SURFACE ()
);
#1165 = ADVANCED_FACE ('', (#1145), #1164, .T.);
#1166 = CARTESIAN_POINT ('', (-70.9729294006697, 31.906883423568, 4.08005623892875));
#1167 = VERTEX_POINT ('', #1166);
#1168 = CARTESIAN_POINT ('', (-70.7149410745365, 32.8697089644568, 5.00000000000194));
#1169 = VERTEX_POINT ('', #1168);
#1170 = CARTESIAN_POINT ('', (-70.9729294006691, 31.9068834235677, 4.08005623892874));
#1171 = CARTESIAN_POINT ('', (-70.9538067158191, 31.978250255005, 5.00000000000183));
#1172 = CARTESIAN_POINT ('', (-70.7149410745359, 32.8697089644565, 5.00000000000191));
#1173 = (
   BOUNDED_CURVE ()
   B_SPLINE_CURVE (2, (#1170, #1171, #1172), .UNSPECIFIED., .F., .U.)
   B_SPLINE_CURVE_WITH_KNOTS ((3, 3), (0., 1.49065432687353), .UNSPECIFIED.)
   CURVE ()
   GEOMETRIC_REPRESENTATION_ITEM ()
   RATIONAL_B_SPLINE_CURVE ((1., 0.734866055457349, 1.))
   REPRESENTATION_ITEM ('')
);
#1174 = EDGE_CURVE ('', #1167, #1169, #1173, .T.);
#1175 = ORIENTED_EDGE ('', *, *, #1174, .T.);
#1176 = CARTESIAN_POINT ('', (-82.4905070484591, 34.4199961176868, 5.00000000000211));
#1177 = CARTESIAN_POINT ('', (-81.0592586574191, 34.4199961176868, 5.00000000000211));
#1178 = CARTESIAN_POINT ('', (-79.6216223771992, 34.3520064807365, 5.0000000000021));
#1179 = CARTESIAN_POINT ('', (-77.4843317043616, 34.1493972935692, 5.00000000000207));
#1180 = CARTESIAN_POINT ('', (-76.7703205506469, 34.064646897217, 5.00000000000206));
#1181 = CARTESIAN_POINT ('', (-75.3534316301917, 33.8624149908664, 5.00000000000204));
#1182 = CARTESIAN_POINT ('', (-74.6442211783086, 33.7440296197459, 5.00000000000202));
#1183 = CARTESIAN_POINT ('', (-73.526522785551, 33.5301991639321, 5.00000000000199));
#1184 = CARTESIAN_POINT ('', (-73.1126460704134, 33.445028121475, 5.00000000000198));
#1185 = CARTESIAN_POINT ('', (-72.2877449657168, 33.2632637646593, 5.00000000000196));
#1186 = CARTESIAN_POINT ('', (-71.8764006452105, 33.1665999545256, 5.00000000000194));
#1187 = CARTESIAN_POINT ('', (-71.215530073176, 33.0015547544263, 5.00000000000192));
#1188 = CARTESIAN_POINT ('', (-70.9649451947081, 32.9366973665611, 5.00000000000191));
#1189 = CARTESIAN_POINT ('', (-70.7149410745358, 32.8697089644564, 5.0000000000019));
#1190 = B_SPLINE_CURVE_WITH_KNOTS ('', 3, (#1176, #1177, #1178, #1179, #1180, #1181, #1182, #1183, #1184, #1185, #1186, #1187, #1188, #1189), .UNSPECIFIED., .F., .U., (4, 2, 2, 2, 2, 2, 4), (0., 4.29374517312018, 6.44061775968027, 8.58749034624035, 9.85452438538896, 11.1215584245376, 11.8980283563938), .UNSPECIFIED.);
#1191 = EDGE_CURVE ('', #1121, #1169, #1190, .T.);
#1192 = ORIENTED_EDGE ('', *, *, #1191, .F.);
#1193 = ORIENTED_EDGE ('', *, *, #1126, .F.);
#1194 = CARTESIAN_POINT ('', (-82.4905070484591, 33.4234626720349, 4.08319309885518));
#1195 = CARTESIAN_POINT ('', (-81.0906076740896, 33.4234596014314, 4.08315631744956));
#1196 = CARTESIAN_POINT ('', (-79.6844606228055, 33.3569456389686, 4.08299513029271));
#1197 = CARTESIAN_POINT ('', (-77.5939886885746, 33.158739286764, 4.08256989924793));
#1198 = CARTESIAN_POINT ('', (-76.8956191934814, 33.0758310333525, 4.08239664666571));
#1199 = CARTESIAN_POINT ('', (-75.5097719144394, 32.8779958565911, 4.08199056959055));
#1200 = CARTESIAN_POINT ('', (-74.8161001852104, 32.7621847236824, 4.08175593010512));
#1201 = CARTESIAN_POINT ('', (-73.7228927115176, 32.5530047687345, 4.08133627182201));
#1202 = CARTESIAN_POINT ('', (-73.3180853291418, 32.4696862364955, 4.0811699136341));
#1203 = CARTESIAN_POINT ('', (-72.5112615045284, 32.2918757326416, 4.08081636363953));
#1204 = CARTESIAN_POINT ('', (-72.1089321425086, 32.1973147987552, 4.08062903470849));
#1205 = CARTESIAN_POINT ('', (-71.462546103836, 32.0358604370853, 4.08031022913757));
#1206 = CARTESIAN_POINT ('', (-71.2229335208413, 31.9738718256724, 4.08005623892875));
#1207 = CARTESIAN_POINT ('', (-70.9729294006691, 31.9068834235677, 4.08005623892874));
#1208 = B_SPLINE_CURVE_WITH_KNOTS ('', 3, (#1194, #1195, #1196, #1197, #1198, #1199, #1200, #1201, #1202, #1203, #1204, #1205, #1206, #1207), .UNSPECIFIED., .F., .U., (4, 2, 2, 2, 2, 2, 4), (0., 4.29374517312018, 6.44061775968027, 8.58749034624035, 9.85452438538896, 11.1215584245376, 11.8980283563938), .UNSPECIFIED.);
#1209 = EDGE_CURVE ('', #1097, #1167, #1208, .T.);
#1210 = ORIENTED_EDGE ('', *, *, #1209, .T.);
#1211 = EDGE_LOOP ('', (#1175, #1192, #1193, #1210));
#1212 = FACE_OUTER_BOUND ('', #1211, .T.);
#1213 = CARTESIAN_POINT ('', (-82.4905070484591, 33.4234626720349, 4.08319309885518));
#1214 = CARTESIAN_POINT ('', (-82.4905070484591, 33.4999999999982, 5.00000000000199));
#1215 = CARTESIAN_POINT ('', (-82.4905070484591, 34.4199961176868, 5.00000000000211));
#1216 = CARTESIAN_POINT ('', (-81.0906076740896, 33.4234596014314, 4.08315631744956));
#1217 = CARTESIAN_POINT ('', (-81.0853610789929, 33.4999637740398, 5.00000000000207));
#1218 = CARTESIAN_POINT ('', (-81.0592586574191, 34.4199961176868, 5.00000000000211));
#1219 = CARTESIAN_POINT ('', (-79.6844606228055, 33.3569456389686, 4.08299513029271));
#1220 = CARTESIAN_POINT ('', (-79.6812956810874, 33.4333502493103, 5.00000000000202));
#1221 = CARTESIAN_POINT ('', (-79.6216223771992, 34.3520064807365, 5.0000000000021));
#1222 = CARTESIAN_POINT ('', (-78.2908126666516, 33.2248080708322, 4.08271164292952));
#1223 = CARTESIAN_POINT ('', (-78.2836278440719, 33.3005995712092, 5.00000000000197));
#1224 = CARTESIAN_POINT ('', (-78.1967619286408, 34.2169336892917, 5.00000000000208));
#1225 = CARTESIAN_POINT ('', (-77.5939886885746, 33.158739286764, 4.08256989924793));
#1226 = CARTESIAN_POINT ('', (-77.5846565165526, 33.2342111810324, 5.00000000000194));
#1227 = CARTESIAN_POINT ('', (-77.4843317043616, 34.1493972935692, 5.00000000000207));
#1228 = CARTESIAN_POINT ('', (-76.8956191934814, 33.0758310333525, 4.08239664666571));
#1229 = CARTESIAN_POINT ('', (-76.8872254664634, 33.1512770377198, 5.00000000000192));
#1230 = CARTESIAN_POINT ('', (-76.7703205506469, 34.064646897217, 5.00000000000206));
#1231 = CARTESIAN_POINT ('', (-76.2026955539604, 32.9769134449718, 4.08219360812813));
#1232 = CARTESIAN_POINT ('', (-76.1920001851133, 33.0518479589811, 5.00000000000191));
#1233 = CARTESIAN_POINT ('', (-76.0618760904193, 33.9635309440417, 5.00000000000205));
#1234 = CARTESIAN_POINT ('', (-75.5097719144394, 32.8779958565911, 4.08199056959055));
#1235 = CARTESIAN_POINT ('', (-75.4966442148749, 32.9524001895012, 5.00000000000189));
#1236 = CARTESIAN_POINT ('', (-75.3534316301917, 33.8624149908664, 5.00000000000204));
#1237 = CARTESIAN_POINT ('', (-74.8161001852104, 32.7621847236824, 4.08175593010512));
#1238 = CARTESIAN_POINT ('', (-74.8034553170003, 32.8364456296109, 5.0000000000019));
#1239 = CARTESIAN_POINT ('', (-74.6442211783086, 33.7440296197459, 5.00000000000202));
#1240 = CARTESIAN_POINT ('', (-74.128624687486, 32.6306396171017, 4.08149202339574));
#1241 = CARTESIAN_POINT ('', (-74.1145128331514, 32.7044027152935, 5.0000000000019));
#1242 = CARTESIAN_POINT ('', (-73.9413442977919, 33.6095599947418, 5.000000000002));
#1243 = CARTESIAN_POINT ('', (-73.7228927115176, 32.5530047687345, 4.08133627182201));
#1244 = CARTESIAN_POINT ('', (-73.7078361393536, 32.6264589433634, 5.00000000000188));
#1245 = CARTESIAN_POINT ('', (-73.526522785551, 33.5301991639321, 5.00000000000199));
#1246 = CARTESIAN_POINT ('', (-73.3180853291418, 32.4696862364955, 4.0811699136341));
#1247 = CARTESIAN_POINT ('', (-73.302628476065, 32.5429073059795, 5.00000000000188));
#1248 = CARTESIAN_POINT ('', (-73.1126460704134, 33.445028121475, 5.00000000000198));
#1249 = CARTESIAN_POINT ('', (-72.9146734168351, 32.3807809845686, 4.08099313863681));
#1250 = CARTESIAN_POINT ('', (-72.8986037142918, 32.4537101089157, 5.00000000000187));
#1251 = CARTESIAN_POINT ('', (-72.7001955180651, 33.3541459430672, 5.00000000000197));
#1252 = CARTESIAN_POINT ('', (-72.5112615045284, 32.2918757326416, 4.08081636363953));
#1253 = CARTESIAN_POINT ('', (-72.4945128741732, 32.3644983236293, 5.00000000000186));
#1254 = CARTESIAN_POINT ('', (-72.2877449657168, 33.2632637646593, 5.00000000000196));
#1255 = CARTESIAN_POINT ('', (-72.1089321425086, 32.1973147987552, 4.08062903470849));
#1256 = CARTESIAN_POINT ('', (-72.091597431462, 32.2696373897137, 5.00000000000185));
#1257 = CARTESIAN_POINT ('', (-71.8764006452105, 33.1665999545256, 5.00000000000194));
#1258 = CARTESIAN_POINT ('', (-71.7081533209113, 32.0972082293982, 4.08043136564792));
#1259 = CARTESIAN_POINT ('', (-71.6901742356109, 32.1691997103985, 5.00000000000183));
#1260 = CARTESIAN_POINT ('', (-71.4666409764648, 33.0642669571392, 5.00000000000193));
#1261 = CARTESIAN_POINT ('', (-71.462546103836, 32.0358604370853, 4.08031022913757));
#1262 = CARTESIAN_POINT ('', (-71.4441358297469, 32.1076399232144, 5.00000000000182));
#1263 = CARTESIAN_POINT ('', (-71.215530073176, 33.0015547544263, 5.00000000000192));
#1264 = CARTESIAN_POINT ('', (-71.2229335208413, 31.9738718256724, 4.08005623892875));
#1265 = CARTESIAN_POINT ('', (-71.1986556583877, 32.043984565874, 5.0000000000018));
#1266 = CARTESIAN_POINT ('', (-70.9649451947081, 32.9366973665611, 5.00000000000191));
#1267 = CARTESIAN_POINT ('', (-70.9729294006691, 31.9068834235677, 4.08005623892874));
#1268 = CARTESIAN_POINT ('', (-70.953806715819, 31.978250255005, 5.00000000000177));
#1269 = CARTESIAN_POINT ('', (-70.7149410745358, 32.8697089644564, 5.0000000000019));
#1270 = (
   BOUNDED_SURFACE ()
   B_SPLINE_SURFACE (3, 2, ((#1213, #1214, #1215), (#1216, #1217, #1218), (#1219, #1220, #1221), (#1222, #1223, #1224), (#1225, #1226, #1227), (#1228, #1229, #1230), (#1231, #1232, #1233), (#1234, #1235, #1236), (#1237, #1238, #1239), (#1240, #1241, #1242), (#1243, #1244, #1245), (#1246, #1247, #1248), (#1249, #1250, #1251), (#1252, #1253, #1254), (#1255, #1256, #1257), (#1258, #1259, #1260), (#1261, #1262, #1263), (#1264, #1265, #1266), (#1267, #1268, #1269)), .UNSPECIFIED., .F., .F., .U.)
   B_SPLINE_SURFACE_WITH_KNOTS ((4, 3, 3, 3, 3, 3, 4), (3, 3), (0., 4.29374517312018, 6.44061775968027, 8.58749034624035, 9.85452438538896, 11.1215584245376, 11.8980283563938), (0., 1.), .UNSPECIFIED.)
   GEOMETRIC_REPRESENTATION_ITEM ()
   RATIONAL_B_SPLINE_SURFACE (((1., 0.735932435367951, 1.), (1., 0.735919883219079, 1.), (1., 0.735865305428046, 1.), (1., 0.735768864157609, 1.), (1., 0.735720643522391, 1.), (1., 0.735661957017322, 1.), (1., 0.735592824912746, 1.), (1., 0.735523692808171, 1.), (1., 0.735444115104089, 1.), (1., 0.735354344310906, 1.), (1., 0.735301363686253, 1.), (1., 0.735244832722426, 1.), (1., 0.735184717820953, 1.), (1., 0.73512460291948, 1.), (1., 0.735060904080362, 1.), (1., 0.734993661757053, 1.), (1., 0.734952453991055, 1.), (1., 0.734909915454389, 1.), (1., 0.734866055457378, 1.)))
   REPRESENTATION_ITEM ('')
   SURFACE ()
);
#1271 = ADVANCED_FACE ('', (#1212), #1270, .T.);
#1272 = CARTESIAN_POINT ('', (-67.2350604476688, 30.9053244561983, 4.08005623892863));
#1273 = VERTEX_POINT ('', #1272);
#1274 = CARTESIAN_POINT ('', (-66.9770721215356, 31.868149997087, 5.0000000000018));
#1275 = VERTEX_POINT ('', #1274);
#1276 = CARTESIAN_POINT ('', (-67.2350604476682, 30.905324456198, 4.08005623892861));
#1277 = CARTESIAN_POINT ('', (-67.2159377628182, 30.9766912876352, 5.00000000000165));
#1278 = CARTESIAN_POINT ('', (-66.977072121535, 31.8681499970867, 5.00000000000178));
#1279 = (
   BOUNDED_CURVE ()
   B_SPLINE_CURVE (2, (#1276, #1277, #1278), .UNSPECIFIED., .F., .U.)
   B_SPLINE_CURVE_WITH_KNOTS ((3, 3), (0., 1.49065432687347), .UNSPECIFIED.)
   CURVE ()
   GEOMETRIC_REPRESENTATION_ITEM ()
   RATIONAL_B_SPLINE_CURVE ((1., 0.734866055457383, 1.))
   REPRESENTATION_ITEM ('')
);
#1280 = EDGE_CURVE ('', #1273, #1275, #1279, .T.);
#1281 = ORIENTED_EDGE ('', *, *, #1280, .T.);
#1282 = CARTESIAN_POINT ('', (-70.7149410745359, 32.8697089644565, 5.0000000000019));
#1283 = CARTESIAN_POINT ('', (-69.468984756869, 32.5358559753333, 5.00000000000186));
#1284 = CARTESIAN_POINT ('', (-68.223028439202, 32.20200298621, 5.00000000000181));
#1285 = CARTESIAN_POINT ('', (-66.977072121535, 31.8681499970867, 5.00000000000177));
#1286 = B_SPLINE_CURVE_WITH_KNOTS ('', 3, (#1282, #1283, #1284, #1285), .UNSPECIFIED., .F., .U., (4, 4), (0., 3.86972669253616), .UNSPECIFIED.);
#1287 = EDGE_CURVE ('', #1169, #1275, #1286, .T.);
#1288 = ORIENTED_EDGE ('', *, *, #1287, .F.);
#1289 = ORIENTED_EDGE ('', *, *, #1174, .F.);
#1290 = CARTESIAN_POINT ('', (-70.9729294006691, 31.9068834235677, 4.08005623892874));
#1291 = CARTESIAN_POINT ('', (-69.7269730830021, 31.5730304344445, 4.08005623892869));
#1292 = CARTESIAN_POINT ('', (-68.4810167653351, 31.2391774453213, 4.08005623892865));
#1293 = CARTESIAN_POINT ('', (-67.2350604476682, 30.905324456198, 4.08005623892861));
#1294 = B_SPLINE_CURVE_WITH_KNOTS ('', 3, (#1290, #1291, #1292, #1293), .UNSPECIFIED., .F., .U., (4, 4), (0., 3.86972669253616), .UNSPECIFIED.);
#1295 = EDGE_CURVE ('', #1167, #1273, #1294, .T.);
#1296 = ORIENTED_EDGE ('', *, *, #1295, .T.);
#1297 = EDGE_LOOP ('', (#1281, #1288, #1289, #1296));
#1298 = FACE_OUTER_BOUND ('', #1297, .T.);
#1299 = CARTESIAN_POINT ('', (-70.9729294006691, 31.9068834235677, 4.08005623892874));
#1300 = CARTESIAN_POINT ('', (-70.9538067158191, 31.978250255005, 5.00000000000178));
#1301 = CARTESIAN_POINT ('', (-70.7149410745359, 32.8697089644565, 5.0000000000019));
#1302 = CARTESIAN_POINT ('', (-70.5576106281134, 31.79559909386, 4.08005623892872));
#1303 = CARTESIAN_POINT ('', (-70.5384879432634, 31.8669659252973, 5.00000000000176));
#1304 = CARTESIAN_POINT ('', (-70.2996223019803, 32.7584246347488, 5.00000000000189));
#1305 = CARTESIAN_POINT ('', (-69.7269730830021, 31.5730304344445, 4.08005623892869));
#1306 = CARTESIAN_POINT ('', (-69.7078503981521, 31.6443972658818, 5.00000000000174));
#1307 = CARTESIAN_POINT ('', (-69.468984756869, 32.5358559753333, 5.00000000000186));
#1308 = CARTESIAN_POINT ('', (-68.4810167653352, 31.2391774453213, 4.08005623892865));
#1309 = CARTESIAN_POINT ('', (-68.4618940804851, 31.3105442767585, 5.0000000000017));
#1310 = CARTESIAN_POINT ('', (-68.223028439202, 32.20200298621, 5.00000000000181));
#1311 = CARTESIAN_POINT ('', (-67.6503792202239, 31.0166087859058, 4.08005623892862));
#1312 = CARTESIAN_POINT ('', (-67.6312565353738, 31.087975617343, 5.00000000000167));
#1313 = CARTESIAN_POINT ('', (-67.3923908940907, 31.9794343267945, 5.00000000000179));
#1314 = CARTESIAN_POINT ('', (-67.2350604476682, 30.905324456198, 4.08005623892861));
#1315 = CARTESIAN_POINT ('', (-67.2159377628182, 30.9766912876353, 5.00000000000165));
#1316 = CARTESIAN_POINT ('', (-66.977072121535, 31.8681499970867, 5.00000000000177));
#1317 = (
   BOUNDED_SURFACE ()
   B_SPLINE_SURFACE (3, 2, ((#1299, #1300, #1301), (#1302, #1303, #1304), (#1305, #1306, #1307), (#1308, #1309, #1310), (#1311, #1312, #1313), (#1314, #1315, #1316)), .UNSPECIFIED., .F., .F., .U.)
   B_SPLINE_SURFACE_WITH_KNOTS ((4, 1, 1, 4), (3, 3), (0., 1.28990889751205, 2.57981779502411, 3.86972669253616), (0., 1.), .UNSPECIFIED.)
   GEOMETRIC_REPRESENTATION_ITEM ()
   RATIONAL_B_SPLINE_SURFACE (((1., 0.734866055457371, 1.), (1., 0.734866055457372, 1.), (1., 0.734866055457372, 1.), (1., 0.73486605545737, 1.), (1., 0.734866055457372, 1.), (1., 0.734866055457375, 1.)))
   REPRESENTATION_ITEM ('')
   SURFACE ()
);
#1318 = ADVANCED_FACE ('', (#1298), #1317, .T.);
#1319 = CARTESIAN_POINT ('', (-56.5023772862988, 26.4589869255262, 4.07144112272178));
#1320 = VERTEX_POINT ('', #1319);
#1321 = CARTESIAN_POINT ('', (-56.0036548770408, 27.3227994772341, 5.0000000000012));
#1322 = VERTEX_POINT ('', #1321);
#1323 = CARTESIAN_POINT ('', (-56.5023772862984, 26.458986925526, 4.07144112272176));
#1324 = CARTESIAN_POINT ('', (-56.4691236729287, 26.5165838734175, 5.00000000000108));
#1325 = CARTESIAN_POINT ('', (-56.0036548770403, 27.3227994772339, 5.00000000000118));
#1326 = (
   BOUNDED_CURVE ()
   B_SPLINE_CURVE (2, (#1323, #1324, #1325), .UNSPECIFIED., .F., .U.)
   B_SPLINE_CURVE_WITH_KNOTS ((3, 3), (0., 1.49929429346994), .UNSPECIFIED.)
   CURVE ()
   GEOMETRIC_REPRESENTATION_ITEM ()
   RATIONAL_B_SPLINE_CURVE ((1., 0.731929341781274, 1.))
   REPRESENTATION_ITEM ('')
);
#1327 = EDGE_CURVE ('', #1320, #1322, #1326, .T.);
#1328 = ORIENTED_EDGE ('', *, *, #1327, .T.);
#1329 = CARTESIAN_POINT ('', (-66.977072121535, 31.8681499970867, 5.00000000000177));
#1330 = CARTESIAN_POINT ('', (-65.5945926387117, 31.4977157361116, 5.00000000000172));
#1331 = CARTESIAN_POINT ('', (-64.2235400308906, 31.0599565147243, 5.00000000000167));
#1332 = CARTESIAN_POINT ('', (-62.2115137196913, 30.3110840203454, 5.00000000000156));
#1333 = CARTESIAN_POINT ('', (-61.5437664771, 30.044423733334, 5.00000000000153));
#1334 = CARTESIAN_POINT ('', (-60.2274966196852, 29.4823697104924, 5.00000000000145));
#1335 = CARTESIAN_POINT ('', (-59.5730913122316, 29.1844640348772, 5.00000000000142));
#1336 = CARTESIAN_POINT ('', (-58.5488185174698, 28.688643484422, 5.00000000000135));
#1337 = CARTESIAN_POINT ('', (-58.1710871332071, 28.4992575861187, 5.00000000000132));
#1338 = CARTESIAN_POINT ('', (-57.4213354971085, 28.1101913255717, 5.00000000000127));
#1339 = CARTESIAN_POINT ('', (-57.0490244834893, 27.9103600792295, 5.00000000000125));
#1340 = CARTESIAN_POINT ('', (-56.4532784312868, 27.57983702058, 5.0000000000012));
#1341 = CARTESIAN_POINT ('', (-56.2279098849188, 27.4522731663997, 5.00000000000119));
#1342 = CARTESIAN_POINT ('', (-56.0036548770403, 27.3227994772339, 5.00000000000117));
#1343 = B_SPLINE_CURVE_WITH_KNOTS ('', 3, (#1329, #1330, #1331, #1332, #1333, #1334, #1335, #1336, #1337, #1338, #1339, #1340, #1341, #1342), .UNSPECIFIED., .F., .U., (4, 2, 2, 2, 2, 2, 4), (0., 4.29374423541774, 6.4406163531266, 8.58748847083547, 9.85452247179564, 11.1215564727558, 11.8983986077505), .UNSPECIFIED.);
#1344 = EDGE_CURVE ('', #1275, #1322, #1343, .T.);
#1345 = ORIENTED_EDGE ('', *, *, #1344, .F.);
#1346 = ORIENTED_EDGE ('', *, *, #1280, .F.);
#1347 = CARTESIAN_POINT ('', (-67.2350604476682, 30.905324456198, 4.08005623892861));
#1348 = CARTESIAN_POINT ('', (-65.882883922549, 30.5429504437515, 4.07934178885497));
#1349 = CARTESIAN_POINT ('', (-64.5418914305902, 30.1147189982067, 4.07850432201584));
#1350 = CARTESIAN_POINT ('', (-62.5739924899553, 29.3821524117502, 4.07708004855461));
#1351 = CARTESIAN_POINT ('', (-61.9208925256798, 29.1212993719143, 4.07657411264244));
#1352 = CARTESIAN_POINT ('', (-60.6335005780308, 28.5714881211294, 4.07550995866873));
#1353 = CARTESIAN_POINT ('', (-59.9934549641341, 28.2800726874717, 4.07494698454823));
#1354 = CARTESIAN_POINT ('', (-58.9916621562951, 27.795056548146, 4.07401153986171));
#1355 = CARTESIAN_POINT ('', (-58.6222218820038, 27.6097980419617, 4.07365455432241));
#1356 = CARTESIAN_POINT ('', (-57.8889290198549, 27.2292120150434, 4.07292179058953));
#1357 = CARTESIAN_POINT ('', (-57.5247920531109, 27.0337368989935, 4.07254572821752));
#1358 = CARTESIAN_POINT ('', (-56.9421271115728, 26.7104198836229, 4.07192417487913));
#1359 = CARTESIAN_POINT ('', (-56.7266322941769, 26.5884606146918, 4.07144112272178));
#1360 = CARTESIAN_POINT ('', (-56.5023772862984, 26.458986925526, 4.07144112272177));
#1361 = B_SPLINE_CURVE_WITH_KNOTS ('', 3, (#1347, #1348, #1349, #1350, #1351, #1352, #1353, #1354, #1355, #1356, #1357, #1358, #1359, #1360), .UNSPECIFIED., .F., .U., (4, 2, 2, 2, 2, 2, 4), (0., 4.29374423541774, 6.4406163531266, 8.58748847083547, 9.85452247179564, 11.1215564727558, 11.8983986077505), .UNSPECIFIED.);
#1362 = EDGE_CURVE ('', #1273, #1320, #1361, .T.);
#1363 = ORIENTED_EDGE ('', *, *, #1362, .T.);
#1364 = EDGE_LOOP ('', (#1328, #1345, #1346, #1363));
#1365 = FACE_OUTER_BOUND ('', #1364, .T.);
#1366 = CARTESIAN_POINT ('', (-67.2350604476682, 30.905324456198, 4.08005623892861));
#1367 = CARTESIAN_POINT ('', (-67.2159377628182, 30.9766912876353, 5.00000000000165));
#1368 = CARTESIAN_POINT ('', (-66.977072121535, 31.8681499970867, 5.00000000000177));
#1369 = CARTESIAN_POINT ('', (-65.882883922549, 30.5429504437515, 4.07934178885497));
#1370 = CARTESIAN_POINT ('', (-65.8585001351691, 30.6122744857998, 5.00000000000146));
#1371 = CARTESIAN_POINT ('', (-65.5945926387117, 31.4977157361116, 5.00000000000172));
#1372 = CARTESIAN_POINT ('', (-64.5418914305902, 30.1147189982067, 4.07850432201584));
#1373 = CARTESIAN_POINT ('', (-64.5198487963472, 30.1839359202594, 5.00000000000147));
#1374 = CARTESIAN_POINT ('', (-64.2235400308906, 31.0599565147243, 5.00000000000167));
#1375 = CARTESIAN_POINT ('', (-63.2299588035003, 29.6263412739024, 4.07755480637502));
#1376 = CARTESIAN_POINT ('', (-63.2049287934662, 29.6935904239725, 5.00000000000147));
#1377 = CARTESIAN_POINT ('', (-62.8821891567577, 30.5607081851384, 5.0000000000016));
#1378 = CARTESIAN_POINT ('', (-62.5739924899553, 29.3821524117502, 4.07708004855461));
#1379 = CARTESIAN_POINT ('', (-62.5470336308838, 29.4482554003251, 5.00000000000147));
#1380 = CARTESIAN_POINT ('', (-62.2115137196913, 30.3110840203454, 5.00000000000156));
#1381 = CARTESIAN_POINT ('', (-61.9208925256798, 29.1212993719143, 4.07657411264244));
#1382 = CARTESIAN_POINT ('', (-61.8950253142491, 29.1873787591642, 5.00000000000146));
#1383 = CARTESIAN_POINT ('', (-61.5437664771, 30.044423733334, 5.00000000000153));
#1384 = CARTESIAN_POINT ('', (-61.2771965518553, 28.8463937465218, 4.07604203565559));
#1385 = CARTESIAN_POINT ('', (-61.2495253280856, 28.911196765957, 5.00000000000142));
#1386 = CARTESIAN_POINT ('', (-60.8856315483926, 29.7633967219132, 5.00000000000149));
#1387 = CARTESIAN_POINT ('', (-60.6335005780308, 28.5714881211294, 4.07550995866873));
#1388 = CARTESIAN_POINT ('', (-60.6037055097649, 28.6348779301712, 5.00000000000137));
#1389 = CARTESIAN_POINT ('', (-60.2274966196852, 29.4823697104924, 5.00000000000145));
#1390 = CARTESIAN_POINT ('', (-59.9934549641341, 28.2800726874717, 4.07494698454823));
#1391 = CARTESIAN_POINT ('', (-59.9643656773233, 28.3432236837643, 5.0000000000013));
#1392 = CARTESIAN_POINT ('', (-59.5730913122316, 29.1844640348772, 5.00000000000142));
#1393 = CARTESIAN_POINT ('', (-59.3634666246453, 27.9750649954139, 4.07435871994887));
#1394 = CARTESIAN_POINT ('', (-59.3333938978067, 28.0371896409874, 5.00000000000127));
#1395 = CARTESIAN_POINT ('', (-58.9289661876487, 28.8726618709751, 5.00000000000137));
#1396 = CARTESIAN_POINT ('', (-58.9916621562951, 27.795056548146, 4.07401153986171));
#1397 = CARTESIAN_POINT ('', (-58.960846785229, 27.8564967753345, 5.00000000000125));
#1398 = CARTESIAN_POINT ('', (-58.5488185174698, 28.688643484422, 5.00000000000135));
#1399 = CARTESIAN_POINT ('', (-58.6222218820038, 27.6097980419617, 4.07365455432241));
#1400 = CARTESIAN_POINT ('', (-58.5912079546359, 27.6707866632103, 5.00000000000123));
#1401 = CARTESIAN_POINT ('', (-58.1710871332071, 28.4992575861187, 5.00000000000132));
#1402 = CARTESIAN_POINT ('', (-58.2555754509294, 27.4195050285025, 4.07328817245597));
#1403 = CARTESIAN_POINT ('', (-58.2242083317661, 27.4799511563145, 5.00000000000121));
#1404 = CARTESIAN_POINT ('', (-57.7962113151578, 28.3047244558452, 5.0000000000013));
#1405 = CARTESIAN_POINT ('', (-57.8889290198549, 27.2292120150434, 4.07292179058953));
#1406 = CARTESIAN_POINT ('', (-57.8570834044731, 27.2890504925859, 5.00000000000118));
#1407 = CARTESIAN_POINT ('', (-57.4213354971085, 28.1101913255717, 5.00000000000127));
#1408 = CARTESIAN_POINT ('', (-57.5247920531109, 27.0337368989935, 4.07254572821752));
#1409 = CARTESIAN_POINT ('', (-57.492592799121, 27.0930174557127, 5.00000000000112));
#1410 = CARTESIAN_POINT ('', (-57.0490244834893, 27.9103600792295, 5.00000000000125));
#1411 = CARTESIAN_POINT ('', (-57.1635880255727, 26.8333071154283, 4.07216041660333));
#1412 = CARTESIAN_POINT ('', (-57.1310213040732, 26.8920064867997, 5.00000000000109));
#1413 = CARTESIAN_POINT ('', (-56.6797112502656, 27.7054631453874, 5.00000000000122));
#1414 = CARTESIAN_POINT ('', (-56.9421271115728, 26.7104198836229, 4.07192417487913));
#1415 = CARTESIAN_POINT ('', (-56.9092708160129, 26.7687271877609, 5.00000000000107));
#1416 = CARTESIAN_POINT ('', (-56.4532784312868, 27.57983702058, 5.0000000000012));
#1417 = CARTESIAN_POINT ('', (-56.7266322941769, 26.5884606146918, 4.07144112272178));
#1418 = CARTESIAN_POINT ('', (-56.68861634885, 26.6435744490964, 5.00000000000106));
#1419 = CARTESIAN_POINT ('', (-56.2279098849188, 27.4522731663997, 5.00000000000119));
#1420 = CARTESIAN_POINT ('', (-56.5023772862984, 26.458986925526, 4.07144112272177));
#1421 = CARTESIAN_POINT ('', (-56.4691236729287, 26.5165838734175, 5.00000000000107));
#1422 = CARTESIAN_POINT ('', (-56.0036548770403, 27.3227994772339, 5.00000000000117));
#1423 = (
   BOUNDED_SURFACE ()
   B_SPLINE_SURFACE (3, 2, ((#1366, #1367, #1368), (#1369, #1370, #1371), (#1372, #1373, #1374), (#1375, #1376, #1377), (#1378, #1379, #1380), (#1381, #1382, #1383), (#1384, #1385, #1386), (#1387, #1388, #1389), (#1390, #1391, #1392), (#1393, #1394, #1395), (#1396, #1397, #1398), (#1399, #1400, #1401), (#1402, #1403, #1404), (#1405, #1406, #1407), (#1408, #1409, #1410), (#1411, #1412, #1413), (#1414, #1415, #1416), (#1417, #1418, #1419), (#1420, #1421, #1422)), .UNSPECIFIED., .F., .F., .U.)
   B_SPLINE_SURFACE_WITH_KNOTS ((4, 3, 3, 3, 3, 3, 4), (3, 3), (0., 4.29374423541774, 6.4406163531266, 8.58748847083547, 9.85452247179564, 11.1215564727558, 11.8983986077505), (0., 1.), .UNSPECIFIED.)
   GEOMETRIC_REPRESENTATION_ITEM ()
   RATIONAL_B_SPLINE_SURFACE (((1., 0.734866055457372, 1.), (1., 0.734622485534858, 1.), (1., 0.73433839574849, 1.), (1., 0.734014579682704, 1.), (1., 0.733852671649811, 1.), (1., 0.733680832047062, 1.), (1., 0.733499160072513, 1.), (1., 0.733317488097965, 1.), (1., 0.733125983751615, 1.), (1., 0.732925207626127, 1.), (1., 0.73280671422567, 1.), (1., 0.732684991384878, 1.), (1., 0.73255995401563, 1.), (1., 0.732434916646382, 1.), (1., 0.732306564748677, 1.), (1., 0.732174984755093, 1.), (1., 0.732094310611336, 1.), (1., 0.732012422979728, 1.), (1., 0.73192934178126, 1.)))
   REPRESENTATION_ITEM ('')
   SURFACE ()
);
#1424 = ADVANCED_FACE ('', (#1365), #1423, .T.);
#1425 = CARTESIAN_POINT ('', (-35.3560758298333, 14.2501640872707, 4.07144112272017));
#1426 = VERTEX_POINT ('', #1425);
#1427 = CARTESIAN_POINT ('', (-34.8573534205753, 15.1139766389786, 4.99999999999958));
#1428 = VERTEX_POINT ('', #1427);
#1429 = CARTESIAN_POINT ('', (-35.356075829833, 14.2501640872706, 4.07144112272015));
#1430 = CARTESIAN_POINT ('', (-35.3228222164634, 14.3077610351621, 4.99999999999949));
#1431 = CARTESIAN_POINT ('', (-34.857353420575, 15.1139766389785, 4.99999999999956));
#1432 = (
   BOUNDED_CURVE ()
   B_SPLINE_CURVE (2, (#1429, #1430, #1431), .UNSPECIFIED., .F., .U.)
   B_SPLINE_CURVE_WITH_KNOTS ((3, 3), (0., 1.49929429346998), .UNSPECIFIED.)
   CURVE ()
   GEOMETRIC_REPRESENTATION_ITEM ()
   RATIONAL_B_SPLINE_CURVE ((1., 0.731929341781229, 1.))
   REPRESENTATION_ITEM ('')
);
#1433 = EDGE_CURVE ('', #1426, #1428, #1432, .T.);
#1434 = ORIENTED_EDGE ('', *, *, #1433, .T.);
#1435 = CARTESIAN_POINT ('', (-56.0036548770404, 27.3227994772339, 5.00000000000117));
#1436 = CARTESIAN_POINT ('', (-48.9548877248853, 23.2531918644821, 5.00000000000063));
#1437 = CARTESIAN_POINT ('', (-41.9061205727302, 19.1835842517302, 5.00000000000009));
#1438 = CARTESIAN_POINT ('', (-34.857353420575, 15.1139766389785, 4.99999999999955));
#1439 = B_SPLINE_CURVE_WITH_KNOTS ('', 3, (#1435, #1436, #1437, #1438), .UNSPECIFIED., .F., .U., (4, 4), (0., 24.4176456765108), .UNSPECIFIED.);
#1440 = EDGE_CURVE ('', #1322, #1428, #1439, .T.);
#1441 = ORIENTED_EDGE ('', *, *, #1440, .F.);
#1442 = ORIENTED_EDGE ('', *, *, #1327, .F.);
#1443 = CARTESIAN_POINT ('', (-56.5023772862984, 26.458986925526, 4.07144112272176));
#1444 = CARTESIAN_POINT ('', (-49.4536101341433, 22.3893793127742, 4.07144112272122));
#1445 = CARTESIAN_POINT ('', (-42.4048429819881, 18.3197717000223, 4.07144112272069));
#1446 = CARTESIAN_POINT ('', (-35.356075829833, 14.2501640872706, 4.07144112272015));
#1447 = B_SPLINE_CURVE_WITH_KNOTS ('', 3, (#1443, #1444, #1445, #1446), .UNSPECIFIED., .F., .U., (4, 4), (0., 24.4176456765108), .UNSPECIFIED.);
#1448 = EDGE_CURVE ('', #1320, #1426, #1447, .T.);
#1449 = ORIENTED_EDGE ('', *, *, #1448, .T.);
#1450 = EDGE_LOOP ('', (#1434, #1441, #1442, #1449));
#1451 = FACE_OUTER_BOUND ('', #1450, .T.);
#1452 = CARTESIAN_POINT ('', (-56.5023772862984, 26.458986925526, 4.07144112272176));
#1453 = CARTESIAN_POINT ('', (-56.4691236729287, 26.5165838734175, 5.00000000000106));
#1454 = CARTESIAN_POINT ('', (-56.0036548770404, 27.3227994772339, 5.00000000000117));
#1455 = CARTESIAN_POINT ('', (-54.15278823558, 25.1024510546087, 4.07144112272158));
#1456 = CARTESIAN_POINT ('', (-54.1195346222103, 25.1600480025002, 5.0000000000009));
#1457 = CARTESIAN_POINT ('', (-53.654065826322, 25.9662636063166, 5.00000000000099));
#1458 = CARTESIAN_POINT ('', (-49.4536101341433, 22.3893793127742, 4.07144112272122));
#1459 = CARTESIAN_POINT ('', (-49.4203565207736, 22.4469762606657, 5.00000000000053));
#1460 = CARTESIAN_POINT ('', (-48.9548877248853, 23.2531918644821, 5.00000000000063));
#1461 = CARTESIAN_POINT ('', (-42.4048429819882, 18.3197717000224, 4.07144112272069));
#1462 = CARTESIAN_POINT ('', (-42.3715893686184, 18.3773686479139, 4.99999999999998));
#1463 = CARTESIAN_POINT ('', (-41.9061205727302, 19.1835842517303, 5.00000000000009));
#1464 = CARTESIAN_POINT ('', (-37.7056648805514, 15.6066999581879, 4.07144112272033));
#1465 = CARTESIAN_POINT ('', (-37.6724112671817, 15.6642969060794, 4.99999999999961));
#1466 = CARTESIAN_POINT ('', (-37.2069424712934, 16.4705125098957, 4.99999999999973));
#1467 = CARTESIAN_POINT ('', (-35.356075829833, 14.2501640872706, 4.07144112272015));
#1468 = CARTESIAN_POINT ('', (-35.3228222164633, 14.3077610351621, 4.99999999999942));
#1469 = CARTESIAN_POINT ('', (-34.857353420575, 15.1139766389785, 4.99999999999955));
#1470 = (
   BOUNDED_SURFACE ()
   B_SPLINE_SURFACE (3, 2, ((#1452, #1453, #1454), (#1455, #1456, #1457), (#1458, #1459, #1460), (#1461, #1462, #1463), (#1464, #1465, #1466), (#1467, #1468, #1469)), .UNSPECIFIED., .F., .F., .U.)
   B_SPLINE_SURFACE_WITH_KNOTS ((4, 1, 1, 4), (3, 3), (0., 8.13921522550359, 16.2784304510072, 24.4176456765108), (0., 1.), .UNSPECIFIED.)
   GEOMETRIC_REPRESENTATION_ITEM ()
   RATIONAL_B_SPLINE_SURFACE (((1., 0.731929341781257, 1.), (1., 0.731929341781256, 1.), (1., 0.73192934178126, 1.), (1., 0.731929341781269, 1.), (1., 0.73192934178127, 1.), (1., 0.731929341781269, 1.)))
   REPRESENTATION_ITEM ('')
   SURFACE ()
);
#1471 = ADVANCED_FACE ('', (#1451), #1470, .T.);
#1472 = CARTESIAN_POINT ('', (-18.2805146091734, 18.8231926888595, 4.04347393101637));
#1473 = VERTEX_POINT ('', #1472);
#1474 = CARTESIAN_POINT ('', (-19.145721239402, 19.3227199697265, 5.00000000000014));
#1475 = VERTEX_POINT ('', #1474);
#1476 = CARTESIAN_POINT ('', (-18.2805146091732, 18.8231926888593, 4.04347393101634));
#1477 = CARTESIAN_POINT ('', (-18.3165614448816, 18.8440043391589, 5.00000000000012));
#1478 = CARTESIAN_POINT ('', (-19.1457212394018, 19.3227199697264, 5.00000000000011));
#1479 = (
   BOUNDED_CURVE ()
   B_SPLINE_CURVE (2, (#1476, #1477, #1478), .UNSPECIFIED., .F., .U.)
   B_SPLINE_CURVE_WITH_KNOTS ((3, 3), (0., 1.52730868995608), .UNSPECIFIED.)
   CURVE ()
   GEOMETRIC_REPRESENTATION_ITEM ()
   RATIONAL_B_SPLINE_CURVE ((1., 0.722313619910394, 1.))
   REPRESENTATION_ITEM ('')
);
#1480 = EDGE_CURVE ('', #1473, #1475, #1479, .T.);
#1481 = ORIENTED_EDGE ('', *, *, #1480, .T.);
#1482 = CARTESIAN_POINT ('', (-34.857353420575, 15.1139766389785, 4.99999999999955));
#1483 = CARTESIAN_POINT ('', (-33.7447684311624, 14.4716253958448, 4.99999999999947));
#1484 = CARTESIAN_POINT ('', (-32.5062335029282, 14.0121427571885, 4.99999999999941));
#1485 = CARTESIAN_POINT ('', (-29.9815965169577, 13.5346275278583, 4.99999999999934));
#1486 = CARTESIAN_POINT ('', (-28.6608206620116, 13.5100314274786, 4.99999999999934));
#1487 = CARTESIAN_POINT ('', (-26.1201577840847, 13.8932075493645, 4.99999999999939));
#1488 = CARTESIAN_POINT ('', (-24.8653777223761, 14.3062448014367, 4.99999999999944));
#1489 = CARTESIAN_POINT ('', (-22.5938941490137, 15.5071630983233, 4.99999999999961));
#1490 = CARTESIAN_POINT ('', (-21.5459898734765, 16.3115501106878, 4.99999999999971));
#1491 = CARTESIAN_POINT ('', (-20.0895844697949, 17.8820342212359, 4.99999999999992));
#1492 = CARTESIAN_POINT ('', (-19.5742947398009, 18.5804088922575, 5.00000000000001));
#1493 = CARTESIAN_POINT ('', (-19.1457212394018, 19.3227199697263, 5.00000000000011));
#1494 = B_SPLINE_CURVE_WITH_KNOTS ('', 3, (#1482, #1483, #1484, #1485, #1486, #1487, #1488, #1489, #1490, #1491, #1492, #1493), .UNSPECIFIED., .F., .U., (4, 2, 2, 2, 2, 4), (0., 3.85410745880225, 7.70819786633391, 11.5622931206123, 15.4164130565496, 17.987854058944), .UNSPECIFIED.);
#1495 = EDGE_CURVE ('', #1428, #1475, #1494, .T.);
#1496 = ORIENTED_EDGE ('', *, *, #1495, .F.);
#1497 = ORIENTED_EDGE ('', *, *, #1433, .F.);
#1498 = CARTESIAN_POINT ('', (-35.356075829833, 14.2501640872706, 4.07144112272015));
#1499 = CARTESIAN_POINT ('', (-34.146826313138, 13.5524011267024, 4.07624828267744));
#1500 = CARTESIAN_POINT ('', (-32.8008591570425, 13.0533782547983, 4.07974846073317));
#1501 = CARTESIAN_POINT ('', (-30.0574239348306, 12.5347984517579, 4.08357856014684));
#1502 = CARTESIAN_POINT ('', (-28.6222675826726, 12.5081071450143, 4.08396167702798));
#1503 = CARTESIAN_POINT ('', (-25.8614727491231, 12.9242849022853, 4.08160366872446));
#1504 = CARTESIAN_POINT ('', (-24.4979074350878, 13.3728769140389, 4.07882978702638));
#1505 = CARTESIAN_POINT ('', (-22.0291910301318, 14.6773679526244, 4.07053171922507));
#1506 = CARTESIAN_POINT ('', (-20.8901280622773, 15.5512078340041, 4.06489253332387));
#1507 = CARTESIAN_POINT ('', (-19.3067983880386, 17.2576036210208, 4.05376365802151));
#1508 = CARTESIAN_POINT ('', (-18.7090881095723, 18.0808816113905, 4.04347393101625));
#1509 = CARTESIAN_POINT ('', (-18.2805146091732, 18.8231926888593, 4.04347393101635));
#1510 = B_SPLINE_CURVE_WITH_KNOTS ('', 3, (#1498, #1499, #1500, #1501, #1502, #1503, #1504, #1505, #1506, #1507, #1508, #1509), .UNSPECIFIED., .F., .U., (4, 2, 2, 2, 2, 4), (0., 3.85410745880225, 7.70819786633391, 11.5622931206123, 15.4164130565496, 17.987854058944), .UNSPECIFIED.);
#1511 = EDGE_CURVE ('', #1426, #1473, #1510, .T.);
#1512 = ORIENTED_EDGE ('', *, *, #1511, .T.);
#1513 = EDGE_LOOP ('', (#1481, #1496, #1497, #1512));
#1514 = FACE_OUTER_BOUND ('', #1513, .T.);
#1515 = CARTESIAN_POINT ('', (-35.356075829833, 14.2501640872706, 4.07144112272015));
#1516 = CARTESIAN_POINT ('', (-35.3228222164633, 14.3077610351621, 4.99999999999944));
#1517 = CARTESIAN_POINT ('', (-34.857353420575, 15.1139766389785, 4.99999999999955));
#1518 = CARTESIAN_POINT ('', (-34.146826313138, 13.5524011267024, 4.07624828267744));
#1519 = CARTESIAN_POINT ('', (-34.1174545614819, 13.6044659230762, 4.99999999999932));
#1520 = CARTESIAN_POINT ('', (-33.7447684311624, 14.4716253958448, 4.99999999999947));
#1521 = CARTESIAN_POINT ('', (-32.8008591570425, 13.0533782547983, 4.07974846073317));
#1522 = CARTESIAN_POINT ('', (-32.7870910008196, 13.1225271592419, 4.99999999999928));
#1523 = CARTESIAN_POINT ('', (-32.5062335029282, 14.0121427571885, 4.99999999999941));
#1524 = CARTESIAN_POINT ('', (-31.4291385115661, 12.7940877797041, 4.08166351467627));
#1525 = CARTESIAN_POINT ('', (-31.4151542826698, 12.868022806952, 4.99999999999925));
#1526 = CARTESIAN_POINT ('', (-31.2439122175738, 13.7733846143687, 4.99999999999937));
#1527 = CARTESIAN_POINT ('', (-30.0574239348306, 12.5347984517579, 4.08357856014684));
#1528 = CARTESIAN_POINT ('', (-30.0456434721006, 12.6139684783616, 4.99999999999924));
#1529 = CARTESIAN_POINT ('', (-29.9815965169577, 13.5346275278583, 4.99999999999934));
#1530 = CARTESIAN_POINT ('', (-28.6222675826726, 12.5081071450143, 4.08396167702798));
#1531 = CARTESIAN_POINT ('', (-28.6308506607711, 12.5858291054943, 4.99999999999925));
#1532 = CARTESIAN_POINT ('', (-28.6608206620116, 13.5100314274786, 4.99999999999934));
#1533 = CARTESIAN_POINT ('', (-27.241871033863, 12.7161958928078, 4.08278267361756));
#1534 = CARTESIAN_POINT ('', (-27.2532334960377, 12.7915351015949, 4.99999999999927));
#1535 = CARTESIAN_POINT ('', (-27.3904900218061, 13.701619367955, 4.99999999999936));
#1536 = CARTESIAN_POINT ('', (-25.8614727491231, 12.9242849022853, 4.08160366872446));
#1537 = CARTESIAN_POINT ('', (-25.8741130692887, 12.9974655649991, 4.99999999999928));
#1538 = CARTESIAN_POINT ('', (-26.1201577840847, 13.8932075493645, 4.99999999999939));
#1539 = CARTESIAN_POINT ('', (-24.4979074350878, 13.3728769140389, 4.07882978702638));
#1540 = CARTESIAN_POINT ('', (-24.5282485783062, 13.4383498144974, 4.9999999999993));
#1541 = CARTESIAN_POINT ('', (-24.8653777223761, 14.3062448014367, 4.99999999999944));
#1542 = CARTESIAN_POINT ('', (-23.2635531850174, 14.0251203448454, 4.07468076641091));
#1543 = CARTESIAN_POINT ('', (-23.2959420484889, 14.0863824402985, 4.99999999999937));
#1544 = CARTESIAN_POINT ('', (-23.7296395723333, 14.9067020272134, 4.99999999999953));
#1545 = CARTESIAN_POINT ('', (-22.0291910301318, 14.6773679526244, 4.07053171922507));
#1546 = CARTESIAN_POINT ('', (-22.0588316403163, 14.7369412800157, 4.99999999999947));
#1547 = CARTESIAN_POINT ('', (-22.5938941490137, 15.5071630983233, 4.99999999999961));
#1548 = CARTESIAN_POINT ('', (-20.8901280622773, 15.5512078340041, 4.06489253332387));
#1549 = CARTESIAN_POINT ('', (-20.9328307323411, 15.5980221615699, 4.99999999999963));
#1550 = CARTESIAN_POINT ('', (-21.5459898734765, 16.3115501106878, 4.99999999999971));
#1551 = CARTESIAN_POINT ('', (-19.9404300481723, 16.5747222142207, 4.05821731530336));
#1552 = CARTESIAN_POINT ('', (-19.9807002538538, 16.6120672244426, 4.99999999999978));
#1553 = CARTESIAN_POINT ('', (-20.6724223896401, 17.2535432187802, 4.99999999999984));
#1554 = CARTESIAN_POINT ('', (-19.3067983880386, 17.2576036210208, 4.05376365802151));
#1555 = CARTESIAN_POINT ('', (-19.3420912250156, 17.2922033480422, 4.99999999999988));
#1556 = CARTESIAN_POINT ('', (-20.0895844697949, 17.8820342212359, 4.99999999999992));
#1557 = CARTESIAN_POINT ('', (-18.7090881095723, 18.0808816113905, 4.04347393101625));
#1558 = CARTESIAN_POINT ('', (-18.7809088692321, 18.0419490801398, 4.99999999999997));
#1559 = CARTESIAN_POINT ('', (-19.5742947398009, 18.5804088922575, 5.00000000000001));
#1560 = CARTESIAN_POINT ('', (-18.2805146091732, 18.8231926888593, 4.04347393101635));
#1561 = CARTESIAN_POINT ('', (-18.3165614448817, 18.8440043391589, 5.00000000000005));
#1562 = CARTESIAN_POINT ('', (-19.1457212394018, 19.3227199697263, 5.00000000000011));
#1563 = (
   BOUNDED_SURFACE ()
   B_SPLINE_SURFACE (3, 2, ((#1515, #1516, #1517), (#1518, #1519, #1520), (#1521, #1522, #1523), (#1524, #1525, #1526), (#1527, #1528, #1529), (#1530, #1531, #1532), (#1533, #1534, #1535), (#1536, #1537, #1538), (#1539, #1540, #1541), (#1542, #1543, #1544), (#1545, #1546, #1547), (#1548, #1549, #1550), (#1551, #1552, #1553), (#1554, #1555, #1556), (#1557, #1558, #1559), (#1560, #1561, #1562)), .UNSPECIFIED., .F., .F., .U.)
   B_SPLINE_SURFACE_WITH_KNOTS ((4, 3, 3, 3, 3, 4), (3, 3), (0., 3.85410745880225, 7.70819786633391, 11.5622931206123, 15.4164130565496, 17.987854058944), (0., 1.), .UNSPECIFIED.)
   GEOMETRIC_REPRESENTATION_ITEM ()
   RATIONAL_B_SPLINE_SURFACE (((1., 0.731929341781261, 1.), (1., 0.73359720243408, 1.), (1., 0.734763502801186, 1.), (1., 0.735412644260698, 1.), (1., 0.736061782848289, 1.), (1., 0.736193767104286, 1.), (1., 0.735792998613838, 1.), (1., 0.735392229619401, 1.), (1., 0.734458706538582, 1.), (1., 0.733035049097765, 1.), (1., 0.731611382539833, 1.), (1., 0.729697575344234, 1.), (1., 0.727398554887067, 1.), (1., 0.725864665032271, 1.), (1., 0.724159298954657, 1.), (1., 0.722313619910454, 1.)))
   REPRESENTATION_ITEM ('')
   SURFACE ()
);
#1564 = ADVANCED_FACE ('', (#1514), #1563, .T.);
#1565 = CARTESIAN_POINT ('', (-4.8939523428066, 42.0093986728913, 4.04347393101944));
#1566 = VERTEX_POINT ('', #1565);
#1567 = CARTESIAN_POINT ('', (-5.75915897303516, 42.5089259537583, 5.00000000000321));
#1568 = VERTEX_POINT ('', #1567);
#1569 = CARTESIAN_POINT ('', (-4.89395234280654, 42.009398672891, 4.04347393101942));
#1570 = CARTESIAN_POINT ('', (-4.92999917851499, 42.0302103231906, 5.00000000000312));
#1571 = CARTESIAN_POINT ('', (-5.75915897303511, 42.508925953758, 5.00000000000319));
#1572 = (
   BOUNDED_CURVE ()
   B_SPLINE_CURVE (2, (#1569, #1570, #1571), .UNSPECIFIED., .F., .U.)
   B_SPLINE_CURVE_WITH_KNOTS ((3, 3), (0., 1.52730868995594), .UNSPECIFIED.)
   CURVE ()
   GEOMETRIC_REPRESENTATION_ITEM ()
   RATIONAL_B_SPLINE_CURVE ((1., 0.722313619910437, 1.))
   REPRESENTATION_ITEM ('')
);
#1573 = EDGE_CURVE ('', #1566, #1568, #1572, .T.);
#1574 = ORIENTED_EDGE ('', *, *, #1573, .T.);
#1575 = CARTESIAN_POINT ('', (-19.1457212394018, 19.3227199697263, 5.00000000000011));
#1576 = CARTESIAN_POINT ('', (-14.6835338172796, 27.0514552977369, 5.00000000000113));
#1577 = CARTESIAN_POINT ('', (-10.2213463951574, 34.7801906257474, 5.00000000000216));
#1578 = CARTESIAN_POINT ('', (-5.75915897303512, 42.508925953758, 5.00000000000318));
#1579 = B_SPLINE_CURVE_WITH_KNOTS ('', 3, (#1575, #1576, #1577, #1578), .UNSPECIFIED., .F., .U., (4, 4), (0., 26.7731245327337), .UNSPECIFIED.);
#1580 = EDGE_CURVE ('', #1475, #1568, #1579, .T.);
#1581 = ORIENTED_EDGE ('', *, *, #1580, .F.);
#1582 = ORIENTED_EDGE ('', *, *, #1480, .F.);
#1583 = CARTESIAN_POINT ('', (-18.2805146091732, 18.8231926888593, 4.04347393101634));
#1584 = CARTESIAN_POINT ('', (-13.8183271870511, 26.5519280168699, 4.04347393101736));
#1585 = CARTESIAN_POINT ('', (-9.35613976492883, 34.2806633448805, 4.04347393101839));
#1586 = CARTESIAN_POINT ('', (-4.89395234280656, 42.009398672891, 4.04347393101942));
#1587 = B_SPLINE_CURVE_WITH_KNOTS ('', 3, (#1583, #1584, #1585, #1586), .UNSPECIFIED., .F., .U., (4, 4), (0., 26.7731245327337), .UNSPECIFIED.);
#1588 = EDGE_CURVE ('', #1473, #1566, #1587, .T.);
#1589 = ORIENTED_EDGE ('', *, *, #1588, .T.);
#1590 = EDGE_LOOP ('', (#1574, #1581, #1582, #1589));
#1591 = FACE_OUTER_BOUND ('', #1590, .T.);
#1592 = CARTESIAN_POINT ('', (-18.2805146091732, 18.8231926888593, 4.04347393101634));
#1593 = CARTESIAN_POINT ('', (-18.3165614448817, 18.8440043391589, 5.00000000000004));
#1594 = CARTESIAN_POINT ('', (-19.1457212394018, 19.3227199697263, 5.00000000000011));
#1595 = CARTESIAN_POINT ('', (-16.7931188017992, 21.3994377981962, 4.04347393101668));
#1596 = CARTESIAN_POINT ('', (-16.8291656375076, 21.4202494484958, 5.00000000000039));
#1597 = CARTESIAN_POINT ('', (-17.6583254320278, 21.8989650790632, 5.00000000000045));
#1598 = CARTESIAN_POINT ('', (-13.8183271870511, 26.5519280168699, 4.04347393101737));
#1599 = CARTESIAN_POINT ('', (-13.8543740227595, 26.5727396671695, 5.00000000000107));
#1600 = CARTESIAN_POINT ('', (-14.6835338172796, 27.0514552977369, 5.00000000000113));
#1601 = CARTESIAN_POINT ('', (-9.35613976492883, 34.2806633448805, 4.04347393101839));
#1602 = CARTESIAN_POINT ('', (-9.39218660063726, 34.30147499518, 5.0000000000021));
#1603 = CARTESIAN_POINT ('', (-10.2213463951574, 34.7801906257475, 5.00000000000216));
#1604 = CARTESIAN_POINT ('', (-6.38134815018065, 39.4331535635541, 4.04347393101907));
#1605 = CARTESIAN_POINT ('', (-6.41739498588908, 39.4539652138537, 5.00000000000277));
#1606 = CARTESIAN_POINT ('', (-7.24655478040921, 39.9326808444211, 5.00000000000284));
#1607 = CARTESIAN_POINT ('', (-4.89395234280656, 42.009398672891, 4.04347393101942));
#1608 = CARTESIAN_POINT ('', (-4.92999917851498, 42.0302103231906, 5.00000000000311));
#1609 = CARTESIAN_POINT ('', (-5.75915897303512, 42.508925953758, 5.00000000000318));
#1610 = (
   BOUNDED_SURFACE ()
   B_SPLINE_SURFACE (3, 2, ((#1592, #1593, #1594), (#1595, #1596, #1597), (#1598, #1599, #1600), (#1601, #1602, #1603), (#1604, #1605, #1606), (#1607, #1608, #1609)), .UNSPECIFIED., .F., .F., .U.)
   B_SPLINE_SURFACE_WITH_KNOTS ((4, 1, 1, 4), (3, 3), (0., 8.92437484424458, 17.8487496884892, 26.7731245327337), (0., 1.), .UNSPECIFIED.)
   GEOMETRIC_REPRESENTATION_ITEM ()
   RATIONAL_B_SPLINE_SURFACE (((1., 0.722313619910454, 1.), (1., 0.722313619910453, 1.), (1., 0.722313619910454, 1.), (1., 0.722313619910458, 1.), (1., 0.722313619910459, 1.), (1., 0.722313619910458, 1.)))
   REPRESENTATION_ITEM ('')
   SURFACE ()
);
#1611 = ADVANCED_FACE ('', (#1591), #1610, .T.);
#1612 = CARTESIAN_POINT ('', (-4.85289771101694, 44.2823953050818, 5.00000000000342));
#1613 = VERTEX_POINT ('', #1612);
#1614 = CARTESIAN_POINT ('', (-3.94249713818115, 43.8702446026419, 4.03601966282845));
#1615 = VERTEX_POINT ('', #1614);
#1616 = CARTESIAN_POINT ('', (-4.85289771101692, 44.2823953050816, 5.00000000000342));
#1617 = CARTESIAN_POINT ('', (-4.83166332290228, 44.272782209222, 5.00000000000342));
#1618 = CARTESIAN_POINT ('', (-4.80954650319916, 44.262769624599, 4.99913993076825));
#1619 = CARTESIAN_POINT ('', (-4.76716931782649, 44.2435848973042, 4.99583970093099));
#1620 = CARTESIAN_POINT ('', (-4.7452398174299, 44.2336571146751, 4.99327317182331));
#1621 = CARTESIAN_POINT ('', (-4.70315218668018, 44.2146034726903, 4.9866866517479));
#1622 = CARTESIAN_POINT ('', (-4.68151654955564, 44.204808725955, 4.98243898140003));
#1623 = CARTESIAN_POINT ('', (-4.63993013408729, 44.1859819909346, 4.97259660947138));
#1624 = CARTESIAN_POINT ('', (-4.61869283144577, 44.176367575629, 4.96670091989019));
#1625 = CARTESIAN_POINT ('', (-4.57781662257203, 44.1578623607785, 4.95364944748294));
#1626 = CARTESIAN_POINT ('', (-4.55707956680846, 44.1484744140279, 4.94614651311545));
#1627 = CARTESIAN_POINT ('', (-4.51711885979977, 44.130383659304, 4.92994874198802));
#1628 = CARTESIAN_POINT ('', (-4.4969809266696, 44.1212669435056, 4.92088679829246));
#1629 = CARTESIAN_POINT ('', (-4.45813631133934, 44.1036814586409, 4.901621241359));
#1630 = CARTESIAN_POINT ('', (-4.43869287312426, 44.0948791501217, 4.89105575380048));
#1631 = CARTESIAN_POINT ('', (-4.39178467943675, 44.0736431738324, 4.86326157395206));
#1632 = CARTESIAN_POINT ('', (-4.36392882820216, 44.0610324516998, 4.8445999347594));
#1633 = CARTESIAN_POINT ('', (-4.31112826184193, 44.0371289182839, 4.80486495213703));
#1634 = CARTESIAN_POINT ('', (-4.28540663320835, 44.0254843877053, 4.78322619715883));
#1635 = CARTESIAN_POINT ('', (-4.23665888421934, 44.0034156197501, 4.73752441904082));
#1636 = CARTESIAN_POINT ('', (-4.21332593144172, 43.9928524751693, 4.71319431922724));
#1637 = CARTESIAN_POINT ('', (-4.16918347231219, 43.9728685844727, 4.66202811232477));
#1638 = CARTESIAN_POINT ('', (-4.14846353944571, 43.9634883894902, 4.63531839602253));
#1639 = CARTESIAN_POINT ('', (-4.10942647006338, 43.9458157780626, 4.57925045652663));
#1640 = CARTESIAN_POINT ('', (-4.09151143583882, 43.9377053987854, 4.55049523529277));
#1641 = CARTESIAN_POINT ('', (-4.05802211631278, 43.9225443290556, 4.49014196665974));
#1642 = CARTESIAN_POINT ('', (-4.0430693861151, 43.915775025039, 4.45969387289744));
#1643 = CARTESIAN_POINT ('', (-4.02012691502626, 43.9053886568214, 4.40644007814124));
#1644 = CARTESIAN_POINT ('', (-4.01181020963036, 43.901623571349, 4.38523997546476));
#1645 = CARTESIAN_POINT ('', (-3.99622892400592, 43.894569711755, 4.3413397756408));
#1646 = CARTESIAN_POINT ('', (-3.98931000828321, 43.8914374246494, 4.31962224037501));
#1647 = CARTESIAN_POINT ('', (-3.97656321905065, 43.8856667800642, 4.27460130111569));
#1648 = CARTESIAN_POINT ('', (-3.97106646748697, 43.8831783259861, 4.25247812263055));
#1649 = CARTESIAN_POINT ('', (-3.96121859523581, 43.8787200604853, 4.20655676669408));
#1650 = CARTESIAN_POINT ('', (-3.95716092890127, 43.8768830998331, 4.18414109037879));
#1651 = CARTESIAN_POINT ('', (-3.95026209978115, 43.8737599062052, 4.13754380376281));
#1652 = CARTESIAN_POINT ('', (-3.94765291107822, 43.872578691047, 4.11494954200634));
#1653 = CARTESIAN_POINT ('', (-3.94414641557159, 43.8709912529134, 4.0728036086527));
#1654 = CARTESIAN_POINT ('', (-3.94310219006322, 43.8705185178453, 4.05471677415727));
#1655 = CARTESIAN_POINT ('', (-3.94249713818115, 43.8702446026418, 4.03601966282845));
#1656 = B_SPLINE_CURVE_WITH_KNOTS ('', 3, (#1616, #1617, #1618, #1619, #1620, #1621, #1622, #1623, #1624, #1625, #1626, #1627, #1628, #1629, #1630, #1631, #1632, #1633, #1634, #1635, #1636, #1637, #1638, #1639, #1640, #1641, #1642, #1643, #1644, #1645, #1646, #1647, #1648, #1649, #1650, #1651, #1652, #1653, #1654, #1655), .UNSPECIFIED., .F., .U., (4, 2, 2, 2, 2, 2, 2, 2, 2, 2, 2, 2, 2, 2, 2, 2, 2, 2, 2, 4), (0., 0.0699270881381814, 0.139903323999645, 0.209927551120973, 0.279998768943275, 0.350116121428783, 0.420278887653989, 0.490486474133064, 0.595820209902833, 0.701302337045502, 0.806932110712153, 0.912709621280055, 1.01863579603556, 1.12471241921265, 1.19536101359987, 1.26605543627814, 1.33679648835125, 1.40758511108791, 1.47842239599084, 1.53454910802932), .UNSPECIFIED.);
#1657 = EDGE_CURVE ('', #1613, #1615, #1656, .T.);
#1658 = ORIENTED_EDGE ('', *, *, #1657, .F.);
#1659 = CARTESIAN_POINT ('', (-5.75915897303512, 42.508925953758, 5.00000000000318));
#1660 = CARTESIAN_POINT ('', (-5.42843782454278, 43.0817517860843, 5.00000000000325));
#1661 = CARTESIAN_POINT ('', (-5.1248492977011, 43.6760198416389, 5.00000000000334));
#1662 = CARTESIAN_POINT ('', (-4.85289771101694, 44.2823953050816, 5.00000000000342));
#1663 = B_SPLINE_CURVE_WITH_KNOTS ('', 3, (#1659, #1660, #1661, #1662), .UNSPECIFIED., .F., .U., (4, 4), (0., 1.98432689095405), .UNSPECIFIED.);
#1664 = EDGE_CURVE ('', #1568, #1613, #1663, .T.);
#1665 = ORIENTED_EDGE ('', *, *, #1664, .F.);
#1666 = ORIENTED_EDGE ('', *, *, #1573, .F.);
#1667 = CARTESIAN_POINT ('', (-4.89395234280656, 42.009398672891, 4.04347393101942));
#1668 = CARTESIAN_POINT ('', (-4.54680840652585, 42.6104604762155, 4.04107094919833));
#1669 = CARTESIAN_POINT ('', (-4.22808493092558, 43.2339962137694, 4.03857313343281));
#1670 = CARTESIAN_POINT ('', (-3.94249713818115, 43.8702446026418, 4.03601966282845));
#1671 = B_SPLINE_CURVE_WITH_KNOTS ('', 3, (#1667, #1668, #1669, #1670), .UNSPECIFIED., .F., .U., (4, 4), (0., 1.98081587270838), .UNSPECIFIED.);
#1672 = EDGE_CURVE ('', #1566, #1615, #1671, .T.);
#1673 = ORIENTED_EDGE ('', *, *, #1672, .T.);
#1674 = EDGE_LOOP ('', (#1658, #1665, #1666, #1673));
#1675 = FACE_OUTER_BOUND ('', #1674, .T.);
#1676 = CARTESIAN_POINT ('', (-4.89395234280656, 42.009398672891, 4.04347393101942));
#1677 = CARTESIAN_POINT ('', (-4.92999917851499, 42.0302103231906, 5.00000000000312));
#1678 = CARTESIAN_POINT ('', (-5.75915897303512, 42.508925953758, 5.00000000000318));
#1679 = CARTESIAN_POINT ('', (-4.54619309002372, 42.6115258649714, 4.04106668988623));
#1680 = CARTESIAN_POINT ('', (-4.57903783424433, 42.6319336379366, 5.00000000000364));
#1681 = CARTESIAN_POINT ('', (-5.42843782454276, 43.0817517860843, 5.00000000000325));
#1682 = CARTESIAN_POINT ('', (-4.22695513838022, 43.2362067324882, 4.03856427832221));
#1683 = CARTESIAN_POINT ('', (-4.2596111678856, 43.2520443731751, 5.00000000000371));
#1684 = CARTESIAN_POINT ('', (-5.12484929770109, 43.6760198416389, 5.00000000000333));
#1685 = CARTESIAN_POINT ('', (-3.94097882787233, 43.8736279945237, 4.03600608413865));
#1686 = CARTESIAN_POINT ('', (-3.97278810494044, 43.8863550832157, 5.00000000000365));
#1687 = CARTESIAN_POINT ('', (-4.85289771101692, 44.2823953050816, 5.00000000000341));
#1688 = (
   BOUNDED_SURFACE ()
   B_SPLINE_SURFACE (3, 2, ((#1676, #1677, #1678), (#1679, #1680, #1681), (#1682, #1683, #1684), (#1685, #1686, #1687)), .UNSPECIFIED., .F., .F., .U.)
   B_SPLINE_SURFACE_WITH_KNOTS ((4, 4), (3, 3), (0., 1.98432689095405), (0., 1.), .UNSPECIFIED.)
   GEOMETRIC_REPRESENTATION_ITEM ()
   RATIONAL_B_SPLINE_SURFACE (((1., 0.722313619910453, 1.), (1., 0.721479056310943, 1.), (1., 0.720614812506723, 1.), (1., 0.719726494433303, 1.)))
   REPRESENTATION_ITEM ('')
   SURFACE ()
);
#1689 = ADVANCED_FACE ('', (#1675), #1688, .T.);
#1690 = CARTESIAN_POINT ('', (-5.56834964054414, 44.6062901093196, 5.00000000000346));
#1691 = VERTEX_POINT ('', #1690);
#1692 = CARTESIAN_POINT ('', (-4.85289771101691, 44.2823953050816, 5.00000000000341));
#1693 = CARTESIAN_POINT ('', (-5.56834964054414, 44.6062901093195, 5.00000000000346));
#1694 = B_SPLINE_CURVE_WITH_KNOTS ('', 1, (#1692, #1693), .UNSPECIFIED., .F., .U., (2, 2), (0.0661740551822513, 0.121337856054726), .UNSPECIFIED.);
#1695 = EDGE_CURVE ('', #1613, #1691, #1694, .T.);
#1696 = ORIENTED_EDGE ('', *, *, #1695, .F.);
#1697 = ORIENTED_EDGE ('', *, *, #1657, .T.);
#1698 = CARTESIAN_POINT ('', (-3.92477635981962, 43.862222165632, 3.50000000000338));
#1699 = VERTEX_POINT ('', #1698);
#1700 = CARTESIAN_POINT ('', (-3.9247763598196, 43.8622221656318, 3.50000000000338));
#1701 = CARTESIAN_POINT ('', (-3.93061952294178, 43.8648674449266, 3.67868303241117));
#1702 = CARTESIAN_POINT ('', (-3.93647396563701, 43.8675178306372, 3.85734433400234));
#1703 = CARTESIAN_POINT ('', (-3.94234106175094, 43.8701739447223, 4.03602583801104));
#1704 = B_SPLINE_CURVE_WITH_KNOTS ('', 3, (#1700, #1701, #1702, #1703), .UNSPECIFIED., .F., .U., (4, 4), (0., 0.53639434668385), .UNSPECIFIED.);
#1705 = EDGE_CURVE ('', #1699, #1615, #1704, .T.);
#1706 = ORIENTED_EDGE ('', *, *, #1705, .F.);
#1707 = CARTESIAN_POINT ('', (-5.56834964054411, 44.6062901093198, 3.50000000000347));
#1708 = VERTEX_POINT ('', #1707);
#1709 = CARTESIAN_POINT ('', (-5.56834964054413, 44.6062901093196, 3.50000000000348));
#1710 = CARTESIAN_POINT ('', (-3.92477635981962, 43.8622221656318, 3.50000000000338));
#1711 = B_SPLINE_CURVE_WITH_KNOTS ('', 1, (#1709, #1710), .UNSPECIFIED., .F., .U., (2, 2), (37.2500000000001, 39.0541536059704), .UNSPECIFIED.);
#1712 = EDGE_CURVE ('', #1708, #1699, #1711, .T.);
#1713 = ORIENTED_EDGE ('', *, *, #1712, .F.);
#1714 = CARTESIAN_POINT ('', (-5.56834964054402, 44.6062901093196, 3.50000000000371));
#1715 = CARTESIAN_POINT ('', (-5.56834964054402, 44.6062901093195, 4.00000000000362));
#1716 = CARTESIAN_POINT ('', (-5.56834964054402, 44.6062901093195, 4.50000000000354));
#1717 = CARTESIAN_POINT ('', (-5.56834964054402, 44.6062901093194, 5.00000000000346));
#1718 = B_SPLINE_CURVE_WITH_KNOTS ('', 3, (#1714, #1715, #1716, #1717), .UNSPECIFIED., .F., .U., (4, 4), (0., 1.49999999999975), .UNSPECIFIED.);
#1719 = EDGE_CURVE ('', #1708, #1691, #1718, .T.);
#1720 = ORIENTED_EDGE ('', *, *, #1719, .T.);
#1721 = EDGE_LOOP ('', (#1696, #1697, #1706, #1713, #1720));
#1722 = FACE_OUTER_BOUND ('', #1721, .T.);
#1723 = CARTESIAN_POINT ('', (-5.56834964054404, 44.6062901093196, 3.50000000000352));
#1724 = CARTESIAN_POINT ('', (-3.92477635981957, 43.8622221656318, 3.50000000000343));
#1725 = CARTESIAN_POINT ('', (-5.56834964054404, 44.6062901093194, 5.00000000000352));
#1726 = CARTESIAN_POINT ('', (-3.92477635981957, 43.8622221656316, 5.00000000000342));
#1727 = B_SPLINE_SURFACE_WITH_KNOTS ('', 1, 1, ((#1723, #1724), (#1725, #1726)), .UNSPECIFIED., .F., .F., .U., (2, 2), (2, 2), (0., 0.0546252215075796), (1.3565263341049, 1.42222786101145), .UNSPECIFIED.);
#1728 = ADVANCED_FACE ('', (#1722), #1727, .T.);
#1729 = ORIENTED_EDGE ('', *, *, #1719, .F.);
#1730 = CARTESIAN_POINT ('', (-6.41151259265344, 42.9641538178093, 3.50000000000327));
#1731 = VERTEX_POINT ('', #1730);
#1732 = CARTESIAN_POINT ('', (-6.41151259265339, 42.9641538178089, 3.50000000000325));
#1733 = CARTESIAN_POINT ('', (-5.94946468236395, 43.7644442739613, 3.50000000000336));
#1734 = CARTESIAN_POINT ('', (-5.56834964054413, 44.6062901093197, 3.50000000000347));
#1735 = (
   BOUNDED_CURVE ()
   B_SPLINE_CURVE (2, (#1732, #1733, #1734), .UNSPECIFIED., .F., .U.)
   B_SPLINE_CURVE_WITH_KNOTS ((3, 3), (0., 0.0984905272274684), .UNSPECIFIED.)
   CURVE ()
   GEOMETRIC_REPRESENTATION_ITEM ()
   RATIONAL_B_SPLINE_CURVE ((1., 0.998787697031695, 1.))
   REPRESENTATION_ITEM ('')
);
#1736 = EDGE_CURVE ('', #1731, #1708, #1735, .T.);
#1737 = ORIENTED_EDGE ('', *, *, #1736, .F.);
#1738 = CARTESIAN_POINT ('', (-6.41151259265344, 42.9641538178091, 5.00000000000326));
#1739 = VERTEX_POINT ('', #1738);
#1740 = CARTESIAN_POINT ('', (-6.41151259265339, 42.9641538178089, 3.50000000000325));
#1741 = CARTESIAN_POINT ('', (-6.41151259265339, 42.9641538178087, 5.00000000000324));
#1742 = B_SPLINE_CURVE_WITH_KNOTS ('', 1, (#1740, #1741), .UNSPECIFIED., .F., .U., (2, 2), (0., 1.), .UNSPECIFIED.);
#1743 = EDGE_CURVE ('', #1731, #1739, #1742, .T.);
#1744 = ORIENTED_EDGE ('', *, *, #1743, .T.);
#1745 = CARTESIAN_POINT ('', (-6.41151259265339, 42.9641538178087, 5.00000000000324));
#1746 = CARTESIAN_POINT ('', (-5.94946468236392, 43.7644442739611, 5.00000000000334));
#1747 = CARTESIAN_POINT ('', (-5.5683496405441, 44.6062901093194, 5.00000000000346));
#1748 = (
   BOUNDED_CURVE ()
   B_SPLINE_CURVE (2, (#1745, #1746, #1747), .UNSPECIFIED., .F., .U.)
   B_SPLINE_CURVE_WITH_KNOTS ((3, 3), (0., 0.0984905272274865), .UNSPECIFIED.)
   CURVE ()
   GEOMETRIC_REPRESENTATION_ITEM ()
   RATIONAL_B_SPLINE_CURVE ((1., 0.99878769703182, 1.))
   REPRESENTATION_ITEM ('')
);
#1749 = EDGE_CURVE ('', #1739, #1691, #1748, .T.);
#1750 = ORIENTED_EDGE ('', *, *, #1749, .T.);
#1751 = EDGE_LOOP ('', (#1729, #1737, #1744, #1750));
#1752 = FACE_OUTER_BOUND ('', #1751, .T.);
#1753 = CARTESIAN_POINT ('', (-5.56834964054414, 44.6062901093199, 5.00000000000204));
#1754 = CARTESIAN_POINT ('', (-5.94946468236387, 43.7644442739623, 5.00000000000174));
#1755 = CARTESIAN_POINT ('', (-6.41151259265322, 42.9641538178105, 5.00000000000145));
#1756 = CARTESIAN_POINT ('', (-5.56834964054405, 44.6062901093204, 3.50000000000408));
#1757 = CARTESIAN_POINT ('', (-5.94946468236378, 43.7644442739628, 3.50000000000379));
#1758 = CARTESIAN_POINT ('', (-6.41151259265312, 42.964153817811, 3.5000000000035));
#1759 = (
   BOUNDED_SURFACE ()
   B_SPLINE_SURFACE (1, 2, ((#1753, #1754, #1755), (#1756, #1757, #1758)), .UNSPECIFIED., .F., .F., .U.)
   B_SPLINE_SURFACE_WITH_KNOTS ((2, 2), (3, 3), (0., 0.054181109869585), (0.304925229144414, 0.372072847837617), .UNSPECIFIED.)
   GEOMETRIC_REPRESENTATION_ITEM ()
   RATIONAL_B_SPLINE_SURFACE (((0.988910404995747, 0.993234182021974, 1.), (0.988910404995747, 0.993234182021974, 1.)))
   REPRESENTATION_ITEM ('')
   SURFACE ()
);
#1760 = ADVANCED_FACE ('', (#1752), #1759, .T.);
#1761 = CARTESIAN_POINT ('', (-19.7979220639045, 19.7782124826812, 3.5000000000002));
#1762 = VERTEX_POINT ('', #1761);
#1763 = CARTESIAN_POINT ('', (-19.7979220639045, 19.778212482681, 5.0000000000002));
#1764 = VERTEX_POINT ('', #1763);
#1765 = CARTESIAN_POINT ('', (-19.7979220639044, 19.7782124826811, 3.50000000000018));
#1766 = CARTESIAN_POINT ('', (-19.7979220639044, 19.7782124826809, 5.00000000000017));
#1767 = B_SPLINE_CURVE_WITH_KNOTS ('', 1, (#1765, #1766), .UNSPECIFIED., .F., .U., (2, 2), (0., 1.), .UNSPECIFIED.);
#1768 = EDGE_CURVE ('', #1762, #1764, #1767, .T.);
#1769 = ORIENTED_EDGE ('', *, *, #1768, .T.);
#1770 = CARTESIAN_POINT ('', (-19.7979220639045, 19.7782124826808, 5.00000000000016));
#1771 = CARTESIAN_POINT ('', (-6.41151259265348, 42.9641538178089, 5.00000000000323));
#1772 = B_SPLINE_CURVE_WITH_KNOTS ('', 1, (#1770, #1771), .UNSPECIFIED., .F., .U., (2, 2), (941.136367370882, 967.909186313384), .UNSPECIFIED.);
#1773 = EDGE_CURVE ('', #1764, #1739, #1772, .T.);
#1774 = ORIENTED_EDGE ('', *, *, #1773, .T.);
#1775 = ORIENTED_EDGE ('', *, *, #1743, .F.);
#1776 = CARTESIAN_POINT ('', (-19.7979220639045, 19.7782124826811, 3.50000000000017));
#1777 = CARTESIAN_POINT ('', (-6.41151259265348, 42.9641538178091, 3.50000000000324));
#1778 = B_SPLINE_CURVE_WITH_KNOTS ('', 1, (#1776, #1777), .UNSPECIFIED., .F., .U., (2, 2), (941.136367370882, 967.909186313384), .UNSPECIFIED.);
#1779 = EDGE_CURVE ('', #1762, #1731, #1778, .T.);
#1780 = ORIENTED_EDGE ('', *, *, #1779, .F.);
#1781 = EDGE_LOOP ('', (#1769, #1774, #1775, #1780));
#1782 = FACE_OUTER_BOUND ('', #1781, .T.);
#1783 = CARTESIAN_POINT ('', (-19.7979220639003, 19.7782124826884, 3.50000000001895));
#1784 = CARTESIAN_POINT ('', (-6.41151259264905, 42.9641538178162, 3.50000000002255));
#1785 = CARTESIAN_POINT ('', (-19.7979220639003, 19.7782124826882, 5.00000000001895));
#1786 = CARTESIAN_POINT ('', (-6.41151259264905, 42.9641538178159, 5.00000000002255));
#1787 = B_SPLINE_SURFACE_WITH_KNOTS ('', 1, 1, ((#1783, #1784), (#1785, #1786)), .UNSPECIFIED., .F., .F., .U., (2, 2), (2, 2), (0., 0.0514568940536226), (32.2853028972097, 33.2037336357704), .UNSPECIFIED.);
#1788 = ADVANCED_FACE ('', (#1782), #1787, .T.);
#1789 = CARTESIAN_POINT ('', (-34.4826951545866, 15.8434393919986, 3.49999999999968));
#1790 = VERTEX_POINT ('', #1789);
#1791 = CARTESIAN_POINT ('', (-34.4826951545866, 15.8434393919984, 4.99999999999968));
#1792 = VERTEX_POINT ('', #1791);
#1793 = CARTESIAN_POINT ('', (-34.4826951545863, 15.8434393919985, 3.49999999999966));
#1794 = CARTESIAN_POINT ('', (-34.4826951545863, 15.8434393919982, 4.99999999999965));
#1795 = B_SPLINE_CURVE_WITH_KNOTS ('', 1, (#1793, #1794), .UNSPECIFIED., .F., .U., (2, 2), (0., 1.), .UNSPECIFIED.);
#1796 = EDGE_CURVE ('', #1790, #1792, #1795, .T.);
#1797 = ORIENTED_EDGE ('', *, *, #1796, .T.);
#1798 = CARTESIAN_POINT ('', (-34.4826951545864, 15.8434393919983, 4.99999999999965));
#1799 = CARTESIAN_POINT ('', (-25.1729220639042, 10.4684393919985, 4.99999999999894));
#1800 = CARTESIAN_POINT ('', (-19.7979220639044, 19.7782124826807, 5.00000000000018));
#1801 = (
   BOUNDED_CURVE ()
   B_SPLINE_CURVE (2, (#1798, #1799, #1800), .UNSPECIFIED., .F., .U.)
   B_SPLINE_CURVE_WITH_KNOTS ((3, 3), (0., 1.5707963267949), .UNSPECIFIED.)
   CURVE ()
   GEOMETRIC_REPRESENTATION_ITEM ()
   RATIONAL_B_SPLINE_CURVE ((1., 0.707106781186547, 1.))
   REPRESENTATION_ITEM ('')
);
#1802 = EDGE_CURVE ('', #1792, #1764, #1801, .T.);
#1803 = ORIENTED_EDGE ('', *, *, #1802, .T.);
#1804 = ORIENTED_EDGE ('', *, *, #1768, .F.);
#1805 = CARTESIAN_POINT ('', (-34.4826951545864, 15.8434393919984, 3.49999999999966));
#1806 = CARTESIAN_POINT ('', (-25.1729220639042, 10.4684393919987, 3.49999999999895));
#1807 = CARTESIAN_POINT ('', (-19.7979220639044, 19.7782124826809, 3.50000000000018));
#1808 = (
   BOUNDED_CURVE ()
   B_SPLINE_CURVE (2, (#1805, #1806, #1807), .UNSPECIFIED., .F., .U.)
   B_SPLINE_CURVE_WITH_KNOTS ((3, 3), (0., 1.5707963267949), .UNSPECIFIED.)
   CURVE ()
   GEOMETRIC_REPRESENTATION_ITEM ()
   RATIONAL_B_SPLINE_CURVE ((1., 0.707106781186546, 1.))
   REPRESENTATION_ITEM ('')
);
#1809 = EDGE_CURVE ('', #1790, #1762, #1808, .T.);
#1810 = ORIENTED_EDGE ('', *, *, #1809, .F.);
#1811 = EDGE_LOOP ('', (#1797, #1803, #1804, #1810));
#1812 = FACE_OUTER_BOUND ('', #1811, .T.);
#1813 = CARTESIAN_POINT ('', (-19.7979220639045, 19.7782124826806, 5.00000000000024));
#1814 = CARTESIAN_POINT ('', (-25.1729220639041, 10.4684393919987, 4.99999999999902));
#1815 = CARTESIAN_POINT ('', (-34.482695154586, 15.8434393919982, 4.9999999999996));
#1816 = CARTESIAN_POINT ('', (-19.7979220639045, 19.7782124826808, 3.50000000000036));
#1817 = CARTESIAN_POINT ('', (-25.1729220639041, 10.4684393919988, 3.49999999999914));
#1818 = CARTESIAN_POINT ('', (-34.482695154586, 15.8434393919984, 3.49999999999972));
#1819 = (
   BOUNDED_SURFACE ()
   B_SPLINE_SURFACE (1, 2, ((#1813, #1814, #1815), (#1816, #1817, #1818)), .UNSPECIFIED., .F., .F., .U.)
   B_SPLINE_SURFACE_WITH_KNOTS ((2, 2), (3, 3), (0., 0.0541811098696545), (0., 0.609936999948621), .UNSPECIFIED.)
   GEOMETRIC_REPRESENTATION_ITEM ()
   RATIONAL_B_SPLINE_SURFACE (((1., 0.707106781186547, 1.), (1., 0.707106781186547, 1.)))
   REPRESENTATION_ITEM ('')
   SURFACE ()
);
#1820 = ADVANCED_FACE ('', (#1812), #1819, .T.);
#1821 = CARTESIAN_POINT ('', (-55.6287623027866, 28.0521269523138, 3.5000000000013));
#1822 = VERTEX_POINT ('', #1821);
#1823 = CARTESIAN_POINT ('', (-55.6287623027866, 28.0521269523136, 5.0000000000013));
#1824 = VERTEX_POINT ('', #1823);
#1825 = CARTESIAN_POINT ('', (-55.6287623027862, 28.0521269523136, 3.50000000000128));
#1826 = CARTESIAN_POINT ('', (-55.6287623027862, 28.0521269523134, 5.00000000000126));
#1827 = B_SPLINE_CURVE_WITH_KNOTS ('', 1, (#1825, #1826), .UNSPECIFIED., .F., .U., (2, 2), (0., 1.), .UNSPECIFIED.);
#1828 = EDGE_CURVE ('', #1822, #1824, #1827, .T.);
#1829 = ORIENTED_EDGE ('', *, *, #1828, .T.);
#1830 = CARTESIAN_POINT ('', (-55.628762302786, 28.0521269523135, 5.00000000000128));
#1831 = CARTESIAN_POINT ('', (-34.4826951545862, 15.8434393919983, 4.99999999999967));
#1832 = B_SPLINE_CURVE_WITH_KNOTS ('', 1, (#1830, #1831), .UNSPECIFIED., .F., .U., (2, 2), (915.718992250252, 940.136367370882), .UNSPECIFIED.);
#1833 = EDGE_CURVE ('', #1824, #1792, #1832, .T.);
#1834 = ORIENTED_EDGE ('', *, *, #1833, .T.);
#1835 = ORIENTED_EDGE ('', *, *, #1796, .F.);
#1836 = CARTESIAN_POINT ('', (-55.628762302786, 28.0521269523136, 3.50000000000128));
#1837 = CARTESIAN_POINT ('', (-34.4826951545862, 15.8434393919985, 3.49999999999966));
#1838 = B_SPLINE_CURVE_WITH_KNOTS ('', 1, (#1836, #1837), .UNSPECIFIED., .F., .U., (2, 2), (915.718992250252, 940.136367370882), .UNSPECIFIED.);
#1839 = EDGE_CURVE ('', #1822, #1790, #1838, .T.);
#1840 = ORIENTED_EDGE ('', *, *, #1839, .F.);
#1841 = EDGE_LOOP ('', (#1829, #1834, #1835, #1840));
#1842 = FACE_OUTER_BOUND ('', #1841, .T.);
#1843 = CARTESIAN_POINT ('', (-55.6287623027713, 28.0521269523051, 3.50000000000927));
#1844 = CARTESIAN_POINT ('', (-34.4826951545716, 15.84343939199, 3.50000000000787));
#1845 = CARTESIAN_POINT ('', (-55.6287623027713, 28.0521269523049, 5.00000000000926));
#1846 = CARTESIAN_POINT ('', (-34.4826951545716, 15.8434393919899, 5.00000000000786));
#1847 = B_SPLINE_SURFACE_WITH_KNOTS ('', 1, 1, ((#1843, #1844), (#1845, #1846)), .UNSPECIFIED., .F., .F., .U., (2, 2), (2, 2), (0., 0.0514568940536226), (31.4133701114077, 32.2509983011742), .UNSPECIFIED.);
#1848 = ADVANCED_FACE ('', (#1842), #1847, .T.);
#1849 = CARTESIAN_POINT ('', (-66.7833814667954, 32.6725214931533, 3.50000000000191));
#1850 = VERTEX_POINT ('', #1849);
#1851 = CARTESIAN_POINT ('', (-66.7833814667954, 32.6725214931531, 5.00000000000191));
#1852 = VERTEX_POINT ('', #1851);
#1853 = CARTESIAN_POINT ('', (-66.7833814667948, 32.6725214931531, 3.50000000000189));
#1854 = CARTESIAN_POINT ('', (-66.7833814667948, 32.6725214931529, 5.00000000000188));
#1855 = B_SPLINE_CURVE_WITH_KNOTS ('', 1, (#1853, #1854), .UNSPECIFIED., .F., .U., (2, 2), (0., 1.), .UNSPECIFIED.);
#1856 = EDGE_CURVE ('', #1850, #1852, #1855, .T.);
#1857 = ORIENTED_EDGE ('', *, *, #1856, .T.);
#1858 = CARTESIAN_POINT ('', (-66.7833814667948, 32.6725214931529, 5.00000000000188));
#1859 = CARTESIAN_POINT ('', (-60.9019286442201, 31.0965909590222, 5.00000000000167));
#1860 = CARTESIAN_POINT ('', (-55.6287623027862, 28.0521269523134, 5.00000000000127));
#1861 = (
   BOUNDED_CURVE ()
   B_SPLINE_CURVE (2, (#1858, #1859, #1860), .UNSPECIFIED., .F., .U.)
   B_SPLINE_CURVE_WITH_KNOTS ((3, 3), (0., 0.261799387799201), .UNSPECIFIED.)
   CURVE ()
   GEOMETRIC_REPRESENTATION_ITEM ()
   RATIONAL_B_SPLINE_CURVE ((1., 0.991444861373789, 1.))
   REPRESENTATION_ITEM ('')
);
#1862 = EDGE_CURVE ('', #1852, #1824, #1861, .T.);
#1863 = ORIENTED_EDGE ('', *, *, #1862, .T.);
#1864 = ORIENTED_EDGE ('', *, *, #1828, .F.);
#1865 = CARTESIAN_POINT ('', (-66.7833814667948, 32.6725214931531, 3.50000000000189));
#1866 = CARTESIAN_POINT ('', (-60.90192864422, 31.0965909590224, 3.50000000000168));
#1867 = CARTESIAN_POINT ('', (-55.6287623027861, 28.0521269523135, 3.50000000000128));
#1868 = (
   BOUNDED_CURVE ()
   B_SPLINE_CURVE (2, (#1865, #1866, #1867), .UNSPECIFIED., .F., .U.)
   B_SPLINE_CURVE_WITH_KNOTS ((3, 3), (0., 0.261799387799207), .UNSPECIFIED.)
   CURVE ()
   GEOMETRIC_REPRESENTATION_ITEM ()
   RATIONAL_B_SPLINE_CURVE ((1., 0.991444861373782, 1.))
   REPRESENTATION_ITEM ('')
);
#1869 = EDGE_CURVE ('', #1850, #1822, #1868, .T.);
#1870 = ORIENTED_EDGE ('', *, *, #1869, .F.);
#1871 = EDGE_LOOP ('', (#1857, #1863, #1864, #1870));
#1872 = FACE_OUTER_BOUND ('', #1871, .T.);
#1873 = CARTESIAN_POINT ('', (-55.6287623027855, 28.052126952313, 4.99999999999644));
#1874 = CARTESIAN_POINT ('', (-60.9019286442197, 31.0965909590223, 4.99999999999696));
#1875 = CARTESIAN_POINT ('', (-66.7833814667948, 32.6725214931531, 4.99999999999757));
#1876 = CARTESIAN_POINT ('', (-55.6287623027857, 28.052126952313, 3.50000000000007));
#1877 = CARTESIAN_POINT ('', (-60.9019286442198, 31.0965909590222, 3.5000000000006));
#1878 = CARTESIAN_POINT ('', (-66.7833814667949, 32.672521493153, 3.50000000000121));
#1879 = (
   BOUNDED_SURFACE ()
   B_SPLINE_SURFACE (1, 2, ((#1873, #1874, #1875), (#1876, #1877, #1878)), .UNSPECIFIED., .F., .F., .U.)
   B_SPLINE_SURFACE_WITH_KNOTS ((2, 2), (3, 3), (-0.0541811098696276, -1.00031094518727E-13), (0., 0.437357926319825), .UNSPECIFIED.)
   GEOMETRIC_REPRESENTATION_ITEM ()
   RATIONAL_B_SPLINE_SURFACE (((1., 0.991444861373805, 1.), (1., 0.991444861373805, 1.)))
   REPRESENTATION_ITEM ('')
   SURFACE ()
);
#1880 = ADVANCED_FACE ('', (#1872), #1879, .T.);
#1881 = CARTESIAN_POINT ('', (-70.5212093871866, 33.6740694658685, 3.50000000000204));
#1882 = VERTEX_POINT ('', #1881);
#1883 = CARTESIAN_POINT ('', (-70.5212093871866, 33.6740694658683, 5.00000000000204));
#1884 = VERTEX_POINT ('', #1883);
#1885 = CARTESIAN_POINT ('', (-70.5212093871859, 33.6740694658682, 3.50000000000202));
#1886 = CARTESIAN_POINT ('', (-70.5212093871859, 33.674069465868, 5.00000000000201));
#1887 = B_SPLINE_CURVE_WITH_KNOTS ('', 1, (#1885, #1886), .UNSPECIFIED., .F., .U., (2, 2), (0., 1.), .UNSPECIFIED.);
#1888 = EDGE_CURVE ('', #1882, #1884, #1887, .T.);
#1889 = ORIENTED_EDGE ('', *, *, #1888, .T.);
#1890 = CARTESIAN_POINT ('', (-70.5212093871858, 33.674069465868, 5.00000000000202));
#1891 = CARTESIAN_POINT ('', (-66.7833814667939, 32.6725214931528, 5.00000000000189));
#1892 = B_SPLINE_CURVE_WITH_KNOTS ('', 1, (#1890, #1891), .UNSPECIFIED., .F., .U., (2, 2), (910.849308037799, 914.718992250252), .UNSPECIFIED.);
#1893 = EDGE_CURVE ('', #1884, #1852, #1892, .T.);
#1894 = ORIENTED_EDGE ('', *, *, #1893, .T.);
#1895 = ORIENTED_EDGE ('', *, *, #1856, .F.);
#1896 = CARTESIAN_POINT ('', (-70.5212093871858, 33.6740694658681, 3.50000000000203));
#1897 = CARTESIAN_POINT ('', (-66.7833814667939, 32.6725214931529, 3.5000000000019));
#1898 = B_SPLINE_CURVE_WITH_KNOTS ('', 1, (#1896, #1897), .UNSPECIFIED., .F., .U., (2, 2), (910.849308037799, 914.718992250252), .UNSPECIFIED.);
#1899 = EDGE_CURVE ('', #1882, #1850, #1898, .T.);
#1900 = ORIENTED_EDGE ('', *, *, #1899, .F.);
#1901 = EDGE_LOOP ('', (#1889, #1894, #1895, #1900));
#1902 = FACE_OUTER_BOUND ('', #1901, .T.);
#1903 = CARTESIAN_POINT ('', (-70.521209387177, 33.6740694658658, 3.50000000000732));
#1904 = CARTESIAN_POINT ('', (-66.7833814667857, 32.6725214931505, 3.50000000000721));
#1905 = CARTESIAN_POINT ('', (-70.521209387177, 33.6740694658656, 5.00000000000732));
#1906 = CARTESIAN_POINT ('', (-66.7833814667857, 32.6725214931504, 5.0000000000072));
#1907 = B_SPLINE_SURFACE_WITH_KNOTS ('', 1, 1, ((#1903, #1904), (#1905, #1906)), .UNSPECIFIED., .F., .F., .U., (2, 2), (2, 2), (0., 0.0514568940536226), (31.2463175616793, 31.3790655153734), .UNSPECIFIED.);
#1908 = ADVANCED_FACE ('', (#1902), #1907, .T.);
#1909 = CARTESIAN_POINT ('', (-82.491590223178, 35.2499999999992, 3.50000000000225));
#1910 = VERTEX_POINT ('', #1909);
#1911 = CARTESIAN_POINT ('', (-82.491590223178, 35.249999999999, 5.00000000000225));
#1912 = VERTEX_POINT ('', #1911);
#1913 = CARTESIAN_POINT ('', (-82.4915902231773, 35.2499999999988, 3.50000000000223));
#1914 = CARTESIAN_POINT ('', (-82.4915902231773, 35.2499999999986, 5.00000000000222));
#1915 = B_SPLINE_CURVE_WITH_KNOTS ('', 1, (#1913, #1914), .UNSPECIFIED., .F., .U., (2, 2), (0., 1.), .UNSPECIFIED.);
#1916 = EDGE_CURVE ('', #1910, #1912, #1915, .T.);
#1917 = ORIENTED_EDGE ('', *, *, #1916, .T.);
#1918 = CARTESIAN_POINT ('', (-82.4915902231773, 35.2499999999986, 5.00000000000222));
#1919 = CARTESIAN_POINT ('', (-76.4026622097604, 35.2499999999986, 5.00000000000221));
#1920 = CARTESIAN_POINT ('', (-70.521209387186, 33.674069465868, 5.00000000000201));
#1921 = (
   BOUNDED_CURVE ()
   B_SPLINE_CURVE (2, (#1918, #1919, #1920), .UNSPECIFIED., .F., .U.)
   B_SPLINE_CURVE_WITH_KNOTS ((3, 3), (0., 0.261799387799157), .UNSPECIFIED.)
   CURVE ()
   GEOMETRIC_REPRESENTATION_ITEM ()
   RATIONAL_B_SPLINE_CURVE ((1., 0.991444861373796, 1.))
   REPRESENTATION_ITEM ('')
);
#1922 = EDGE_CURVE ('', #1912, #1884, #1921, .T.);
#1923 = ORIENTED_EDGE ('', *, *, #1922, .T.);
#1924 = ORIENTED_EDGE ('', *, *, #1888, .F.);
#1925 = CARTESIAN_POINT ('', (-82.4915902231773, 35.2499999999988, 3.50000000000223));
#1926 = CARTESIAN_POINT ('', (-76.4026622097604, 35.2499999999988, 3.50000000000223));
#1927 = CARTESIAN_POINT ('', (-70.521209387186, 33.6740694658682, 3.50000000000202));
#1928 = (
   BOUNDED_CURVE ()
   B_SPLINE_CURVE (2, (#1925, #1926, #1927), .UNSPECIFIED., .F., .U.)
   B_SPLINE_CURVE_WITH_KNOTS ((3, 3), (0., 0.261799387799154), .UNSPECIFIED.)
   CURVE ()
   GEOMETRIC_REPRESENTATION_ITEM ()
   RATIONAL_B_SPLINE_CURVE ((1., 0.991444861373806, 1.))
   REPRESENTATION_ITEM ('')
);
#1929 = EDGE_CURVE ('', #1910, #1882, #1928, .T.);
#1930 = ORIENTED_EDGE ('', *, *, #1929, .F.);
#1931 = EDGE_LOOP ('', (#1917, #1923, #1924, #1930));
#1932 = FACE_OUTER_BOUND ('', #1931, .T.);
#1933 = CARTESIAN_POINT ('', (-70.5212093871866, 33.6740694658682, 5.00000000000457));
#1934 = CARTESIAN_POINT ('', (-76.4026622097585, 35.2499999999984, 5.00000000000318));
#1935 = CARTESIAN_POINT ('', (-82.4915902231729, 35.2499999999985, 5.00000000000159));
#1936 = CARTESIAN_POINT ('', (-70.5212093871862, 33.6740694658683, 3.50000000000457));
#1937 = CARTESIAN_POINT ('', (-76.4026622097581, 35.2499999999986, 3.50000000000318));
#1938 = CARTESIAN_POINT ('', (-82.4915902231725, 35.2499999999987, 3.50000000000159));
#1939 = (
   BOUNDED_SURFACE ()
   B_SPLINE_SURFACE (1, 2, ((#1933, #1934, #1935), (#1936, #1937, #1938)), .UNSPECIFIED., .F., .F., .U.)
   B_SPLINE_SURFACE_WITH_KNOTS ((2, 2), (3, 3), (-0.054181109869659, 0.), (0., 0.437357926319592), .UNSPECIFIED.)
   GEOMETRIC_REPRESENTATION_ITEM ()
   RATIONAL_B_SPLINE_SURFACE (((1., 0.991444861373808, 1.), (1., 0.991444861373808, 1.)))
   REPRESENTATION_ITEM ('')
   SURFACE ()
);
#1940 = ADVANCED_FACE ('', (#1932), #1939, .T.);
#1941 = CARTESIAN_POINT ('', (-169., 35.2499999999995, 3.50000000000225));
#1942 = VERTEX_POINT ('', #1941);
#1943 = CARTESIAN_POINT ('', (-169., 35.2499999999993, 5.00000000000225));
#1944 = VERTEX_POINT ('', #1943);
#1945 = CARTESIAN_POINT ('', (-168.999999999998, 35.2499999999992, 3.50000000000223));
#1946 = CARTESIAN_POINT ('', (-168.999999999998, 35.249999999999, 5.00000000000222));
#1947 = B_SPLINE_CURVE_WITH_KNOTS ('', 1, (#1945, #1946), .UNSPECIFIED., .F., .U., (2, 2), (0., 1.), .UNSPECIFIED.);
#1948 = EDGE_CURVE ('', #1942, #1944, #1947, .T.);
#1949 = ORIENTED_EDGE ('', *, *, #1948, .T.);
#1950 = CARTESIAN_POINT ('', (-168.999999999998, 35.249999999999, 5.00000000000222));
#1951 = CARTESIAN_POINT ('', (-82.4915902231775, 35.2499999999987, 5.00000000000222));
#1952 = B_SPLINE_CURVE_WITH_KNOTS ('', 1, (#1950, #1951), .UNSPECIFIED., .F., .U., (2, 2), (823.340898260977, 909.849308037799), .UNSPECIFIED.);
#1953 = EDGE_CURVE ('', #1944, #1912, #1952, .T.);
#1954 = ORIENTED_EDGE ('', *, *, #1953, .T.);
#1955 = ORIENTED_EDGE ('', *, *, #1916, .F.);
#1956 = CARTESIAN_POINT ('', (-168.999999999998, 35.2499999999991, 3.50000000000223));
#1957 = CARTESIAN_POINT ('', (-82.4915902231775, 35.2499999999988, 3.50000000000223));
#1958 = B_SPLINE_CURVE_WITH_KNOTS ('', 1, (#1956, #1957), .UNSPECIFIED., .F., .U., (2, 2), (823.340898260977, 909.849308037799), .UNSPECIFIED.);
#1959 = EDGE_CURVE ('', #1942, #1910, #1958, .T.);
#1960 = ORIENTED_EDGE ('', *, *, #1959, .F.);
#1961 = EDGE_LOOP ('', (#1949, #1954, #1955, #1960));
#1962 = FACE_OUTER_BOUND ('', #1961, .T.);
#1963 = CARTESIAN_POINT ('', (-168.999999999993, 35.2499999999992, 3.50000000000224));
#1964 = CARTESIAN_POINT ('', (-82.4915902231716, 35.2499999999989, 3.50000000000224));
#1965 = CARTESIAN_POINT ('', (-168.999999999993, 35.249999999999, 5.00000000000224));
#1966 = CARTESIAN_POINT ('', (-82.4915902231716, 35.2499999999986, 5.00000000000224));
#1967 = B_SPLINE_SURFACE_WITH_KNOTS ('', 1, 1, ((#1963, #1964), (#1965, #1966)), .UNSPECIFIED., .F., .F., .U., (2, 2), (2, 2), (0., 0.0514568940536226), (28.244376914553, 31.2120129656418), .UNSPECIFIED.);
#1968 = ADVANCED_FACE ('', (#1962), #1967, .T.);
#1969 = CARTESIAN_POINT ('', (-177.980929513856, 40.0919203570756, 3.50000000000288));
#1970 = VERTEX_POINT ('', #1969);
#1971 = CARTESIAN_POINT ('', (-177.980929513857, 40.0919203570754, 5.00000000000287));
#1972 = VERTEX_POINT ('', #1971);
#1973 = CARTESIAN_POINT ('', (-177.980929513856, 40.0919203570755, 3.50000000000287));
#1974 = CARTESIAN_POINT ('', (-177.980929513856, 40.0919203570754, 4.00000000000287));
#1975 = CARTESIAN_POINT ('', (-177.980929513856, 40.0919203570753, 4.50000000000287));
#1976 = CARTESIAN_POINT ('', (-177.980929513856, 40.0919203570753, 5.00000000000286));
#1977 = B_SPLINE_CURVE_WITH_KNOTS ('', 3, (#1973, #1974, #1975, #1976), .UNSPECIFIED., .F., .U., (4, 4), (0., 1.49999999999999), .UNSPECIFIED.);
#1978 = EDGE_CURVE ('', #1970, #1972, #1977, .T.);
#1979 = ORIENTED_EDGE ('', *, *, #1978, .T.);
#1980 = CARTESIAN_POINT ('', (-177.980929513856, 40.0919203570753, 5.00000000000286));
#1981 = CARTESIAN_POINT ('', (-174.795685597827, 35.249999999999, 5.00000000000222));
#1982 = CARTESIAN_POINT ('', (-168.999999999999, 35.249999999999, 5.00000000000223));
#1983 = (
   BOUNDED_CURVE ()
   B_SPLINE_CURVE (2, (#1980, #1981, #1982), .UNSPECIFIED., .F., .U.)
   B_SPLINE_CURVE_WITH_KNOTS ((3, 3), (0., 0.988924362371812), .UNSPECIFIED.)
   CURVE ()
   GEOMETRIC_REPRESENTATION_ITEM ()
   RATIONAL_B_SPLINE_CURVE ((1., 0.880224063518158, 1.))
   REPRESENTATION_ITEM ('')
);
#1984 = EDGE_CURVE ('', #1972, #1944, #1983, .T.);
#1985 = ORIENTED_EDGE ('', *, *, #1984, .T.);
#1986 = ORIENTED_EDGE ('', *, *, #1948, .F.);
#1987 = CARTESIAN_POINT ('', (-177.980929513856, 40.0919203570754, 3.50000000000287));
#1988 = CARTESIAN_POINT ('', (-174.795685597827, 35.2499999999992, 3.50000000000224));
#1989 = CARTESIAN_POINT ('', (-168.999999999999, 35.2499999999992, 3.50000000000223));
#1990 = (
   BOUNDED_CURVE ()
   B_SPLINE_CURVE (2, (#1987, #1988, #1989), .UNSPECIFIED., .F., .U.)
   B_SPLINE_CURVE_WITH_KNOTS ((3, 3), (0., 0.988924362371803), .UNSPECIFIED.)
   CURVE ()
   GEOMETRIC_REPRESENTATION_ITEM ()
   RATIONAL_B_SPLINE_CURVE ((1., 0.880224063518167, 1.))
   REPRESENTATION_ITEM ('')
);
#1991 = EDGE_CURVE ('', #1970, #1942, #1990, .T.);
#1992 = ORIENTED_EDGE ('', *, *, #1991, .F.);
#1993 = EDGE_LOOP ('', (#1979, #1985, #1986, #1992));
#1994 = FACE_OUTER_BOUND ('', #1993, .T.);
#1995 = CARTESIAN_POINT ('', (-168.999999999998, 35.2499999999986, 5.00000000000214));
#1996 = CARTESIAN_POINT ('', (-174.795685597827, 35.2499999999985, 5.00000000000214));
#1997 = CARTESIAN_POINT ('', (-177.980929513856, 40.0919203570753, 5.00000000000275));
#1998 = CARTESIAN_POINT ('', (-168.999999999998, 35.2499999999988, 3.50000000000226));
#1999 = CARTESIAN_POINT ('', (-174.795685597827, 35.2499999999987, 3.50000000000226));
#2000 = CARTESIAN_POINT ('', (-177.980929513856, 40.0919203570755, 3.50000000000288));
#2001 = (
   BOUNDED_SURFACE ()
   B_SPLINE_SURFACE (1, 2, ((#1995, #1996, #1997), (#1998, #1999, #2000)), .UNSPECIFIED., .F., .F., .U.)
   B_SPLINE_SURFACE_WITH_KNOTS ((2, 2), (3, 3), (0., 0.0541811098696544), (0., 0.380152213592683), .UNSPECIFIED.)
   GEOMETRIC_REPRESENTATION_ITEM ()
   RATIONAL_B_SPLINE_SURFACE (((1., 0.817449989937333, 0.862453941751159), (1., 0.817449989937333, 0.862453941751159)))
   REPRESENTATION_ITEM ('')
   SURFACE ()
);
#2002 = ADVANCED_FACE ('', (#1994), #2001, .T.);
#2003 = CARTESIAN_POINT ('', (-3.89968830498231, 42.8891917508669, -8.17752212252078));
#2004 = VERTEX_POINT ('', #2003);
#2005 = CARTESIAN_POINT ('', (-4.86854523690789, 41.0041629230173, -8.01260346966461));
#2006 = VERTEX_POINT ('', #2005);
#2007 = CARTESIAN_POINT ('', (-3.89968830498231, 42.8891917508668, -8.17752212252074));
#2008 = CARTESIAN_POINT ('', (-4.05883400771733, 42.5351997236529, -8.14655183316101));
#2009 = CARTESIAN_POINT ('', (-4.22831537257012, 42.1855989665787, -8.11596573015698));
#2010 = CARTESIAN_POINT ('', (-4.55584506022151, 41.5564226939922, -8.06091993894623));
#2011 = CARTESIAN_POINT ('', (-4.70831571136862, 41.2795914477587, -8.03670034319109));
#2012 = CARTESIAN_POINT ('', (-4.86854523690786, 41.0041629230169, -8.01260346966454));
#2013 = B_SPLINE_CURVE_WITH_KNOTS ('', 3, (#2007, #2008, #2009, #2010, #2011, #2012), .UNSPECIFIED., .F., .U., (4, 2, 4), (9.0819500162712, 10.257652365797, 11.2163156495872), .UNSPECIFIED.);
#2014 = EDGE_CURVE ('', #2004, #2006, #2013, .T.);
#2015 = ORIENTED_EDGE ('', *, *, #2014, .F.);
#2016 = CARTESIAN_POINT ('', (-3.89969783917908, 42.8895615309673, -8.17755294315914));
#2017 = CARTESIAN_POINT ('', (-3.9080573457329, 43.2137817298643, -4.28503529499032));
#2018 = CARTESIAN_POINT ('', (-3.91641685261581, 43.5380019415251, -0.392517645988748));
#2019 = CARTESIAN_POINT ('', (-3.92477635981959, 43.8622221656318, 3.50000000000338));
#2020 = B_SPLINE_CURVE_WITH_KNOTS ('', 3, (#2016, #2017, #2018, #2019), .UNSPECIFIED., .F., .U., (4, 4), (0.774036641422609, 12.4920544055975), .UNSPECIFIED.);
#2021 = EDGE_CURVE ('', #2004, #1699, #2020, .T.);
#2022 = ORIENTED_EDGE ('', *, *, #2021, .T.);
#2023 = ORIENTED_EDGE ('', *, *, #1705, .T.);
#2024 = ORIENTED_EDGE ('', *, *, #1672, .F.);
#2025 = CARTESIAN_POINT ('', (-4.89395234280656, 42.009398672891, 4.04347393101942));
#2026 = CARTESIAN_POINT ('', (-4.86854523690784, 41.0041629230169, -8.01260346966453));
#2027 = B_SPLINE_CURVE_WITH_KNOTS ('', 1, (#2025, #2026), .UNSPECIFIED., .F., .U., (2, 2), (0.00637684045989138, 0.0867506897977842), .UNSPECIFIED.);
#2028 = EDGE_CURVE ('', #1566, #2006, #2027, .T.);
#2029 = ORIENTED_EDGE ('', *, *, #2028, .T.);
#2030 = EDGE_LOOP ('', (#2015, #2022, #2023, #2024, #2029));
#2031 = FACE_OUTER_BOUND ('', #2030, .T.);
#2032 = CARTESIAN_POINT ('', (-4.89395234280656, 42.009398672891, 4.04347393101941));
#2033 = CARTESIAN_POINT ('', (-4.36042496294567, 42.9334952020391, 4.04347393101954));
#2034 = CARTESIAN_POINT ('', (-3.92572083838381, 43.9079890113236, 4.04347393101967));
#2035 = CARTESIAN_POINT ('', (-4.86819767346091, 40.9904115259235, -8.17752787445849));
#2036 = CARTESIAN_POINT ('', (-4.33459248866957, 41.9146428171643, -8.17752787445837));
#2037 = CARTESIAN_POINT ('', (-3.89982497068976, 42.8892787380365, -8.17752787445824));
#2038 = (
   BOUNDED_SURFACE ()
   B_SPLINE_SURFACE (1, 2, ((#2032, #2033, #2034), (#2035, #2036, #2037)), .UNSPECIFIED., .F., .F., .U.)
   B_SPLINE_SURFACE_WITH_KNOTS ((2, 2), (3, 3), (0.00637684045989138, 0.0878501858297439), (8., 8.19052410537939), .UNSPECIFIED.)
   GEOMETRIC_REPRESENTATION_ITEM ()
   RATIONAL_B_SPLINE_SURFACE (((1., 0.992857214578516, 0.988436174761723), (1., 0.992857214578516, 0.988436174761723)))
   REPRESENTATION_ITEM ('')
   SURFACE ()
);
#2039 = ADVANCED_FACE ('', (#2031), #2038, .T.);
#2040 = CARTESIAN_POINT ('', (-6.25336541822552, 134.175639926237, 3.50000000001533));
#2041 = VERTEX_POINT ('', #2040);
#2042 = CARTESIAN_POINT ('', (-3.92477635981959, 43.8622221656318, 3.50000000000338));
#2043 = CARTESIAN_POINT ('', (-6.25336541822549, 134.175639926237, 3.50000000001533));
#2044 = B_SPLINE_CURVE_WITH_KNOTS ('', 1, (#2042, #2043), .UNSPECIFIED., .F., .U., (2, 2), (0., 1.), .UNSPECIFIED.);
#2045 = EDGE_CURVE ('', #1699, #2041, #2044, .T.);
#2046 = ORIENTED_EDGE ('', *, *, #2045, .F.);
#2047 = ORIENTED_EDGE ('', *, *, #2021, .F.);
#2048 = CARTESIAN_POINT ('', (-6.29590296424316, 135.82544204574, -16.3083904539188));
#2049 = VERTEX_POINT ('', #2048);
#2050 = CARTESIAN_POINT ('', (-3.89968830498231, 42.8891917508667, -8.17752212252074));
#2051 = CARTESIAN_POINT ('', (-6.29590296424315, 135.82544204574, -16.3083904539187));
#2052 = B_SPLINE_CURVE_WITH_KNOTS ('', 1, (#2050, #2051), .UNSPECIFIED., .F., .U., (2, 2), (0.232940780299841, 0.957237470631093), .UNSPECIFIED.);
#2053 = EDGE_CURVE ('', #2004, #2049, #2052, .T.);
#2054 = ORIENTED_EDGE ('', *, *, #2053, .T.);
#2055 = CARTESIAN_POINT ('', (-6.29590132182837, 135.825378345323, -16.3083957627223));
#2056 = CARTESIAN_POINT ('', (-6.28172268778953, 135.275465558177, -9.7055971752135));
#2057 = CARTESIAN_POINT ('', (-6.26754405324815, 134.72555275154, -3.10279858436468));
#2058 = CARTESIAN_POINT ('', (-6.25336541822551, 134.175639926237, 3.50000000001533));
#2059 = B_SPLINE_CURVE_WITH_KNOTS ('', 3, (#2055, #2056, #2057, #2058), .UNSPECIFIED., .F., .U., (4, 4), (0.481704846636086, 20.3587264701028), .UNSPECIFIED.);
#2060 = EDGE_CURVE ('', #2049, #2041, #2059, .T.);
#2061 = ORIENTED_EDGE ('', *, *, #2060, .T.);
#2062 = EDGE_LOOP ('', (#2046, #2047, #2054, #2061));
#2063 = FACE_OUTER_BOUND ('', #2062, .T.);
#2064 = CARTESIAN_POINT ('', (-6.2959012982895, 135.825377432377, -16.3083848009819));
#2065 = CARTESIAN_POINT ('', (-3.8996883049823, 42.8891917508677, -16.308384800994));
#2066 = CARTESIAN_POINT ('', (-6.2959012982895, 135.825377432374, 3.50000000001556));
#2067 = CARTESIAN_POINT ('', (-3.8996883049823, 42.8891917508651, 3.50000000000341));
#2068 = B_SPLINE_SURFACE_WITH_KNOTS ('', 1, 1, ((#2064, #2065), (#2066, #2067)), .UNSPECIFIED., .F., .F., .U., (2, 2), (2, 2), (0.096828538834305, 0.818186810475551), (1.11397590317432, 4.49954049780493), .UNSPECIFIED.);
#2069 = ADVANCED_FACE ('', (#2063), #2068, .T.);
#2070 = CARTESIAN_POINT ('', (-16.6153582533002, 141.31240503442, -16.788437512614));
#2071 = VERTEX_POINT ('', #2070);
#2072 = CARTESIAN_POINT ('', (-16.6153582533001, 141.312405034419, -16.7884375126138));
#2073 = CARTESIAN_POINT ('', (-16.2387463796591, 141.312405034419, -16.7884375126138));
#2074 = CARTESIAN_POINT ('', (-15.8417713007047, 141.293987735272, -16.7868262077257));
#2075 = CARTESIAN_POINT ('', (-15.0913958138032, 141.22422170722, -16.7807224711719));
#2076 = CARTESIAN_POINT ('', (-14.7000551111852, 141.169471722787, -16.7759324682058));
#2077 = CARTESIAN_POINT ('', (-13.95861110324, 141.030519174919, -16.7637756954994));
#2078 = CARTESIAN_POINT ('', (-13.5761407201319, 140.940374365357, -16.755889046587));
#2079 = CARTESIAN_POINT ('', (-12.8500238602677, 140.733447730028, -16.7377853118142));
#2080 = CARTESIAN_POINT ('', (-12.479537314892, 140.60913967593, -16.7269097662957));
#2081 = CARTESIAN_POINT ('', (-11.7749619900895, 140.336060960632, -16.7030184744569));
#2082 = CARTESIAN_POINT ('', (-11.4194204543105, 140.179098781262, -16.6892860631597));
#2083 = CARTESIAN_POINT ('', (-10.7423594946236, 139.842268274722, -16.6598172123078));
#2084 = CARTESIAN_POINT ('', (-10.4045449567469, 139.654418620652, -16.6433824971294));
#2085 = CARTESIAN_POINT ('', (-9.7606757562039, 139.256777045285, -16.6085933671383));
#2086 = CARTESIAN_POINT ('', (-9.4431677828732, 139.040041104793, -16.5896314293666));
#2087 = CARTESIAN_POINT ('', (-8.83782556339155, 138.585026785196, -16.54982283466));
#2088 = CARTESIAN_POINT ('', (-8.5429819398119, 138.341615191072, -16.5285270796034));
#2089 = CARTESIAN_POINT ('', (-7.98112047530211, 137.833117856496, -16.4840393273949));
#2090 = CARTESIAN_POINT ('', (-7.71106177318502, 137.56542436169, -16.4606191812998));
#2091 = CARTESIAN_POINT ('', (-7.19722148816531, 137.007737128649, -16.4118278706155));
#2092 = CARTESIAN_POINT ('', (-6.95381940578613, 136.718311842938, -16.3865064391782));
#2093 = CARTESIAN_POINT ('', (-6.5744444716905, 136.22348356624, -16.3432145745751));
#2094 = CARTESIAN_POINT ('', (-6.43236950268236, 136.026627755786, -16.3259919228111));
#2095 = CARTESIAN_POINT ('', (-6.29590296424316, 135.82544204574, -16.3083904539187));
#2096 = B_SPLINE_CURVE_WITH_KNOTS ('', 3, (#2072, #2073, #2074, #2075, #2076, #2077, #2078, #2079, #2080, #2081, #2082, #2083, #2084, #2085, #2086, #2087, #2088, #2089, #2090, #2091, #2092, #2093, #2094, #2095), .UNSPECIFIED., .F., .U., (4, 2, 2, 2, 2, 2, 2, 2, 2, 2, 2, 4), (0., 1.12983562092281, 2.26090940342939, 3.39318564497872, 4.52663856778322, 5.66125145135582, 6.79701578709065, 7.93393046100588, 9.07200097856761, 10.2112387497576, 11.3516604539386, 12.0863096674111), .UNSPECIFIED.);
#2097 = EDGE_CURVE ('', #2071, #2049, #2096, .T.);
#2098 = ORIENTED_EDGE ('', *, *, #2097, .F.);
#2099 = CARTESIAN_POINT ('', (-16.6008017903345, 140.706138484407, -9.4999999999843));
#2100 = VERTEX_POINT ('', #2099);
#2101 = CARTESIAN_POINT ('', (-16.6008017903344, 140.706138484406, -9.4999999999842));
#2102 = CARTESIAN_POINT ('', (-16.6153582533001, 141.312405034419, -16.7884375126138));
#2103 = B_SPLINE_CURVE_WITH_KNOTS ('', 1, (#2101, #2102), .UNSPECIFIED., .F., .U., (2, 2), (0.09666666666667, 0.145256250084202), .UNSPECIFIED.);
#2104 = EDGE_CURVE ('', #2100, #2071, #2103, .T.);
#2105 = ORIENTED_EDGE ('', *, *, #2104, .F.);
#2106 = CARTESIAN_POINT ('', (-16., 140.69168908421, -9.4999999999843));
#2107 = VERTEX_POINT ('', #2106);
#2108 = CARTESIAN_POINT ('', (-15.9999999999999, 140.691689084209, -9.4999999999842));
#2109 = CARTESIAN_POINT ('', (-16.1500333200777, 140.698909922027, -9.4999999999842));
#2110 = CARTESIAN_POINT ('', (-16.2970922486143, 140.703350590067, -9.4999999999842));
#2111 = CARTESIAN_POINT ('', (-16.4985831416133, 140.705825743452, -9.4999999999842));
#2112 = CARTESIAN_POINT ('', (-16.5495026779108, 140.706138484406, -9.4999999999842));
#2113 = CARTESIAN_POINT ('', (-16.6008017903344, 140.706138484406, -9.4999999999842));
#2114 = B_SPLINE_CURVE_WITH_KNOTS ('', 3, (#2108, #2109, #2110, #2111, #2112, #2113), .UNSPECIFIED., .F., .U., (4, 2, 4), (0., 0.450620947905612, 0.604518285176139), .UNSPECIFIED.);
#2115 = EDGE_CURVE ('', #2107, #2100, #2114, .T.);
#2116 = ORIENTED_EDGE ('', *, *, #2115, .F.);
#2117 = CARTESIAN_POINT ('', (-16.0000007534861, 139.563113383905, 4.08271859708762));
#2118 = VERTEX_POINT ('', #2117);
#2119 = CARTESIAN_POINT ('', (-15.9999999999999, 140.691689084208, -9.4999999999842));
#2120 = CARTESIAN_POINT ('', (-15.9999999999999, 140.315512603484, -4.97242633121013));
#2121 = CARTESIAN_POINT ('', (-15.9999999999999, 139.939326152753, -0.444852056584667));
#2122 = CARTESIAN_POINT ('', (-15.9999999999999, 139.563129976616, 4.08271997577681));
#2123 = B_SPLINE_CURVE_WITH_KNOTS ('', 3, (#2119, #2120, #2121, #2122), .UNSPECIFIED., .F., .U., (4, 4), (0., 13.6295226856058), .UNSPECIFIED.);
#2124 = EDGE_CURVE ('', #2107, #2118, #2123, .T.);
#2125 = ORIENTED_EDGE ('', *, *, #2124, .T.);
#2126 = CARTESIAN_POINT ('', (-6.27434807812047, 134.161048236748, 4.04536661342985));
#2127 = VERTEX_POINT ('', #2126);
#2128 = CARTESIAN_POINT ('', (-6.27434807812046, 134.161048236748, 4.04536661342985));
#2129 = CARTESIAN_POINT ('', (-6.50422414208836, 134.495793309911, 4.04762931788076));
#2130 = CARTESIAN_POINT ('', (-6.7499109483131, 134.818813072325, 4.04981554801356));
#2131 = CARTESIAN_POINT ('', (-7.90931871786417, 136.195726006768, 4.05914765666062));
#2132 = CARTESIAN_POINT ('', (-9.00509207769861, 137.123390613478, 4.0654719055995));
#2133 = CARTESIAN_POINT ('', (-10.807536594998, 138.189662257416, 4.07281762925617));
#2134 = CARTESIAN_POINT ('', (-11.447229485664, 138.498698978423, 4.07496331049932));
#2135 = CARTESIAN_POINT ('', (-12.7508809110172, 138.998204482928, 4.07847241682095));
#2136 = CARTESIAN_POINT ('', (-13.4332674415696, 139.195734480704, 4.07988548260918));
#2137 = CARTESIAN_POINT ('', (-14.4183927326746, 139.39302029454, 4.08134450537918));
#2138 = CARTESIAN_POINT ('', (-14.7221339415013, 139.442297432979, 4.08171799300087));
#2139 = CARTESIAN_POINT ('', (-15.3307652738701, 139.518167804584, 4.08231530030247));
#2140 = CARTESIAN_POINT ('', (-15.6373062372071, 139.544966829378, 4.0825407403835));
#2141 = CARTESIAN_POINT ('', (-15.9622676108685, 139.56135494628, 4.08270035463662));
#2142 = CARTESIAN_POINT ('', (-15.9810843490474, 139.562255131713, 4.0827095175549));
#2143 = CARTESIAN_POINT ('', (-16.000000753486, 139.563113383904, 4.0827185970876));
#2144 = B_SPLINE_CURVE_WITH_KNOTS ('', 3, (#2128, #2129, #2130, #2131, #2132, #2133, #2134, #2135, #2136, #2137, #2138, #2139, #2140, #2141, #2142, #2143), .UNSPECIFIED., .F., .U., (4, 2, 2, 2, 2, 2, 2, 4), (6.59399225070247, 7.70836930146791, 11.5625126753937, 13.4895684606195, 15.4166242458454, 16.2632824775885, 17.1099407093315, 17.1615820101346), .UNSPECIFIED.);
#2145 = EDGE_CURVE ('', #2127, #2118, #2144, .T.);
#2146 = ORIENTED_EDGE ('', *, *, #2145, .F.);
#2147 = CARTESIAN_POINT ('', (-6.25336541822551, 134.175639926237, 3.50000000001533));
#2148 = CARTESIAN_POINT ('', (-6.26011256971454, 134.170947845254, 3.68179492246566));
#2149 = CARTESIAN_POINT ('', (-6.26687619693835, 134.166244306772, 3.86360918559471));
#2150 = CARTESIAN_POINT ('', (-6.27365489067684, 134.161530290786, 4.04540496039272));
#2151 = B_SPLINE_CURVE_WITH_KNOTS ('', 3, (#2147, #2148, #2149, #2150), .UNSPECIFIED., .F., .U., (4, 4), (0., 0.545941756557413), .UNSPECIFIED.);
#2152 = EDGE_CURVE ('', #2041, #2127, #2151, .T.);
#2153 = ORIENTED_EDGE ('', *, *, #2152, .F.);
#2154 = ORIENTED_EDGE ('', *, *, #2060, .F.);
#2155 = EDGE_LOOP ('', (#2098, #2105, #2116, #2125, #2146, #2153, #2154));
#2156 = FACE_OUTER_BOUND ('', #2155, .T.);
#2157 = CARTESIAN_POINT ('', (-6.25212877885506, 134.127129796729, 4.08271859374095));
#2158 = CARTESIAN_POINT ('', (-9.97447991695385, 139.576301269318, 4.08271859374168));
#2159 = CARTESIAN_POINT ('', (-16.573674393023, 139.576301269318, 4.08271859374168));
#2160 = CARTESIAN_POINT ('', (-6.29642133039859, 135.864610798008, -16.7884375126145));
#2161 = CARTESIAN_POINT ('', (-10.0178316728775, 141.312405034419, -16.7884375126138));
#2162 = CARTESIAN_POINT ('', (-16.6153582533001, 141.312405034419, -16.7884375126138));
#2163 = (
   BOUNDED_SURFACE ()
   B_SPLINE_SURFACE (1, 2, ((#2157, #2158, #2159), (#2160, #2161, #2162)), .UNSPECIFIED., .F., .F., .U.)
   B_SPLINE_SURFACE_WITH_KNOTS ((2, 2), (3, 3), (0.00611520937516241, 0.145256250084202), (10.3772693558504, 11.), .UNSPECIFIED.)
   GEOMETRIC_REPRESENTATION_ITEM ()
   RATIONAL_B_SPLINE_SURFACE (((0.866631605482899, 0.823245126527078, 1.), (0.866631605482899, 0.823245126527078, 1.)))
   REPRESENTATION_ITEM ('')
   SURFACE ()
);
#2164 = ADVANCED_FACE ('', (#2156), #2163, .T.);
#2165 = CARTESIAN_POINT ('', (-7.09445837707611, 133.590729941133, 5.00000000001525));
#2166 = VERTEX_POINT ('', #2165);
#2167 = CARTESIAN_POINT ('', (-7.09445837707608, 133.590729941133, 5.00000000001524));
#2168 = CARTESIAN_POINT ('', (-7.075321154945, 133.604038282612, 5.00000000001502));
#2169 = CARTESIAN_POINT ('', (-7.05539228697536, 133.617897147728, 4.99913891172595));
#2170 = CARTESIAN_POINT ('', (-7.01720066514118, 133.644456234596, 4.99583442626984));
#2171 = CARTESIAN_POINT ('', (-6.9974406835719, 133.658197653311, 4.9932651026553));
#2172 = CARTESIAN_POINT ('', (-6.95951074626728, 133.684574760419, 4.98667066200845));
#2173 = CARTESIAN_POINT ('', (-6.94001587911703, 133.698131814172, 4.9824187424339));
#2174 = CARTESIAN_POINT ('', (-6.90253868416325, 133.724194076745, 4.97256546684292));
#2175 = CARTESIAN_POINT ('', (-6.88340323259593, 133.737501186945, 4.9666644376902));
#2176 = CARTESIAN_POINT ('', (-6.84656731363286, 133.763117495564, 4.95359982002647));
#2177 = CARTESIAN_POINT ('', (-6.82788320948721, 133.776110731285, 4.94609084677579));
#2178 = CARTESIAN_POINT ('', (-6.79187364571738, 133.801152378807, 4.92987845652488));
#2179 = CARTESIAN_POINT ('', (-6.77373001937068, 133.813769757308, 4.92081017477136));
#2180 = CARTESIAN_POINT ('', (-6.73872752670238, 133.838111070892, 4.90152928505155));
#2181 = CARTESIAN_POINT ('', (-6.7212102877721, 133.850292849201, 4.89095755211884));
#2182 = CARTESIAN_POINT ('', (-6.67894298560204, 133.879686231731, 4.86314400278893));
#2183 = CARTESIAN_POINT ('', (-6.65384952579279, 133.897136639618, 4.84447506105006));
#2184 = CARTESIAN_POINT ('', (-6.60627462257161, 133.930221015895, 4.80471846850852));
#2185 = CARTESIAN_POINT ('', (-6.58310481215521, 133.946333686109, 4.78307486364004));
#2186 = CARTESIAN_POINT ('', (-6.53918253284823, 133.976877967172, 4.73735491853595));
#2187 = CARTESIAN_POINT ('', (-6.51816493459282, 133.991493953376, 4.71302322445507));
#2188 = CARTESIAN_POINT ('', (-6.47839154984739, 134.019153024391, 4.66184328586054));
#2189 = CARTESIAN_POINT ('', (-6.45972748196787, 134.03213232656, 4.6351356811823));
#2190 = CARTESIAN_POINT ('', (-6.42455201411381, 134.056593929956, 4.57905871347026));
#2191 = CARTESIAN_POINT ('', (-6.40841352633657, 134.067816901859, 4.55030938648012));
#2192 = CARTESIAN_POINT ('', (-6.37823311067357, 134.088804863166, 4.48995135123729));
#2193 = CARTESIAN_POINT ('', (-6.36476127180552, 134.098173403217, 4.45951265633169));
#2194 = CARTESIAN_POINT ('', (-6.34408103450691, 134.11255478302, 4.40625804066075));
#2195 = CARTESIAN_POINT ('', (-6.33658560899671, 134.11776722616, 4.3850635803476));
#2196 = CARTESIAN_POINT ('', (-6.32253752213099, 134.12753649862, 4.34116409442155));
#2197 = CARTESIAN_POINT ('', (-6.3163001674349, 134.131874058463, 4.31945306266537));
#2198 = CARTESIAN_POINT ('', (-6.30480360791415, 134.139868956514, 4.27443326580495));
#2199 = CARTESIAN_POINT ('', (-6.299846233258, 134.143316397021, 4.25231719914073));
#2200 = CARTESIAN_POINT ('', (-6.29095927416468, 134.14949653568, 4.20639687967941));
#2201 = CARTESIAN_POINT ('', (-6.28729712795936, 134.152043252853, 4.18398865839408));
#2202 = CARTESIAN_POINT ('', (-6.28106508125436, 134.156377121431, 4.13739176820006));
#2203 = CARTESIAN_POINT ('', (-6.27870668330498, 134.158017190457, 4.11480504243635));
#2204 = CARTESIAN_POINT ('', (-6.27577334810934, 134.160057080373, 4.07587353199505));
#2205 = CARTESIAN_POINT ('', (-6.27492606419506, 134.160646295651, 4.06083199652714));
#2206 = CARTESIAN_POINT ('', (-6.27434807812048, 134.161048236748, 4.04536661342985));
#2207 = B_SPLINE_CURVE_WITH_KNOTS ('', 3, (#2167, #2168, #2169, #2170, #2171, #2172, #2173, #2174, #2175, #2176, #2177, #2178, #2179, #2180, #2181, #2182, #2183, #2184, #2185, #2186, #2187, #2188, #2189, #2190, #2191, #2192, #2193, #2194, #2195, #2196, #2197, #2198, #2199, #2200, #2201, #2202, #2203, #2204, #2205, #2206), .UNSPECIFIED., .F., .U., (4, 2, 2, 2, 2, 2, 2, 2, 2, 2, 2, 2, 2, 2, 2, 2, 2, 2, 2, 4), (0., 0.0699293001126335, 0.139907620519471, 0.209933825529209, 0.280006936746399, 0.350126121504384, 0.420290683203719, 0.490500053328139, 0.595837838294559, 0.701324165293087, 0.806958415097021, 0.912740796905868, 1.01867234705496, 1.12475494702345, 1.19540647932728, 1.26610405611873, 1.33684849029014, 1.4076407335448, 1.47848188673544, 1.52492608217516), .UNSPECIFIED.);
#2208 = EDGE_CURVE ('', #2166, #2127, #2207, .T.);
#2209 = ORIENTED_EDGE ('', *, *, #2208, .F.);
#2210 = CARTESIAN_POINT ('', (-7.74613682605253, 133.137541945833, 5.00000000001518));
#2211 = VERTEX_POINT ('', #2210);
#2212 = CARTESIAN_POINT ('', (-7.74613682605248, 133.137541945832, 5.00000000001519));
#2213 = CARTESIAN_POINT ('', (-7.09445837707609, 133.590729941133, 5.00000000001525));
#2214 = B_SPLINE_CURVE_WITH_KNOTS ('', 1, (#2212, #2213), .UNSPECIFIED., .F., .U., (2, 2), (0.774369864503232, 0.872870074228518), .UNSPECIFIED.);
#2215 = EDGE_CURVE ('', #2211, #2166, #2214, .T.);
#2216 = ORIENTED_EDGE ('', *, *, #2215, .F.);
#2217 = CARTESIAN_POINT ('', (-7.74613682605253, 133.137541945833, 3.50000000001518));
#2218 = VERTEX_POINT ('', #2217);
#2219 = CARTESIAN_POINT ('', (-7.74613682605248, 133.137541945832, 3.50000000001528));
#2220 = CARTESIAN_POINT ('', (-7.74613682605248, 133.137541945832, 4.00000000001526));
#2221 = CARTESIAN_POINT ('', (-7.74613682605251, 133.137541945832, 4.50000000001525));
#2222 = CARTESIAN_POINT ('', (-7.74613682605251, 133.137541945832, 5.00000000001523));
#2223 = B_SPLINE_CURVE_WITH_KNOTS ('', 3, (#2219, #2220, #2221, #2222), .UNSPECIFIED., .F., .U., (4, 4), (0., 1.49999999999996), .UNSPECIFIED.);
#2224 = EDGE_CURVE ('', #2218, #2211, #2223, .T.);
#2225 = ORIENTED_EDGE ('', *, *, #2224, .F.);
#2226 = CARTESIAN_POINT ('', (-6.25336541822551, 134.175639926237, 3.50000000001533));
#2227 = CARTESIAN_POINT ('', (-7.74613682605252, 133.137541945832, 3.50000000001519));
#2228 = B_SPLINE_CURVE_WITH_KNOTS ('', 1, (#2226, #2227), .UNSPECIFIED., .F., .U., (2, 2), (0., 1.81824472856243), .UNSPECIFIED.);
#2229 = EDGE_CURVE ('', #2041, #2218, #2228, .T.);
#2230 = ORIENTED_EDGE ('', *, *, #2229, .F.);
#2231 = ORIENTED_EDGE ('', *, *, #2152, .T.);
#2232 = EDGE_LOOP ('', (#2209, #2216, #2225, #2230, #2231));
#2233 = FACE_OUTER_BOUND ('', #2232, .T.);
#2234 = CARTESIAN_POINT ('', (-6.25336541822551, 134.175639926237, 3.50000000001532));
#2235 = CARTESIAN_POINT ('', (-7.7461368260525, 133.137541945832, 3.5000000000152));
#2236 = CARTESIAN_POINT ('', (-6.25336541822551, 134.175639926236, 5.00000000001534));
#2237 = CARTESIAN_POINT ('', (-7.7461368260525, 133.137541945832, 5.00000000001522));
#2238 = B_SPLINE_SURFACE_WITH_KNOTS ('', 1, 1, ((#2234, #2235), (#2236, #2237)), .UNSPECIFIED., .F., .F., .U., (2, 2), (2, 2), (0., 0.0546252215075805), (0., 0.0662146807018069), .UNSPECIFIED.);
#2239 = ADVANCED_FACE ('', (#2233), #2238, .T.);
#2240 = ORIENTED_EDGE ('', *, *, #2224, .T.);
#2241 = CARTESIAN_POINT ('', (-16.0000000000005, 137.73477974951, 5.00000000001581));
#2242 = VERTEX_POINT ('', #2241);
#2243 = CARTESIAN_POINT ('', (-7.74613682605251, 133.137541945832, 5.00000000001518));
#2244 = CARTESIAN_POINT ('', (-10.7485944818509, 137.455037043975, 5.00000000001575));
#2245 = CARTESIAN_POINT ('', (-16.0000000000003, 137.734779749509, 5.00000000001578));
#2246 = (
   BOUNDED_CURVE ()
   B_SPLINE_CURVE (2, (#2243, #2244, #2245), .UNSPECIFIED., .F., .U.)
   B_SPLINE_CURVE_WITH_KNOTS ((3, 3), (0., 0.909933353556284), .UNSPECIFIED.)
   CURVE ()
   GEOMETRIC_REPRESENTATION_ITEM ()
   RATIONAL_B_SPLINE_CURVE ((1., 0.898275671980013, 1.))
   REPRESENTATION_ITEM ('')
);
#2247 = EDGE_CURVE ('', #2211, #2242, #2246, .T.);
#2248 = ORIENTED_EDGE ('', *, *, #2247, .T.);
#2249 = CARTESIAN_POINT ('', (-16.0000000000005, 137.73477974951, 3.50000000001581));
#2250 = VERTEX_POINT ('', #2249);
#2251 = CARTESIAN_POINT ('', (-16.0000000000001, 137.734779749509, 5.00000000001579));
#2252 = CARTESIAN_POINT ('', (-16.0000000000001, 137.734779749509, 4.5000000000158));
#2253 = CARTESIAN_POINT ('', (-16.0000000000001, 137.734779749509, 4.00000000001579));
#2254 = CARTESIAN_POINT ('', (-16.0000000000001, 137.734779749509, 3.5000000000158));
#2255 = B_SPLINE_CURVE_WITH_KNOTS ('', 3, (#2251, #2252, #2253, #2254), .UNSPECIFIED., .F., .U., (4, 4), (0., 1.5), .UNSPECIFIED.);
#2256 = EDGE_CURVE ('', #2242, #2250, #2255, .T.);
#2257 = ORIENTED_EDGE ('', *, *, #2256, .T.);
#2258 = CARTESIAN_POINT ('', (-7.74613682605248, 133.137541945832, 3.50000000001519));
#2259 = CARTESIAN_POINT ('', (-10.7485944818508, 137.455037043975, 3.50000000001577));
#2260 = CARTESIAN_POINT ('', (-16.0000000000004, 137.734779749509, 3.5000000000158));
#2261 = (
   BOUNDED_CURVE ()
   B_SPLINE_CURVE (2, (#2258, #2259, #2260), .UNSPECIFIED., .F., .U.)
   B_SPLINE_CURVE_WITH_KNOTS ((3, 3), (0., 0.909933353556324), .UNSPECIFIED.)
   CURVE ()
   GEOMETRIC_REPRESENTATION_ITEM ()
   RATIONAL_B_SPLINE_CURVE ((1., 0.898275671979994, 1.))
   REPRESENTATION_ITEM ('')
);
#2262 = EDGE_CURVE ('', #2218, #2250, #2261, .T.);
#2263 = ORIENTED_EDGE ('', *, *, #2262, .F.);
#2264 = EDGE_LOOP ('', (#2240, #2248, #2257, #2263));
#2265 = FACE_OUTER_BOUND ('', #2264, .T.);
#2266 = CARTESIAN_POINT ('', (-15.9999999999996, 137.734779749509, 5.00000000001594));
#2267 = CARTESIAN_POINT ('', (-10.7485944818503, 137.455037043975, 5.0000000000145));
#2268 = CARTESIAN_POINT ('', (-7.74613682605233, 133.137541945832, 5.00000000001307));
#2269 = CARTESIAN_POINT ('', (-16., 137.734779749509, 3.50000000001874));
#2270 = CARTESIAN_POINT ('', (-10.7485944818507, 137.455037043975, 3.50000000001729));
#2271 = CARTESIAN_POINT ('', (-7.74613682605272, 133.137541945832, 3.50000000001586));
#2272 = (
   BOUNDED_SURFACE ()
   B_SPLINE_SURFACE (1, 2, ((#2266, #2267, #2268), (#2269, #2270, #2271)), .UNSPECIFIED., .F., .F., .U.)
   B_SPLINE_SURFACE_WITH_KNOTS ((2, 2), (3, 3), (0., 0.054181109869558), (0.0226336137483257, 0.3704855540032), .UNSPECIFIED.)
   GEOMETRIC_REPRESENTATION_ITEM ()
   RATIONAL_B_SPLINE_SURFACE (((0.97939111827577, 0.82723302212249, 0.865925019932889), (0.97939111827577, 0.82723302212249, 0.865925019932889)))
   REPRESENTATION_ITEM ('')
   SURFACE ()
);
#2273 = ADVANCED_FACE ('', (#2265), #2272, .T.);
#2274 = ORIENTED_EDGE ('', *, *, #2215, .T.);
#2275 = CARTESIAN_POINT ('', (-16., 138.565414712067, 5.00000000001593));
#2276 = VERTEX_POINT ('', #2275);
#2277 = CARTESIAN_POINT ('', (-7.09445837707609, 133.590729941133, 5.00000000001524));
#2278 = CARTESIAN_POINT ('', (-7.30674088123189, 133.900326462563, 5.00000000001528));
#2279 = CARTESIAN_POINT ('', (-7.53371724947488, 134.199054144334, 5.00000000001532));
#2280 = CARTESIAN_POINT ('', (-8.6012564445601, 135.467557581368, 5.00000000001549));
#2281 = CARTESIAN_POINT ('', (-9.60926322219905, 136.321435392232, 5.00000000001561));
#2282 = CARTESIAN_POINT ('', (-11.267602849781, 137.303012967935, 5.00000000001573));
#2283 = CARTESIAN_POINT ('', (-11.856190545409, 137.587526612645, 5.00000000001577));
#2284 = CARTESIAN_POINT ('', (-13.0557588297027, 138.047417829171, 5.00000000001583));
#2285 = CARTESIAN_POINT ('', (-13.6836959367909, 138.229296199499, 5.00000000001585));
#2286 = CARTESIAN_POINT ('', (-14.5902451430636, 138.410957140505, 5.00000000001587));
#2287 = CARTESIAN_POINT ('', (-14.8697629874725, 138.456333029745, 5.00000000001589));
#2288 = CARTESIAN_POINT ('', (-15.4298611337367, 138.526198968415, 5.00000000001589));
#2289 = CARTESIAN_POINT ('', (-15.7119606281706, 138.550878520007, 5.0000000000159));
#2290 = CARTESIAN_POINT ('', (-15.9958808059843, 138.565208475754, 5.0000000000159));
#2291 = CARTESIAN_POINT ('', (-15.9979403857418, 138.565311870824, 5.0000000000159));
#2292 = CARTESIAN_POINT ('', (-15.9999999999999, 138.565414712066, 5.0000000000159));
#2293 = B_SPLINE_CURVE_WITH_KNOTS ('', 3, (#2277, #2278, #2279, #2280, #2281, #2282, #2283, #2284, #2285, #2286, #2287, #2288, #2289, #2290, #2291, #2292), .UNSPECIFIED., .F., .U., (4, 2, 2, 2, 2, 2, 2, 4), (6.58871451651261, 7.70836930146791, 11.5625126753937, 13.4895684606195, 15.4166242458454, 16.2632824775885, 17.1099407093315, 17.1161272084824), .UNSPECIFIED.);
#2294 = EDGE_CURVE ('', #2166, #2276, #2293, .T.);
#2295 = ORIENTED_EDGE ('', *, *, #2294, .T.);
#2296 = CARTESIAN_POINT ('', (-15.9999999999999, 137.734779749509, 5.00000000001579));
#2297 = CARTESIAN_POINT ('', (-15.9999999999999, 138.565414712066, 5.0000000000159));
#2298 = B_SPLINE_CURVE_WITH_KNOTS ('', 1, (#2296, #2297), .UNSPECIFIED., .F., .U., (2, 2), (0.217443358315092, 0.98674333485262), .UNSPECIFIED.);
#2299 = EDGE_CURVE ('', #2242, #2276, #2298, .T.);
#2300 = ORIENTED_EDGE ('', *, *, #2299, .F.);
#2301 = ORIENTED_EDGE ('', *, *, #2247, .F.);
#2302 = EDGE_LOOP ('', (#2274, #2295, #2300, #2301));
#2303 = FACE_OUTER_BOUND ('', #2302, .T.);
#2304 = CARTESIAN_POINT ('', (-7.09445837707614, 133.137541945832, 5.00000000001518));
#2305 = CARTESIAN_POINT ('', (-16.0000000000003, 133.137541945832, 5.00000000001518));
#2306 = CARTESIAN_POINT ('', (-7.09445837707614, 138.565414712066, 5.0000000000159));
#2307 = CARTESIAN_POINT ('', (-16.0000000000003, 138.565414712066, 5.0000000000159));
#2308 = B_SPLINE_SURFACE_WITH_KNOTS ('', 1, 1, ((#2304, #2305), (#2306, #2307)), .UNSPECIFIED., .F., .F., .U., (2, 2), (2, 2), (0.654448552422339, 0.666183477170717), (0.351652946474802, 0.370906504045032), .UNSPECIFIED.);
#2309 = ADVANCED_FACE ('', (#2303), #2308, .T.);
#2310 = ORIENTED_EDGE ('', *, *, #2208, .T.);
#2311 = ORIENTED_EDGE ('', *, *, #2145, .T.);
#2312 = CARTESIAN_POINT ('', (-15.9999999999999, 138.565414712066, 5.0000000000159));
#2313 = CARTESIAN_POINT ('', (-15.9999999999999, 138.585020892023, 5.00000000001589));
#2314 = CARTESIAN_POINT ('', (-15.9999999999999, 138.605289065658, 4.99939853938055));
#2315 = CARTESIAN_POINT ('', (-15.9999999999999, 138.644441920212, 4.9970727022085));
#2316 = CARTESIAN_POINT ('', (-15.9999999999999, 138.664589860506, 4.99527504574025));
#2317 = CARTESIAN_POINT ('', (-15.9999999999999, 138.713245404626, 4.98947520209949));
#2318 = CARTESIAN_POINT ('', (-15.9999999999999, 138.743462467733, 4.98449894855958));
#2319 = CARTESIAN_POINT ('', (-15.9999999999999, 138.800996734517, 4.97236812353552));
#2320 = CARTESIAN_POINT ('', (-15.9999999999999, 138.830497266423, 4.9647619463284));
#2321 = CARTESIAN_POINT ('', (-15.9999999999999, 138.886782195797, 4.94754323579128));
#2322 = CARTESIAN_POINT ('', (-15.9999999999999, 138.915343807846, 4.93739570542912));
#2323 = CARTESIAN_POINT ('', (-15.9999999999999, 138.969930565463, 4.91521983398084));
#2324 = CARTESIAN_POINT ('', (-15.9999999999999, 138.997340062307, 4.90263785978396));
#2325 = CARTESIAN_POINT ('', (-15.9999999999999, 139.049793733769, 4.87567456898295));
#2326 = CARTESIAN_POINT ('', (-15.9999999999999, 139.075848695999, 4.86078262275223));
#2327 = CARTESIAN_POINT ('', (-15.9999999999999, 139.125751592095, 4.82923925225213));
#2328 = CARTESIAN_POINT ('', (-15.9999999999999, 139.150261903952, 4.81217843316674));
#2329 = CARTESIAN_POINT ('', (-15.9999999999999, 139.197216740534, 4.77629823055837));
#2330 = CARTESIAN_POINT ('', (-15.9999999999999, 139.220006043329, 4.75722517583292));
#2331 = CARTESIAN_POINT ('', (-15.9999999999999, 139.263638974269, 4.71728534060545));
#2332 = CARTESIAN_POINT ('', (-15.9999999999999, 139.284546026522, 4.69637098953854));
#2333 = CARTESIAN_POINT ('', (-15.9999999999999, 139.324509506808, 4.65268045822309));
#2334 = CARTESIAN_POINT ('', (-15.9999999999999, 139.343389433319, 4.6301086802858));
#2335 = CARTESIAN_POINT ('', (-15.9999999999999, 139.379364888032, 4.58300566225091));
#2336 = CARTESIAN_POINT ('', (-15.9999999999999, 139.396090302232, 4.55897176248287));
#2337 = CARTESIAN_POINT ('', (-15.9999999999999, 139.427790576158, 4.50882103899698));
#2338 = CARTESIAN_POINT ('', (-15.9999999999999, 139.442252562654, 4.4835301559844));
#2339 = CARTESIAN_POINT ('', (-15.9999999999999, 139.469424125001, 4.43072015890775));
#2340 = CARTESIAN_POINT ('', (-15.9999999999999, 139.481533072174, 4.40438557191178));
#2341 = CARTESIAN_POINT ('', (-15.9999999999999, 139.503957951364, 4.34932526250059));
#2342 = CARTESIAN_POINT ('', (-15.9999999999999, 139.513644226887, 4.32216662488888));
#2343 = CARTESIAN_POINT ('', (-15.9999999999999, 139.531141651899, 4.2652821974035));
#2344 = CARTESIAN_POINT ('', (-15.9999999999999, 139.538356116867, 4.23752371349379));
#2345 = CARTESIAN_POINT ('', (-15.9999999999999, 139.55078384406, 4.1792551523024));
#2346 = CARTESIAN_POINT ('', (-15.9999999999999, 139.555498204058, 4.15112371418633));
#2347 = CARTESIAN_POINT ('', (-15.9999999999999, 139.560717897154, 4.10853161767199));
#2348 = CARTESIAN_POINT ('', (-15.9999999999999, 139.562028521956, 4.09577847265595));
#2349 = CARTESIAN_POINT ('', (-15.9999999999999, 139.563113349718, 4.08271859672593));
#2350 = B_SPLINE_CURVE_WITH_KNOTS ('', 3, (#2312, #2313, #2314, #2315, #2316, #2317, #2318, #2319, #2320, #2321, #2322, #2323, #2324, #2325, #2326, #2327, #2328, #2329, #2330, #2331, #2332, #2333, #2334, #2335, #2336, #2337, #2338, #2339, #2340, #2341, #2342, #2343, #2344, #2345, #2346, #2347, #2348, #2349), .UNSPECIFIED., .F., .U., (4, 2, 2, 2, 2, 2, 2, 2, 2, 2, 2, 2, 2, 2, 2, 2, 2, 2, 4), (0., 0.0588185398712174, 0.117665627285245, 0.205818544765927, 0.294063299978721, 0.382397975633123, 0.47082118646256, 0.559332032009611, 0.647930049458071, 0.736615168711854, 0.825387672296685, 0.91424816268921, 1.00319753942507, 1.09223698789486, 1.1813679812055, 1.27059229595175, 1.35991204229844, 1.44932970848331, 1.4886442718819), .UNSPECIFIED.);
#2351 = EDGE_CURVE ('', #2276, #2118, #2350, .T.);
#2352 = ORIENTED_EDGE ('', *, *, #2351, .F.);
#2353 = ORIENTED_EDGE ('', *, *, #2294, .F.);
#2354 = EDGE_LOOP ('', (#2310, #2311, #2352, #2353));
#2355 = FACE_OUTER_BOUND ('', #2354, .T.);
#2356 = CARTESIAN_POINT ('', (-6.27108303554204, 134.156291349931, 4.04533445950988));
#2357 = CARTESIAN_POINT ('', (-6.30617276063095, 134.130673836362, 5.00000000000626));
#2358 = CARTESIAN_POINT ('', (-7.09445837707611, 133.590729941133, 5.00000000001524));
#2359 = CARTESIAN_POINT ('', (-6.50189729900629, 134.492733322532, 4.04760860764495));
#2360 = CARTESIAN_POINT ('', (-6.53723355759008, 134.463984356801, 5.00000000000567));
#2361 = CARTESIAN_POINT ('', (-7.30674088123191, 133.900326462563, 5.00000000001528));
#2362 = CARTESIAN_POINT ('', (-6.74867938529187, 134.817350467797, 4.04980563512507));
#2363 = CARTESIAN_POINT ('', (-6.78464840743079, 134.786326286087, 5.00000000000552));
#2364 = CARTESIAN_POINT ('', (-7.53371724947487, 134.199054144334, 5.00000000001532));
#2365 = CARTESIAN_POINT ('', (-7.00995162449633, 135.127637439318, 4.05190862338059));
#2366 = CARTESIAN_POINT ('', (-7.04765674626569, 135.095905798575, 5.00000000000603));
#2367 = CARTESIAN_POINT ('', (-7.77403165905143, 134.484607738919, 5.00000000001536));
#2368 = CARTESIAN_POINT ('', (-7.90931871786417, 136.195726006768, 4.05914765666062));
#2369 = CARTESIAN_POINT ('', (-7.94897364491801, 136.156819864333, 5.00000000000776));
#2370 = CARTESIAN_POINT ('', (-8.6012564445601, 135.467557581368, 5.00000000001549));
#2371 = CARTESIAN_POINT ('', (-9.00509207769861, 137.123390613478, 4.0654719055995));
#2372 = CARTESIAN_POINT ('', (-9.03468649654312, 137.069172779758, 5.00000000001724));
#2373 = CARTESIAN_POINT ('', (-9.60926322219905, 136.321435392232, 5.00000000001561));
#2374 = CARTESIAN_POINT ('', (-10.2067250610947, 137.834240331357, 4.07036906817402));
#2375 = CARTESIAN_POINT ('', (-10.2401290445532, 137.777805515751, 5.0000000000158));
#2376 = CARTESIAN_POINT ('', (-10.7148260148674, 136.975822242649, 5.00000000001569));
#2377 = CARTESIAN_POINT ('', (-10.807536594998, 138.189662257416, 4.07281762925617));
#2378 = CARTESIAN_POINT ('', (-10.8407693924142, 138.130898588294, 5.00000000001507));
#2379 = CARTESIAN_POINT ('', (-11.267602849781, 137.303012967935, 5.00000000001573));
#2380 = CARTESIAN_POINT ('', (-11.447229485664, 138.498698978423, 4.07496331049932));
#2381 = CARTESIAN_POINT ('', (-11.4716984819662, 138.433776360049, 5.00000000001164));
#2382 = CARTESIAN_POINT ('', (-11.856190545409, 137.587526612645, 5.00000000001577));
#2383 = CARTESIAN_POINT ('', (-12.0990551983406, 138.748451730676, 4.07671786366013));
#2384 = CARTESIAN_POINT ('', (-12.1244862807355, 138.682117956994, 5.0000000000117));
#2385 = CARTESIAN_POINT ('', (-12.4559746875558, 137.817472220908, 5.0000000000158));
#2386 = CARTESIAN_POINT ('', (-12.7508809110172, 138.998204482928, 4.07847241682095));
#2387 = CARTESIAN_POINT ('', (-12.7762059297092, 138.930053195202, 5.00000000001175));
#2388 = CARTESIAN_POINT ('', (-13.0557588297027, 138.047417829171, 5.00000000001583));
#2389 = CARTESIAN_POINT ('', (-13.4332674415696, 139.195734480704, 4.07988548260918));
#2390 = CARTESIAN_POINT ('', (-13.450154608597, 139.123798695012, 5.00000000001531));
#2391 = CARTESIAN_POINT ('', (-13.6836959367909, 138.229296199499, 5.00000000001585));
#2392 = CARTESIAN_POINT ('', (-14.1176896205622, 139.332800078156, 4.08089914813219));
#2393 = CARTESIAN_POINT ('', (-14.1323469239895, 139.259655203344, 5.00000000001593));
#2394 = CARTESIAN_POINT ('', (-14.3135268717223, 138.355506315312, 5.00000000001587));
#2395 = CARTESIAN_POINT ('', (-14.4183927326746, 139.39302029454, 4.08134450537918));
#2396 = CARTESIAN_POINT ('', (-14.4318675427897, 139.319303816389, 5.00000000001622));
#2397 = CARTESIAN_POINT ('', (-14.5902451430636, 138.410957140505, 5.00000000001587));
#2398 = CARTESIAN_POINT ('', (-14.7221339415013, 139.442297432979, 4.08171799300087));
#2399 = CARTESIAN_POINT ('', (-14.7330447555397, 139.367808252102, 5.00000000001593));
#2400 = CARTESIAN_POINT ('', (-14.8697629874725, 138.456333029745, 5.00000000001589));
#2401 = CARTESIAN_POINT ('', (-15.0264496076857, 139.480232618781, 4.08201664665167));
#2402 = CARTESIAN_POINT ('', (-15.0358004570841, 139.405269145682, 5.00000000001586));
#2403 = CARTESIAN_POINT ('', (-15.1498120606046, 138.49126599908, 5.00000000001589));
#2404 = CARTESIAN_POINT ('', (-15.3307652738701, 139.518167804584, 4.08231530030247));
#2405 = CARTESIAN_POINT ('', (-15.338472592617, 139.442719699384, 5.00000000001578));
#2406 = CARTESIAN_POINT ('', (-15.4298611337367, 138.526198968415, 5.00000000001589));
#2407 = CARTESIAN_POINT ('', (-15.6373062372071, 139.544966829378, 4.0825407403835));
#2408 = CARTESIAN_POINT ('', (-15.6427635364687, 139.469137903417, 5.00000000001592));
#2409 = CARTESIAN_POINT ('', (-15.7119606281706, 138.550878520007, 5.0000000000159));
#2410 = CARTESIAN_POINT ('', (-15.94358628305, 139.560412828819, 4.0826911787578));
#2411 = CARTESIAN_POINT ('', (-15.9474230091976, 139.484395568944, 5.00000000001599));
#2412 = CARTESIAN_POINT ('', (-15.9938212611747, 138.565104526869, 5.0000000000159));
#2413 = CARTESIAN_POINT ('', (-15.9622673628276, 139.561354933771, 4.08270035451479));
#2414 = CARTESIAN_POINT ('', (-15.966003872763, 139.485326118055, 5.00000000001599));
#2415 = CARTESIAN_POINT ('', (-16.0110129164678, 138.565972220252, 5.0000000000159));
#2416 = CARTESIAN_POINT ('', (-15.9810838493699, 139.562255107808, 4.08270951731158));
#2417 = CARTESIAN_POINT ('', (-15.9845861898405, 139.486215159404, 5.000000000016));
#2418 = CARTESIAN_POINT ('', (-16.0282070068404, 138.566801325093, 5.0000000000159));
#2419 = CARTESIAN_POINT ('', (-15.9999999999999, 139.563113349718, 4.08271859672594));
#2420 = CARTESIAN_POINT ('', (-16.0031696769303, 139.487062663367, 5.00000000001601));
#2421 = CARTESIAN_POINT ('', (-16.0454032721552, 138.567591834845, 5.0000000000159));
#2422 = (
   BOUNDED_SURFACE ()
   B_SPLINE_SURFACE (3, 2, ((#2356, #2357, #2358), (#2359, #2360, #2361), (#2362, #2363, #2364), (#2365, #2366, #2367), (#2368, #2369, #2370), (#2371, #2372, #2373), (#2374, #2375, #2376), (#2377, #2378, #2379), (#2380, #2381, #2382), (#2383, #2384, #2385), (#2386, #2387, #2388), (#2389, #2390, #2391), (#2392, #2393, #2394), (#2395, #2396, #2397), (#2398, #2399, #2400), (#2401, #2402, #2403), (#2404, #2405, #2406), (#2407, #2408, #2409), (#2410, #2411, #2412), (#2413, #2414, #2415), (#2416, #2417, #2418), (#2419, #2420, #2421)), .UNSPECIFIED., .F., .F., .U.)
   B_SPLINE_SURFACE_WITH_KNOTS ((4, 3, 3, 3, 3, 3, 3, 4), (3, 3), (6.58871451651264, 7.70836930146791, 11.5625126753937, 13.4895684606195, 15.4166242458454, 16.2632824775885, 17.1099407093315, 17.1615813244686), (0., 1.), .UNSPECIFIED.)
   GEOMETRIC_REPRESENTATION_ITEM ()
   RATIONAL_B_SPLINE_SURFACE (((1., 0.722953759544747, 1.), (1., 0.723739456263716, 1.), (1., 0.724498521024033, 1.), (1., 0.725227075947608, 1.), (1., 0.727734951740189, 1.), (1., 0.729881311688876, 1.), (1., 0.731563075940216, 1.), (1., 0.732403951127128, 1.), (1., 0.733128679306561, 1.), (1., 0.733729467736147, 1.), (1., 0.734330256165734, 1.), (1., 0.734807104845474, 1.), (1., 0.735152755594452, 1.), (1., 0.735304618376098, 1.), (1., 0.735431155852888, 1.), (1., 0.735532679979552, 1.), (1., 0.735634204106216, 1.), (1., 0.735710714882753, 1.), (1., 0.735761910791048, 1.), (1., 0.735765033406641, 1.), (1., 0.735768061845807, 1.), (1., 0.735770996040127, 1.)))
   REPRESENTATION_ITEM ('')
   SURFACE ()
);
#2423 = ADVANCED_FACE ('', (#2355), #2422, .T.);
#2424 = ORIENTED_EDGE ('', *, *, #2124, .F.);
#2425 = CARTESIAN_POINT ('', (-16., 139., -9.49999999998452));
#2426 = VERTEX_POINT ('', #2425);
#2427 = CARTESIAN_POINT ('', (-15.9999999999999, 138.999999999999, -9.49999999998442));
#2428 = CARTESIAN_POINT ('', (-15.9999999999999, 140.691689084208, -9.49999999998421));
#2429 = B_SPLINE_CURVE_WITH_KNOTS ('', 1, (#2427, #2428), .UNSPECIFIED., .F., .U., (2, 2), (0.206896551724405, 0.44023297713259), .UNSPECIFIED.);
#2430 = EDGE_CURVE ('', #2426, #2107, #2429, .T.);
#2431 = ORIENTED_EDGE ('', *, *, #2430, .F.);
#2432 = CARTESIAN_POINT ('', (-16., 138.999999999999, 3.50000000001598));
#2433 = VERTEX_POINT ('', #2432);
#2434 = CARTESIAN_POINT ('', (-15.9999999999998, 138.999999999997, 3.50000000001597));
#2435 = CARTESIAN_POINT ('', (-15.9999999999998, 138.999999999999, -9.49999999998392));
#2436 = B_SPLINE_CURVE_WITH_KNOTS ('', 1, (#2434, #2435), .UNSPECIFIED., .F., .U., (2, 2), (0., 1.), .UNSPECIFIED.);
#2437 = EDGE_CURVE ('', #2433, #2426, #2436, .T.);
#2438 = ORIENTED_EDGE ('', *, *, #2437, .F.);
#2439 = CARTESIAN_POINT ('', (-15.9999999999998, 137.734779749509, 3.5000000000158));
#2440 = CARTESIAN_POINT ('', (-15.9999999999998, 138.999999999998, 3.50000000001597));
#2441 = B_SPLINE_CURVE_WITH_KNOTS ('', 1, (#2439, #2440), .UNSPECIFIED., .F., .U., (2, 2), (3.23477974951095, 4.49999999999932), .UNSPECIFIED.);
#2442 = EDGE_CURVE ('', #2250, #2433, #2441, .T.);
#2443 = ORIENTED_EDGE ('', *, *, #2442, .F.);
#2444 = ORIENTED_EDGE ('', *, *, #2256, .F.);
#2445 = ORIENTED_EDGE ('', *, *, #2299, .T.);
#2446 = ORIENTED_EDGE ('', *, *, #2351, .T.);
#2447 = EDGE_LOOP ('', (#2424, #2431, #2438, #2443, #2444, #2445, #2446));
#2448 = FACE_OUTER_BOUND ('', #2447, .T.);
#2449 = CARTESIAN_POINT ('', (-15.9999999999999, 137.734779749511, -9.49999999998582));
#2450 = CARTESIAN_POINT ('', (-15.9999999999999, 140.691689084208, -9.49999999998543));
#2451 = CARTESIAN_POINT ('', (-15.9999999999999, 137.734779749509, 5.00000000001434));
#2452 = CARTESIAN_POINT ('', (-15.9999999999999, 140.691689084206, 5.00000000001473));
#2453 = B_SPLINE_SURFACE_WITH_KNOTS ('', 1, 1, ((#2449, #2450), (#2451, #2452)), .UNSPECIFIED., .F., .F., .U., (2, 2), (2, 2), (2.45277861655595, 2.95019525907432), (0.00805402446443088, 0.109489604705571), .UNSPECIFIED.);
#2454 = ADVANCED_FACE ('', (#2448), #2453, .T.);
#2455 = CARTESIAN_POINT ('', (-17.5000000000001, 137.499999999999, -9.49999999998471));
#2456 = VERTEX_POINT ('', #2455);
#2457 = CARTESIAN_POINT ('', (-15.9999999999998, 138.999999999999, -9.49999999998393));
#2458 = CARTESIAN_POINT ('', (-15.9999999999999, 137.499999999999, -9.49999999998412));
#2459 = CARTESIAN_POINT ('', (-17.5, 137.499999999999, -9.49999999998413));
#2460 = (
   BOUNDED_CURVE ()
   B_SPLINE_CURVE (2, (#2457, #2458, #2459), .UNSPECIFIED., .F., .U.)
   B_SPLINE_CURVE_WITH_KNOTS ((3, 3), (0., 1.5707963267949), .UNSPECIFIED.)
   CURVE ()
   GEOMETRIC_REPRESENTATION_ITEM ()
   RATIONAL_B_SPLINE_CURVE ((1., 0.707106781186558, 1.))
   REPRESENTATION_ITEM ('')
);
#2461 = EDGE_CURVE ('', #2426, #2456, #2460, .T.);
#2462 = ORIENTED_EDGE ('', *, *, #2461, .T.);
#2463 = CARTESIAN_POINT ('', (-17.5, 137.500000000001, -7.99999999998427));
#2464 = VERTEX_POINT ('', #2463);
#2465 = CARTESIAN_POINT ('', (-17.5, 137.499999999999, -7.99999999998403));
#2466 = CARTESIAN_POINT ('', (-17.5, 137.499999999999, -9.49999999998414));
#2467 = B_SPLINE_CURVE_WITH_KNOTS ('', 1, (#2465, #2466), .UNSPECIFIED., .F., .U., (2, 2), (0.884615384615376, 1.), .UNSPECIFIED.);
#2468 = EDGE_CURVE ('', #2464, #2456, #2467, .T.);
#2469 = ORIENTED_EDGE ('', *, *, #2468, .F.);
#2470 = CARTESIAN_POINT ('', (-17.5, 137.499999999999, 3.50000000001561));
#2471 = VERTEX_POINT ('', #2470);
#2472 = CARTESIAN_POINT ('', (-17.4999999999995, 137.499999999996, 3.50000000001561));
#2473 = CARTESIAN_POINT ('', (-17.4999999999995, 137.499999999997, -7.99999999998401));
#2474 = B_SPLINE_CURVE_WITH_KNOTS ('', 1, (#2472, #2473), .UNSPECIFIED., .F., .U., (2, 2), (0., 1.), .UNSPECIFIED.);
#2475 = EDGE_CURVE ('', #2471, #2464, #2474, .T.);
#2476 = ORIENTED_EDGE ('', *, *, #2475, .F.);
#2477 = CARTESIAN_POINT ('', (-15.9999999999998, 138.999999999997, 3.50000000001597));
#2478 = CARTESIAN_POINT ('', (-15.9999999999997, 137.499999999998, 3.50000000001576));
#2479 = CARTESIAN_POINT ('', (-17.4999999999997, 137.499999999997, 3.5000000000158));
#2480 = (
   BOUNDED_CURVE ()
   B_SPLINE_CURVE (2, (#2477, #2478, #2479), .UNSPECIFIED., .F., .U.)
   B_SPLINE_CURVE_WITH_KNOTS ((3, 3), (0., 1.5707963267949), .UNSPECIFIED.)
   CURVE ()
   GEOMETRIC_REPRESENTATION_ITEM ()
   RATIONAL_B_SPLINE_CURVE ((1., 0.707106781186541, 1.))
   REPRESENTATION_ITEM ('')
);
#2481 = EDGE_CURVE ('', #2433, #2471, #2480, .T.);
#2482 = ORIENTED_EDGE ('', *, *, #2481, .F.);
#2483 = ORIENTED_EDGE ('', *, *, #2437, .T.);
#2484 = EDGE_LOOP ('', (#2462, #2469, #2476, #2482, #2483));
#2485 = FACE_OUTER_BOUND ('', #2484, .T.);
#2486 = CARTESIAN_POINT ('', (-17.5000000000004, 137.499999999999, -9.49999999998385));
#2487 = CARTESIAN_POINT ('', (-15.9999999999995, 137.499999999999, -9.49999999998387));
#2488 = CARTESIAN_POINT ('', (-15.9999999999996, 139., -9.49999999998387));
#2489 = CARTESIAN_POINT ('', (-17.5000000000002, 137.499999999999, 3.500000000016));
#2490 = CARTESIAN_POINT ('', (-15.9999999999993, 137.499999999999, 3.50000000001598));
#2491 = CARTESIAN_POINT ('', (-15.9999999999994, 139., 3.50000000001598));
#2492 = (
   BOUNDED_SURFACE ()
   B_SPLINE_SURFACE (1, 2, ((#2486, #2487, #2488), (#2489, #2490, #2491)), .UNSPECIFIED., .F., .F., .U.)
   B_SPLINE_SURFACE_WITH_KNOTS ((2, 2), (3, 3), (0., 0.469569618870371), (0., 0.0851074883649856), .UNSPECIFIED.)
   GEOMETRIC_REPRESENTATION_ITEM ()
   RATIONAL_B_SPLINE_SURFACE (((1., 0.707106781186547, 1.), (1., 0.707106781186547, 1.)))
   REPRESENTATION_ITEM ('')
   SURFACE ()
);
#2493 = ADVANCED_FACE ('', (#2485), #2492, .T.);
#2494 = ORIENTED_EDGE ('', *, *, #2475, .T.);
#2495 = CARTESIAN_POINT ('', (-17.4999999999996, 134.499999999998, -7.9999999999845));
#2496 = VERTEX_POINT ('', #2495);
#2497 = CARTESIAN_POINT ('', (-17.4999999999995, 134.499999999997, -7.99999999998442));
#2498 = CARTESIAN_POINT ('', (-17.4999999999995, 137.5, -7.99999999998402));
#2499 = B_SPLINE_CURVE_WITH_KNOTS ('', 1, (#2497, #2498), .UNSPECIFIED., .F., .U., (2, 2), (18.7057291666669, 21.1276041666691), .UNSPECIFIED.);
#2500 = EDGE_CURVE ('', #2496, #2464, #2499, .T.);
#2501 = ORIENTED_EDGE ('', *, *, #2500, .F.);
#2502 = CARTESIAN_POINT ('', (-17.5, 134.499999999999, 3.50000000001523));
#2503 = VERTEX_POINT ('', #2502);
#2504 = CARTESIAN_POINT ('', (-17.4999999999995, 134.499999999997, -7.99999999998442));
#2505 = CARTESIAN_POINT ('', (-17.4999999999995, 134.499999999996, 3.50000000001523));
#2506 = B_SPLINE_CURVE_WITH_KNOTS ('', 1, (#2504, #2505), .UNSPECIFIED., .F., .U., (2, 2), (-0.277777777777764, 1.), .UNSPECIFIED.);
#2507 = EDGE_CURVE ('', #2496, #2503, #2506, .T.);
#2508 = ORIENTED_EDGE ('', *, *, #2507, .T.);
#2509 = CARTESIAN_POINT ('', (-17.4999999999994, 134.499999999996, 3.50000000001517));
#2510 = CARTESIAN_POINT ('', (-17.4999999999995, 137.499999999996, 3.50000000001556));
#2511 = B_SPLINE_CURVE_WITH_KNOTS ('', 1, (#2509, #2510), .UNSPECIFIED., .F., .U., (2, 2), (0.828571428571423, 1.), .UNSPECIFIED.);
#2512 = EDGE_CURVE ('', #2503, #2471, #2511, .T.);
#2513 = ORIENTED_EDGE ('', *, *, #2512, .T.);
#2514 = EDGE_LOOP ('', (#2494, #2501, #2508, #2513));
#2515 = FACE_OUTER_BOUND ('', #2514, .T.);
#2516 = CARTESIAN_POINT ('', (-17.4999999999995, 134.499999999996, 3.50000000001538));
#2517 = CARTESIAN_POINT ('', (-17.4999999999995, 134.499999999997, -7.99999999998444));
#2518 = CARTESIAN_POINT ('', (-17.4999999999995, 137.499999999998, 3.50000000001577));
#2519 = CARTESIAN_POINT ('', (-17.4999999999995, 137.5, -7.99999999998404));
#2520 = B_SPLINE_SURFACE_WITH_KNOTS ('', 1, 1, ((#2516, #2517), (#2518, #2519)), .UNSPECIFIED., .F., .F., .U., (2, 2), (2, 2), (1.05603969653926, 1.19276765390839), (0.0683639786844923, 0.592487815265681), .UNSPECIFIED.);
#2521 = ADVANCED_FACE ('', (#2515), #2520, .T.);
#2522 = CARTESIAN_POINT ('', (-31.2033433739426, 134.499999999999, -16.192429300756));
#2523 = VERTEX_POINT ('', #2522);
#2524 = CARTESIAN_POINT ('', (-39.5358983848615, 134.499999999999, -16.192429300756));
#2525 = VERTEX_POINT ('', #2524);
#2526 = CARTESIAN_POINT ('', (-31.2033433739423, 134.499999999998, -16.1924293007559));
#2527 = CARTESIAN_POINT ('', (-39.5358983848611, 134.499999999998, -16.1924293007559));
#2528 = B_SPLINE_CURVE_WITH_KNOTS ('', 1, (#2526, #2527), .UNSPECIFIED., .F., .U., (2, 2), (-5.21903313124807, -4.91558802245104), .UNSPECIFIED.);
#2529 = EDGE_CURVE ('', #2523, #2525, #2528, .T.);
#2530 = ORIENTED_EDGE ('', *, *, #2529, .F.);
#2531 = CARTESIAN_POINT ('', (-31.2375339589163, 134.499999999999, -14.1847896256668));
#2532 = VERTEX_POINT ('', #2531);
#2533 = CARTESIAN_POINT ('', (-31.2375339589609, 134.499999999998, -14.1847896256676));
#2534 = CARTESIAN_POINT ('', (-31.2209782724609, 134.499999999998, -15.1886186528549));
#2535 = CARTESIAN_POINT ('', (-31.2033433739864, 134.499999999998, -16.1924293008035));
#2536 = (
   BOUNDED_CURVE ()
   B_SPLINE_CURVE (2, (#2533, #2534, #2535), .UNSPECIFIED., .F., .U.)
   B_SPLINE_CURVE_WITH_KNOTS ((3, 3), (0., 0.00107510514361775), .UNSPECIFIED.)
   CURVE ()
   GEOMETRIC_REPRESENTATION_ITEM ()
   RATIONAL_B_SPLINE_CURVE ((1., 0.99999985551862, 1.))
   REPRESENTATION_ITEM ('')
);
#2537 = EDGE_CURVE ('', #2532, #2523, #2536, .T.);
#2538 = ORIENTED_EDGE ('', *, *, #2537, .F.);
#2539 = CARTESIAN_POINT ('', (-16.5718423991561, 134.499999999999, -14.1847896256668));
#2540 = VERTEX_POINT ('', #2539);
#2541 = CARTESIAN_POINT ('', (-31.237533958916, 134.499999999998, -14.1847896256667));
#2542 = CARTESIAN_POINT ('', (-16.571842399156, 134.499999999998, -14.1847896256667));
#2543 = B_SPLINE_CURVE_WITH_KNOTS ('', 1, (#2541, #2542), .UNSPECIFIED., .F., .U., (2, 2), (-0.477314025811311, 1.), .UNSPECIFIED.);
#2544 = EDGE_CURVE ('', #2532, #2540, #2543, .T.);
#2545 = ORIENTED_EDGE ('', *, *, #2544, .T.);
#2546 = CARTESIAN_POINT ('', (-16.5718423991565, 134.499999999999, 3.50000000001523));
#2547 = VERTEX_POINT ('', #2546);
#2548 = CARTESIAN_POINT ('', (-16.571842399156, 134.499999999998, -14.1847896256667));
#2549 = CARTESIAN_POINT ('', (-16.571842399156, 134.499999999996, 3.50000000001522));
#2550 = B_SPLINE_CURVE_WITH_KNOTS ('', 1, (#2548, #2549), .UNSPECIFIED., .F., .U., (2, 2), (-0.789526329607482, 0.818181818181823), .UNSPECIFIED.);
#2551 = EDGE_CURVE ('', #2540, #2547, #2550, .T.);
#2552 = ORIENTED_EDGE ('', *, *, #2551, .T.);
#2553 = CARTESIAN_POINT ('', (-16.571842399156, 134.499999999996, 3.50000000001516));
#2554 = CARTESIAN_POINT ('', (-17.4999999999995, 134.499999999996, 3.50000000001516));
#2555 = B_SPLINE_CURVE_WITH_KNOTS ('', 1, (#2553, #2554), .UNSPECIFIED., .F., .U., (2, 2), (0., 0.0396171827361307), .UNSPECIFIED.);
#2556 = EDGE_CURVE ('', #2547, #2503, #2555, .T.);
#2557 = ORIENTED_EDGE ('', *, *, #2556, .T.);
#2558 = ORIENTED_EDGE ('', *, *, #2507, .F.);
#2559 = CARTESIAN_POINT ('', (-24.4999999999995, 134.499999999998, -7.9999999999845));
#2560 = VERTEX_POINT ('', #2559);
#2561 = CARTESIAN_POINT ('', (-24.4999999999993, 134.499999999997, -7.99999999998441));
#2562 = CARTESIAN_POINT ('', (-17.4999999999995, 134.499999999997, -7.99999999998442));
#2563 = B_SPLINE_CURVE_WITH_KNOTS ('', 1, (#2561, #2562), .UNSPECIFIED., .F., .U., (2, 2), (1.82629739509924, 2.08121509546794), .UNSPECIFIED.);
#2564 = EDGE_CURVE ('', #2560, #2496, #2563, .T.);
#2565 = ORIENTED_EDGE ('', *, *, #2564, .F.);
#2566 = CARTESIAN_POINT ('', (-24.5, 134.499999999999, 3.50000000001523));
#2567 = VERTEX_POINT ('', #2566);
#2568 = CARTESIAN_POINT ('', (-24.4999999999993, 134.499999999996, 3.50000000001521));
#2569 = CARTESIAN_POINT ('', (-24.4999999999993, 134.499999999997, -7.99999999998441));
#2570 = B_SPLINE_CURVE_WITH_KNOTS ('', 1, (#2568, #2569), .UNSPECIFIED., .F., .U., (2, 2), (-5.41983107917264E-15, 1.27777777777776), .UNSPECIFIED.);
#2571 = EDGE_CURVE ('', #2567, #2560, #2570, .T.);
#2572 = ORIENTED_EDGE ('', *, *, #2571, .F.);
#2573 = CARTESIAN_POINT ('', (-39.5358983848613, 134.499999999996, 3.50000000001516));
#2574 = VERTEX_POINT ('', #2573);
#2575 = CARTESIAN_POINT ('', (-24.4999999999993, 134.499999999996, 3.50000000001516));
#2576 = CARTESIAN_POINT ('', (-39.5358983848611, 134.499999999996, 3.50000000001516));
#2577 = B_SPLINE_CURVE_WITH_KNOTS ('', 1, (#2575, #2576), .UNSPECIFIED., .F., .U., (2, 2), (0.338402948107113, 0.980190434815877), .UNSPECIFIED.);
#2578 = EDGE_CURVE ('', #2567, #2574, #2577, .T.);
#2579 = ORIENTED_EDGE ('', *, *, #2578, .T.);
#2580 = CARTESIAN_POINT ('', (-39.5358983848612, 134.499999999998, -16.1924293007559));
#2581 = CARTESIAN_POINT ('', (-39.5358983848611, 134.499999999996, 3.50000000001514));
#2582 = B_SPLINE_CURVE_WITH_KNOTS ('', 1, (#2580, #2581), .UNSPECIFIED., .F., .U., (2, 2), (-0.401104063839509, 0.274436768285982), .UNSPECIFIED.);
#2583 = EDGE_CURVE ('', #2525, #2574, #2582, .T.);
#2584 = ORIENTED_EDGE ('', *, *, #2583, .F.);
#2585 = EDGE_LOOP ('', (#2530, #2538, #2545, #2552, #2557, #2558, #2565, #2572, #2579, #2584));
#2586 = FACE_OUTER_BOUND ('', #2585, .T.);
#2587 = CARTESIAN_POINT ('', (-39.5358983848612, 134.499999999998, -16.1924293007559));
#2588 = CARTESIAN_POINT ('', (-39.5358983848612, 134.499999999996, 3.50000000001523));
#2589 = CARTESIAN_POINT ('', (-16.5718423991561, 134.499999999998, -16.1924293007559));
#2590 = CARTESIAN_POINT ('', (-16.5718423991561, 134.499999999996, 3.50000000001523));
#2591 = B_SPLINE_SURFACE_WITH_KNOTS ('', 1, 1, ((#2587, #2588), (#2589, #2590)), .UNSPECIFIED., .F., .F., .U., (2, 2), (2, 2), (5.01448235133692, 6.06109184061459), (-0.487318005868997, 0.410183872107015), .UNSPECIFIED.);
#2592 = ADVANCED_FACE ('', (#2586), #2591, .T.);
#2593 = CARTESIAN_POINT ('', (-24.4999999999999, 137.499999999999, 3.50000000001561));
#2594 = VERTEX_POINT ('', #2593);
#2595 = CARTESIAN_POINT ('', (-24.4999999999993, 137.499999999996, 3.50000000001555));
#2596 = CARTESIAN_POINT ('', (-24.4999999999993, 134.499999999996, 3.50000000001516));
#2597 = B_SPLINE_CURVE_WITH_KNOTS ('', 1, (#2595, #2596), .UNSPECIFIED., .F., .U., (2, 2), (0., 0.17142857142858), .UNSPECIFIED.);
#2598 = EDGE_CURVE ('', #2594, #2567, #2597, .T.);
#2599 = ORIENTED_EDGE ('', *, *, #2598, .T.);
#2600 = ORIENTED_EDGE ('', *, *, #2571, .T.);
#2601 = CARTESIAN_POINT ('', (-24.5, 137.500000000001, -7.99999999998427));
#2602 = VERTEX_POINT ('', #2601);
#2603 = CARTESIAN_POINT ('', (-24.4999999999993, 137.5, -7.99999999998402));
#2604 = CARTESIAN_POINT ('', (-24.4999999999993, 134.499999999997, -7.99999999998442));
#2605 = B_SPLINE_CURVE_WITH_KNOTS ('', 1, (#2603, #2604), .UNSPECIFIED., .F., .U., (2, 2), (28.934895833331, 31.3567708333333), .UNSPECIFIED.);
#2606 = EDGE_CURVE ('', #2602, #2560, #2605, .T.);
#2607 = ORIENTED_EDGE ('', *, *, #2606, .F.);
#2608 = CARTESIAN_POINT ('', (-24.4999999999993, 137.499999999997, -7.99999999998402));
#2609 = CARTESIAN_POINT ('', (-24.4999999999993, 137.499999999996, 3.50000000001555));
#2610 = B_SPLINE_CURVE_WITH_KNOTS ('', 1, (#2608, #2609), .UNSPECIFIED., .F., .U., (2, 2), (0., 1.), .UNSPECIFIED.);
#2611 = EDGE_CURVE ('', #2602, #2594, #2610, .T.);
#2612 = ORIENTED_EDGE ('', *, *, #2611, .T.);
#2613 = EDGE_LOOP ('', (#2599, #2600, #2607, #2612));
#2614 = FACE_OUTER_BOUND ('', #2613, .T.);
#2615 = CARTESIAN_POINT ('', (-24.4999999999993, 137.499999999998, 3.50000000001575));
#2616 = CARTESIAN_POINT ('', (-24.4999999999993, 137.5, -7.99999999998405));
#2617 = CARTESIAN_POINT ('', (-24.4999999999993, 134.499999999995, 3.50000000001536));
#2618 = CARTESIAN_POINT ('', (-24.4999999999993, 134.499999999997, -7.99999999998443));
#2619 = B_SPLINE_SURFACE_WITH_KNOTS ('', 1, 1, ((#2615, #2616), (#2617, #2618)), .UNSPECIFIED., .F., .F., .U., (2, 2), (2, 2), (1.63353154228687, 1.77025949965599), (0.0683639786844966, 0.592487815265684), .UNSPECIFIED.);
#2620 = ADVANCED_FACE ('', (#2614), #2619, .T.);
#2621 = CARTESIAN_POINT ('', (-26.0000000000001, 139.000000000001, -9.49999999998451));
#2622 = VERTEX_POINT ('', #2621);
#2623 = CARTESIAN_POINT ('', (-24.4999999999999, 137.5, -9.4999999999847));
#2624 = VERTEX_POINT ('', #2623);
#2625 = CARTESIAN_POINT ('', (-25.9999999999998, 138.999999999999, -9.49999999998393));
#2626 = CARTESIAN_POINT ('', (-25.9999999999998, 137.499999999999, -9.49999999998413));
#2627 = CARTESIAN_POINT ('', (-24.4999999999997, 137.499999999999, -9.49999999998413));
#2628 = (
   BOUNDED_CURVE ()
   B_SPLINE_CURVE (2, (#2625, #2626, #2627), .UNSPECIFIED., .F., .U.)
   B_SPLINE_CURVE_WITH_KNOTS ((3, 3), (0., 1.5707963267949), .UNSPECIFIED.)
   CURVE ()
   GEOMETRIC_REPRESENTATION_ITEM ()
   RATIONAL_B_SPLINE_CURVE ((1., 0.707106781186543, 1.))
   REPRESENTATION_ITEM ('')
);
#2629 = EDGE_CURVE ('', #2622, #2624, #2628, .T.);
#2630 = ORIENTED_EDGE ('', *, *, #2629, .F.);
#2631 = CARTESIAN_POINT ('', (-26., 138.999999999999, 3.50000000001598));
#2632 = VERTEX_POINT ('', #2631);
#2633 = CARTESIAN_POINT ('', (-25.9999999999998, 138.999999999998, 3.50000000001597));
#2634 = CARTESIAN_POINT ('', (-25.9999999999998, 138.999999999999, -9.49999999998393));
#2635 = B_SPLINE_CURVE_WITH_KNOTS ('', 1, (#2633, #2634), .UNSPECIFIED., .F., .U., (2, 2), (0., 1.), .UNSPECIFIED.);
#2636 = EDGE_CURVE ('', #2632, #2622, #2635, .T.);
#2637 = ORIENTED_EDGE ('', *, *, #2636, .F.);
#2638 = CARTESIAN_POINT ('', (-25.9999999999998, 138.999999999998, 3.50000000001597));
#2639 = CARTESIAN_POINT ('', (-25.9999999999998, 137.499999999997, 3.50000000001577));
#2640 = CARTESIAN_POINT ('', (-24.4999999999997, 137.499999999997, 3.50000000001577));
#2641 = (
   BOUNDED_CURVE ()
   B_SPLINE_CURVE (2, (#2638, #2639, #2640), .UNSPECIFIED., .F., .U.)
   B_SPLINE_CURVE_WITH_KNOTS ((3, 3), (0., 1.5707963267949), .UNSPECIFIED.)
   CURVE ()
   GEOMETRIC_REPRESENTATION_ITEM ()
   RATIONAL_B_SPLINE_CURVE ((1., 0.707106781186561, 1.))
   REPRESENTATION_ITEM ('')
);
#2642 = EDGE_CURVE ('', #2632, #2594, #2641, .T.);
#2643 = ORIENTED_EDGE ('', *, *, #2642, .T.);
#2644 = ORIENTED_EDGE ('', *, *, #2611, .F.);
#2645 = CARTESIAN_POINT ('', (-24.4999999999997, 137.499999999999, -7.99999999998403));
#2646 = CARTESIAN_POINT ('', (-24.4999999999997, 137.499999999999, -9.49999999998414));
#2647 = B_SPLINE_CURVE_WITH_KNOTS ('', 1, (#2645, #2646), .UNSPECIFIED., .F., .U., (2, 2), (0.884615384615376, 1.), .UNSPECIFIED.);
#2648 = EDGE_CURVE ('', #2602, #2624, #2647, .T.);
#2649 = ORIENTED_EDGE ('', *, *, #2648, .T.);
#2650 = EDGE_LOOP ('', (#2630, #2637, #2643, #2644, #2649));
#2651 = FACE_OUTER_BOUND ('', #2650, .T.);
#2652 = CARTESIAN_POINT ('', (-24.5, 137.499999999999, -9.4999999999841));
#2653 = CARTESIAN_POINT ('', (-24.4999999999998, 137.499999999998, 3.50000000001574));
#2654 = CARTESIAN_POINT ('', (-25.9999999999994, 137.499999999999, -9.49999999998407));
#2655 = CARTESIAN_POINT ('', (-25.9999999999991, 137.499999999998, 3.50000000001576));
#2656 = CARTESIAN_POINT ('', (-25.9999999999994, 138.999999999998, -9.49999999998396));
#2657 = CARTESIAN_POINT ('', (-25.9999999999991, 138.999999999997, 3.50000000001587));
#2658 = (
   BOUNDED_SURFACE ()
   B_SPLINE_SURFACE (2, 1, ((#2652, #2653), (#2654, #2655), (#2656, #2657)), .UNSPECIFIED., .F., .F., .U.)
   B_SPLINE_SURFACE_WITH_KNOTS ((3, 3), (2, 2), (0., 0.0851074883648939), (-0.469569618870371, 0.), .UNSPECIFIED.)
   GEOMETRIC_REPRESENTATION_ITEM ()
   RATIONAL_B_SPLINE_SURFACE (((1., 1.), (0.707106781186547, 0.707106781186547), (1., 1.)))
   REPRESENTATION_ITEM ('')
   SURFACE ()
);
#2659 = ADVANCED_FACE ('', (#2651), #2658, .T.);
#2660 = CARTESIAN_POINT ('', (-26.0000000000001, 138.579728308705, 5.00000000001593));
#2661 = VERTEX_POINT ('', #2660);
#2662 = CARTESIAN_POINT ('', (-26.0000000000002, 139.576286539656, 4.08289567134714));
#2663 = VERTEX_POINT ('', #2662);
#2664 = CARTESIAN_POINT ('', (-25.9999999999999, 138.579728308704, 5.0000000000159));
#2665 = CARTESIAN_POINT ('', (-25.9999999999999, 138.599333963369, 5.00000000001591));
#2666 = CARTESIAN_POINT ('', (-25.9999999999999, 138.619604288825, 4.99939696214069));
#2667 = CARTESIAN_POINT ('', (-25.9999999999999, 138.658755907761, 4.99706539389796));
#2668 = CARTESIAN_POINT ('', (-25.9999999999999, 138.678905164691, 4.99526313724468));
#2669 = CARTESIAN_POINT ('', (-25.9999999999999, 138.727558299431, 4.98944919551806));
#2670 = CARTESIAN_POINT ('', (-25.9999999999999, 138.757775997426, 4.98446048026829));
#2671 = CARTESIAN_POINT ('', (-25.9999999999999, 138.815304096095, 4.97230103333174));
#2672 = CARTESIAN_POINT ('', (-25.9999999999999, 138.844800991217, 4.96467700501657));
#2673 = CARTESIAN_POINT ('', (-25.9999999999999, 138.901075048147, 4.94741929554125));
#2674 = CARTESIAN_POINT ('', (-25.9999999999999, 138.929628099, 4.9372497987543));
#2675 = CARTESIAN_POINT ('', (-25.9999999999999, 138.984197778287, 4.91502637416612));
#2676 = CARTESIAN_POINT ('', (-25.9999999999999, 139.011593498841, 4.90241967775084));
#2677 = CARTESIAN_POINT ('', (-25.9999999999999, 139.064022797675, 4.87540242903281));
#2678 = CARTESIAN_POINT ('', (-25.9999999999999, 139.090058826735, 4.86048435614464));
#2679 = CARTESIAN_POINT ('', (-25.9999999999999, 139.139929442016, 4.82888297645179));
#2680 = CARTESIAN_POINT ('', (-25.9999999999999, 139.164416033022, 4.81179588779876));
#2681 = CARTESIAN_POINT ('', (-25.9999999999999, 139.211330571166, 4.77585604792737));
#2682 = CARTESIAN_POINT ('', (-25.9999999999999, 139.234091989286, 4.75675768815918));
#2683 = CARTESIAN_POINT ('', (-25.9999999999999, 139.27767699481, 4.71675894352563));
#2684 = CARTESIAN_POINT ('', (-25.9999999999999, 139.298552809512, 4.69582116136117));
#2685 = CARTESIAN_POINT ('', (-25.9999999999999, 139.338461589356, 4.65207460738067));
#2686 = CARTESIAN_POINT ('', (-25.9999999999999, 139.357307851861, 4.62948196068046));
#2687 = CARTESIAN_POINT ('', (-25.9999999999999, 139.393223074017, 4.5823276555028));
#2688 = CARTESIAN_POINT ('', (-25.9999999999999, 139.409913370292, 4.55827591303162));
#2689 = CARTESIAN_POINT ('', (-25.9999999999999, 139.441549417019, 4.50808008848388));
#2690 = CARTESIAN_POINT ('', (-25.9999999999999, 139.455975788255, 4.48277464062502));
#2691 = CARTESIAN_POINT ('', (-25.9999999999999, 139.483080846046, 4.42992672392207));
#2692 = CARTESIAN_POINT ('', (-25.9999999999999, 139.495154569919, 4.40358091498731));
#2693 = CARTESIAN_POINT ('', (-25.9999999999999, 139.517512440372, 4.34849038529502));
#2694 = CARTESIAN_POINT ('', (-25.9999999999999, 139.527164667734, 4.32132378038208));
#2695 = CARTESIAN_POINT ('', (-25.9999999999999, 139.544596285597, 4.26441688565065));
#2696 = CARTESIAN_POINT ('', (-25.9999999999999, 139.551778528706, 4.23665348517215));
#2697 = CARTESIAN_POINT ('', (-25.9999999999999, 139.564143175493, 4.17836984579524));
#2698 = CARTESIAN_POINT ('', (-25.9999999999999, 139.568827645359, 4.15023626083944));
#2699 = CARTESIAN_POINT ('', (-25.9999999999999, 139.573960896739, 4.10799950595074));
#2700 = CARTESIAN_POINT ('', (-25.9999999999999, 139.575230368144, 4.09559279286293));
#2701 = CARTESIAN_POINT ('', (-25.9999999999999, 139.576286539655, 4.08289567134713));
#2702 = B_SPLINE_CURVE_WITH_KNOTS ('', 3, (#2664, #2665, #2666, #2667, #2668, #2669, #2670, #2671, #2672, #2673, #2674, #2675, #2676, #2677, #2678, #2679, #2680, #2681, #2682, #2683, #2684, #2685, #2686, #2687, #2688, #2689, #2690, #2691, #2692, #2693, #2694, #2695, #2696, #2697, #2698, #2699, #2700, #2701), .UNSPECIFIED., .F., .U., (4, 2, 2, 2, 2, 2, 2, 2, 2, 2, 2, 2, 2, 2, 2, 2, 2, 2, 4), (0., 0.0588169639953924, 0.117662947786272, 0.205814803930967, 0.294060250986309, 0.382397312059648, 0.470824428582253, 0.559340432695765, 0.647944526827604, 0.736636269685199, 0.825415568152874, 0.914282674782429, 1.003238190768, 1.09228307447677, 1.18141865580044, 1.27064665679325, 1.35996921929324, 1.44938894049444, 1.48761185950147), .UNSPECIFIED.);
#2703 = EDGE_CURVE ('', #2661, #2663, #2702, .T.);
#2704 = ORIENTED_EDGE ('', *, *, #2703, .F.);
#2705 = CARTESIAN_POINT ('', (-26.0000000000001, 137.749999999998, 5.00000000001582));
#2706 = VERTEX_POINT ('', #2705);
#2707 = CARTESIAN_POINT ('', (-25.9999999999999, 138.579728308705, 5.0000000000159));
#2708 = CARTESIAN_POINT ('', (-25.9999999999999, 137.749999999997, 5.00000000001579));
#2709 = B_SPLINE_CURVE_WITH_KNOTS ('', 1, (#2707, #2708), .UNSPECIFIED., .F., .U., (2, 2), (0., 0.768460270991059), .UNSPECIFIED.);
#2710 = EDGE_CURVE ('', #2661, #2706, #2709, .T.);
#2711 = ORIENTED_EDGE ('', *, *, #2710, .T.);
#2712 = CARTESIAN_POINT ('', (-26.0000000000001, 137.749999999999, 3.50000000001581));
#2713 = VERTEX_POINT ('', #2712);
#2714 = CARTESIAN_POINT ('', (-25.9999999999999, 137.749999999997, 5.00000000001577));
#2715 = CARTESIAN_POINT ('', (-25.9999999999999, 137.749999999997, 3.5000000000158));
#2716 = B_SPLINE_CURVE_WITH_KNOTS ('', 1, (#2714, #2715), .UNSPECIFIED., .F., .U., (2, 2), (0., 1.), .UNSPECIFIED.);
#2717 = EDGE_CURVE ('', #2706, #2713, #2716, .T.);
#2718 = ORIENTED_EDGE ('', *, *, #2717, .T.);
#2719 = CARTESIAN_POINT ('', (-25.9999999999998, 137.749999999997, 3.5000000000158));
#2720 = CARTESIAN_POINT ('', (-25.9999999999998, 138.999999999998, 3.50000000001596));
#2721 = B_SPLINE_CURVE_WITH_KNOTS ('', 1, (#2719, #2720), .UNSPECIFIED., .F., .U., (2, 2), (3.24999999999907, 4.49999999999932), .UNSPECIFIED.);
#2722 = EDGE_CURVE ('', #2713, #2632, #2721, .T.);
#2723 = ORIENTED_EDGE ('', *, *, #2722, .T.);
#2724 = ORIENTED_EDGE ('', *, *, #2636, .T.);
#2725 = CARTESIAN_POINT ('', (-26.0000000000001, 140.706138484407, -9.49999999998429));
#2726 = VERTEX_POINT ('', #2725);
#2727 = CARTESIAN_POINT ('', (-25.9999999999999, 138.999999999999, -9.49999999998441));
#2728 = CARTESIAN_POINT ('', (-25.9999999999999, 140.706138484406, -9.49999999998419));
#2729 = B_SPLINE_CURVE_WITH_KNOTS ('', 1, (#2727, #2728), .UNSPECIFIED., .F., .U., (2, 2), (0.20689655172442, 0.442225997849477), .UNSPECIFIED.);
#2730 = EDGE_CURVE ('', #2622, #2726, #2729, .T.);
#2731 = ORIENTED_EDGE ('', *, *, #2730, .T.);
#2732 = CARTESIAN_POINT ('', (-25.9999999999999, 140.706138484406, -9.49999999998419));
#2733 = CARTESIAN_POINT ('', (-25.9999999999999, 140.329521169669, -4.97236811170084));
#2734 = CARTESIAN_POINT ('', (-26., 139.952903854392, -0.444736216936187));
#2735 = CARTESIAN_POINT ('', (-26., 139.576286539655, 4.08289567134716));
#2736 = B_SPLINE_CURVE_WITH_KNOTS ('', 3, (#2732, #2733, #2734, #2735), .UNSPECIFIED., .F., .U., (4, 4), (0., 13.6298063103643), .UNSPECIFIED.);
#2737 = EDGE_CURVE ('', #2726, #2663, #2736, .T.);
#2738 = ORIENTED_EDGE ('', *, *, #2737, .T.);
#2739 = EDGE_LOOP ('', (#2704, #2711, #2718, #2723, #2724, #2731, #2738));
#2740 = FACE_OUTER_BOUND ('', #2739, .T.);
#2741 = CARTESIAN_POINT ('', (-25.9999999999999, 137.749999999997, 5.00000000001534));
#2742 = CARTESIAN_POINT ('', (-25.9999999999999, 140.706138484404, 5.00000000001573));
#2743 = CARTESIAN_POINT ('', (-25.9999999999999, 137.749999999999, -9.49999999998519));
#2744 = CARTESIAN_POINT ('', (-25.9999999999999, 140.706138484406, -9.4999999999848));
#2745 = B_SPLINE_SURFACE_WITH_KNOTS ('', 1, 1, ((#2741, #2742), (#2743, #2744)), .UNSPECIFIED., .F., .F., .U., (2, 2), (2, 2), (1.6123160136801, 2.10973265619847), (0.00857614900900185, 0.109985285542309), .UNSPECIFIED.);
#2746 = ADVANCED_FACE ('', (#2740), #2745, .T.);
#2747 = CARTESIAN_POINT ('', (-169., 137.749999999999, 3.50000000001581));
#2748 = VERTEX_POINT ('', #2747);
#2749 = CARTESIAN_POINT ('', (-169., 137.749999999999, 5.00000000001581));
#2750 = VERTEX_POINT ('', #2749);
#2751 = CARTESIAN_POINT ('', (-168.999999999999, 137.749999999998, 3.5000000000158));
#2752 = CARTESIAN_POINT ('', (-168.999999999999, 137.749999999997, 5.00000000001579));
#2753 = B_SPLINE_CURVE_WITH_KNOTS ('', 1, (#2751, #2752), .UNSPECIFIED., .F., .U., (2, 2), (0., 1.), .UNSPECIFIED.);
#2754 = EDGE_CURVE ('', #2748, #2750, #2753, .T.);
#2755 = ORIENTED_EDGE ('', *, *, #2754, .F.);
#2756 = CARTESIAN_POINT ('', (-25.9999999999993, 137.749999999997, 3.5000000000158));
#2757 = CARTESIAN_POINT ('', (-168.999999999998, 137.749999999998, 3.5000000000158));
#2758 = B_SPLINE_CURVE_WITH_KNOTS ('', 1, (#2756, #2757), .UNSPECIFIED., .F., .U., (2, 2), (1054.20023502484, 1195.26555227988), .UNSPECIFIED.);
#2759 = EDGE_CURVE ('', #2713, #2748, #2758, .T.);
#2760 = ORIENTED_EDGE ('', *, *, #2759, .F.);
#2761 = ORIENTED_EDGE ('', *, *, #2717, .F.);
#2762 = CARTESIAN_POINT ('', (-168.999999999999, 137.749999999997, 5.00000000001579));
#2763 = CARTESIAN_POINT ('', (-26., 137.749999999997, 5.00000000001579));
#2764 = B_SPLINE_CURVE_WITH_KNOTS ('', 1, (#2762, #2763), .UNSPECIFIED., .F., .U., (2, 2), (0., 0.989619377162625), .UNSPECIFIED.);
#2765 = EDGE_CURVE ('', #2750, #2706, #2764, .T.);
#2766 = ORIENTED_EDGE ('', *, *, #2765, .F.);
#2767 = EDGE_LOOP ('', (#2755, #2760, #2761, #2766));
#2768 = FACE_OUTER_BOUND ('', #2767, .T.);
#2769 = CARTESIAN_POINT ('', (-25.9999999999998, 137.749999999997, 3.5000000000158));
#2770 = CARTESIAN_POINT ('', (-168.999999999999, 137.749999999998, 3.5000000000158));
#2771 = CARTESIAN_POINT ('', (-25.9999999999998, 137.749999999997, 5.00000000001579));
#2772 = CARTESIAN_POINT ('', (-168.999999999999, 137.749999999997, 5.00000000001579));
#2773 = B_SPLINE_SURFACE_WITH_KNOTS ('', 1, 1, ((#2769, #2770), (#2771, #2772)), .UNSPECIFIED., .F., .F., .U., (2, 2), (2, 2), (0., 0.0514568940536226), (0.323429137858305, 5.22898637097033), .UNSPECIFIED.);
#2774 = ADVANCED_FACE ('', (#2768), #2773, .T.);
#2775 = CARTESIAN_POINT ('', (-177.980981719081, 132.908000284486, 3.50000000001516));
#2776 = VERTEX_POINT ('', #2775);
#2777 = CARTESIAN_POINT ('', (-177.980981719081, 132.908000284485, 5.00000000001515));
#2778 = VERTEX_POINT ('', #2777);
#2779 = CARTESIAN_POINT ('', (-177.980981719081, 132.908000284485, 3.50000000001526));
#2780 = CARTESIAN_POINT ('', (-177.980981719081, 132.908000284485, 4.00000000001523));
#2781 = CARTESIAN_POINT ('', (-177.980981719081, 132.908000284485, 4.50000000001521));
#2782 = CARTESIAN_POINT ('', (-177.980981719081, 132.908000284485, 5.00000000001518));
#2783 = B_SPLINE_CURVE_WITH_KNOTS ('', 3, (#2779, #2780, #2781, #2782), .UNSPECIFIED., .F., .U., (4, 4), (0., 1.49999999999993), .UNSPECIFIED.);
#2784 = EDGE_CURVE ('', #2776, #2778, #2783, .T.);
#2785 = ORIENTED_EDGE ('', *, *, #2784, .F.);
#2786 = CARTESIAN_POINT ('', (-168.999999999999, 137.749999999998, 3.50000000001579));
#2787 = CARTESIAN_POINT ('', (-174.795746898265, 137.749999999998, 3.5000000000158));
#2788 = CARTESIAN_POINT ('', (-177.980981719081, 132.908000284485, 3.50000000001515));
#2789 = (
   BOUNDED_CURVE ()
   B_SPLINE_CURVE (2, (#2786, #2787, #2788), .UNSPECIFIED., .F., .U.)
   B_SPLINE_CURVE_WITH_KNOTS ((3, 3), (0., 0.988933198673917), .UNSPECIFIED.)
   CURVE ()
   GEOMETRIC_REPRESENTATION_ITEM ()
   RATIONAL_B_SPLINE_CURVE ((1., 0.880221966839232, 1.))
   REPRESENTATION_ITEM ('')
);
#2790 = EDGE_CURVE ('', #2748, #2776, #2789, .T.);
#2791 = ORIENTED_EDGE ('', *, *, #2790, .F.);
#2792 = ORIENTED_EDGE ('', *, *, #2754, .T.);
#2793 = CARTESIAN_POINT ('', (-168.999999999999, 137.749999999997, 5.00000000001579));
#2794 = CARTESIAN_POINT ('', (-174.795746898265, 137.749999999998, 5.00000000001578));
#2795 = CARTESIAN_POINT ('', (-177.980981719081, 132.908000284485, 5.00000000001515));
#2796 = (
   BOUNDED_CURVE ()
   B_SPLINE_CURVE (2, (#2793, #2794, #2795), .UNSPECIFIED., .F., .U.)
   B_SPLINE_CURVE_WITH_KNOTS ((3, 3), (0., 0.988933198673948), .UNSPECIFIED.)
   CURVE ()
   GEOMETRIC_REPRESENTATION_ITEM ()
   RATIONAL_B_SPLINE_CURVE ((1., 0.880221966839227, 1.))
   REPRESENTATION_ITEM ('')
);
#2797 = EDGE_CURVE ('', #2750, #2778, #2796, .T.);
#2798 = ORIENTED_EDGE ('', *, *, #2797, .T.);
#2799 = EDGE_LOOP ('', (#2785, #2791, #2792, #2798));
#2800 = FACE_OUTER_BOUND ('', #2799, .T.);
#2801 = CARTESIAN_POINT ('', (-177.980981719081, 132.908000284485, 5.00000000001593));
#2802 = CARTESIAN_POINT ('', (-174.795746898265, 137.749999999997, 5.00000000001718));
#2803 = CARTESIAN_POINT ('', (-169., 137.749999999997, 5.0000000000171));
#2804 = CARTESIAN_POINT ('', (-177.980981719081, 132.908000284485, 3.50000000001477));
#2805 = CARTESIAN_POINT ('', (-174.795746898265, 137.749999999997, 3.50000000001602));
#2806 = CARTESIAN_POINT ('', (-169., 137.749999999997, 3.50000000001595));
#2807 = (
   BOUNDED_SURFACE ()
   B_SPLINE_SURFACE (1, 2, ((#2801, #2802, #2803), (#2804, #2805, #2806)), .UNSPECIFIED., .F., .F., .U.)
   B_SPLINE_SURFACE_WITH_KNOTS ((2, 2), (3, 3), (4.44089209850063E-16, 0.054181109869701), (0.229781499530493, 0.609936999948548), .UNSPECIFIED.)
   GEOMETRIC_REPRESENTATION_ITEM ()
   RATIONAL_B_SPLINE_SURFACE (((0.862454719983465, 0.817448411595828, 1.), (0.862454719983465, 0.817448411595828, 1.)))
   REPRESENTATION_ITEM ('')
   SURFACE ()
);
#2808 = ADVANCED_FACE ('', (#2800), #2807, .T.);
#2809 = CARTESIAN_POINT ('', (-178.644738657367, 133.344642547311, 5.00000000001521));
#2810 = VERTEX_POINT ('', #2809);
#2811 = CARTESIAN_POINT ('', (-179.479327292819, 133.893664045493, 4.0453567249889));
#2812 = VERTEX_POINT ('', #2811);
#2813 = CARTESIAN_POINT ('', (-178.644738657366, 133.344642547311, 5.00000000001521));
#2814 = CARTESIAN_POINT ('', (-178.664212697925, 133.357453244488, 5.00000000001519));
#2815 = CARTESIAN_POINT ('', (-178.684491501446, 133.370793342567, 4.99913946773971));
#2816 = CARTESIAN_POINT ('', (-178.723355423889, 133.396359374436, 4.99583688306719));
#2817 = CARTESIAN_POINT ('', (-178.74346246971, 133.409586484361, 4.99326911692974));
#2818 = CARTESIAN_POINT ('', (-178.782060431715, 133.434977558259, 4.98667824259917));
#2819 = CARTESIAN_POINT ('', (-178.801897902785, 133.448027332593, 4.98242874242461));
#2820 = CARTESIAN_POINT ('', (-178.840035639086, 133.473115654111, 4.97258041985271));
#2821 = CARTESIAN_POINT ('', (-178.859507654671, 133.48592501919, 4.96668251212694));
#2822 = CARTESIAN_POINT ('', (-178.896993418545, 133.510584450705, 4.95362392466654));
#2823 = CARTESIAN_POINT ('', (-178.916006482121, 133.523091901285, 4.94611860143559));
#2824 = CARTESIAN_POINT ('', (-178.952651989077, 133.547198582747, 4.92991299223583));
#2825 = CARTESIAN_POINT ('', (-178.971115426934, 133.559344470527, 4.92084870934171));
#2826 = CARTESIAN_POINT ('', (-179.006736779086, 133.58277742755, 4.90157502259605));
#2827 = CARTESIAN_POINT ('', (-179.024563167126, 133.594504241935, 4.89100745859449));
#2828 = CARTESIAN_POINT ('', (-179.067578715975, 133.622801357193, 4.86320298455423));
#2829 = CARTESIAN_POINT ('', (-179.093115315849, 133.639600215496, 4.84454063422005));
#2830 = CARTESIAN_POINT ('', (-179.141533840887, 133.671451595295, 4.80479430812125));
#2831 = CARTESIAN_POINT ('', (-179.165113567235, 133.686963154535, 4.78315678059421));
#2832 = CARTESIAN_POINT ('', (-179.209815663765, 133.716369739169, 4.73744574578964));
#2833 = CARTESIAN_POINT ('', (-179.231205645538, 133.730440808719, 4.71311918939007));
#2834 = CARTESIAN_POINT ('', (-179.271685645809, 133.757069952458, 4.66194627649251));
#2835 = CARTESIAN_POINT ('', (-179.290680676487, 133.769565540375, 4.63524258938252));
#2836 = CARTESIAN_POINT ('', (-179.326480947856, 133.793116196645, 4.57917052911331));
#2837 = CARTESIAN_POINT ('', (-179.34290558757, 133.803920892516, 4.55042377718368));
#2838 = CARTESIAN_POINT ('', (-179.373621337388, 133.824126774718, 4.4900685937257));
#2839 = CARTESIAN_POINT ('', (-179.387331698293, 133.833145924145, 4.45963116301768));
#2840 = CARTESIAN_POINT ('', (-179.40837762063, 133.846990659502, 4.40637747451951));
#2841 = CARTESIAN_POINT ('', (-179.416005379521, 133.852008463024, 4.38518322362156));
#2842 = CARTESIAN_POINT ('', (-179.430300997001, 133.861412614461, 4.34128392374865));
#2843 = CARTESIAN_POINT ('', (-179.436648037098, 133.86558791688, 4.31957271987625));
#2844 = CARTESIAN_POINT ('', (-179.448346087442, 133.873283298846, 4.27455269856587));
#2845 = CARTESIAN_POINT ('', (-179.453390082672, 133.876601413301, 4.25243616978816));
#2846 = CARTESIAN_POINT ('', (-179.462431454534, 133.882549140309, 4.20651541785047));
#2847 = CARTESIAN_POINT ('', (-179.466156880556, 133.88499985435, 4.18410654330795));
#2848 = CARTESIAN_POINT ('', (-179.47249549845, 133.889169616353, 4.13750921875514));
#2849 = CARTESIAN_POINT ('', (-179.47489370207, 133.89074723761, 4.11492174839174));
#2850 = CARTESIAN_POINT ('', (-179.477878500051, 133.892710740918, 4.07594739745687));
#2851 = CARTESIAN_POINT ('', (-179.47874081104, 133.893277998901, 4.06086497540168));
#2852 = CARTESIAN_POINT ('', (-179.479327401593, 133.893663878447, 4.0453567238794));
#2853 = B_SPLINE_CURVE_WITH_KNOTS ('', 3, (#2813, #2814, #2815, #2816, #2817, #2818, #2819, #2820, #2821, #2822, #2823, #2824, #2825, #2826, #2827, #2828, #2829, #2830, #2831, #2832, #2833, #2834, #2835, #2836, #2837, #2838, #2839, #2840, #2841, #2842, #2843, #2844, #2845, #2846, #2847, #2848, #2849, #2850, #2851, #2852), .UNSPECIFIED., .F., .U., (4, 2, 2, 2, 2, 2, 2, 2, 2, 2, 2, 2, 2, 2, 2, 2, 2, 2, 2, 4), (0., 0.0699297501832985, 0.139908547518498, 0.209935251367718, 0.280008877203046, 0.350128585236683, 0.420293670983452, 0.490503557517819, 0.595842457825271, 0.701329812056406, 0.806964958313095, 0.91274806716518, 1.01868014211728, 1.12476303879303, 1.19541459247998, 1.26611211538832, 1.33685641952596, 1.40764845659443, 1.47848932822637, 1.525061741853), .UNSPECIFIED.);
#2854 = EDGE_CURVE ('', #2810, #2812, #2853, .T.);
#2855 = ORIENTED_EDGE ('', *, *, #2854, .T.);
#2856 = CARTESIAN_POINT ('', (-179.499999999999, 133.907263028416, 3.50000000001529));
#2857 = CARTESIAN_POINT ('', (-179.493136694028, 133.902748108456, 3.68177925586335));
#2858 = CARTESIAN_POINT ('', (-179.486256614889, 133.898222154525, 3.86357837108776));
#2859 = CARTESIAN_POINT ('', (-179.47936123226, 133.893686133429, 4.04535856357932));
#2860 = B_SPLINE_CURVE_WITH_KNOTS ('', 3, (#2856, #2857, #2858, #2859), .UNSPECIFIED., .F., .U., (4, 4), (0., 0.545894390839365), .UNSPECIFIED.);
#2861 = EDGE_CURVE ('', #996, #2812, #2860, .T.);
#2862 = ORIENTED_EDGE ('', *, *, #2861, .F.);
#2863 = CARTESIAN_POINT ('', (-179.499999999999, 133.907263028416, 3.50000000001529));
#2864 = CARTESIAN_POINT ('', (-177.980981719081, 132.908000284485, 3.50000000001516));
#2865 = B_SPLINE_CURVE_WITH_KNOTS ('', 1, (#2863, #2864), .UNSPECIFIED., .F., .U., (2, 2), (4.6023769140991, 6.42060202919649), .UNSPECIFIED.);
#2866 = EDGE_CURVE ('', #996, #2776, #2865, .T.);
#2867 = ORIENTED_EDGE ('', *, *, #2866, .T.);
#2868 = ORIENTED_EDGE ('', *, *, #2784, .T.);
#2869 = CARTESIAN_POINT ('', (-177.980981719081, 132.908000284485, 5.00000000001515));
#2870 = CARTESIAN_POINT ('', (-178.644738657366, 133.344642547311, 5.00000000001521));
#2871 = B_SPLINE_CURVE_WITH_KNOTS ('', 1, (#2869, #2870), .UNSPECIFIED., .F., .U., (2, 2), (0.782881158457611, 0.877754366579334), .UNSPECIFIED.);
#2872 = EDGE_CURVE ('', #2778, #2810, #2871, .T.);
#2873 = ORIENTED_EDGE ('', *, *, #2872, .T.);
#2874 = EDGE_LOOP ('', (#2855, #2862, #2867, #2868, #2873));
#2875 = FACE_OUTER_BOUND ('', #2874, .T.);
#2876 = CARTESIAN_POINT ('', (-179.499999999998, 133.907263028415, 3.5000000000153));
#2877 = CARTESIAN_POINT ('', (-179.499999999998, 133.907263028415, 5.00000000001531));
#2878 = CARTESIAN_POINT ('', (-177.98098171908, 132.908000284485, 3.50000000001518));
#2879 = CARTESIAN_POINT ('', (-177.98098171908, 132.908000284484, 5.00000000001518));
#2880 = B_SPLINE_SURFACE_WITH_KNOTS ('', 1, 1, ((#2876, #2877), (#2878, #2879)), .UNSPECIFIED., .F., .F., .U., (2, 2), (2, 2), (0.167603905596023, 0.233817872037916), (0., 0.0546252215075801), .UNSPECIFIED.);
#2881 = ADVANCED_FACE ('', (#2875), #2880, .T.);
#2882 = ORIENTED_EDGE ('', *, *, #2854, .F.);
#2883 = CARTESIAN_POINT ('', (-169.000138821065, 138.579728308706, 5.00000000001593));
#2884 = VERTEX_POINT ('', #2883);
#2885 = CARTESIAN_POINT ('', (-169.000138821064, 138.579728308704, 5.0000000000159));
#2886 = CARTESIAN_POINT ('', (-170.284836791269, 138.579728308704, 5.0000000000159));
#2887 = CARTESIAN_POINT ('', (-171.587179287594, 138.358434391045, 5.00000000001587));
#2888 = CARTESIAN_POINT ('', (-174.01235972569, 137.50971430138, 5.00000000001576));
#2889 = CARTESIAN_POINT ('', (-175.168509103812, 136.870623123821, 5.00000000001567));
#2890 = CARTESIAN_POINT ('', (-177.130896899396, 135.305202721994, 5.00000000001546));
#2891 = CARTESIAN_POINT ('', (-177.975906760697, 134.373402866359, 5.00000000001534));
#2892 = CARTESIAN_POINT ('', (-178.644738657366, 133.344642547311, 5.00000000001521));
#2893 = B_SPLINE_CURVE_WITH_KNOTS ('', 3, (#2885, #2886, #2887, #2888, #2889, #2890, #2891, #2892), .UNSPECIFIED., .F., .U., (4, 2, 2, 4), (0., 3.85409391061587, 7.70820559736982, 11.3849346374157), .UNSPECIFIED.);
#2894 = EDGE_CURVE ('', #2884, #2810, #2893, .T.);
#2895 = ORIENTED_EDGE ('', *, *, #2894, .F.);
#2896 = CARTESIAN_POINT ('', (-169.000138821065, 139.576286539656, 4.08289567134718));
#2897 = VERTEX_POINT ('', #2896);
#2898 = CARTESIAN_POINT ('', (-169.000138821064, 139.576286539655, 4.08289567134717));
#2899 = CARTESIAN_POINT ('', (-169.000138821064, 139.499999999998, 5.00000000001606));
#2900 = CARTESIAN_POINT ('', (-169.000138821064, 138.579728308704, 5.0000000000159));
#2901 = (
   BOUNDED_CURVE ()
   B_SPLINE_CURVE (2, (#2898, #2899, #2900), .UNSPECIFIED., .F., .U.)
   B_SPLINE_CURVE_WITH_KNOTS ((3, 3), (0., 1.4878054217567), .UNSPECIFIED.)
   CURVE ()
   GEOMETRIC_REPRESENTATION_ITEM ()
   RATIONAL_B_SPLINE_CURVE ((1., 0.735831390785641, 1.))
   REPRESENTATION_ITEM ('')
);
#2902 = EDGE_CURVE ('', #2897, #2884, #2901, .T.);
#2903 = ORIENTED_EDGE ('', *, *, #2902, .F.);
#2904 = CARTESIAN_POINT ('', (-169.000138821064, 139.576286539655, 4.08289567134716));
#2905 = CARTESIAN_POINT ('', (-170.396133202814, 139.576285147933, 4.08291240239548));
#2906 = CARTESIAN_POINT ('', (-171.811305792494, 139.335961001557, 4.08134360869814));
#2907 = CARTESIAN_POINT ('', (-174.446841078776, 138.414129208978, 4.07528273590069));
#2908 = CARTESIAN_POINT ('', (-175.703410771937, 137.719942149246, 4.07070656037783));
#2909 = CARTESIAN_POINT ('', (-177.835046584957, 136.020446329953, 4.05946753426412));
#2910 = CARTESIAN_POINT ('', (-178.752590972949, 135.009720965904, 4.05276948529998));
#2911 = CARTESIAN_POINT ('', (-179.479327292818, 133.893664045493, 4.0453567249889));
#2912 = B_SPLINE_CURVE_WITH_KNOTS ('', 3, (#2904, #2905, #2906, #2907, #2908, #2909, #2910, #2911), .UNSPECIFIED., .F., .U., (4, 2, 2, 4), (0., 3.85409391061587, 7.70820559736982, 11.3796355909058), .UNSPECIFIED.);
#2913 = EDGE_CURVE ('', #2897, #2812, #2912, .T.);
#2914 = ORIENTED_EDGE ('', *, *, #2913, .T.);
#2915 = EDGE_LOOP ('', (#2882, #2895, #2903, #2914));
#2916 = FACE_OUTER_BOUND ('', #2915, .T.);
#2917 = CARTESIAN_POINT ('', (-169.000138821064, 139.576286539655, 4.08289567134716));
#2918 = CARTESIAN_POINT ('', (-169.000138821064, 139.499999999998, 5.00000000001608));
#2919 = CARTESIAN_POINT ('', (-169.000138821064, 138.579728308704, 5.0000000000159));
#2920 = CARTESIAN_POINT ('', (-170.396133202814, 139.576285147933, 4.08291240239548));
#2921 = CARTESIAN_POINT ('', (-170.398607524116, 139.510418327681, 5.00000000002556));
#2922 = CARTESIAN_POINT ('', (-170.284836791269, 138.579728308704, 5.0000000000159));
#2923 = CARTESIAN_POINT ('', (-171.811305792494, 139.335961001557, 4.08134360869814));
#2924 = CARTESIAN_POINT ('', (-171.791199315745, 139.266792052501, 5.00000000002187));
#2925 = CARTESIAN_POINT ('', (-171.587179287594, 138.358434391045, 5.00000000001587));
#2926 = CARTESIAN_POINT ('', (-173.129070396689, 138.8750461682, 4.07831317928801));
#2927 = CARTESIAN_POINT ('', (-173.105154507385, 138.806707563274, 5.00000000001591));
#2928 = CARTESIAN_POINT ('', (-172.799766710249, 137.934075324843, 5.00000000001581));
#2929 = CARTESIAN_POINT ('', (-174.446841078776, 138.414129208978, 4.07528273590069));
#2930 = CARTESIAN_POINT ('', (-174.422848972567, 138.345313758653, 5.00000000000993));
#2931 = CARTESIAN_POINT ('', (-174.01235972569, 137.50971430138, 5.00000000001576));
#2932 = CARTESIAN_POINT ('', (-175.703410771937, 137.719942149246, 4.07070656037783));
#2933 = CARTESIAN_POINT ('', (-175.665071874138, 137.664961846317, 5.00000000000166));
#2934 = CARTESIAN_POINT ('', (-175.168509103812, 136.870623123821, 5.00000000001567));
#2935 = CARTESIAN_POINT ('', (-176.795101290426, 136.849566702933, 4.0649506342621));
#2936 = CARTESIAN_POINT ('', (-176.757148412832, 136.801989538543, 5.0000000000021));
#2937 = CARTESIAN_POINT ('', (-176.172814202178, 136.069476839596, 5.00000000001557));
#2938 = CARTESIAN_POINT ('', (-177.836547558282, 136.019249644349, 4.05945962039896));
#2939 = CARTESIAN_POINT ('', (-177.804499911408, 135.974359507357, 5.00000000000251));
#2940 = CARTESIAN_POINT ('', (-177.130896899396, 135.305202721994, 5.00000000001547));
#2941 = CARTESIAN_POINT ('', (-178.755239337385, 135.006802988331, 4.05275014791965));
#2942 = CARTESIAN_POINT ('', (-178.716133211071, 134.976892213025, 5.00000000001093));
#2943 = CARTESIAN_POINT ('', (-177.975906760697, 134.373402866359, 5.00000000001535));
#2944 = CARTESIAN_POINT ('', (-179.482472838265, 133.888830907295, 4.04532462357924));
#2945 = CARTESIAN_POINT ('', (-179.445811230979, 133.865973526331, 5.00000000001474));
#2946 = CARTESIAN_POINT ('', (-178.644738657366, 133.344642547311, 5.00000000001521));
#2947 = (
   BOUNDED_SURFACE ()
   B_SPLINE_SURFACE (3, 2, ((#2917, #2918, #2919), (#2920, #2921, #2922), (#2923, #2924, #2925), (#2926, #2927, #2928), (#2929, #2930, #2931), (#2932, #2933, #2934), (#2935, #2936, #2937), (#2938, #2939, #2940), (#2941, #2942, #2943), (#2944, #2945, #2946)), .UNSPECIFIED., .F., .F., .U.)
   B_SPLINE_SURFACE_WITH_KNOTS ((4, 3, 3, 4), (3, 3), (0., 3.85409391061587, 7.70820559736982, 11.3849346374157), (0., 1.), .UNSPECIFIED.)
   GEOMETRIC_REPRESENTATION_ITEM ()
   RATIONAL_B_SPLINE_SURFACE (((1., 0.735831390785644, 1.), (1., 0.73585521143049, 1.), (1., 0.735314452599823, 1.), (1., 0.734272830517401, 1.), (1., 0.733231203630733, 1.), (1., 0.731688708872061, 1.), (1., 0.729709063346778, 1.), (1., 0.727820529546157, 1.), (1., 0.725534158074854, 1.), (1., 0.722955654921548, 1.)))
   REPRESENTATION_ITEM ('')
   SURFACE ()
);
#2948 = ADVANCED_FACE ('', (#2916), #2947, .T.);
#2949 = ORIENTED_EDGE ('', *, *, #2872, .F.);
#2950 = ORIENTED_EDGE ('', *, *, #2797, .F.);
#2951 = ORIENTED_EDGE ('', *, *, #2765, .T.);
#2952 = ORIENTED_EDGE ('', *, *, #2710, .F.);
#2953 = CARTESIAN_POINT ('', (-25.9999999999999, 138.579728308704, 5.0000000000159));
#2954 = CARTESIAN_POINT ('', (-73.6667129403546, 138.579728308704, 5.0000000000159));
#2955 = CARTESIAN_POINT ('', (-121.333425880709, 138.579728308705, 5.0000000000159));
#2956 = CARTESIAN_POINT ('', (-169.000138821064, 138.579728308704, 5.0000000000159));
#2957 = B_SPLINE_CURVE_WITH_KNOTS ('', 3, (#2953, #2954, #2955, #2956), .UNSPECIFIED., .F., .U., (4, 4), (85.6395583514868, 228.639697172552), .UNSPECIFIED.);
#2958 = EDGE_CURVE ('', #2661, #2884, #2957, .T.);
#2959 = ORIENTED_EDGE ('', *, *, #2958, .T.);
#2960 = ORIENTED_EDGE ('', *, *, #2894, .T.);
#2961 = EDGE_LOOP ('', (#2949, #2950, #2951, #2952, #2959, #2960));
#2962 = FACE_OUTER_BOUND ('', #2961, .T.);
#2963 = CARTESIAN_POINT ('', (-26., 132.908000284485, 5.00000000001515));
#2964 = CARTESIAN_POINT ('', (-178.644738657366, 132.908000284485, 5.00000000001515));
#2965 = CARTESIAN_POINT ('', (-26., 138.579728308705, 5.0000000000159));
#2966 = CARTESIAN_POINT ('', (-178.644738657366, 138.579728308705, 5.0000000000159));
#2967 = B_SPLINE_SURFACE_WITH_KNOTS ('', 1, 1, ((#2963, #2964), (#2965, #2966)), .UNSPECIFIED., .F., .F., .U., (2, 2), (2, 2), (0.653952289109152, 0.666214422807557), (0.392526253169182, 0.722540348658558), .UNSPECIFIED.);
#2968 = ADVANCED_FACE ('', (#2962), #2967, .T.);
#2969 = ORIENTED_EDGE ('', *, *, #2902, .T.);
#2970 = ORIENTED_EDGE ('', *, *, #2958, .F.);
#2971 = ORIENTED_EDGE ('', *, *, #2703, .T.);
#2972 = CARTESIAN_POINT ('', (-26., 139.576286539655, 4.08289567134712));
#2973 = CARTESIAN_POINT ('', (-73.6667129403546, 139.576286539655, 4.08289567134712));
#2974 = CARTESIAN_POINT ('', (-121.333425880709, 139.576286539655, 4.08289567134717));
#2975 = CARTESIAN_POINT ('', (-169.000138821064, 139.576286539655, 4.08289567134716));
#2976 = B_SPLINE_CURVE_WITH_KNOTS ('', 3, (#2972, #2973, #2974, #2975), .UNSPECIFIED., .F., .U., (4, 4), (85.639558351487, 228.639697172552), .UNSPECIFIED.);
#2977 = EDGE_CURVE ('', #2663, #2897, #2976, .T.);
#2978 = ORIENTED_EDGE ('', *, *, #2977, .T.);
#2979 = EDGE_LOOP ('', (#2969, #2970, #2971, #2978));
#2980 = FACE_OUTER_BOUND ('', #2979, .T.);
#2981 = CARTESIAN_POINT ('', (-25.9999999999998, 139.576286539655, 4.08289567134712));
#2982 = CARTESIAN_POINT ('', (-25.9999999999999, 139.499999999998, 5.00000000001603));
#2983 = CARTESIAN_POINT ('', (-25.9999999999999, 138.579728308704, 5.0000000000159));
#2984 = CARTESIAN_POINT ('', (-49.583356470177, 139.576286539655, 4.08289567134713));
#2985 = CARTESIAN_POINT ('', (-49.5833564701768, 139.499999999998, 5.00000000001602));
#2986 = CARTESIAN_POINT ('', (-49.5833564701772, 138.579728308704, 5.0000000000159));
#2987 = CARTESIAN_POINT ('', (-97.2500694105318, 139.576286539655, 4.08289567134714));
#2988 = CARTESIAN_POINT ('', (-97.2500694105316, 139.499999999998, 5.00000000001604));
#2989 = CARTESIAN_POINT ('', (-97.2500694105318, 138.579728308704, 5.0000000000159));
#2990 = CARTESIAN_POINT ('', (-144.916782350887, 139.576286539655, 4.08289567134717));
#2991 = CARTESIAN_POINT ('', (-144.916782350887, 139.499999999998, 5.00000000001604));
#2992 = CARTESIAN_POINT ('', (-144.916782350887, 138.579728308704, 5.0000000000159));
#2993 = CARTESIAN_POINT ('', (-169.000138821064, 139.576286539655, 4.08289567134716));
#2994 = CARTESIAN_POINT ('', (-169.000138821064, 139.499999999998, 5.00000000001603));
#2995 = CARTESIAN_POINT ('', (-169.000138821064, 138.579728308704, 5.0000000000159));
#2996 = (
   BOUNDED_SURFACE ()
   B_SPLINE_SURFACE (3, 2, ((#2981, #2982, #2983), (#2984, #2985, #2986), (#2987, #2988, #2989), (#2990, #2991, #2992), (#2993, #2994, #2995)), .UNSPECIFIED., .F., .F., .U.)
   B_SPLINE_SURFACE_WITH_KNOTS ((4, 1, 4), (3, 3), (85.6395583514868, 156.389627762019, 228.639697172552), (0., 1.), .UNSPECIFIED.)
   GEOMETRIC_REPRESENTATION_ITEM ()
   RATIONAL_B_SPLINE_SURFACE (((1., 0.735831390785654, 1.), (1., 0.735831390785653, 1.), (1., 0.735831390785651, 1.), (1., 0.735831390785661, 1.), (1., 0.735831390785673, 1.)))
   REPRESENTATION_ITEM ('')
   SURFACE ()
);
#2997 = ADVANCED_FACE ('', (#2980), #2996, .T.);
#2998 = CARTESIAN_POINT ('', (-9.0743341002843, 127.193311428389, -13.5455372077373));
#2999 = VERTEX_POINT ('', #2998);
#3000 = CARTESIAN_POINT ('', (-9.07433410028448, 127.193311428389, 3.50000000001426));
#3001 = VERTEX_POINT ('', #3000);
#3002 = CARTESIAN_POINT ('', (-9.07433410028422, 127.193311428388, -13.5455372077372));
#3003 = CARTESIAN_POINT ('', (-9.07433410028422, 127.193311428386, 3.50000000001425));
#3004 = B_SPLINE_CURVE_WITH_KNOTS ('', 1, (#3002, #3003), .UNSPECIFIED., .F., .U., (2, 2), (-0.73141247343199, 0.818181818181823), .UNSPECIFIED.);
#3005 = EDGE_CURVE ('', #2999, #3001, #3004, .T.);
#3006 = ORIENTED_EDGE ('', *, *, #3005, .T.);
#3007 = CARTESIAN_POINT ('', (-9.07433410028422, 127.193311428386, 3.50000000001421));
#3008 = CARTESIAN_POINT ('', (-9.07988582155259, 127.408632770891, 3.50000000001424));
#3009 = CARTESIAN_POINT ('', (-9.09473564631799, 127.623914023567, 3.50000000001426));
#3010 = CARTESIAN_POINT ('', (-9.14284046628429, 128.051772075794, 3.50000000001432));
#3011 = CARTESIAN_POINT ('', (-9.17612006161632, 128.264747138382, 3.50000000001434));
#3012 = CARTESIAN_POINT ('', (-9.26074626975983, 128.686437476414, 3.5000000000144));
#3013 = CARTESIAN_POINT ('', (-9.3121521043831, 128.895546042465, 3.50000000001443));
#3014 = CARTESIAN_POINT ('', (-9.43256333834574, 129.307985989516, 3.50000000001448));
#3015 = CARTESIAN_POINT ('', (-9.50166177923523, 129.511702776529, 3.50000000001452));
#3016 = CARTESIAN_POINT ('', (-9.65686528008013, 129.911890410626, 3.50000000001456));
#3017 = CARTESIAN_POINT ('', (-9.74309617414227, 130.108735967431, 3.50000000001458));
#3018 = CARTESIAN_POINT ('', (-9.93185086224568, 130.493771370151, 3.50000000001464));
#3019 = CARTESIAN_POINT ('', (-10.0345320387581, 130.682322534619, 3.50000000001466));
#3020 = CARTESIAN_POINT ('', (-10.2553583913668, 131.049428262, 3.50000000001471));
#3021 = CARTESIAN_POINT ('', (-10.3736910469441, 131.228328190292, 3.50000000001473));
#3022 = CARTESIAN_POINT ('', (-10.6248826953213, 131.574868812824, 3.50000000001478));
#3023 = CARTESIAN_POINT ('', (-10.757957617494, 131.742836505631, 3.5000000000148));
#3024 = CARTESIAN_POINT ('', (-11.0375945704384, 132.066337072998, 3.50000000001484));
#3025 = CARTESIAN_POINT ('', (-11.1843991504629, 132.222176328793, 3.50000000001486));
#3026 = CARTESIAN_POINT ('', (-11.490362540348, 132.520339624512, 3.5000000000149));
#3027 = CARTESIAN_POINT ('', (-11.649788520685, 132.662947354766, 3.50000000001492));
#3028 = CARTESIAN_POINT ('', (-11.9797767581671, 132.933669816067, 3.50000000001496));
#3029 = CARTESIAN_POINT ('', (-12.1506286552407, 133.062043662649, 3.50000000001497));
#3030 = CARTESIAN_POINT ('', (-12.5021748695541, 133.303429851793, 3.500000000015));
#3031 = CARTESIAN_POINT ('', (-12.6831790079897, 133.416675052407, 3.50000000001502));
#3032 = CARTESIAN_POINT ('', (-13.0536696413786, 133.627050577192, 3.50000000001505));
#3033 = CARTESIAN_POINT ('', (-13.2434837319571, 133.724386030613, 3.50000000001506));
#3034 = CARTESIAN_POINT ('', (-13.6301781493862, 133.902308823925, 3.50000000001508));
#3035 = CARTESIAN_POINT ('', (-13.8274013395034, 133.983072313051, 3.50000000001509));
#3036 = CARTESIAN_POINT ('', (-14.2274523084193, 134.127342194029, 3.50000000001511));
#3037 = CARTESIAN_POINT ('', (-14.4306356309086, 134.190994731186, 3.50000000001512));
#3038 = CARTESIAN_POINT ('', (-14.8411105205561, 134.300661183682, 3.50000000001513));
#3039 = CARTESIAN_POINT ('', (-15.0487676644008, 134.346790449365, 3.50000000001515));
#3040 = CARTESIAN_POINT ('', (-15.4666702101058, 134.421158566961, 3.50000000001515));
#3041 = CARTESIAN_POINT ('', (-15.6772885348045, 134.449481420019, 3.50000000001515));
#3042 = CARTESIAN_POINT ('', (-16.1155953558533, 134.489581096116, 3.50000000001516));
#3043 = CARTESIAN_POINT ('', (-16.3438372240422, 134.499999999996, 3.50000000001516));
#3044 = CARTESIAN_POINT ('', (-16.571842399156, 134.499999999996, 3.50000000001516));
#3045 = B_SPLINE_CURVE_WITH_KNOTS ('', 3, (#3007, #3008, #3009, #3010, #3011, #3012, #3013, #3014, #3015, #3016, #3017, #3018, #3019, #3020, #3021, #3022, #3023, #3024, #3025, #3026, #3027, #3028, #3029, #3030, #3031, #3032, #3033, #3034, #3035, #3036, #3037, #3038, #3039, #3040, #3041, #3042, #3043, #3044), .UNSPECIFIED., .F., .U., (4, 2, 2, 2, 2, 2, 2, 2, 2, 2, 2, 2, 2, 2, 2, 2, 2, 2, 4), (0., 0.646178705410955, 1.29166144133442, 1.93647286824777, 2.58063396885132, 3.22416243581942, 3.86707298515187, 4.50937760758793, 5.15108576761117, 5.79220455727745, 6.43273881027703, 7.07269118015242, 7.71206218533523, 8.35085022257132, 8.9890515492917, 9.62666023452069, 10.2636680769224, 10.9000644875347, 11.584080012876), .UNSPECIFIED.);
#3046 = EDGE_CURVE ('', #3001, #2547, #3045, .T.);
#3047 = ORIENTED_EDGE ('', *, *, #3046, .T.);
#3048 = ORIENTED_EDGE ('', *, *, #2551, .F.);
#3049 = CARTESIAN_POINT ('', (-16.571842399156, 134.499999999998, -14.1847896256667));
#3050 = CARTESIAN_POINT ('', (-16.5071371808335, 134.499999999998, -14.1847896256667));
#3051 = CARTESIAN_POINT ('', (-16.4413968909342, 134.499144665423, -14.1847147935878));
#3052 = CARTESIAN_POINT ('', (-16.3120243066413, 134.495777619199, -14.1844202152137));
#3053 = CARTESIAN_POINT ('', (-16.2463607638992, 134.493213542785, -14.184195887595));
#3054 = CARTESIAN_POINT ('', (-16.1171080501592, 134.486481481408, -14.1836069085424));
#3055 = CARTESIAN_POINT ('', (-16.0515656527974, 134.482212259663, -14.1832334000376));
#3056 = CARTESIAN_POINT ('', (-15.9225210726067, 134.472119565857, -14.1823504037452));
#3057 = CARTESIAN_POINT ('', (-15.8571440901162, 134.466149956143, -14.1818281305695));
#3058 = CARTESIAN_POINT ('', (-15.7283957363341, 134.452703359263, -14.1806517057795));
#3059 = CARTESIAN_POINT ('', (-15.6632282771287, 134.445039275785, -14.1799811853589));
#3060 = CARTESIAN_POINT ('', (-15.5348640075112, 134.428247844777, -14.1785121255012));
#3061 = CARTESIAN_POINT ('', (-15.4699499867598, 134.418896353523, -14.1776939760295));
#3062 = CARTESIAN_POINT ('', (-15.3420573593066, 134.398771487896, -14.1759332784321));
#3063 = CARTESIAN_POINT ('', (-15.2774404669875, 134.387740800524, -14.1749682183362));
#3064 = CARTESIAN_POINT ('', (-15.1501066756765, 134.364296219341, -14.1729170832616));
#3065 = CARTESIAN_POINT ('', (-15.0858303448968, 134.351595686049, -14.1718059305778));
#3066 = CARTESIAN_POINT ('', (-14.9591421558835, 134.324847414956, -14.1694657600883));
#3067 = CARTESIAN_POINT ('', (-14.895249531505, 134.310487516335, -14.1682094317496));
#3068 = CARTESIAN_POINT ('', (-14.7692932198603, 134.28045387266, -14.1655818284036));
#3069 = CARTESIAN_POINT ('', (-14.7058271274712, 134.264446210568, -14.164181339441));
#3070 = CARTESIAN_POINT ('', (-14.5806884145304, 134.231147786509, -14.1612681048226));
#3071 = CARTESIAN_POINT ('', (-14.5176913298029, 134.213505073975, -14.159724567482));
#3072 = CARTESIAN_POINT ('', (-14.3934553211957, 134.17696471792, -14.156527700566));
#3073 = CARTESIAN_POINT ('', (-14.3309693396649, 134.157700768109, -14.1548423233428));
#3074 = CARTESIAN_POINT ('', (-14.2077204640965, 134.117943564113, -14.1513640186996));
#3075 = CARTESIAN_POINT ('', (-14.1457872713948, 134.097073278373, -14.1495381052929));
#3076 = CARTESIAN_POINT ('', (-14.0236092202433, 134.054126523835, -14.1457807511356));
#3077 = CARTESIAN_POINT ('', (-13.962270062824, 134.031665878866, -14.1438156993253));
#3078 = CARTESIAN_POINT ('', (-13.8412457306178, 133.985559060449, -14.1397818754026));
#3079 = CARTESIAN_POINT ('', (-13.7805413869984, 133.961525094603, -14.1376791758515));
#3080 = CARTESIAN_POINT ('', (-13.660752812836, 133.912289862441, -14.1333716511913));
#3081 = CARTESIAN_POINT ('', (-13.6007235653881, 133.886700661205, -14.1311328861744));
#3082 = CARTESIAN_POINT ('', (-13.4822518753564, 133.83437080144, -14.1265546166811));
#3083 = CARTESIAN_POINT ('', (-13.4229374826704, 133.807245482113, -14.1241814587454));
#3084 = CARTESIAN_POINT ('', (-13.3058628333189, 133.751856887822, -14.1193355846564));
#3085 = CARTESIAN_POINT ('', (-13.2473025031652, 133.723215583435, -14.1168297952139));
#3086 = CARTESIAN_POINT ('', (-13.1317040260867, 133.664806223988, -14.1117196384185));
#3087 = CARTESIAN_POINT ('', (-13.0739363889961, 133.634670066487, -14.1090830662749));
#3088 = CARTESIAN_POINT ('', (-12.9314111943215, 133.557948641718, -14.1023708113581));
#3089 = CARTESIAN_POINT ('', (-12.8461163237918, 133.50986885861, -14.0981643753914));
#3090 = CARTESIAN_POINT ('', (-12.6788243622374, 133.411227772551, -14.0895343986033));
#3091 = CARTESIAN_POINT ('', (-12.5955568710926, 133.35991995881, -14.0850455465506));
#3092 = CARTESIAN_POINT ('', (-12.4322213895965, 133.254835729384, -14.0758518677606));
#3093 = CARTESIAN_POINT ('', (-12.351102368846, 133.200385722482, -14.0710881094277));
#3094 = CARTESIAN_POINT ('', (-12.191970913677, 133.089019533865, -14.0613448304237));
#3095 = CARTESIAN_POINT ('', (-12.1131177913685, 133.031517662938, -14.0563140685861));
#3096 = CARTESIAN_POINT ('', (-11.9584310927801, 132.91404008692, -14.0460361124659));
#3097 = CARTESIAN_POINT ('', (-11.881957470423, 132.853581011912, -14.0407466287955));
#3098 = CARTESIAN_POINT ('', (-11.6944428196511, 132.699315928822, -14.0272501828473));
#3099 = CARTESIAN_POINT ('', (-11.584271149468, 132.603155574304, -14.0188372419463));
#3100 = CARTESIAN_POINT ('', (-11.2363895153505, 132.281170137183, -13.9906671663779));
#3101 = CARTESIAN_POINT ('', (-11.0102709512032, 132.042482636216, -13.9697847159179));
#3102 = CARTESIAN_POINT ('', (-10.7075557016974, 131.677755671138, -13.9378752411914));
#3103 = CARTESIAN_POINT ('', (-10.6181588310101, 131.563430663125, -13.9278730990328));
#3104 = CARTESIAN_POINT ('', (-10.4741522182172, 131.367792842781, -13.9107570075957));
#3105 = CARTESIAN_POINT ('', (-10.4183455131684, 131.288812575327, -13.9038471295513));
#3106 = CARTESIAN_POINT ('', (-10.309314746665, 131.127976281485, -13.8897757771567));
#3107 = CARTESIAN_POINT ('', (-10.2566700368193, 131.046978658953, -13.8826894034126));
#3108 = CARTESIAN_POINT ('', (-10.1539525131399, 130.882026687232, -13.8682579758608));
#3109 = CARTESIAN_POINT ('', (-10.1045410421333, 130.799138388724, -13.8610061894023));
#3110 = CARTESIAN_POINT ('', (-10.0082892943697, 130.630318657079, -13.8462363767039));
#3111 = CARTESIAN_POINT ('', (-9.96217725449587, 130.545668801168, -13.8388304739427));
#3112 = CARTESIAN_POINT ('', (-9.87253402790709, 130.37323457676, -13.8237444341031));
#3113 = CARTESIAN_POINT ('', (-9.82978248483102, 130.286954526651, -13.8161959078301));
#3114 = CARTESIAN_POINT ('', (-9.74688057640539, 130.111164039459, -13.8008162330451));
#3115 = CARTESIAN_POINT ('', (-9.7075454007242, 130.023387206984, -13.7931367552834));
#3116 = CARTESIAN_POINT ('', (-9.64420024764564, 129.874363722105, -13.7800988897573));
#3117 = CARTESIAN_POINT ('', (-9.61982867203808, 129.814906241126, -13.7748970342098));
#3118 = CARTESIAN_POINT ('', (-9.57226552462366, 129.69446029995, -13.7643593797893));
#3119 = CARTESIAN_POINT ('', (-9.54944916010894, 129.634423158854, -13.7591068105529));
#3120 = CARTESIAN_POINT ('', (-9.50501162061827, 129.512786432983, -13.7484649759708));
#3121 = CARTESIAN_POINT ('', (-9.48376387122218, 129.452210263816, -13.7431652478888));
#3122 = CARTESIAN_POINT ('', (-9.44248106058773, 129.329463464324, -13.7324262944492));
#3123 = CARTESIAN_POINT ('', (-9.42281427695625, 129.268389198375, -13.7270829885455));
#3124 = CARTESIAN_POINT ('', (-9.38471324627346, 129.144613700343, -13.7162540356455));
#3125 = CARTESIAN_POINT ('', (-9.36663871973725, 129.08308254206, -13.7108707568421));
#3126 = CARTESIAN_POINT ('', (-9.33174443803723, 128.958360333186, -13.6999589774757));
#3127 = CARTESIAN_POINT ('', (-9.31527239522763, 128.896413734049, -13.6945393523072));
#3128 = CARTESIAN_POINT ('', (-9.2836077383872, 128.770827363262, -13.68355196857));
#3129 = CARTESIAN_POINT ('', (-9.26874733639658, 128.708506995612, -13.6780996428939));
#3130 = CARTESIAN_POINT ('', (-9.24033307716427, 128.582139521689, -13.6670439214872));
#3131 = CARTESIAN_POINT ('', (-9.22709239924514, 128.519487252531, -13.6615625581917));
#3132 = CARTESIAN_POINT ('', (-9.20194719836319, 128.392422192732, -13.6504458059291));
#3133 = CARTESIAN_POINT ('', (-9.1903332501594, 128.329480057498, -13.644939082638));
#3134 = CARTESIAN_POINT ('', (-9.16847364856285, 128.201801336229, -13.6337686419535));
#3135 = CARTESIAN_POINT ('', (-9.1584923548685, 128.138611512519, -13.6282402487287));
#3136 = CARTESIAN_POINT ('', (-9.13993276694394, 128.010403410023, -13.6170234931882));
#3137 = CARTESIAN_POINT ('', (-9.13158896898492, 127.947008191321, -13.6114771302299));
#3138 = CARTESIAN_POINT ('', (-9.1163416768735, 127.818355292407, -13.6002214600453));
#3139 = CARTESIAN_POINT ('', (-9.10963913010772, 127.754797061775, -13.5946608353912));
#3140 = CARTESIAN_POINT ('', (-9.09771427903809, 127.625784204587, -13.5833736729382));
#3141 = CARTESIAN_POINT ('', (-9.09265565147111, 127.562105408343, -13.5778025001598));
#3142 = CARTESIAN_POINT ('', (-9.08406124611039, 127.432817633168, -13.5664912854996));
#3143 = CARTESIAN_POINT ('', (-9.08064811712342, 127.369060754543, -13.5609132813981));
#3144 = CARTESIAN_POINT ('', (-9.0765124709796, 127.267222958384, -13.5520036287157));
#3145 = CARTESIAN_POINT ('', (-9.0752911882424, 127.230431711289, -13.5487848116779));
#3146 = CARTESIAN_POINT ('', (-9.07433410028415, 127.193311428388, -13.5455372077372));
#3147 = B_SPLINE_CURVE_WITH_KNOTS ('', 3, (#3049, #3050, #3051, #3052, #3053, #3054, #3055, #3056, #3057, #3058, #3059, #3060, #3061, #3062, #3063, #3064, #3065, #3066, #3067, #3068, #3069, #3070, #3071, #3072, #3073, #3074, #3075, #3076, #3077, #3078, #3079, #3080, #3081, #3082, #3083, #3084, #3085, #3086, #3087, #3088, #3089, #3090, #3091, #3092, #3093, #3094, #3095, #3096, #3097, #3098, #3099, #3100, #3101, #3102, #3103, #3104, #3105, #3106, #3107, #3108, #3109, #3110, #3111, #3112, #3113, #3114, #3115, #3116, #3117, #3118, #3119, #3120, #3121, #3122, #3123, #3124, #3125, #3126, #3127, #3128, #3129, #3130, #3131, #3132, #3133, #3134, #3135, #3136, #3137, #3138, #3139, #3140, #3141, #3142, #3143, #3144, #3145, #3146), .UNSPECIFIED., .F., .U., (4, 2, 2, 2, 2, 2, 2, 2, 2, 2, 2, 2, 2, 2, 2, 2, 2, 2, 2, 2, 2, 2, 2, 2, 2, 2, 2, 2, 2, 2, 2, 2, 2, 2, 2, 2, 2, 2, 2, 2, 2, 2, 2, 2, 2, 2, 2, 2, 4), (0., 0.194115654967419, 0.388250182343403, 0.582403414242249, 0.776575191125347, 0.970765361272396, 1.16497378028261, 1.35920031060709, 1.55344482111338, 1.74770718668336, 1.94198728784512, 2.13628501043976, 2.33060024532363, 2.52493288810646, 2.71928283892556, 2.91365000225615, 3.10803428675767, 3.30243560515552, 3.49685387415796, 3.69128901440689, 3.98286000839382, 4.27448732272962, 4.56617063462389, 4.85790965285879, 5.14970411928894, 5.58748112126458, 6.57427712762664, 7.01265636074984, 7.30485580016631, 7.59711013973751, 7.88941955094071, 8.18178426518391, 8.47420457619833, 8.76668084222934, 8.96156003232216, 9.15645600701596, 9.35136886977827, 9.54629873330725, 9.74124571964039, 9.93620996025124, 10.1311915961355, 10.3261907778868, 10.521207665765, 10.7162424297573, 10.9112952496349, 11.1063663150067, 11.3014558253732, 11.4965639901822, 11.6083870878061), .UNSPECIFIED.);
#3148 = EDGE_CURVE ('', #2540, #2999, #3147, .T.);
#3149 = ORIENTED_EDGE ('', *, *, #3148, .T.);
#3150 = EDGE_LOOP ('', (#3006, #3047, #3048, #3149));
#3151 = FACE_OUTER_BOUND ('', #3150, .T.);
#3152 = CARTESIAN_POINT ('', (-9.07433410028617, 127.193311428469, 3.50000000001426));
#3153 = CARTESIAN_POINT ('', (-9.07433410028626, 127.193311428472, -14.1847896256678));
#3154 = CARTESIAN_POINT ('', (-9.26272554299901, 134.499999999996, 3.50000000001532));
#3155 = CARTESIAN_POINT ('', (-9.26272554299909, 134.499999999998, -14.1847896256667));
#3156 = CARTESIAN_POINT ('', (-16.5718423991559, 134.499999999996, 3.50000000001535));
#3157 = CARTESIAN_POINT ('', (-16.571842399156, 134.499999999998, -14.1847896256667));
#3158 = (
   BOUNDED_SURFACE ()
   B_SPLINE_SURFACE (2, 1, ((#3152, #3153), (#3154, #3155), (#3156, #3157)), .UNSPECIFIED., .F., .F., .U.)
   B_SPLINE_SURFACE_WITH_KNOTS ((3, 3), (2, 2), (1.28432808440196, 1.70214976729861), (-0.638787686487255, 0.), .UNSPECIFIED.)
   GEOMETRIC_REPRESENTATION_ITEM ()
   RATIONAL_B_SPLINE_SURFACE (((0.989571223031847, 0.989571223031847), (0.712417461859725, 0.712417461859725), (1., 1.)))
   REPRESENTATION_ITEM ('')
   SURFACE ()
);
#3159 = ADVANCED_FACE ('', (#3151), #3158, .T.);
#3160 = CARTESIAN_POINT ('', (-8.84910004005501, 118.457696313315, -12.7812699162437));
#3161 = VERTEX_POINT ('', #3160);
#3162 = CARTESIAN_POINT ('', (-9.07433410028423, 127.193311428388, -13.5455372077372));
#3163 = CARTESIAN_POINT ('', (-8.84910004005498, 118.457696313315, -12.7812699162437));
#3164 = B_SPLINE_CURVE_WITH_KNOTS ('', 1, (#3162, #3163), .UNSPECIFIED., .F., .U., (2, 2), (0., 1.), .UNSPECIFIED.);
#3165 = EDGE_CURVE ('', #2999, #3161, #3164, .T.);
#3166 = ORIENTED_EDGE ('', *, *, #3165, .T.);
#3167 = CARTESIAN_POINT ('', (-8.84910004005494, 118.457696313312, 3.50000000001306));
#3168 = VERTEX_POINT ('', #3167);
#3169 = CARTESIAN_POINT ('', (-8.84910004005495, 118.457696313312, 3.50000000001305));
#3170 = CARTESIAN_POINT ('', (-8.84910004005495, 118.457696313314, -12.7812699162437));
#3171 = B_SPLINE_CURVE_WITH_KNOTS ('', 1, (#3169, #3170), .UNSPECIFIED., .F., .U., (2, 2), (-0.274436768285982, 0.284085619140193), .UNSPECIFIED.);
#3172 = EDGE_CURVE ('', #3168, #3161, #3171, .T.);
#3173 = ORIENTED_EDGE ('', *, *, #3172, .F.);
#3174 = CARTESIAN_POINT ('', (-8.84910004005491, 118.457696313312, 3.50000000001306));
#3175 = CARTESIAN_POINT ('', (-9.07433410028422, 127.193311428386, 3.50000000001421));
#3176 = B_SPLINE_CURVE_WITH_KNOTS ('', 1, (#3174, #3175), .UNSPECIFIED., .F., .U., (2, 2), (0.0504314662742175, 1.), .UNSPECIFIED.);
#3177 = EDGE_CURVE ('', #3168, #3001, #3176, .T.);
#3178 = ORIENTED_EDGE ('', *, *, #3177, .T.);
#3179 = ORIENTED_EDGE ('', *, *, #3005, .F.);
#3180 = EDGE_LOOP ('', (#3166, #3173, #3178, #3179));
#3181 = FACE_OUTER_BOUND ('', #3180, .T.);
#3182 = CARTESIAN_POINT ('', (-9.07433410028442, 127.193311428393, -13.5455372077369));
#3183 = CARTESIAN_POINT ('', (-9.07433410028442, 127.193311428391, 3.50000000001455));
#3184 = CARTESIAN_POINT ('', (-8.84910004005503, 118.457696313316, -13.5455372077379));
#3185 = CARTESIAN_POINT ('', (-8.84910004005503, 118.457696313314, 3.50000000001362));
#3186 = B_SPLINE_SURFACE_WITH_KNOTS ('', 1, 1, ((#3182, #3183), (#3184, #3185)), .UNSPECIFIED., .F., .F., .U., (2, 2), (2, 2), (5.98360804475164, 6.38187462994038), (-0.366683289450867, 0.410183872106897), .UNSPECIFIED.);
#3187 = ADVANCED_FACE ('', (#3181), #3186, .T.);
#3188 = CARTESIAN_POINT ('', (-9.26477383939425, 117.951942696309, -12.7370222082185));
#3189 = VERTEX_POINT ('', #3188);
#3190 = CARTESIAN_POINT ('', (-9.26477353294885, 117.951940901673, 3.500000000013));
#3191 = VERTEX_POINT ('', #3190);
#3192 = CARTESIAN_POINT ('', (-9.26477383939419, 117.951942696308, -12.7370222082184));
#3193 = CARTESIAN_POINT ('', (-9.26477383939405, 117.951942696306, 3.50000000001298));
#3194 = B_SPLINE_CURVE_WITH_KNOTS ('', 1, (#3192, #3193), .UNSPECIFIED., .F., .U., (2, 2), (-0.282567719390877, 0.274436768285982), .UNSPECIFIED.);
#3195 = EDGE_CURVE ('', #3189, #3191, #3194, .T.);
#3196 = ORIENTED_EDGE ('', *, *, #3195, .T.);
#3197 = CARTESIAN_POINT ('', (-9.26477383939405, 117.951942696306, 3.50000000001501));
#3198 = CARTESIAN_POINT ('', (-8.83793919953304, 118.024827469851, 3.50000000001502));
#3199 = CARTESIAN_POINT ('', (-8.84910004005485, 118.457696313312, 3.50000000001507));
#3200 = (
   BOUNDED_CURVE ()
   B_SPLINE_CURVE (2, (#3197, #3198, #3199), .UNSPECIFIED., .F., .U.)
   B_SPLINE_CURVE_WITH_KNOTS ((3, 3), (0., 1.42744875788955), .UNSPECIFIED.)
   CURVE ()
   GEOMETRIC_REPRESENTATION_ITEM ()
   RATIONAL_B_SPLINE_CURVE ((1., 0.755928946018475, 1.))
   REPRESENTATION_ITEM ('')
);
#3201 = EDGE_CURVE ('', #3191, #3168, #3200, .T.);
#3202 = ORIENTED_EDGE ('', *, *, #3201, .T.);
#3203 = ORIENTED_EDGE ('', *, *, #3172, .T.);
#3204 = CARTESIAN_POINT ('', (-9.26477383939422, 117.951942696308, -12.7370222082184));
#3205 = CARTESIAN_POINT ('', (-9.24139412594086, 117.955934933492, -12.7373714837141));
#3206 = CARTESIAN_POINT ('', (-9.2185912812703, 117.961514912942, -12.7378596686587));
#3207 = CARTESIAN_POINT ('', (-9.17338155105793, 117.976037606795, -12.7391302397347));
#3208 = CARTESIAN_POINT ('', (-9.15187648267767, 117.984664243328, -12.7398849726357));
#3209 = CARTESIAN_POINT ('', (-9.1162635956065, 118.001960148956, -12.7413981683035));
#3210 = CARTESIAN_POINT ('', (-9.10273606577764, 118.009335638767, -12.74204344005));
#3211 = CARTESIAN_POINT ('', (-9.07568029775624, 118.025782189183, -12.7434823267654));
#3212 = CARTESIAN_POINT ('', (-9.06298357752397, 118.034341896324, -12.7442312041034));
#3213 = CARTESIAN_POINT ('', (-9.03756843318386, 118.053269773115, -12.7458871787472));
#3214 = CARTESIAN_POINT ('', (-9.02580476540929, 118.062920529989, -12.7467315105682));
#3215 = CARTESIAN_POINT ('', (-9.00225413699104, 118.084163759011, -12.7485900522843));
#3216 = CARTESIAN_POINT ('', (-8.99151561677925, 118.0948035197, -12.7495209107271));
#3217 = CARTESIAN_POINT ('', (-8.97603481028366, 118.111649042727, -12.7509947030232));
#3218 = CARTESIAN_POINT ('', (-8.97150781530515, 118.116786406461, -12.7514441641103));
#3219 = CARTESIAN_POINT ('', (-8.96247026299597, 118.127484624971, -12.7523801369498));
#3220 = CARTESIAN_POINT ('', (-8.95808140725459, 118.132906428836, -12.7528544833239));
#3221 = CARTESIAN_POINT ('', (-8.94424764548153, 118.150747665962, -12.7544153893157));
#3222 = CARTESIAN_POINT ('', (-8.93479789313188, 118.164212792595, -12.755593435249));
#3223 = CARTESIAN_POINT ('', (-8.91811823660844, 118.190562397034, -12.7578987269259));
#3224 = CARTESIAN_POINT ('', (-8.91004310364541, 118.204771117377, -12.759141828879));
#3225 = CARTESIAN_POINT ('', (-8.89592639727564, 118.232610729855, -12.7615774793679));
#3226 = CARTESIAN_POINT ('', (-8.88927712409112, 118.247427600968, -12.7628737876192));
#3227 = CARTESIAN_POINT ('', (-8.87785142983927, 118.276506757702, -12.7654178841783));
#3228 = CARTESIAN_POINT ('', (-8.87266670584621, 118.291793355284, -12.7667552881706));
#3229 = CARTESIAN_POINT ('', (-8.86403567902499, 118.321851693404, -12.7693850520005));
#3230 = CARTESIAN_POINT ('', (-8.86034149266196, 118.337467671061, -12.7707512730153));
#3231 = CARTESIAN_POINT ('', (-8.85458381121128, 118.368237225458, -12.7734432602069));
#3232 = CARTESIAN_POINT ('', (-8.85239337750679, 118.384041369783, -12.774825943672));
#3233 = CARTESIAN_POINT ('', (-8.84923498286638, 118.418857715223, -12.7778719792034));
#3234 = CARTESIAN_POINT ('', (-8.84860259439442, 118.438403077519, -12.7795819768288));
#3235 = CARTESIAN_POINT ('', (-8.84910004005518, 118.457696313314, -12.7812699162436));
#3236 = B_SPLINE_CURVE_WITH_KNOTS ('', 3, (#3204, #3205, #3206, #3207, #3208, #3209, #3210, #3211, #3212, #3213, #3214, #3215, #3216, #3217, #3218, #3219, #3220, #3221, #3222, #3223, #3224, #3225, #3226, #3227, #3228, #3229, #3230, #3231, #3232, #3233, #3234, #3235), .UNSPECIFIED., .F., .U., (4, 2, 2, 2, 2, 2, 2, 2, 2, 2, 2, 2, 2, 2, 2, 4), (0., 0.0711620585029703, 0.142506084927639, 0.190020977156147, 0.237591131013188, 0.285217757578156, 0.332902460346725, 0.353995600783287, 0.375010030754659, 0.421885748892735, 0.468820705467713, 0.515812956532086, 0.562860837619375, 0.609962973795237, 0.657118296299657, 0.71523825717245), .UNSPECIFIED.);
#3237 = EDGE_CURVE ('', #3189, #3161, #3236, .T.);
#3238 = ORIENTED_EDGE ('', *, *, #3237, .F.);
#3239 = EDGE_LOOP ('', (#3196, #3202, #3203, #3238));
#3240 = FACE_OUTER_BOUND ('', #3239, .T.);
#3241 = CARTESIAN_POINT ('', (-8.84910004005726, 118.457696313406, 3.50000000001506));
#3242 = CARTESIAN_POINT ('', (-8.84429528842104, 118.271345897897, 3.50000000001504));
#3243 = CARTESIAN_POINT ('', (-8.96265822115853, 118.127332776439, 3.50000000001502));
#3244 = CARTESIAN_POINT ('', (-9.08102115386193, 117.983319655022, 3.500000000015));
#3245 = CARTESIAN_POINT ('', (-9.2647738393939, 117.951942696306, 3.500000000015));
#3246 = CARTESIAN_POINT ('', (-8.84910004005773, 118.457696313408, -12.7812699162437));
#3247 = CARTESIAN_POINT ('', (-8.84429528842151, 118.2713458979, -12.7812699162438));
#3248 = CARTESIAN_POINT ('', (-8.96265822115901, 118.127332776441, -12.7812699162438));
#3249 = CARTESIAN_POINT ('', (-9.08102115386241, 117.983319655024, -12.7812699162438));
#3250 = CARTESIAN_POINT ('', (-9.26477383939437, 117.951942696308, -12.7812699162438));
#3251 = (
   BOUNDED_SURFACE ()
   B_SPLINE_SURFACE (1, 2, ((#3241, #3242, #3243, #3244, #3245), (#3246, #3247, #3248, #3249, #3250)), .UNSPECIFIED., .F., .F., .U.)
   B_SPLINE_SURFACE_WITH_KNOTS ((2, 2), (3, 2, 3), (0., 0.58809151610026), (0.0437814901693998, 0.0567383255766192, 0.0696951609806052), .UNSPECIFIED.)
   GEOMETRIC_REPRESENTATION_ITEM ()
   RATIONAL_B_SPLINE_SURFACE (((0.854650533804663, 0.86622907216633, 1., 0.866229072199713, 0.854650533810442), (0.854650533804663, 0.86622907216633, 1., 0.866229072199713, 0.854650533810442)))
   REPRESENTATION_ITEM ('')
   SURFACE ()
);
#3252 = ADVANCED_FACE ('', (#3240), #3251, .T.);
#3253 = ORIENTED_EDGE ('', *, *, #3195, .F.);
#3254 = CARTESIAN_POINT ('', (-11.0345129296319, 116.950695888926, -12.6494244631811));
#3255 = VERTEX_POINT ('', #3254);
#3256 = CARTESIAN_POINT ('', (-9.2647738393939, 117.951942696308, -12.7370222082184));
#3257 = CARTESIAN_POINT ('', (-9.38278941169985, 117.931790774559, -12.7352591435171));
#3258 = CARTESIAN_POINT ('', (-9.49975345951202, 117.904523461753, -12.7328735627618));
#3259 = CARTESIAN_POINT ('', (-9.72920392500338, 117.836331576398, -12.7269075458487));
#3260 = CARTESIAN_POINT ('', (-9.84216203202647, 117.795239524015, -12.7233124571042));
#3261 = CARTESIAN_POINT ('', (-10.0007249754286, 117.726588402179, -12.7173062622053));
#3262 = CARTESIAN_POINT ('', (-10.0488996527806, 117.704188265748, -12.7153465042061));
#3263 = CARTESIAN_POINT ('', (-10.1678326134892, 117.644987022871, -12.7101670665877));
#3264 = CARTESIAN_POINT ('', (-10.2378614584101, 117.606576554804, -12.7068065860711));
#3265 = CARTESIAN_POINT ('', (-10.3744630651607, 117.524421900165, -12.6996189851344));
#3266 = CARTESIAN_POINT ('', (-10.4410827958638, 117.480639226202, -12.6957884975037));
#3267 = CARTESIAN_POINT ('', (-10.570673199363, 117.387874203617, -12.6876726096559));
#3268 = CARTESIAN_POINT ('', (-10.633634621049, 117.338908679223, -12.6833886813678));
#3269 = CARTESIAN_POINT ('', (-10.7350935014337, 117.253305954336, -12.6758994133732));
#3270 = CARTESIAN_POINT ('', (-10.774756512381, 117.217988695339, -12.6728095535842));
#3271 = CARTESIAN_POINT ('', (-10.8911654067953, 117.108658866693, -12.6632444329925));
#3272 = CARTESIAN_POINT ('', (-10.9650285469042, 117.031503803191, -12.6564942396024));
#3273 = CARTESIAN_POINT ('', (-11.0345139585795, 116.950694692295, -12.6494243584894));
#3274 = B_SPLINE_CURVE_WITH_KNOTS ('', 3, (#3256, #3257, #3258, #3259, #3260, #3261, #3262, #3263, #3264, #3265, #3266, #3267, #3268, #3269, #3270, #3271, #3272, #3273), .UNSPECIFIED., .F., .U., (4, 2, 2, 2, 2, 2, 2, 2, 4), (0., 0.359210179263133, 0.718330832070652, 0.87788283262068, 1.11719166729525, 1.35657838375522, 1.59592333281176, 1.75545227418791, 2.07588145907137), .UNSPECIFIED.);
#3275 = EDGE_CURVE ('', #3189, #3255, #3274, .T.);
#3276 = ORIENTED_EDGE ('', *, *, #3275, .T.);
#3277 = CARTESIAN_POINT ('', (-11.0345139585796, 116.950694692293, 3.50000000001286));
#3278 = VERTEX_POINT ('', #3277);
#3279 = CARTESIAN_POINT ('', (-11.0345129296318, 116.950695888925, -12.649424463181));
#3280 = CARTESIAN_POINT ('', (-11.0345129296318, 116.950695888925, -9.93294964211629));
#3281 = CARTESIAN_POINT ('', (-11.0345129296318, 116.950695888924, -7.21647482105159));
#3282 = CARTESIAN_POINT ('', (-11.0345129296318, 116.950695888924, -3.16666666661984));
#3283 = CARTESIAN_POINT ('', (-11.0345044028718, 116.950705805194, -1.83333333327355));
#3284 = CARTESIAN_POINT ('', (-11.0345037032033, 116.950706618875, 0.833333333408454));
#3285 = CARTESIAN_POINT ('', (-11.0345139585796, 116.950694692293, 2.16666666669772));
#3286 = CARTESIAN_POINT ('', (-11.0345139585796, 116.950694692293, 3.50000000001289));
#3287 = B_SPLINE_CURVE_WITH_KNOTS ('', 3, (#3279, #3280, #3281, #3282, #3283, #3284, #3285, #3286), .UNSPECIFIED., .F., .U., (4, 2, 2, 4), (-8.14942446319412, 0., 4.0000000001012, 8.0000000000467), .UNSPECIFIED.);
#3288 = EDGE_CURVE ('', #3255, #3278, #3287, .T.);
#3289 = ORIENTED_EDGE ('', *, *, #3288, .T.);
#3290 = CARTESIAN_POINT ('', (-11.0345139585796, 116.950694692293, 3.50000000001287));
#3291 = CARTESIAN_POINT ('', (-10.9416278836523, 117.058717958594, 3.50000000001288));
#3292 = CARTESIAN_POINT ('', (-10.8407730762422, 117.160364027892, 3.50000000001289));
#3293 = CARTESIAN_POINT ('', (-10.6264542359267, 117.347583587156, 3.50000000001292));
#3294 = CARTESIAN_POINT ('', (-10.5124836941182, 117.433667791773, 3.50000000001293));
#3295 = CARTESIAN_POINT ('', (-10.2743890451838, 117.588228629147, 3.50000000001296));
#3296 = CARTESIAN_POINT ('', (-10.1496954525623, 117.657135786217, 3.50000000001296));
#3297 = CARTESIAN_POINT ('', (-9.89278580198432, 117.776177961551, 3.50000000001297));
#3298 = CARTESIAN_POINT ('', (-9.75994998787299, 117.826656486666, 3.50000000001299));
#3299 = CARTESIAN_POINT ('', (-9.5066240269099, 117.902913689228, 3.500000000013));
#3300 = CARTESIAN_POINT ('', (-9.3862405902408, 117.931192361986, 3.50000000001299));
#3301 = CARTESIAN_POINT ('', (-9.26477353294872, 117.951940901673, 3.500000000013));
#3302 = B_SPLINE_CURVE_WITH_KNOTS ('', 3, (#3290, #3291, #3292, #3293, #3294, #3295, #3296, #3297, #3298, #3299, #3300, #3301), .UNSPECIFIED., .F., .U., (4, 2, 2, 2, 2, 4), (6.9144637976357, 7.34186482139109, 7.76819300421532, 8.19345335390406, 8.6176413384985, 8.98711753412395), .UNSPECIFIED.);
#3303 = EDGE_CURVE ('', #3278, #3191, #3302, .T.);
#3304 = ORIENTED_EDGE ('', *, *, #3303, .T.);
#3305 = EDGE_LOOP ('', (#3253, #3276, #3289, #3304));
#3306 = FACE_OUTER_BOUND ('', #3305, .T.);
#3307 = CARTESIAN_POINT ('', (-11.034514817555, 116.950693693334, 3.500000009608));
#3308 = CARTESIAN_POINT ('', (-11.0345148175548, 116.950693693336, -12.7370222082198));
#3309 = CARTESIAN_POINT ('', (-10.9416285054306, 117.058717331938, 3.50000000960802));
#3310 = CARTESIAN_POINT ('', (-10.9416285054304, 117.05871733194, -12.7370222082198));
#3311 = CARTESIAN_POINT ('', (-10.8407734069806, 117.160363738973, 3.50000000960803));
#3312 = CARTESIAN_POINT ('', (-10.8407734069805, 117.160363738975, -12.7370222082198));
#3313 = CARTESIAN_POINT ('', (-10.6264542359266, 117.347583587156, 3.50000000960806));
#3314 = CARTESIAN_POINT ('', (-10.6264542359265, 117.347583587158, -12.7370222082197));
#3315 = CARTESIAN_POINT ('', (-10.5124836941182, 117.433667791773, 3.50000000960807));
#3316 = CARTESIAN_POINT ('', (-10.5124836941181, 117.433667791776, -12.7370222082197));
#3317 = CARTESIAN_POINT ('', (-10.2743890451838, 117.588228629147, 3.50000000960809));
#3318 = CARTESIAN_POINT ('', (-10.2743890451836, 117.588228629149, -12.7370222082197));
#3319 = CARTESIAN_POINT ('', (-10.1496954525623, 117.657135786217, 3.50000000960809));
#3320 = CARTESIAN_POINT ('', (-10.1496954525621, 117.657135786219, -12.7370222082197));
#3321 = CARTESIAN_POINT ('', (-9.8927858019843, 117.776177961551, 3.50000000960811));
#3322 = CARTESIAN_POINT ('', (-9.89278580198417, 117.776177961554, -12.7370222082197));
#3323 = CARTESIAN_POINT ('', (-9.75994998787296, 117.826656486666, 3.50000000960811));
#3324 = CARTESIAN_POINT ('', (-9.75994998787284, 117.826656486669, -12.7370222082197));
#3325 = CARTESIAN_POINT ('', (-9.50662402690987, 117.902913689229, 3.50000000960813));
#3326 = CARTESIAN_POINT ('', (-9.50662402690974, 117.902913689231, -12.7370222082197));
#3327 = CARTESIAN_POINT ('', (-9.38624210067601, 117.931201205598, 3.50000000961015));
#3328 = CARTESIAN_POINT ('', (-9.38624210067588, 117.9312012056, -12.7370222082176));
#3329 = CARTESIAN_POINT ('', (-9.26477383939402, 117.951942696306, 3.50000000961015));
#3330 = CARTESIAN_POINT ('', (-9.2647738393939, 117.951942696308, -12.7370222082176));
#3331 = B_SPLINE_SURFACE_WITH_KNOTS ('', 3, 1, ((#3307, #3308), (#3309, #3310), (#3311, #3312), (#3313, #3314), (#3315, #3316), (#3317, #3318), (#3319, #3320), (#3321, #3322), (#3323, #3324), (#3325, #3326), (#3327, #3328), (#3329, #3330)), .UNSPECIFIED., .F., .F., .U., (4, 2, 2, 2, 2, 4), (2, 2), (128.829883269566, 129.257285610803, 129.683613793627, 130.108874143316, 130.53306212791, 130.902538323536), (0.140703210879099, 0.761713865743094), .UNSPECIFIED.);
#3332 = ADVANCED_FACE ('', (#3306), #3331, .T.);
#3333 = CARTESIAN_POINT ('', (-9.11171088221766, 112.01545571254, 3.50000000001222));
#3334 = VERTEX_POINT ('', #3333);
#3335 = CARTESIAN_POINT ('', (-10.676696452651, 112.687028286591, 3.50000000001231));
#3336 = VERTEX_POINT ('', #3335);
#3337 = CARTESIAN_POINT ('', (-9.11171088221764, 112.01545571254, 3.50000000001222));
#3338 = CARTESIAN_POINT ('', (-9.11296838070671, 112.015604233227, 3.50000000001222));
#3339 = CARTESIAN_POINT ('', (-9.11422575654747, 112.015753550681, 3.50000000001222));
#3340 = CARTESIAN_POINT ('', (-9.25851804747233, 112.032981854978, 3.50000000001222));
#3341 = CARTESIAN_POINT ('', (-9.40068619433151, 112.060459853448, 3.50000000001223));
#3342 = CARTESIAN_POINT ('', (-9.67848453130484, 112.135256826933, 3.50000000001224));
#3343 = CARTESIAN_POINT ('', (-9.81484594676591, 112.182710929188, 3.50000000001225));
#3344 = CARTESIAN_POINT ('', (-10.0783271862497, 112.296219689872, 3.50000000001226));
#3345 = CARTESIAN_POINT ('', (-10.2061444566885, 112.362513250727, 3.50000000001227));
#3346 = CARTESIAN_POINT ('', (-10.4500514506148, 112.512104145967, 3.50000000001229));
#3347 = CARTESIAN_POINT ('', (-10.5667911343271, 112.595736492204, 3.5000000000123));
#3348 = CARTESIAN_POINT ('', (-10.676696452669, 112.687028286606, 3.50000000001232));
#3349 = B_SPLINE_CURVE_WITH_KNOTS ('', 3, (#3337, #3338, #3339, #3340, #3341, #3342, #3343, #3344, #3345, #3346, #3347, #3348), .UNSPECIFIED., .F., .U., (4, 2, 2, 2, 2, 4), (0.429664850445809, 0.43346339545197, 0.865616358297869, 1.2965384381848, 1.72629017617986, 2.15491627958329), .UNSPECIFIED.);
#3350 = EDGE_CURVE ('', #3334, #3336, #3349, .T.);
#3351 = ORIENTED_EDGE ('', *, *, #3350, .T.);
#3352 = CARTESIAN_POINT ('', (-10.676696452669, 112.687028286606, 3.50000000001232));
#3353 = CARTESIAN_POINT ('', (-10.7863211114082, 112.778086953811, 3.50000000001232));
#3354 = CARTESIAN_POINT ('', (-10.8897016126268, 112.877226949403, 3.50000000001234));
#3355 = CARTESIAN_POINT ('', (-11.0805964280876, 113.088394882524, 3.50000000001236));
#3356 = CARTESIAN_POINT ('', (-11.168630542872, 113.200920951061, 3.50000000001238));
#3357 = CARTESIAN_POINT ('', (-11.3272554373903, 113.436430114029, 3.50000000001241));
#3358 = CARTESIAN_POINT ('', (-11.3982867166283, 113.559975825377, 3.50000000001243));
#3359 = CARTESIAN_POINT ('', (-11.5216960312581, 113.814911330793, 3.50000000001246));
#3360 = CARTESIAN_POINT ('', (-11.5744282551828, 113.946915570521, 3.50000000001248));
#3361 = CARTESIAN_POINT ('', (-11.6604168532015, 114.21602747887, 3.50000000001251));
#3362 = CARTESIAN_POINT ('', (-11.6939360686783, 114.35378814826, 3.50000000001253));
#3363 = CARTESIAN_POINT ('', (-11.7410755340429, 114.631601004864, 3.50000000001256));
#3364 = CARTESIAN_POINT ('', (-11.7548642691988, 114.772331149548, 3.50000000001259));
#3365 = CARTESIAN_POINT ('', (-11.7592105372986, 114.931748590659, 3.50000000001261));
#3366 = CARTESIAN_POINT ('', (-11.7595459975208, 114.950517187807, 3.50000000001261));
#3367 = CARTESIAN_POINT ('', (-11.7609310067281, 115.113715259146, 3.50000000001262));
#3368 = CARTESIAN_POINT ('', (-11.751675227656, 115.258608187386, 3.50000000001265));
#3369 = CARTESIAN_POINT ('', (-11.7125479464057, 115.5443767281, 3.50000000001268));
#3370 = CARTESIAN_POINT ('', (-11.6826376690283, 115.68600095527, 3.5000000000127));
#3371 = CARTESIAN_POINT ('', (-11.6031045174409, 115.962378832848, 3.50000000001274));
#3372 = CARTESIAN_POINT ('', (-11.5533337780313, 116.097860439177, 3.50000000001276));
#3373 = CARTESIAN_POINT ('', (-11.4353642941025, 116.359272831995, 3.50000000001278));
#3374 = CARTESIAN_POINT ('', (-11.3669147359421, 116.485896088961, 3.5000000000128));
#3375 = CARTESIAN_POINT ('', (-11.2132247298636, 116.727135021285, 3.50000000001284));
#3376 = CARTESIAN_POINT ('', (-11.127638383054, 116.842394137082, 3.50000000001286));
#3377 = CARTESIAN_POINT ('', (-11.0345145312299, 116.95069402632, 3.50000000001286));
#3378 = CARTESIAN_POINT ('', (-11.0345142449048, 116.950694359307, 3.50000000001287));
#3379 = CARTESIAN_POINT ('', (-11.0345139585796, 116.950694692293, 3.50000000001287));
#3380 = B_SPLINE_CURVE_WITH_KNOTS ('', 3, (#3352, #3353, #3354, #3355, #3356, #3357, #3358, #3359, #3360, #3361, #3362, #3363, #3364, #3365, #3366, #3367, #3368, #3369, #3370, #3371, #3372, #3373, #3374, #3375, #3376, #3377, #3378, #3379), .UNSPECIFIED., .F., .U., (4, 2, 2, 2, 2, 2, 2, 2, 2, 2, 2, 2, 2, 4), (2.15491627960672, 2.58244782240965, 3.00890371448881, 3.43429159155128, 3.85860821473232, 4.28183942137504, 4.70395962829161, 4.76026945303358, 5.19357147317778, 5.62557369259097, 6.0563531841244, 6.48596845333437, 6.91446248015419, 6.9144637976357), .UNSPECIFIED.);
#3381 = EDGE_CURVE ('', #3336, #3278, #3380, .T.);
#3382 = ORIENTED_EDGE ('', *, *, #3381, .T.);
#3383 = ORIENTED_EDGE ('', *, *, #3288, .F.);
#3384 = CARTESIAN_POINT ('', (-9.11171088366635, 112.015455700279, -12.2176468948975));
#3385 = VERTEX_POINT ('', #3384);
#3386 = CARTESIAN_POINT ('', (-11.0345129296319, 116.950695888925, -12.649424463181));
#3387 = CARTESIAN_POINT ('', (-11.1125341299855, 116.859960049576, -12.6414861058625));
#3388 = CARTESIAN_POINT ('', (-11.1845364313811, 116.765345916698, -12.6332084418263));
#3389 = CARTESIAN_POINT ('', (-11.2955938513793, 116.599792368752, -12.6187243831746));
#3390 = CARTESIAN_POINT ('', (-11.336892541939, 116.532606873405, -12.6128464139784));
#3391 = CARTESIAN_POINT ('', (-11.4149578960935, 116.393520776916, -12.6006779572815));
#3392 = CARTESIAN_POINT ('', (-11.4506473463489, 116.323569838245, -12.5945580431448));
#3393 = CARTESIAN_POINT ('', (-11.5063034984235, 116.202890813712, -12.5839999965728));
#3394 = CARTESIAN_POINT ('', (-11.526990329933, 116.154725657328, -12.5797860914123));
#3395 = CARTESIAN_POINT ('', (-11.5663333683667, 116.056004094796, -12.5711490738451));
#3396 = CARTESIAN_POINT ('', (-11.5844106000295, 116.00690855517, -12.5668537706982));
#3397 = CARTESIAN_POINT ('', (-11.6184904546261, 115.906222832074, -12.5580449113484));
#3398 = CARTESIAN_POINT ('', (-11.6339189415946, 115.856338278413, -12.553680578418));
#3399 = CARTESIAN_POINT ('', (-11.6626411648618, 115.753967348502, -12.5447242825762));
#3400 = CARTESIAN_POINT ('', (-11.6753893392209, 115.703436718778, -12.5403034253146));
#3401 = CARTESIAN_POINT ('', (-11.6986741411734, 115.599663633581, -12.5312244567807));
#3402 = CARTESIAN_POINT ('', (-11.7087180714128, 115.548631052384, -12.5267596844555));
#3403 = CARTESIAN_POINT ('', (-11.7265004504777, 115.443742220428, -12.5175831007289));
#3404 = CARTESIAN_POINT ('', (-11.7338238854264, 115.392352615406, -12.5130870928664));
#3405 = CARTESIAN_POINT ('', (-11.7460537270367, 115.286637063689, -12.5038381805328));
#3406 = CARTESIAN_POINT ('', (-11.7506481244194, 115.235035780777, -12.4993236532546));
#3407 = CARTESIAN_POINT ('', (-11.7572902685177, 115.128784418827, -12.4900278635998));
#3408 = CARTESIAN_POINT ('', (-11.7591548082282, 115.077116836438, -12.4855075358689));
#3409 = CARTESIAN_POINT ('', (-11.760016000242, 114.988443673049, -12.4777496393134));
#3410 = CARTESIAN_POINT ('', (-11.7597424334338, 114.953743662651, -12.4747137817794));
#3411 = CARTESIAN_POINT ('', (-11.7579430475533, 114.883136519126, -12.468536457157));
#3412 = CARTESIAN_POINT ('', (-11.7563914328426, 114.847239345739, -12.4653958614331));
#3413 = CARTESIAN_POINT ('', (-11.7510400459226, 114.759498549225, -12.4577195364093));
#3414 = CARTESIAN_POINT ('', (-11.7462892065739, 114.705366127448, -12.4529835631747));
#3415 = CARTESIAN_POINT ('', (-11.7342769514406, 114.600604729945, -12.443818128518));
#3416 = CARTESIAN_POINT ('', (-11.7266668739935, 114.546904974925, -12.4391200087196));
#3417 = CARTESIAN_POINT ('', (-11.7090899257475, 114.442884282806, -12.4300193773871));
#3418 = CARTESIAN_POINT ('', (-11.6986534727458, 114.389764280799, -12.4253719794051));
#3419 = CARTESIAN_POINT ('', (-11.675558168081, 114.286778118778, -12.4163618577282));
#3420 = CARTESIAN_POINT ('', (-11.6623355341309, 114.234382983877, -12.4117778774005));
#3421 = CARTESIAN_POINT ('', (-11.6337834747714, 114.132722306339, -12.4028837205895));
#3422 = CARTESIAN_POINT ('', (-11.6178221085136, 114.081194827033, -12.3983756502902));
#3423 = CARTESIAN_POINT ('', (-11.5838900056403, 113.981146966174, -12.389622596655));
#3424 = CARTESIAN_POINT ('', (-11.565244515502, 113.93062725104, -12.3852026942963));
#3425 = CARTESIAN_POINT ('', (-11.5260240023718, 113.832475169037, -12.3766154998195));
#3426 = CARTESIAN_POINT ('', (-11.5047560453393, 113.783100291895, -12.3722957578066));
#3427 = CARTESIAN_POINT ('', (-11.4603534573943, 113.687121837788, -12.3638987311296));
#3428 = CARTESIAN_POINT ('', (-11.4365316099644, 113.639025482848, -12.3596908453154));
#3429 = CARTESIAN_POINT ('', (-11.3870677316265, 113.545492655006, -12.3515077832116));
#3430 = CARTESIAN_POINT ('', (-11.3607673420572, 113.498804762769, -12.347423121917));
#3431 = CARTESIAN_POINT ('', (-11.3063771193246, 113.407982977945, -12.3394772453437));
#3432 = CARTESIAN_POINT ('', (-11.2776801403211, 113.362829392837, -12.3355268185292));
#3433 = CARTESIAN_POINT ('', (-11.2037305478214, 113.253028654328, -12.325920498663));
#3434 = CARTESIAN_POINT ('', (-11.1561851898968, 113.188170150978, -12.3202461148866));
#3435 = CARTESIAN_POINT ('', (-11.0571610082366, 113.063808888502, -12.3093659142382));
#3436 = CARTESIAN_POINT ('', (-11.0047920944528, 113.003164045505, -12.3040601779746));
#3437 = CARTESIAN_POINT ('', (-10.8277708110976, 112.813967538872, -12.2875076284656));
#3438 = CARTESIAN_POINT ('', (-10.6932472885924, 112.693850573433, -12.2769987556925));
#3439 = CARTESIAN_POINT ('', (-10.4849667435667, 112.539096215457, -12.2634595037384));
#3440 = CARTESIAN_POINT ('', (-10.4195828953554, 112.494438259582, -12.2595524388631));
#3441 = CARTESIAN_POINT ('', (-10.2842195449284, 112.409679293997, -12.2521369902422));
#3442 = CARTESIAN_POINT ('', (-10.2157501975289, 112.370506034445, -12.2487097741181));
#3443 = CARTESIAN_POINT ('', (-10.0976403443247, 112.309032713347, -12.2433315554127));
#3444 = CARTESIAN_POINT ('', (-10.0503246081343, 112.285979021219, -12.2413146186992));
#3445 = CARTESIAN_POINT ('', (-9.95336258146929, 112.241878366795, -12.237456311383));
#3446 = CARTESIAN_POINT ('', (-9.90497237366208, 112.221399351812, -12.2356646297318));
#3447 = CARTESIAN_POINT ('', (-9.80575839311089, 112.182479667071, -12.2322595985289));
#3448 = CARTESIAN_POINT ('', (-9.75643518015615, 112.164624334067, -12.2306974593076));
#3449 = CARTESIAN_POINT ('', (-9.65524758461576, 112.130999606089, -12.2277556767954));
#3450 = CARTESIAN_POINT ('', (-9.6051351946854, 112.11580912808, -12.226426682176));
#3451 = CARTESIAN_POINT ('', (-9.50225817284474, 112.087578236983, -12.2239567992439));
#3452 = CARTESIAN_POINT ('', (-9.4515023539812, 112.075085816226, -12.2228638540477));
#3453 = CARTESIAN_POINT ('', (-9.34722509058887, 112.052332208095, -12.2208731712818));
#3454 = CARTESIAN_POINT ('', (-9.29597305940679, 112.04256296394, -12.2200184731671));
#3455 = CARTESIAN_POINT ('', (-9.19926833220013, 112.026771681374, -12.21863691496));
#3456 = CARTESIAN_POINT ('', (-9.15601095239309, 112.02068818424, -12.2181046779262));
#3457 = CARTESIAN_POINT ('', (-9.11171088366626, 112.015455700278, -12.2176468948974));
#3458 = B_SPLINE_CURVE_WITH_KNOTS ('', 3, (#3386, #3387, #3388, #3389, #3390, #3391, #3392, #3393, #3394, #3395, #3396, #3397, #3398, #3399, #3400, #3401, #3402, #3403, #3404, #3405, #3406, #3407, #3408, #3409, #3410, #3411, #3412, #3413, #3414, #3415, #3416, #3417, #3418, #3419, #3420, #3421, #3422, #3423, #3424, #3425, #3426, #3427, #3428, #3429, #3430, #3431, #3432, #3433, #3434, #3435, #3436, #3437, #3438, #3439, #3440, #3441, #3442, #3443, #3444, #3445, #3446, #3447, #3448, #3449, #3450, #3451, #3452, #3453, #3454, #3455, #3456, #3457), .UNSPECIFIED., .F., .U., (4, 2, 2, 2, 2, 2, 2, 2, 2, 2, 2, 2, 2, 2, 2, 2, 2, 2, 2, 2, 2, 2, 2, 2, 2, 2, 2, 2, 2, 2, 2, 2, 2, 2, 2, 4), (0., 0.359791411619006, 0.599636257710245, 0.839671519405238, 0.999576952264271, 1.15953989372546, 1.31956105491708, 1.47964128035014, 1.6397815507422, 1.79998298520413, 1.96024684296407, 2.12057452485636, 2.22729498215328, 2.33327359070508, 2.49201010474228, 2.65080980730716, 2.80967136284914, 2.96859357753786, 3.12757539756711, 3.28661590716631, 3.44571432609881, 3.60487000648495, 3.76408242884983, 3.92335119735584, 4.16226986223106, 4.40137736642863, 4.94114890162115, 5.18087532847108, 5.42079540674496, 5.58065087400224, 5.74056485468948, 5.900537963945, 6.06057087520258, 6.22066432401151, 6.3808191140008, 6.51465020488108), .UNSPECIFIED.);
#3459 = EDGE_CURVE ('', #3255, #3385, #3458, .T.);
#3460 = ORIENTED_EDGE ('', *, *, #3459, .T.);
#3461 = CARTESIAN_POINT ('', (-9.11171088366615, 112.015455700276, 3.50000000001221));
#3462 = CARTESIAN_POINT ('', (-9.11171088366629, 112.015455700278, -12.2176468948974));
#3463 = B_SPLINE_CURVE_WITH_KNOTS ('', 1, (#3461, #3462), .UNSPECIFIED., .F., .U., (2, 2), (-0.274436768285982, 0.264750759076433), .UNSPECIFIED.);
#3464 = EDGE_CURVE ('', #3334, #3385, #3463, .T.);
#3465 = ORIENTED_EDGE ('', *, *, #3464, .F.);
#3466 = EDGE_LOOP ('', (#3351, #3382, #3383, #3460, #3465));
#3467 = FACE_OUTER_BOUND ('', #3466, .T.);
#3468 = CARTESIAN_POINT ('', (-9.11171088366616, 112.015455700276, 3.50000000001221));
#3469 = CARTESIAN_POINT ('', (-9.1117108836663, 112.015455700278, -12.6494244631817));
#3470 = CARTESIAN_POINT ('', (-11.6918515922982, 112.320207933509, 3.50000000001227));
#3471 = CARTESIAN_POINT ('', (-11.6918515922983, 112.320207933511, -12.6494244631817));
#3472 = CARTESIAN_POINT ('', (-11.7588166354291, 114.917420994272, 3.50000000001262));
#3473 = CARTESIAN_POINT ('', (-11.7588166354292, 114.917420994274, -12.6494244631813));
#3474 = CARTESIAN_POINT ('', (-11.7886291052754, 116.073686001182, 3.50000000001278));
#3475 = CARTESIAN_POINT ('', (-11.7886291052756, 116.073686001184, -12.6494244631812));
#3476 = CARTESIAN_POINT ('', (-11.0345129296318, 116.950695888923, 3.50000000001289));
#3477 = CARTESIAN_POINT ('', (-11.0345129296319, 116.950695888925, -12.649424463181));
#3478 = (
   BOUNDED_SURFACE ()
   B_SPLINE_SURFACE (2, 1, ((#3468, #3469), (#3470, #3471), (#3472, #3473), (#3474, #3475), (#3476, #3477)), .UNSPECIFIED., .F., .F., .U.)
   B_SPLINE_SURFACE_WITH_KNOTS ((3, 2, 3), (2, 2), (0.357213758594548, 0.510644930189576, 0.590673963163186), (0., 0.583329160781379), .UNSPECIFIED.)
   GEOMETRIC_REPRESENTATION_ITEM ()
   RATIONAL_B_SPLINE_SURFACE (((0.947934768606338, 0.947934768606338), (0.735987099501193, 0.735987099501193), (1., 1.), (0.862292017327187, 0.862292017327187), (0.854074833851701, 0.854074833851701)))
   REPRESENTATION_ITEM ('')
   SURFACE ()
);
#3479 = ADVANCED_FACE ('', (#3467), #3478, .T.);
#3480 = CARTESIAN_POINT ('', (-8.67052659170577, 111.531794817946, -12.1753320507025));
#3481 = VERTEX_POINT ('', #3480);
#3482 = CARTESIAN_POINT ('', (-8.67052659170576, 111.531794817944, 3.50000000001216));
#3483 = VERTEX_POINT ('', #3482);
#3484 = CARTESIAN_POINT ('', (-8.67052659170572, 111.531794817946, -12.1753320507025));
#3485 = CARTESIAN_POINT ('', (-8.67052659170572, 111.531794817943, 3.50000000001213));
#3486 = B_SPLINE_CURVE_WITH_KNOTS ('', 1, (#3484, #3485), .UNSPECIFIED., .F., .U., (2, 2), (-0.263299165440006, 0.274436768285982), .UNSPECIFIED.);
#3487 = EDGE_CURVE ('', #3481, #3483, #3486, .T.);
#3488 = ORIENTED_EDGE ('', *, *, #3487, .T.);
#3489 = CARTESIAN_POINT ('', (-8.67052659170566, 111.531794817943, 3.50000000001416));
#3490 = CARTESIAN_POINT ('', (-8.68168743222743, 111.964663661404, 3.50000000001422));
#3491 = CARTESIAN_POINT ('', (-9.11171088366615, 112.015455700276, 3.50000000001422));
#3492 = (
   BOUNDED_CURVE ()
   B_SPLINE_CURVE (2, (#3489, #3490, #3491), .UNSPECIFIED., .F., .U.)
   B_SPLINE_CURVE_WITH_KNOTS ((3, 3), (0., 1.42744875788968), .UNSPECIFIED.)
   CURVE ()
   GEOMETRIC_REPRESENTATION_ITEM ()
   RATIONAL_B_SPLINE_CURVE ((1., 0.755928946018412, 1.))
   REPRESENTATION_ITEM ('')
);
#3493 = EDGE_CURVE ('', #3483, #3334, #3492, .T.);
#3494 = ORIENTED_EDGE ('', *, *, #3493, .T.);
#3495 = ORIENTED_EDGE ('', *, *, #3464, .T.);
#3496 = CARTESIAN_POINT ('', (-8.67052659170583, 111.531794817946, -12.1753320507025));
#3497 = CARTESIAN_POINT ('', (-8.67113561184794, 111.555415426451, -12.1773985861723));
#3498 = CARTESIAN_POINT ('', (-8.67338641197998, 111.578700330425, -12.1794357513013));
#3499 = CARTESIAN_POINT ('', (-8.6812507878149, 111.625363743513, -12.1835182709479));
#3500 = CARTESIAN_POINT ('', (-8.68668415940405, 111.647821069924, -12.185483032422));
#3501 = CARTESIAN_POINT ('', (-8.69864594207581, 111.685444118051, -12.1887746226203));
#3502 = CARTESIAN_POINT ('', (-8.70398573359645, 111.699859866091, -12.1900358371501));
#3503 = CARTESIAN_POINT ('', (-8.71633661168796, 111.728936237867, -12.192579690057));
#3504 = CARTESIAN_POINT ('', (-8.72296590405927, 111.742710925259, -12.1937848190474));
#3505 = CARTESIAN_POINT ('', (-8.73800705616172, 111.770544137087, -12.1962199095518));
#3506 = CARTESIAN_POINT ('', (-8.74585120653052, 111.783562958721, -12.1973589088573));
#3507 = CARTESIAN_POINT ('', (-8.76345740906382, 111.809907756424, -12.1996637799992));
#3508 = CARTESIAN_POINT ('', (-8.77243128154887, 111.822063861837, -12.2007273014154));
#3509 = CARTESIAN_POINT ('', (-8.78686266052468, 111.839810231734, -12.2022799076002));
#3510 = CARTESIAN_POINT ('', (-8.79129243164443, 111.845031049853, -12.2027366699999));
#3511 = CARTESIAN_POINT ('', (-8.8005769297166, 111.855521451445, -12.203654461215));
#3512 = CARTESIAN_POINT ('', (-8.80529976300881, 111.86063767674, -12.2041020729284));
#3513 = CARTESIAN_POINT ('', (-8.82096576076289, 111.876910912727, -12.2055257965962));
#3514 = CARTESIAN_POINT ('', (-8.8329357678544, 111.888214757823, -12.2065147548963));
#3515 = CARTESIAN_POINT ('', (-8.8566294197954, 111.908544132819, -12.208293344745));
#3516 = CARTESIAN_POINT ('', (-8.86954580203327, 111.918600610603, -12.2091731725461));
#3517 = CARTESIAN_POINT ('', (-8.89510452294338, 111.936614087265, -12.2107491475447));
#3518 = CARTESIAN_POINT ('', (-8.90884092376221, 111.94534895607, -12.2115133495425));
#3519 = CARTESIAN_POINT ('', (-8.93603589242348, 111.960877354616, -12.212871908378));
#3520 = CARTESIAN_POINT ('', (-8.95045996410702, 111.968228398926, -12.2135150414202));
#3521 = CARTESIAN_POINT ('', (-8.97904713642948, 111.981125279133, -12.2146433722332));
#3522 = CARTESIAN_POINT ('', (-8.99402167702297, 111.987042969689, -12.2151611030711));
#3523 = CARTESIAN_POINT ('', (-9.02374403260782, 111.997186046497, -12.216048507305));
#3524 = CARTESIAN_POINT ('', (-9.03912822882506, 112.001634069966, -12.2164376589337));
#3525 = CARTESIAN_POINT ('', (-9.07321884592439, 112.009760931194, -12.2171486671611));
#3526 = CARTESIAN_POINT ('', (-9.09251017037082, 112.013187816113, -12.2174484807428));
#3527 = CARTESIAN_POINT ('', (-9.1117108836664, 112.015455700278, -12.2176468948975));
#3528 = B_SPLINE_CURVE_WITH_KNOTS ('', 3, (#3496, #3497, #3498, #3499, #3500, #3501, #3502, #3503, #3504, #3505, #3506, #3507, #3508, #3509, #3510, #3511, #3512, #3513, #3514, #3515, #3516, #3517, #3518, #3519, #3520, #3521, #3522, #3523, #3524, #3525, #3526, #3527), .UNSPECIFIED., .F., .U., (4, 2, 2, 2, 2, 2, 2, 2, 2, 2, 2, 2, 2, 2, 2, 4), (0., 0.0711559666157709, 0.142491773286549, 0.19000340264028, 0.237570987396799, 0.285196272262975, 0.332881283176644, 0.35397475993705, 0.374998203013027, 0.421874820011057, 0.468809311667076, 0.515800084338386, 0.562845945358453, 0.609946043561122, 0.657099811242871, 0.715105418906231), .UNSPECIFIED.);
#3529 = EDGE_CURVE ('', #3481, #3385, #3528, .T.);
#3530 = ORIENTED_EDGE ('', *, *, #3529, .F.);
#3531 = EDGE_LOOP ('', (#3488, #3494, #3495, #3530));
#3532 = FACE_OUTER_BOUND ('', #3531, .T.);
#3533 = CARTESIAN_POINT ('', (-9.11171088371151, 112.015455700281, 3.50000000001422));
#3534 = CARTESIAN_POINT ('', (-8.92658541198031, 111.993589683166, 3.50000000001421));
#3535 = CARTESIAN_POINT ('', (-8.80095837763405, 111.855867458273, 3.50000000001419));
#3536 = CARTESIAN_POINT ('', (-8.67533134330533, 111.718145233399, 3.50000000001417));
#3537 = CARTESIAN_POINT ('', (-8.67052659170561, 111.531794817944, 3.50000000001415));
#3538 = CARTESIAN_POINT ('', (-9.1117108837119, 112.015455700283, -12.2176468948975));
#3539 = CARTESIAN_POINT ('', (-8.9265854119807, 111.993589683168, -12.2176468948975));
#3540 = CARTESIAN_POINT ('', (-8.80095837763444, 111.855867458275, -12.2176468948975));
#3541 = CARTESIAN_POINT ('', (-8.67533134330573, 111.718145233401, -12.2176468948976));
#3542 = CARTESIAN_POINT ('', (-8.67052659170601, 111.531794817945, -12.2176468948976));
#3543 = (
   BOUNDED_SURFACE ()
   B_SPLINE_SURFACE (1, 2, ((#3533, #3534, #3535, #3536, #3537), (#3538, #3539, #3540, #3541, #3542)), .UNSPECIFIED., .F., .F., .U.)
   B_SPLINE_SURFACE_WITH_KNOTS ((2, 2), (3, 2, 3), (0., 0.567733035537143), (0.0437814901710661, 0.0567383255766211, 0.069695160980609), .UNSPECIFIED.)
   GEOMETRIC_REPRESENTATION_ITEM ()
   RATIONAL_B_SPLINE_SURFACE (((0.854650533807638, 0.866229072183518, 1., 0.866229072199697, 0.854650533810439), (0.854650533807638, 0.866229072183518, 1., 0.866229072199697, 0.854650533810439)))
   REPRESENTATION_ITEM ('')
   SURFACE ()
);
#3544 = ADVANCED_FACE ('', (#3532), #3543, .T.);
#3545 = CARTESIAN_POINT ('', (-7.23364688988306, 55.8029764100764, -9.30733188341506));
#3546 = VERTEX_POINT ('', #3545);
#3547 = CARTESIAN_POINT ('', (-8.54553038072732, 106.683865562316, -13.758832874349));
#3548 = VERTEX_POINT ('', #3547);
#3549 = CARTESIAN_POINT ('', (-7.23364688988298, 55.8029764100759, -9.30733188341498));
#3550 = CARTESIAN_POINT ('', (-8.5455303807273, 106.683865562316, -13.758832874349));
#3551 = B_SPLINE_CURVE_WITH_KNOTS ('', 1, (#3549, #3550), .UNSPECIFIED., .F., .U., (2, 2), (-2.82451598749682, -0.963904789140283), .UNSPECIFIED.);
#3552 = EDGE_CURVE ('', #3546, #3548, #3551, .T.);
#3553 = ORIENTED_EDGE ('', *, *, #3552, .F.);
#3554 = CARTESIAN_POINT ('', (-7.23364688988302, 55.8029764100745, 3.50000000000488));
#3555 = VERTEX_POINT ('', #3554);
#3556 = CARTESIAN_POINT ('', (-7.233646889883, 55.8029764100742, 3.50000000000487));
#3557 = CARTESIAN_POINT ('', (-7.233646889883, 55.8029764100759, -9.30733188341497));
#3558 = B_SPLINE_CURVE_WITH_KNOTS ('', 1, (#3556, #3557), .UNSPECIFIED., .F., .U., (2, 2), (-0.274436768285982, 0.1649135782705), .UNSPECIFIED.);
#3559 = EDGE_CURVE ('', #3555, #3546, #3558, .T.);
#3560 = ORIENTED_EDGE ('', *, *, #3559, .F.);
#3561 = CARTESIAN_POINT ('', (-7.23364688988298, 55.8029764100742, 3.50000000000488));
#3562 = CARTESIAN_POINT ('', (-8.67052659170573, 111.531794817943, 3.50000000001216));
#3563 = B_SPLINE_CURVE_WITH_KNOTS ('', 1, (#3561, #3562), .UNSPECIFIED., .F., .U., (2, 2), (0.00820176176381078, 0.991811361569178), .UNSPECIFIED.);
#3564 = EDGE_CURVE ('', #3555, #3483, #3563, .T.);
#3565 = ORIENTED_EDGE ('', *, *, #3564, .T.);
#3566 = ORIENTED_EDGE ('', *, *, #3487, .F.);
#3567 = CARTESIAN_POINT ('', (-8.55010416642762, 106.861258055511, -11.7667130314089));
#3568 = VERTEX_POINT ('', #3567);
#3569 = CARTESIAN_POINT ('', (-8.67052659170574, 111.531794817946, -12.1753320507025));
#3570 = CARTESIAN_POINT ('', (-8.5501041664276, 106.86125805551, -11.7667130314089));
#3571 = B_SPLINE_CURVE_WITH_KNOTS ('', 1, (#3569, #3570), .UNSPECIFIED., .F., .U., (2, 2), (2.22677851079702, 2.39633586419492), .UNSPECIFIED.);
#3572 = EDGE_CURVE ('', #3481, #3568, #3571, .T.);
#3573 = ORIENTED_EDGE ('', *, *, #3572, .T.);
#3574 = CARTESIAN_POINT ('', (-8.54553038072733, 106.683865562316, -13.758832874349));
#3575 = CARTESIAN_POINT ('', (-8.5501041664276, 106.86125805551, -11.7667130314089));
#3576 = B_SPLINE_CURVE_WITH_KNOTS ('', 1, (#3574, #3575), .UNSPECIFIED., .F., .U., (2, 2), (-5.81397517214369, -4.81397517214369), .UNSPECIFIED.);
#3577 = EDGE_CURVE ('', #3548, #3568, #3576, .T.);
#3578 = ORIENTED_EDGE ('', *, *, #3577, .F.);
#3579 = EDGE_LOOP ('', (#3553, #3560, #3565, #3566, #3573, #3578));
#3580 = FACE_OUTER_BOUND ('', #3579, .T.);
#3581 = CARTESIAN_POINT ('', (-8.67052659170573, 111.531794817946, -13.7588328743484));
#3582 = CARTESIAN_POINT ('', (-8.67052659170573, 111.531794817943, 3.50000000001228));
#3583 = CARTESIAN_POINT ('', (-7.233646889883, 55.8029764100763, -13.7588328743558));
#3584 = CARTESIAN_POINT ('', (-7.233646889883, 55.802976410074, 3.50000000000492));
#3585 = B_SPLINE_SURFACE_WITH_KNOTS ('', 1, 1, ((#3581, #3582), (#3583, #3584)), .UNSPECIFIED., .F., .F., .U., (2, 2), (2, 2), (6.44681110119147, 8.98755103896612), (-0.376404449721114, 0.410183872107028), .UNSPECIFIED.);
#3586 = ADVANCED_FACE ('', (#3580), #3585, .T.);
#3587 = ORIENTED_EDGE ('', *, *, #3559, .T.);
#3588 = CARTESIAN_POINT ('', (-7.650053367494, 55.2970982438447, -9.26307327874456));
#3589 = VERTEX_POINT ('', #3588);
#3590 = CARTESIAN_POINT ('', (-7.65005336749395, 55.2970982438442, -9.26307327874447));
#3591 = CARTESIAN_POINT ('', (-7.22246927741914, 55.3694570733926, -9.26940385603596));
#3592 = CARTESIAN_POINT ('', (-7.23364688988292, 55.802976410076, -9.30733188341497));
#3593 = (
   BOUNDED_CURVE ()
   B_SPLINE_CURVE (2, (#3590, #3591, #3592), .UNSPECIFIED., .F., .U.)
   B_SPLINE_CURVE_WITH_KNOTS ((3, 3), (0.167638902551731, 1.59657403867242), .UNSPECIFIED.)
   CURVE ()
   GEOMETRIC_REPRESENTATION_ITEM ()
   RATIONAL_B_SPLINE_CURVE ((1., 0.755442205819538, 1.))
   REPRESENTATION_ITEM ('')
);
#3594 = EDGE_CURVE ('', #3589, #3546, #3593, .T.);
#3595 = ORIENTED_EDGE ('', *, *, #3594, .F.);
#3596 = CARTESIAN_POINT ('', (-7.65005329968992, 55.2970978431735, 3.50000000000481));
#3597 = VERTEX_POINT ('', #3596);
#3598 = CARTESIAN_POINT ('', (-7.65005336749395, 55.2970982438442, -9.26307327874447));
#3599 = CARTESIAN_POINT ('', (-7.65005336749399, 55.2970982438425, 3.5000000000048));
#3600 = B_SPLINE_CURVE_WITH_KNOTS ('', 1, (#3598, #3599), .UNSPECIFIED., .F., .U., (2, 2), (-0.163395304716171, 0.274436768285982), .UNSPECIFIED.);
#3601 = EDGE_CURVE ('', #3589, #3597, #3600, .T.);
#3602 = ORIENTED_EDGE ('', *, *, #3601, .T.);
#3603 = CARTESIAN_POINT ('', (-7.650053367494, 55.2970982438425, 3.5000000000046));
#3604 = CARTESIAN_POINT ('', (-7.22246927741917, 55.3694570733909, 3.50000000000461));
#3605 = CARTESIAN_POINT ('', (-7.23364688988298, 55.8029764100742, 3.50000000000467));
#3606 = (
   BOUNDED_CURVE ()
   B_SPLINE_CURVE (2, (#3603, #3604, #3605), .UNSPECIFIED., .F., .U.)
   B_SPLINE_CURVE_WITH_KNOTS ((3, 3), (0., 1.42893513612069), .UNSPECIFIED.)
   CURVE ()
   GEOMETRIC_REPRESENTATION_ITEM ()
   RATIONAL_B_SPLINE_CURVE ((1., 0.755442205819546, 1.))
   REPRESENTATION_ITEM ('')
);
#3607 = EDGE_CURVE ('', #3597, #3555, #3606, .T.);
#3608 = ORIENTED_EDGE ('', *, *, #3607, .T.);
#3609 = EDGE_LOOP ('', (#3587, #3595, #3602, #3608));
#3610 = FACE_OUTER_BOUND ('', #3609, .T.);
#3611 = CARTESIAN_POINT ('', (-7.23364688988303, 55.8029764100742, 3.50000000000486));
#3612 = CARTESIAN_POINT ('', (-7.22883668298049, 55.6164144128272, 3.50000000000483));
#3613 = CARTESIAN_POINT ('', (-7.347441122429, 55.4723258850036, 3.50000000000481));
#3614 = CARTESIAN_POINT ('', (-7.46604556187751, 55.3282373571801, 3.50000000000479));
#3615 = CARTESIAN_POINT ('', (-7.65005336749399, 55.2970982438425, 3.50000000000479));
#3616 = CARTESIAN_POINT ('', (-7.23364688988301, 55.802976410076, -9.30733188341498));
#3617 = CARTESIAN_POINT ('', (-7.22883668298048, 55.616414412829, -9.30733188341501));
#3618 = CARTESIAN_POINT ('', (-7.34744112242899, 55.4723258850054, -9.30733188341502));
#3619 = CARTESIAN_POINT ('', (-7.46604556187749, 55.3282373571819, -9.30733188341504));
#3620 = CARTESIAN_POINT ('', (-7.65005336749398, 55.2970982438443, -9.30733188341505));
#3621 = (
   BOUNDED_SURFACE ()
   B_SPLINE_SURFACE (1, 2, ((#3611, #3612, #3613, #3614, #3615), (#3616, #3617, #3618, #3619, #3620)), .UNSPECIFIED., .F., .F., .U.)
   B_SPLINE_SURFACE_WITH_KNOTS ((2, 2), (3, 2, 3), (0., 0.462610303941837), (0.0437687488748946, 0.0567383255766211, 0.0697079022783468), .UNSPECIFIED.)
   GEOMETRIC_REPRESENTATION_ITEM ()
   RATIONAL_B_SPLINE_SURFACE (((0.854627880113748, 0.866097526558596, 1., 0.866097526558604, 0.854627880113749), (0.854627880113748, 0.866097526558596, 1., 0.866097526558604, 0.854627880113749)))
   REPRESENTATION_ITEM ('')
   SURFACE ()
);
#3622 = ADVANCED_FACE ('', (#3610), #3621, .T.);
#3623 = ORIENTED_EDGE ('', *, *, #3601, .F.);
#3624 = CARTESIAN_POINT ('', (-7.90985757720567, 49.437113243417, -8.75039102277589));
#3625 = VERTEX_POINT ('', #3624);
#3626 = CARTESIAN_POINT ('', (-7.90985757720556, 49.4371132434166, -8.75039102277581));
#3627 = CARTESIAN_POINT ('', (-10.2538698306042, 50.0512719427446, -8.80412294657276));
#3628 = CARTESIAN_POINT ('', (-10.1465448245003, 52.4720291992881, -9.01591176366814));
#3629 = CARTESIAN_POINT ('', (-10.0392198183964, 54.8927864558316, -9.22770058076352));
#3630 = CARTESIAN_POINT ('', (-7.65005336749406, 55.2970982438442, -9.26307327874446));
#3631 = (
   BOUNDED_CURVE ()
   B_SPLINE_CURVE (2, (#3626, #3627, #3628, #3629, #3630), .UNSPECIFIED., .F., .U.)
   B_SPLINE_CURVE_WITH_KNOTS ((3, 2, 3), (0.256251479122819, 1.61527688283863, 2.97395375105019), .UNSPECIFIED.)
   CURVE ()
   GEOMETRIC_REPRESENTATION_ITEM ()
   RATIONAL_B_SPLINE_CURVE ((1., 0.777933789288191, 1., 0.777933789288189, 1.))
   REPRESENTATION_ITEM ('')
);
#3632 = EDGE_CURVE ('', #3625, #3589, #3631, .T.);
#3633 = ORIENTED_EDGE ('', *, *, #3632, .F.);
#3634 = CARTESIAN_POINT ('', (-7.90985721912365, 49.4371146100793, 3.50000000000405));
#3635 = VERTEX_POINT ('', #3634);
#3636 = CARTESIAN_POINT ('', (-7.90985757720567, 49.437113243415, 3.50000000000403));
#3637 = CARTESIAN_POINT ('', (-7.90985757720562, 49.4371132434166, -8.75039102277581));
#3638 = B_SPLINE_CURVE_WITH_KNOTS ('', 1, (#3636, #3637), .UNSPECIFIED., .F., .U., (2, 2), (-0.274436768285982, 0.145807947030443), .UNSPECIFIED.);
#3639 = EDGE_CURVE ('', #3635, #3625, #3638, .T.);
#3640 = ORIENTED_EDGE ('', *, *, #3639, .F.);
#3641 = CARTESIAN_POINT ('', (-7.90985721912353, 49.4371146100791, 3.50000000000405));
#3642 = CARTESIAN_POINT ('', (-8.03434539993982, 49.4697393086431, 3.50000000000406));
#3643 = CARTESIAN_POINT ('', (-8.156956752026, 49.5104519571252, 3.50000000000406));
#3644 = CARTESIAN_POINT ('', (-8.40899311474763, 49.6125831044949, 3.50000000000407));
#3645 = CARTESIAN_POINT ('', (-8.53827861825346, 49.6761100998686, 3.50000000000408));
#3646 = CARTESIAN_POINT ('', (-8.78548220001963, 49.8204325855184, 3.5000000000041));
#3647 = CARTESIAN_POINT ('', (-8.90405833633053, 49.9015490877465, 3.50000000000411));
#3648 = CARTESIAN_POINT ('', (-9.12757838665712, 50.0791785643026, 3.50000000000413));
#3649 = CARTESIAN_POINT ('', (-9.23312235526967, 50.1761009311142, 3.50000000000414));
#3650 = CARTESIAN_POINT ('', (-9.42861252854298, 50.3831836414106, 3.50000000000417));
#3651 = CARTESIAN_POINT ('', (-9.51908987281615, 50.4938313318368, 3.50000000000419));
#3652 = CARTESIAN_POINT ('', (-9.68281612067381, 50.7259657105797, 3.50000000000422));
#3653 = CARTESIAN_POINT ('', (-9.75651807776835, 50.8480060905251, 3.50000000000424));
#3654 = CARTESIAN_POINT ('', (-9.88542643019848, 51.1003368611331, 3.50000000000427));
#3655 = CARTESIAN_POINT ('', (-9.94100048928085, 51.2312347459812, 3.50000000000428));
#3656 = CARTESIAN_POINT ('', (-10.0327707110721, 51.4985554269393, 3.50000000000432));
#3657 = CARTESIAN_POINT ('', (-10.0692438066857, 51.635626318225, 3.50000000000434));
#3658 = CARTESIAN_POINT ('', (-10.1223279495562, 51.9124880049012, 3.50000000000437));
#3659 = CARTESIAN_POINT ('', (-10.1391218795267, 52.0529539249858, 3.50000000000439));
#3660 = CARTESIAN_POINT ('', (-10.146861733475, 52.2122435245016, 3.50000000000441));
#3661 = CARTESIAN_POINT ('', (-10.1475949602733, 52.2309402476163, 3.50000000000441));
#3662 = CARTESIAN_POINT ('', (-10.1485258610025, 52.2621253956446, 3.50000000000441));
#3663 = CARTESIAN_POINT ('', (-10.148820562777, 52.2746119867864, 3.50000000000441));
#3664 = CARTESIAN_POINT ('', (-10.1515439733324, 52.4315448116617, 3.50000000000444));
#3665 = CARTESIAN_POINT ('', (-10.1435689075474, 52.5765473039324, 3.50000000000446));
#3666 = CARTESIAN_POINT ('', (-10.1069591949906, 52.8627133591292, 3.50000000000449));
#3667 = CARTESIAN_POINT ('', (-10.0782926500923, 53.0046263805218, 3.50000000000451));
#3668 = CARTESIAN_POINT ('', (-10.0011792129779, 53.2817511755238, 3.50000000000455));
#3669 = CARTESIAN_POINT ('', (-9.95259098877968, 53.4176926898292, 3.50000000000456));
#3670 = CARTESIAN_POINT ('', (-9.83689642158828, 53.6801819874175, 3.5000000000046));
#3671 = CARTESIAN_POINT ('', (-9.76954534850317, 53.8074248907366, 3.50000000000462));
#3672 = CARTESIAN_POINT ('', (-9.61794181901319, 54.0500450298354, 3.50000000000465));
#3673 = CARTESIAN_POINT ('', (-9.53334900045004, 54.1660691338413, 3.50000000000466));
#3674 = CARTESIAN_POINT ('', (-9.34919769372215, 54.3840464224707, 3.50000000000469));
#3675 = CARTESIAN_POINT ('', (-9.24921254171437, 54.4865860443257, 3.50000000000471));
#3676 = CARTESIAN_POINT ('', (-9.03648952313852, 54.6756963884429, 3.50000000000473));
#3677 = CARTESIAN_POINT ('', (-8.92324938519231, 54.7627825588081, 3.50000000000474));
#3678 = CARTESIAN_POINT ('', (-8.68645957507028, 54.9194295014978, 3.50000000000477));
#3679 = CARTESIAN_POINT ('', (-8.56234385110452, 54.989425944143, 3.50000000000477));
#3680 = CARTESIAN_POINT ('', (-8.30642499124075, 55.110705578893, 3.50000000000479));
#3681 = CARTESIAN_POINT ('', (-8.17400472695757, 55.162337765109, 3.5000000000048));
#3682 = CARTESIAN_POINT ('', (-7.91167852502151, 55.2437748990804, 3.50000000000481));
#3683 = CARTESIAN_POINT ('', (-7.7814726270364, 55.2748537110987, 3.50000000000481));
#3684 = CARTESIAN_POINT ('', (-7.65005329968989, 55.2970978431733, 3.50000000000481));
#3685 = B_SPLINE_CURVE_WITH_KNOTS ('', 3, (#3641, #3642, #3643, #3644, #3645, #3646, #3647, #3648, #3649, #3650, #3651, #3652, #3653, #3654, #3655, #3656, #3657, #3658, #3659, #3660, #3661, #3662, #3663, #3664, #3665, #3666, #3667, #3668, #3669, #3670, #3671, #3672, #3673, #3674, #3675, #3676, #3677, #3678, #3679, #3680, #3681, #3682, #3683, #3684), .UNSPECIFIED., .F., .U., (4, 2, 2, 2, 2, 2, 2, 2, 2, 2, 2, 2, 2, 2, 2, 2, 2, 2, 2, 2, 2, 4), (0.477590346218053, 0.863480173285358, 1.2934199206839, 1.72222770097883, 2.14993670076239, 2.57656774496085, 3.0021302740115, 3.42662281970419, 3.85003302827037, 4.27233723838289, 4.32846561148091, 4.36593435534397, 4.7993349738266, 5.23142932344225, 5.66229598551632, 6.09199470621897, 6.52056951910079, 6.94805090714882, 7.37445724237431, 7.79979565147374, 8.22406239404864, 8.62382440528336), .UNSPECIFIED.);
#3686 = EDGE_CURVE ('', #3635, #3597, #3685, .T.);
#3687 = ORIENTED_EDGE ('', *, *, #3686, .T.);
#3688 = EDGE_LOOP ('', (#3623, #3633, #3640, #3687));
#3689 = FACE_OUTER_BOUND ('', #3688, .T.);
#3690 = CARTESIAN_POINT ('', (-7.90985757720562, 49.437113243415, 3.50000000000404));
#3691 = CARTESIAN_POINT ('', (-7.90985757720555, 49.4371132434167, -9.26307327874527));
#3692 = CARTESIAN_POINT ('', (-10.094291486221, 50.0094605450912, 3.5000000000041));
#3693 = CARTESIAN_POINT ('', (-10.0942914862209, 50.0094605450929, -9.26307327874521));
#3694 = CARTESIAN_POINT ('', (-10.14862054307, 52.2669771652237, 3.50000000000441));
#3695 = CARTESIAN_POINT ('', (-10.14862054307, 52.2669771652254, -9.2630732787449));
#3696 = CARTESIAN_POINT ('', (-10.2111128255916, 54.8636974950924, 3.50000000000476));
#3697 = CARTESIAN_POINT ('', (-10.2111128255915, 54.8636974950941, -9.26307327874454));
#3698 = CARTESIAN_POINT ('', (-7.650053367494, 55.2970982438425, 3.50000000000484));
#3699 = CARTESIAN_POINT ('', (-7.65005336749393, 55.2970982438442, -9.26307327874447));
#3700 = (
   BOUNDED_SURFACE ()
   B_SPLINE_SURFACE (2, 1, ((#3690, #3691), (#3692, #3693), (#3694, #3695), (#3696, #3697), (#3698, #3699)), .UNSPECIFIED., .F., .F., .U.)
   B_SPLINE_SURFACE_WITH_KNOTS ((3, 2, 3), (2, 2), (0.372516059697954, 0.510644930189583, 0.664049846679649), (0., 0.461011650393616), .UNSPECIFIED.)
   GEOMETRIC_REPRESENTATION_ITEM ()
   RATIONAL_B_SPLINE_SURFACE (((0.910392316429474, 0.910392316429474), (0.762318156330233, 0.762318156330233), (1., 1.), (0.736032277324855, 0.736032277324855), (0.947862245675679, 0.947862245675679)))
   REPRESENTATION_ITEM ('')
   SURFACE ()
);
#3701 = ADVANCED_FACE ('', (#3689), #3700, .T.);
#3702 = ORIENTED_EDGE ('', *, *, #3639, .T.);
#3703 = CARTESIAN_POINT ('', (-7.54948891361125, 48.8405826809029, -8.69820136110923));
#3704 = VERTEX_POINT ('', #3703);
#3705 = CARTESIAN_POINT ('', (-7.54948891361116, 48.8405826809025, -8.69820136110915));
#3706 = CARTESIAN_POINT ('', (-7.43981149425627, 49.313955657312, -8.73961613016445));
#3707 = CARTESIAN_POINT ('', (-7.90985757720566, 49.4371132434166, -8.75039102277581));
#3708 = (
   BOUNDED_CURVE ()
   B_SPLINE_CURVE (2, (#3705, #3706, #3707), .UNSPECIFIED., .F., .U.)
   B_SPLINE_CURVE_WITH_KNOTS ((3, 3), (-1.79847248866211, -0.256251479136266), .UNSPECIFIED.)
   CURVE ()
   GEOMETRIC_REPRESENTATION_ITEM ()
   RATIONAL_B_SPLINE_CURVE ((1., 0.717137165600548, 1.))
   REPRESENTATION_ITEM ('')
);
#3709 = EDGE_CURVE ('', #3704, #3625, #3708, .T.);
#3710 = ORIENTED_EDGE ('', *, *, #3709, .F.);
#3711 = CARTESIAN_POINT ('', (-7.54948948639712, 48.8405828136118, 3.50000000000398));
#3712 = VERTEX_POINT ('', #3711);
#3713 = CARTESIAN_POINT ('', (-7.54948891361119, 48.8405826809025, -8.69820136110915));
#3714 = CARTESIAN_POINT ('', (-7.54948891361119, 48.8405826809009, 3.50000000000395));
#3715 = B_SPLINE_CURVE_WITH_KNOTS ('', 1, (#3713, #3714), .UNSPECIFIED., .F., .U., (2, 2), (-0.144017601769723, 0.274436768285982), .UNSPECIFIED.);
#3716 = EDGE_CURVE ('', #3704, #3712, #3715, .T.);
#3717 = ORIENTED_EDGE ('', *, *, #3716, .T.);
#3718 = CARTESIAN_POINT ('', (-7.5494889136112, 48.8405826809009, 3.50000000000374));
#3719 = CARTESIAN_POINT ('', (-7.43981149425644, 49.3139556573103, 3.50000000000381));
#3720 = CARTESIAN_POINT ('', (-7.90985757720567, 49.437113243415, 3.50000000000383));
#3721 = (
   BOUNDED_CURVE ()
   B_SPLINE_CURVE (2, (#3718, #3719, #3720), .UNSPECIFIED., .F., .U.)
   B_SPLINE_CURVE_WITH_KNOTS ((3, 3), (0., 1.54222100952539), .UNSPECIFIED.)
   CURVE ()
   GEOMETRIC_REPRESENTATION_ITEM ()
   RATIONAL_B_SPLINE_CURVE ((1., 0.717137165600736, 1.))
   REPRESENTATION_ITEM ('')
);
#3722 = EDGE_CURVE ('', #3712, #3635, #3721, .T.);
#3723 = ORIENTED_EDGE ('', *, *, #3722, .T.);
#3724 = EDGE_LOOP ('', (#3702, #3710, #3717, #3723));
#3725 = FACE_OUTER_BOUND ('', #3724, .T.);
#3726 = CARTESIAN_POINT ('', (-7.90985757720566, 49.437113243415, 3.50000000000401));
#3727 = CARTESIAN_POINT ('', (-7.71354972109439, 49.3856782829525, 3.500000000004));
#3728 = CARTESIAN_POINT ('', (-7.60861673413979, 49.2119791241245, 3.50000000000398));
#3729 = CARTESIAN_POINT ('', (-7.50368374718524, 49.0382799652966, 3.50000000000396));
#3730 = CARTESIAN_POINT ('', (-7.54948891361115, 48.8405826809009, 3.50000000000393));
#3731 = CARTESIAN_POINT ('', (-7.90985757720584, 49.4371132434165, -8.75039102277583));
#3732 = CARTESIAN_POINT ('', (-7.71354972109457, 49.3856782829541, -8.75039102277584));
#3733 = CARTESIAN_POINT ('', (-7.60861673413996, 49.211979124126, -8.75039102277586));
#3734 = CARTESIAN_POINT ('', (-7.50368374718541, 49.0382799652981, -8.75039102277588));
#3735 = CARTESIAN_POINT ('', (-7.54948891361132, 48.8405826809025, -8.7503910227759));
#3736 = (
   BOUNDED_SURFACE ()
   B_SPLINE_SURFACE (1, 2, ((#3726, #3727, #3728, #3729, #3730), (#3731, #3732, #3733, #3734, #3735)), .UNSPECIFIED., .F., .F., .U.)
   B_SPLINE_SURFACE_WITH_KNOTS ((2, 2), (3, 2, 3), (0., 0.442493187967678), (0.0427983859843357, 0.0567383255766214, 0.0706782651688995), .UNSPECIFIED.)
   GEOMETRIC_REPRESENTATION_ITEM ()
   RATIONAL_B_SPLINE_SURFACE (((0.853596952572878, 0.856079158637281, 1., 0.856079158637358, 0.853596952572881), (0.853596952572878, 0.856079158637281, 1., 0.856079158637358, 0.853596952572881)))
   REPRESENTATION_ITEM ('')
   SURFACE ()
);
#3737 = ADVANCED_FACE ('', (#3725), #3736, .T.);
#3738 = ORIENTED_EDGE ('', *, *, #3716, .F.);
#3739 = CARTESIAN_POINT ('', (-9.22609515495234, 44.5891538178101, -8.32624953180222));
#3740 = VERTEX_POINT ('', #3739);
#3741 = CARTESIAN_POINT ('', (-9.22609515217044, 44.589153816216, -8.32624953166271));
#3742 = CARTESIAN_POINT ('', (-8.07063137987795, 46.5907419181455, -8.50136579962966));
#3743 = CARTESIAN_POINT ('', (-7.54948891048453, 48.8405826801837, -8.69820136104627));
#3744 = (
   BOUNDED_CURVE ()
   B_SPLINE_CURVE (2, (#3741, #3742, #3743), .UNSPECIFIED., .F., .U.)
   B_SPLINE_CURVE_WITH_KNOTS ((3, 3), (0., 0.2951077736989), .UNSPECIFIED.)
   CURVE ()
   GEOMETRIC_REPRESENTATION_ITEM ()
   RATIONAL_B_SPLINE_CURVE ((1., 0.989133662013282, 1.))
   REPRESENTATION_ITEM ('')
);
#3745 = EDGE_CURVE ('', #3740, #3704, #3744, .T.);
#3746 = ORIENTED_EDGE ('', *, *, #3745, .F.);
#3747 = CARTESIAN_POINT ('', (-9.22609515495257, 44.5891538178094, 3.50000000000349));
#3748 = VERTEX_POINT ('', #3747);
#3749 = CARTESIAN_POINT ('', (-9.22609515495227, 44.5891538178097, -8.32624953180214));
#3750 = CARTESIAN_POINT ('', (-9.22609515495227, 44.5891538178082, 3.50000000000348));
#3751 = B_SPLINE_CURVE_WITH_KNOTS ('', 1, (#3749, #3750), .UNSPECIFIED., .F., .U., (2, 2), (-0.256931775618715, 0.818181818181824), .UNSPECIFIED.);
#3752 = EDGE_CURVE ('', #3740, #3748, #3751, .T.);
#3753 = ORIENTED_EDGE ('', *, *, #3752, .T.);
#3754 = CARTESIAN_POINT ('', (-9.22609515495227, 44.5891538178082, 3.50000000000342));
#3755 = CARTESIAN_POINT ('', (-8.98512037406216, 45.0065343816526, 3.50000000000347));
#3756 = CARTESIAN_POINT ('', (-8.76339303894135, 45.4356317645674, 3.50000000000353));
#3757 = CARTESIAN_POINT ('', (-8.36154436850703, 46.3111853650073, 3.50000000000364));
#3758 = CARTESIAN_POINT ('', (-8.18094189136376, 46.75857050986, 3.5000000000037));
#3759 = CARTESIAN_POINT ('', (-7.86268044098497, 47.6667290235613, 3.50000000000382));
#3760 = CARTESIAN_POINT ('', (-7.72463071329646, 48.1284690796069, 3.50000000000388));
#3761 = CARTESIAN_POINT ('', (-7.58814589411293, 48.6767739149707, 3.50000000000395));
#3762 = CARTESIAN_POINT ('', (-7.56848425885164, 48.7585995687336, 3.50000000000396));
#3763 = CARTESIAN_POINT ('', (-7.54948948639709, 48.8405828136116, 3.50000000000398));
#3764 = B_SPLINE_CURVE_WITH_KNOTS ('', 3, (#3754, #3755, #3756, #3757, #3758, #3759, #3760, #3761, #3762, #3763), .UNSPECIFIED., .F., .U., (4, 2, 2, 2, 4), (0., 1.44584868534063, 2.89010175436068, 4.33278133631273, 4.58521139245448), .UNSPECIFIED.);
#3765 = EDGE_CURVE ('', #3748, #3712, #3764, .T.);
#3766 = ORIENTED_EDGE ('', *, *, #3765, .T.);
#3767 = EDGE_LOOP ('', (#3738, #3746, #3753, #3766));
#3768 = FACE_OUTER_BOUND ('', #3767, .T.);
#3769 = CARTESIAN_POINT ('', (-9.22609515495374, 44.5891538178052, 3.50000000000349));
#3770 = CARTESIAN_POINT ('', (-9.22609515495375, 44.5891538178068, -8.69820136110969));
#3771 = CARTESIAN_POINT ('', (-8.07095302961609, 46.5899186688528, 3.50000000000374));
#3772 = CARTESIAN_POINT ('', (-8.07095302961609, 46.5899186688544, -8.69820136110943));
#3773 = CARTESIAN_POINT ('', (-7.54948891363523, 48.8405826807971, 3.50000000000402));
#3774 = CARTESIAN_POINT ('', (-7.54948891363524, 48.8405826807987, -8.69820136110915));
#3775 = (
   BOUNDED_SURFACE ()
   B_SPLINE_SURFACE (2, 1, ((#3769, #3770), (#3771, #3772), (#3773, #3774)), .UNSPECIFIED., .F., .F., .U.)
   B_SPLINE_SURFACE_WITH_KNOTS ((3, 3), (2, 2), (3.32418310405044, 3.49688646824192), (-0.440608058772464, 0.), .UNSPECIFIED.)
   GEOMETRIC_REPRESENTATION_ITEM ()
   RATIONAL_B_SPLINE_SURFACE (((0.899436015343784, 0.899436015343784), (0.931630862497885, 0.931630862497885), (0.986416138793995, 0.986416138793995)))
   REPRESENTATION_ITEM ('')
   SURFACE ()
);
#3776 = ADVANCED_FACE ('', (#3768), #3775, .T.);
#3777 = CARTESIAN_POINT ('', (-22.6125046262036, 21.4032124826813, 3.50000000000047));
#3778 = VERTEX_POINT ('', #3777);
#3779 = CARTESIAN_POINT ('', (-22.612504626203, 21.4032124826807, 3.50000000000039));
#3780 = CARTESIAN_POINT ('', (-9.22609515495226, 44.5891538178082, 3.50000000000341));
#3781 = B_SPLINE_CURVE_WITH_KNOTS ('', 1, (#3779, #3780), .UNSPECIFIED., .F., .U., (2, 2), (0., 1.), .UNSPECIFIED.);
#3782 = EDGE_CURVE ('', #3778, #3748, #3781, .T.);
#3783 = ORIENTED_EDGE ('', *, *, #3782, .T.);
#3784 = ORIENTED_EDGE ('', *, *, #3752, .F.);
#3785 = CARTESIAN_POINT ('', (-15.5746800224869, 33.5930822710774, -7.36421792814446));
#3786 = VERTEX_POINT ('', #3785);
#3787 = CARTESIAN_POINT ('', (-15.5746800224867, 33.5930822710771, -7.36421792814439));
#3788 = CARTESIAN_POINT ('', (-9.22609515495235, 44.5891538178097, -8.32624953180214));
#3789 = B_SPLINE_CURVE_WITH_KNOTS ('', 1, (#3787, #3788), .UNSPECIFIED., .F., .U., (2, 2), (-1.81824180611331, -1.354526010176), .UNSPECIFIED.);
#3790 = EDGE_CURVE ('', #3786, #3740, #3789, .T.);
#3791 = ORIENTED_EDGE ('', *, *, #3790, .F.);
#3792 = CARTESIAN_POINT ('', (-15.5052534779373, 33.7133325736309, -5.36709879131425));
#3793 = VERTEX_POINT ('', #3792);
#3794 = CARTESIAN_POINT ('', (-15.5052534779368, 33.7133325736307, -5.36709879131445));
#3795 = CARTESIAN_POINT ('', (-15.5399015455304, 33.6533203601747, -6.36566742604568));
#3796 = CARTESIAN_POINT ('', (-15.5746800224437, 33.5930822711511, -7.36421792691943));
#3797 = (
   BOUNDED_CURVE ()
   B_SPLINE_CURVE (2, (#3794, #3795, #3796), .UNSPECIFIED., .F., .U.)
   B_SPLINE_CURVE_WITH_KNOTS ((3, 3), (0., 0.000261194871580273), .UNSPECIFIED.)
   CURVE ()
   GEOMETRIC_REPRESENTATION_ITEM ()
   RATIONAL_B_SPLINE_CURVE ((1., 0.999999991472155, 1.))
   REPRESENTATION_ITEM ('')
);
#3798 = EDGE_CURVE ('', #3793, #3786, #3797, .T.);
#3799 = ORIENTED_EDGE ('', *, *, #3798, .F.);
#3800 = CARTESIAN_POINT ('', (-22.6125046262031, 21.4032124826819, -4.29010283671494));
#3801 = VERTEX_POINT ('', #3800);
#3802 = CARTESIAN_POINT ('', (-15.5052534779372, 33.7133325736306, -5.36709879131416));
#3803 = CARTESIAN_POINT ('', (-22.612504626203, 21.4032124826818, -4.2901028367149));
#3804 = B_SPLINE_CURVE_WITH_KNOTS ('', 1, (#3802, #3803), .UNSPECIFIED., .F., .U., (2, 2), (-1.02785663695096, 1.), .UNSPECIFIED.);
#3805 = EDGE_CURVE ('', #3793, #3801, #3804, .T.);
#3806 = ORIENTED_EDGE ('', *, *, #3805, .T.);
#3807 = CARTESIAN_POINT ('', (-22.612504626203, 21.4032124826817, -4.2901028367149));
#3808 = CARTESIAN_POINT ('', (-22.612504626203, 21.4032124826807, 3.50000000000045));
#3809 = B_SPLINE_CURVE_WITH_KNOTS ('', 1, (#3807, #3808), .UNSPECIFIED., .F., .U., (2, 2), (0.109990651207683, 0.818181818181824), .UNSPECIFIED.);
#3810 = EDGE_CURVE ('', #3801, #3778, #3809, .T.);
#3811 = ORIENTED_EDGE ('', *, *, #3810, .T.);
#3812 = EDGE_LOOP ('', (#3783, #3784, #3791, #3799, #3806, #3811));
#3813 = FACE_OUTER_BOUND ('', #3812, .T.);
#3814 = CARTESIAN_POINT ('', (-9.22609515495169, 44.5891538178107, -8.32624953180225));
#3815 = CARTESIAN_POINT ('', (-9.22609515495169, 44.5891538178091, 3.5000000000034));
#3816 = CARTESIAN_POINT ('', (-22.6125046262029, 21.4032124826824, -8.32624953180533));
#3817 = CARTESIAN_POINT ('', (-22.6125046262029, 21.4032124826808, 3.50000000000032));
#3818 = B_SPLINE_SURFACE_WITH_KNOTS ('', 1, 1, ((#3814, #3815), (#3816, #3817)), .UNSPECIFIED., .F., .F., .U., (2, 2), (2, 2), (9.11971607467772, 10.3399136903506), (-0.128809108499626, 0.410183872107032), .UNSPECIFIED.);
#3819 = ADVANCED_FACE ('', (#3813), #3818, .T.);
#3820 = ORIENTED_EDGE ('', *, *, #3805, .F.);
#3821 = CARTESIAN_POINT ('', (-22.9311860458026, 32.2829553912351, -5.24195700328859));
#3822 = VERTEX_POINT ('', #3821);
#3823 = CARTESIAN_POINT ('', (-22.9311860458024, 32.2829553912348, -5.2419570032885));
#3824 = CARTESIAN_POINT ('', (-22.6746424406969, 32.082242127739, -5.22439686811336));
#3825 = CARTESIAN_POINT ('', (-22.1246401742063, 31.7326446118881, -5.19381104867973));
#3826 = CARTESIAN_POINT ('', (-21.5173425327743, 31.4951400048526, -5.17303208802893));
#3827 = CARTESIAN_POINT ('', (-20.8898266263464, 31.3179282992379, -5.15752807274357));
#3828 = CARTESIAN_POINT ('', (-20.2480904520622, 31.2026391066245, -5.14744157536284));
#3829 = CARTESIAN_POINT ('', (-19.5960912898856, 31.2126882045898, -5.14832075751346));
#3830 = CARTESIAN_POINT ('', (-18.9485430211861, 31.2861430797646, -5.15474722637196));
#3831 = CARTESIAN_POINT ('', (-18.311630435313, 31.4221701235025, -5.16664805063188));
#3832 = CARTESIAN_POINT ('', (-17.7129732460536, 31.6778995740653, -5.18902147848584));
#3833 = CARTESIAN_POINT ('', (-17.2282128577133, 31.9435999161101, -5.21226724630969));
#3834 = CARTESIAN_POINT ('', (-16.845323064585, 32.1888217311193, -5.23372137517223));
#3835 = CARTESIAN_POINT ('', (-16.4993843216225, 32.4835399656614, -5.259505879629));
#3836 = CARTESIAN_POINT ('', (-16.174469263031, 32.8011248609959, -5.28729095767779));
#3837 = CARTESIAN_POINT ('', (-15.8721055467245, 33.1400831184461, -5.31694596261315));
#3838 = CARTESIAN_POINT ('', (-15.6187267226628, 33.5167911484662, -5.34990364469903));
#3839 = CARTESIAN_POINT ('', (-15.5052534779372, 33.7133325736306, -5.36709879131412));
#3840 = B_SPLINE_CURVE_WITH_KNOTS ('', 3, (#3823, #3824, #3825, #3826, #3827, #3828, #3829, #3830, #3831, #3832, #3833, #3834, #3835, #3836, #3837, #3838, #3839), .UNSPECIFIED., .F., .U., (4, 1, 2, 1, 2, 1, 2, 1, 2, 1, 4), (0., 0.0356038325786306, 0.0712076651572612, 0.106793962522175, 0.142380259887089, 0.177929449819755, 0.213478639752421, 0.238320926654988, 0.263163213557555, 0.288005443290153, 0.312847673022751), .UNSPECIFIED.);
#3841 = EDGE_CURVE ('', #3822, #3793, #3840, .T.);
#3842 = ORIENTED_EDGE ('', *, *, #3841, .F.);
#3843 = CARTESIAN_POINT ('', (-33.301140637541, 33.4920844602517, -5.34774208956706));
#3844 = VERTEX_POINT ('', #3843);
#3845 = CARTESIAN_POINT ('', (-22.9311860458024, 32.2829553912348, -5.24195700328854));
#3846 = CARTESIAN_POINT ('', (-27.7447220094744, 36.0489448487594, -5.57143838777963));
#3847 = CARTESIAN_POINT ('', (-33.3011406375407, 33.4920844602514, -5.347742089567));
#3848 = (
   BOUNDED_CURVE ()
   B_SPLINE_CURVE (2, (#3845, #3846, #3847), .UNSPECIFIED., .F., .U.)
   B_SPLINE_CURVE_WITH_KNOTS ((3, 3), (0., 1.09847544221553), .UNSPECIFIED.)
   CURVE ()
   GEOMETRIC_REPRESENTATION_ITEM ()
   RATIONAL_B_SPLINE_CURVE ((1., 0.852922707774959, 1.))
   REPRESENTATION_ITEM ('')
);
#3849 = EDGE_CURVE ('', #3822, #3844, #3848, .T.);
#3850 = ORIENTED_EDGE ('', *, *, #3849, .T.);
#3851 = CARTESIAN_POINT ('', (-44.9789204922882, 28.1183977863388, -4.87760542426255));
#3852 = VERTEX_POINT ('', #3851);
#3853 = CARTESIAN_POINT ('', (-33.3011406375407, 33.4920844602511, -5.34774208956954));
#3854 = CARTESIAN_POINT ('', (-44.9789204922879, 28.1183977863386, -4.87760542426252));
#3855 = B_SPLINE_CURVE_WITH_KNOTS ('', 1, (#3853, #3854), .UNSPECIFIED., .F., .U., (2, 2), (27.9097187891058, 40.7731584258979), .UNSPECIFIED.);
#3856 = EDGE_CURVE ('', #3844, #3852, #3855, .T.);
#3857 = ORIENTED_EDGE ('', *, *, #3856, .T.);
#3858 = CARTESIAN_POINT ('', (-49.6073461222407, 28.3284374493063, -4.89598151366299));
#3859 = VERTEX_POINT ('', #3858);
#3860 = CARTESIAN_POINT ('', (-49.6073461222405, 28.3284374493064, -4.89598151366298));
#3861 = CARTESIAN_POINT ('', (-47.35207781632, 27.026357685788, -4.78206429534876));
#3862 = CARTESIAN_POINT ('', (-44.9789204923513, 28.1183977863093, -4.87760542425994));
#3863 = (
   BOUNDED_CURVE ()
   B_SPLINE_CURVE (2, (#3860, #3861, #3862), .UNSPECIFIED., .F., .U.)
   B_SPLINE_CURVE_WITH_KNOTS ((3, 3), (0.610817552427451, 1.5707963267949), .UNSPECIFIED.)
   CURVE ()
   GEOMETRIC_REPRESENTATION_ITEM ()
   RATIONAL_B_SPLINE_CURVE ((1., 0.886999823506896, 1.))
   REPRESENTATION_ITEM ('')
);
#3864 = EDGE_CURVE ('', #3859, #3852, #3863, .T.);
#3865 = ORIENTED_EDGE ('', *, *, #3864, .F.);
#3866 = CARTESIAN_POINT ('', (-46.2499999999994, 26.3900727618675, -4.72639657773336));
#3867 = VERTEX_POINT ('', #3866);
#3868 = CARTESIAN_POINT ('', (-46.2499999999991, 26.3900727618673, -4.72639657773332));
#3869 = CARTESIAN_POINT ('', (-49.6073461222405, 28.3284374493062, -4.89598151366295));
#3870 = B_SPLINE_CURVE_WITH_KNOTS ('', 1, (#3868, #3869), .UNSPECIFIED., .F., .U., (2, 2), (4.86443839178797, 5.00472992499132), .UNSPECIFIED.);
#3871 = EDGE_CURVE ('', #3867, #3859, #3870, .T.);
#3872 = ORIENTED_EDGE ('', *, *, #3871, .F.);
#3873 = CARTESIAN_POINT ('', (-45.6071428571422, 26.5137906766938, -4.73722049275572));
#3874 = VERTEX_POINT ('', #3873);
#3875 = CARTESIAN_POINT ('', (-46.249999999999, 26.3900727618672, -4.72639657773331));
#3876 = CARTESIAN_POINT ('', (-46.2294778104591, 26.3782242702121, -4.7253599690336));
#3877 = CARTESIAN_POINT ('', (-46.2083773239867, 26.3679581028107, -4.72446179576812));
#3878 = CARTESIAN_POINT ('', (-46.1643236785063, 26.3502613354156, -4.72291352924));
#3879 = CARTESIAN_POINT ('', (-46.1422616010945, 26.3431615952662, -4.72229238246295));
#3880 = CARTESIAN_POINT ('', (-46.1037924801597, 26.3337207045579, -4.72146641155239));
#3881 = CARTESIAN_POINT ('', (-46.0886619188664, 26.3307543975638, -4.72120689331787));
#3882 = CARTESIAN_POINT ('', (-46.0573084528134, 26.3261275676477, -4.72080209815215));
#3883 = CARTESIAN_POINT ('', (-46.0420552172761, 26.3246049689633, -4.72066888802816));
#3884 = CARTESIAN_POINT ('', (-46.0103656669434, 26.3229408781248, -4.72052329894472));
#3885 = CARTESIAN_POINT ('', (-45.9951291196031, 26.3228571857673, -4.72051597681221));
#3886 = CARTESIAN_POINT ('', (-45.9633842551267, 26.3241746822053, -4.72063124281477));
#3887 = CARTESIAN_POINT ('', (-45.9483019727707, 26.325511386018, -4.72074818924487));
#3888 = CARTESIAN_POINT ('', (-45.9255857892138, 26.3286039602335, -4.72101875442985));
#3889 = CARTESIAN_POINT ('', (-45.9188088679704, 26.3296714111504, -4.72111214428394));
#3890 = CARTESIAN_POINT ('', (-45.9049950510408, 26.3321444270845, -4.7213285051429));
#3891 = CARTESIAN_POINT ('', (-45.8981360814797, 26.3335215988345, -4.72144899205875));
#3892 = CARTESIAN_POINT ('', (-45.8760524693509, 26.3384401687424, -4.72187931116644));
#3893 = CARTESIAN_POINT ('', (-45.8601445707392, 26.3427892835202, -4.72225980940588));
#3894 = CARTESIAN_POINT ('', (-45.8304202974523, 26.3524610902243, -4.7231059828483));
#3895 = CARTESIAN_POINT ('', (-45.8150976060951, 26.3582676894472, -4.72361399445394));
#3896 = CARTESIAN_POINT ('', (-45.7863996885554, 26.3707360808986, -4.72470483735834));
#3897 = CARTESIAN_POINT ('', (-45.7717908569106, 26.377927622902, -4.72533401575691));
#3898 = CARTESIAN_POINT ('', (-45.7443819596319, 26.3930797445331, -4.726659654628));
#3899 = CARTESIAN_POINT ('', (-45.7306074446189, 26.4015727197367, -4.72740269367791));
#3900 = CARTESIAN_POINT ('', (-45.7047371766435, 26.4192714218365, -4.72895112947076));
#3901 = CARTESIAN_POINT ('', (-45.6919082717273, 26.428972242342, -4.7297998412919));
#3902 = CARTESIAN_POINT ('', (-45.6678110059641, 26.4490576844712, -4.73155708978011));
#3903 = CARTESIAN_POINT ('', (-45.6560289997667, 26.4598636561759, -4.73250248980264));
#3904 = CARTESIAN_POINT ('', (-45.6339219044254, 26.4821550989695, -4.73445273834072));
#3905 = CARTESIAN_POINT ('', (-45.6232773646598, 26.493955451179, -4.73548513538466));
#3906 = CARTESIAN_POINT ('', (-45.6112388685032, 26.5086405633132, -4.73676991621901));
#3907 = CARTESIAN_POINT ('', (-45.6091768028883, 26.5112072186201, -4.73699446946154));
#3908 = CARTESIAN_POINT ('', (-45.6071428571417, 26.5137906766936, -4.73722049275567));
#3909 = B_SPLINE_CURVE_WITH_KNOTS ('', 3, (#3875, #3876, #3877, #3878, #3879, #3880, #3881, #3882, #3883, #3884, #3885, #3886, #3887, #3888, #3889, #3890, #3891, #3892, #3893, #3894, #3895, #3896, #3897, #3898, #3899, #3900, #3901, #3902, #3903, #3904, #3905, #3906, #3907, #3908), .UNSPECIFIED., .F., .U., (4, 2, 2, 2, 2, 2, 2, 2, 2, 2, 2, 2, 2, 2, 2, 2, 4), (0., 0.071158936054956, 0.142501464800611, 0.19001672165291, 0.237588273715536, 0.285217362160796, 0.332905478530214, 0.353999336148883, 0.375010791995065, 0.421885791809705, 0.468819802711794, 0.515811244976842, 0.562858761794477, 0.609961190653261, 0.657117555152722, 0.704327074321542, 0.714214465131242), .UNSPECIFIED.);
#3910 = EDGE_CURVE ('', #3867, #3874, #3909, .T.);
#3911 = ORIENTED_EDGE ('', *, *, #3910, .T.);
#3912 = CARTESIAN_POINT ('', (-40.464285714285, 23.5445607208616, -4.47744653221918));
#3913 = VERTEX_POINT ('', #3912);
#3914 = CARTESIAN_POINT ('', (-40.4642857142847, 23.5445607208614, -4.47744653221913));
#3915 = CARTESIAN_POINT ('', (-40.4446962168365, 23.5935707279029, -4.48173435223458));
#3916 = CARTESIAN_POINT ('', (-40.4259431146752, 23.6443712720805, -4.48617882395107));
#3917 = CARTESIAN_POINT ('', (-40.3920325180522, 23.7443431135338, -4.49492522675002));
#3918 = CARTESIAN_POINT ('', (-40.3760405845316, 23.7959640714692, -4.49944147536972));
#3919 = CARTESIAN_POINT ('', (-40.347486407631, 23.8976250333965, -4.50833565706148));
#3920 = CARTESIAN_POINT ('', (-40.3342876153145, 23.9499192876562, -4.51291081147674));
#3921 = CARTESIAN_POINT ('', (-40.3111706101218, 24.0529831166464, -4.52192772813294));
#3922 = CARTESIAN_POINT ('', (-40.3007893636046, 24.1058024564385, -4.52654882157967));
#3923 = CARTESIAN_POINT ('', (-40.2831751458873, 24.2099794487564, -4.5356631274077));
#3924 = CARTESIAN_POINT ('', (-40.2756282483103, 24.263174931716, -4.54031712911745));
#3925 = CARTESIAN_POINT ('', (-40.2635671916089, 24.368172696104, -4.54950324319695));
#3926 = CARTESIAN_POINT ('', (-40.2588638254457, 24.4215950100444, -4.55417709004605));
#3927 = CARTESIAN_POINT ('', (-40.2523909876132, 24.5271192288124, -4.56340926291567));
#3928 = CARTESIAN_POINT ('', (-40.2505327093831, 24.5806190536517, -4.56808989108973));
#3929 = CARTESIAN_POINT ('', (-40.2496677908257, 24.6863742414896, -4.57734227113458));
#3930 = CARTESIAN_POINT ('', (-40.2506485395918, 24.7398026115951, -4.58201664782947));
#3931 = CARTESIAN_POINT ('', (-40.2565819228863, 24.8718980084569, -4.59357349755882));
#3932 = CARTESIAN_POINT ('', (-40.263375860095, 24.9519124770001, -4.6005738564744));
#3933 = CARTESIAN_POINT ('', (-40.2830935685861, 25.1094325387219, -4.61435507615294));
#3934 = CARTESIAN_POINT ('', (-40.2961788433337, 25.1883492987437, -4.62125939801703));
#3935 = CARTESIAN_POINT ('', (-40.3486131844564, 25.4416621664112, -4.64342140226315));
#3936 = CARTESIAN_POINT ('', (-40.4007186638717, 25.6139285704698, -4.65849275972464));
#3937 = CARTESIAN_POINT ('', (-40.4975976637322, 25.8541093180712, -4.67950585233691));
#3938 = CARTESIAN_POINT ('', (-40.5300435096819, 25.926163571109, -4.68580978263653));
#3939 = CARTESIAN_POINT ('', (-40.6012085431254, 26.0687878542906, -4.69828779055842));
#3940 = CARTESIAN_POINT ('', (-40.6391252836355, 26.1377831042348, -4.70432409276566));
#3941 = CARTESIAN_POINT ('', (-40.7076966820976, 26.2516082311859, -4.71428250099827));
#3942 = CARTESIAN_POINT ('', (-40.7359849116472, 26.2958719321145, -4.71815507303522));
#3943 = CARTESIAN_POINT ('', (-40.795584216638, 26.3839042300046, -4.72585690112473));
#3944 = CARTESIAN_POINT ('', (-40.8261248120339, 26.4265401528684, -4.72958706103427));
#3945 = CARTESIAN_POINT ('', (-40.8903330621569, 26.5113437205822, -4.73700641183578));
#3946 = CARTESIAN_POINT ('', (-40.923032388197, 26.5522374840161, -4.74058415254515));
#3947 = CARTESIAN_POINT ('', (-40.9916748301627, 26.6335725812174, -4.74770005149703));
#3948 = CARTESIAN_POINT ('', (-41.0264332946974, 26.6726149885398, -4.7511158195345));
#3949 = CARTESIAN_POINT ('', (-41.0993226692729, 26.7502511847385, -4.75790810658115));
#3950 = CARTESIAN_POINT ('', (-41.1360349846604, 26.7873385561778, -4.76115283114206));
#3951 = CARTESIAN_POINT ('', (-41.2129719928037, 26.861055399137, -4.76760221921189));
#3952 = CARTESIAN_POINT ('', (-41.2515274579448, 26.8960898933412, -4.77066734028713));
#3953 = CARTESIAN_POINT ('', (-41.3323012673573, 26.9656775602685, -4.77675547226447));
#3954 = CARTESIAN_POINT ('', (-41.3725840699629, 26.9985674834834, -4.77963296769002));
#3955 = CARTESIAN_POINT ('', (-41.4569728626507, 27.0638274118761, -4.78534247160688));
#3956 = CARTESIAN_POINT ('', (-41.4988624012117, 27.0944875132017, -4.78802488289543));
#3957 = CARTESIAN_POINT ('', (-41.5866339623027, 27.1552330079135, -4.79333942504297));
#3958 = CARTESIAN_POINT ('', (-41.6300051870576, 27.1835847591043, -4.79581988186327));
#3959 = CARTESIAN_POINT ('', (-41.6955930936048, 27.2240264493364, -4.7993580712924));
#3960 = CARTESIAN_POINT ('', (-41.7155937798791, 27.2360362172084, -4.80040878983278));
#3961 = CARTESIAN_POINT ('', (-41.7496134824841, 27.2559226640517, -4.80214862848938));
#3962 = CARTESIAN_POINT ('', (-41.7632481986217, 27.2637496658029, -4.802833402412));
#3963 = CARTESIAN_POINT ('', (-41.8230048717049, 27.2974306550804, -4.80578010715012));
#3964 = CARTESIAN_POINT ('', (-41.8712351379902, 27.3229425503962, -4.80801210877531));
#3965 = CARTESIAN_POINT ('', (-41.9659950490665, 27.3698714782386, -4.81211785795294));
#3966 = CARTESIAN_POINT ('', (-42.0154284572551, 27.3927304451451, -4.81411775841717));
#3967 = CARTESIAN_POINT ('', (-42.1126117947388, 27.4345571483452, -4.81777712077983));
#3968 = CARTESIAN_POINT ('', (-42.1631038186007, 27.4547087602865, -4.81954015837647));
#3969 = CARTESIAN_POINT ('', (-42.2624333066116, 27.4913088411043, -4.82274225053216));
#3970 = CARTESIAN_POINT ('', (-42.3138368032611, 27.5087063844884, -4.82426433835146));
#3971 = CARTESIAN_POINT ('', (-42.4150287401857, 27.5399706658002, -4.82699960853953));
#3972 = CARTESIAN_POINT ('', (-42.4671943773934, 27.5545753082141, -4.82827734918559));
#3973 = CARTESIAN_POINT ('', (-42.5699594881903, 27.5804101869108, -4.83053760819512));
#3974 = CARTESIAN_POINT ('', (-42.6227361863445, 27.592191116964, -4.83156830602056));
#3975 = CARTESIAN_POINT ('', (-42.7267804996491, 27.6125188667797, -4.83334675368442));
#3976 = CARTESIAN_POINT ('', (-42.7800158857488, 27.6214534041713, -4.83412842442004));
#3977 = CARTESIAN_POINT ('', (-42.8850416322658, 27.6362124254299, -4.8354196714649));
#3978 = CARTESIAN_POINT ('', (-42.9385825031529, 27.6422861001445, -4.83595104914837));
#3979 = CARTESIAN_POINT ('', (-43.0442890315063, 27.6514311142388, -4.8367511342094));
#3980 = CARTESIAN_POINT ('', (-43.0979818234211, 27.654637714117, -4.83703167534722));
#3981 = CARTESIAN_POINT ('', (-43.2040665293424, 27.658139900901, -4.83733807698836));
#3982 = CARTESIAN_POINT ('', (-43.2577577908305, 27.6584814871945, -4.83736796191666));
#3983 = CARTESIAN_POINT ('', (-43.3904331174038, 27.6557908147908, -4.83713255858407));
#3984 = CARTESIAN_POINT ('', (-43.4710029327119, 27.6509297108373, -4.83670726709592));
#3985 = CARTESIAN_POINT ('', (-43.6295047402806, 27.6349877758839, -4.83531252851284));
#3986 = CARTESIAN_POINT ('', (-43.7091052141528, 27.6237546934482, -4.83432976114326));
#3987 = CARTESIAN_POINT ('', (-43.9052374799465, 27.5880369056558, -4.83120485962521));
#3988 = CARTESIAN_POINT ('', (-44.022120187253, 27.5594264655554, -4.82870177045794));
#3989 = CARTESIAN_POINT ('', (-44.2509540774237, 27.488650912799, -4.82250971193698));
#3990 = CARTESIAN_POINT ('', (-44.3625504881465, 27.4466761354122, -4.81883739476161));
#3991 = CARTESIAN_POINT ('', (-44.5449568156682, 27.365321217695, -4.81171976173929));
#3992 = CARTESIAN_POINT ('', (-44.6158253389714, 27.3302682973502, -4.80865302858564));
#3993 = CARTESIAN_POINT ('', (-44.7561358751323, 27.2537770148886, -4.8019609085117));
#3994 = CARTESIAN_POINT ('', (-44.8237052853821, 27.2133766987344, -4.79842633884535));
#3995 = CARTESIAN_POINT ('', (-44.9351822272168, 27.1405600004383, -4.79205570322906));
#3996 = CARTESIAN_POINT ('', (-44.9783924336958, 27.1106721152846, -4.78944085210135));
#3997 = CARTESIAN_POINT ('', (-45.0643257505697, 27.0478038131995, -4.78394058837379));
#3998 = CARTESIAN_POINT ('', (-45.1058091879571, 27.0157340681287, -4.78113484923794));
#3999 = CARTESIAN_POINT ('', (-45.1883074023654, 26.9483932411182, -4.77524329028207));
#4000 = CARTESIAN_POINT ('', (-45.2279547555529, 26.9142422605746, -4.7722554666362));
#4001 = CARTESIAN_POINT ('', (-45.3067873594863, 26.8426186973383, -4.76598921681171));
#4002 = CARTESIAN_POINT ('', (-45.3444951824233, 26.8064925637558, -4.76282858966622));
#4003 = CARTESIAN_POINT ('', (-45.4194424962382, 26.7307875941957, -4.75620526305715));
#4004 = CARTESIAN_POINT ('', (-45.4551134740676, 26.6927975114284, -4.7528815614886));
#4005 = CARTESIAN_POINT ('', (-45.5311283552577, 26.607426965048, -4.74541260648131));
#4006 = CARTESIAN_POINT ('', (-45.5693897422384, 26.5617435730085, -4.74141582756645));
#4007 = CARTESIAN_POINT ('', (-45.6071428571418, 26.5137906766936, -4.73722049275567));
#4008 = B_SPLINE_CURVE_WITH_KNOTS ('', 3, (#3914, #3915, #3916, #3917, #3918, #3919, #3920, #3921, #3922, #3923, #3924, #3925, #3926, #3927, #3928, #3929, #3930, #3931, #3932, #3933, #3934, #3935, #3936, #3937, #3938, #3939, #3940, #3941, #3942, #3943, #3944, #3945, #3946, #3947, #3948, #3949, #3950, #3951, #3952, #3953, #3954, #3955, #3956, #3957, #3958, #3959, #3960, #3961, #3962, #3963, #3964, #3965, #3966, #3967, #3968, #3969, #3970, #3971, #3972, #3973, #3974, #3975, #3976, #3977, #3978, #3979, #3980, #3981, #3982, #3983, #3984, #3985, #3986, #3987, #3988, #3989, #3990, #3991, #3992, #3993, #3994, #3995, #3996, #3997, #3998, #3999, #4000, #4001, #4002, #4003, #4004, #4005, #4006, #4007), .UNSPECIFIED., .F., .U., (4, 2, 2, 2, 2, 2, 2, 2, 2, 2, 2, 2, 2, 2, 2, 2, 2, 2, 2, 2, 2, 2, 2, 2, 2, 2, 2, 2, 2, 2, 2, 2, 2, 2, 2, 2, 2, 2, 2, 2, 2, 2, 2, 2, 2, 2, 4), (0., 0.158861673819313, 0.317784793341528, 0.476768244996806, 0.6358110218993, 0.794912226056359, 0.954071070859167, 1.11328688354179, 1.27255910733319, 1.5114848709371, 1.75059835153724, 2.29037594893457, 2.53010135970414, 2.77001814826467, 2.92987166245698, 3.08978326057061, 3.24975370512976, 3.40978383876205, 3.5698745814341, 3.73002692905356, 3.89024195373859, 4.05052080603228, 4.21086471930802, 4.28192608515652, 4.32919705532561, 4.48790076507998, 4.64666768345879, 4.8054967128842, 4.96438689673841, 5.12333740535049, 5.28234752248714, 5.44141663255211, 5.60054420872075, 5.75972980224324, 5.91897303314122, 6.15783825069201, 6.39689585357861, 6.75598582406908, 7.1157228339612, 7.35554580014216, 7.59556106283981, 7.75545789796809, 7.9154124366273, 8.07542520171876, 8.23549683372283, 8.39562810063721, 8.57915305549805), .UNSPECIFIED.);
#4009 = EDGE_CURVE ('', #3913, #3874, #4008, .T.);
#4010 = ORIENTED_EDGE ('', *, *, #4009, .F.);
#4011 = CARTESIAN_POINT ('', (-40.2499999999993, 22.9259711467299, -4.42332695710737));
#4012 = VERTEX_POINT ('', #4011);
#4013 = CARTESIAN_POINT ('', (-40.4642857142846, 23.5445607208614, -4.47744653221913));
#4014 = CARTESIAN_POINT ('', (-40.4730603091639, 23.5226079904273, -4.4755259171727));
#4015 = CARTESIAN_POINT ('', (-40.4801899767398, 23.5003208752419, -4.47357604725129));
#4016 = CARTESIAN_POINT ('', (-40.491394756358, 23.4543388369414, -4.46955314017419));
#4017 = CARTESIAN_POINT ('', (-40.4952708833532, 23.431564386015, -4.4675606339001));
#4018 = CARTESIAN_POINT ('', (-40.4991390422585, 23.3922876680423, -4.46412436633699));
#4019 = CARTESIAN_POINT ('', (-40.4999264214702, 23.3769416570275, -4.46278176434285));
#4020 = CARTESIAN_POINT ('', (-40.5000641443697, 23.3453698363061, -4.46001958794286));
#4021 = CARTESIAN_POINT ('', (-40.4994152773395, 23.3301067707572, -4.45868424273668));
#4022 = CARTESIAN_POINT ('', (-40.4965950105359, 23.2986224437509, -4.45592972104489));
#4023 = CARTESIAN_POINT ('', (-40.494533996063, 23.2835764339458, -4.45461336575565));
#4024 = CARTESIAN_POINT ('', (-40.4887758863029, 23.2524526043413, -4.45189038349975));
#4025 = CARTESIAN_POINT ('', (-40.4853393411041, 23.2377544135865, -4.45060445843436));
#4026 = CARTESIAN_POINT ('', (-40.4791043149771, 23.2157772050824, -4.44868170183431));
#4027 = CARTESIAN_POINT ('', (-40.477101028127, 23.2092383810521, -4.44810962885887));
#4028 = CARTESIAN_POINT ('', (-40.4727245749837, 23.1959493229368, -4.44694698692484));
#4029 = CARTESIAN_POINT ('', (-40.4704128021484, 23.189394386493, -4.44637350429588));
#4030 = CARTESIAN_POINT ('', (-40.4624664726727, 23.1682817313403, -4.44452638631308));
#4031 = CARTESIAN_POINT ('', (-40.4559511736031, 23.1531897992908, -4.44320601334806));
#4032 = CARTESIAN_POINT ('', (-40.4422476913645, 23.1251885448757, -4.44075622102223));
#4033 = CARTESIAN_POINT ('', (-40.4343746688631, 23.1108668197825, -4.43950323243444));
#4034 = CARTESIAN_POINT ('', (-40.4180507382319, 23.0842520219741, -4.43717473934418));
#4035 = CARTESIAN_POINT ('', (-40.4089059085486, 23.0708170250479, -4.43599932941863));
#4036 = CARTESIAN_POINT ('', (-40.3901034404996, 23.0458320707354, -4.43381342915758));
#4037 = CARTESIAN_POINT ('', (-40.3797825950013, 23.0333919499084, -4.43272505961232));
#4038 = CARTESIAN_POINT ('', (-40.3586658307892, 23.0102657868833, -4.43070178251678));
#4039 = CARTESIAN_POINT ('', (-40.3472739666514, 22.9989193626126, -4.42970909902153));
#4040 = CARTESIAN_POINT ('', (-40.3240281130035, 22.9778644720428, -4.4278670347849));
#4041 = CARTESIAN_POINT ('', (-40.3116786365984, 22.9677003207987, -4.42697778677668));
#4042 = CARTESIAN_POINT ('', (-40.2865083059827, 22.9489107878825, -4.42533391565357));
#4043 = CARTESIAN_POINT ('', (-40.2733221087979, 22.9400063853459, -4.42455488137615));
#4044 = CARTESIAN_POINT ('', (-40.2566199714779, 22.9298441605178, -4.42366580190749));
#4045 = CARTESIAN_POINT ('', (-40.2533185762641, 22.9278871276297, -4.42349458371563));
#4046 = CARTESIAN_POINT ('', (-40.2499999999989, 22.9259711467297, -4.42332695710735));
#4047 = B_SPLINE_CURVE_WITH_KNOTS ('', 3, (#4013, #4014, #4015, #4016, #4017, #4018, #4019, #4020, #4021, #4022, #4023, #4024, #4025, #4026, #4027, #4028, #4029, #4030, #4031, #4032, #4033, #4034, #4035, #4036, #4037, #4038, #4039, #4040, #4041, #4042, #4043, #4044, #4045, #4046), .UNSPECIFIED., .F., .U., (4, 2, 2, 2, 2, 2, 2, 2, 2, 2, 2, 2, 2, 2, 2, 2, 4), (0., 0.0711578657542252, 0.14249459086309, 0.190006006106145, 0.237572748436437, 0.285196537540238, 0.332879458937808, 0.35397249363248, 0.374997593936449, 0.421874642649968, 0.468809716876443, 0.515800999352212, 0.562847103910285, 0.609947041092208, 0.65710017794185, 0.704306193404158, 0.715813072618507), .UNSPECIFIED.);
#4048 = EDGE_CURVE ('', #3913, #4012, #4047, .T.);
#4049 = ORIENTED_EDGE ('', *, *, #4048, .T.);
#4050 = CARTESIAN_POINT ('', (-32.8576951545862, 18.6580219542986, -4.04992978626299));
#4051 = VERTEX_POINT ('', #4050);
#4052 = CARTESIAN_POINT ('', (-32.857695154586, 18.6580219542984, -4.04992978626294));
#4053 = CARTESIAN_POINT ('', (-40.2499999999984, 22.9259711467294, -4.42332695710732));
#4054 = B_SPLINE_CURVE_WITH_KNOTS ('', 1, (#4052, #4053), .UNSPECIFIED., .F., .U., (2, 2), (0., 1.), .UNSPECIFIED.);
#4055 = EDGE_CURVE ('', #4051, #4012, #4054, .T.);
#4056 = ORIENTED_EDGE ('', *, *, #4055, .F.);
#4057 = CARTESIAN_POINT ('', (-22.612504626203, 21.4032124826818, -4.2901028367149));
#4058 = CARTESIAN_POINT ('', (-22.6447655320189, 21.3473349547105, -4.28521418647157));
#4059 = CARTESIAN_POINT ('', (-22.6782756821645, 21.2909943331963, -4.28028502079308));
#4060 = CARTESIAN_POINT ('', (-22.7456841643314, 21.1809359631701, -4.27065616108966));
#4061 = CARTESIAN_POINT ('', (-22.7806310493184, 21.1255053014688, -4.26580660657906));
#4062 = CARTESIAN_POINT ('', (-22.8508850753101, 21.0172127541875, -4.25633223634761));
#4063 = CARTESIAN_POINT ('', (-22.8872443000582, 20.9627282566497, -4.25156546047516));
#4064 = CARTESIAN_POINT ('', (-22.9602976798751, 20.8562749738777, -4.2422520050375));
#4065 = CARTESIAN_POINT ('', (-22.9980439332946, 20.8027722294894, -4.23757112143601));
#4066 = CARTESIAN_POINT ('', (-23.0738485787908, 20.6982304715999, -4.22842490275561));
#4067 = CARTESIAN_POINT ('', (-23.1129556472389, 20.6457444297894, -4.22383296910385));
#4068 = CARTESIAN_POINT ('', (-23.1914615996912, 20.5431852265231, -4.21486020147781));
#4069 = CARTESIAN_POINT ('', (-23.2319023811435, 20.4917501731418, -4.21036021739911));
#4070 = CARTESIAN_POINT ('', (-23.3130578401481, 20.3912432747798, -4.2015670031863));
#4071 = CARTESIAN_POINT ('', (-23.3548043590954, 20.3408928082806, -4.19716190816438));
#4072 = CARTESIAN_POINT ('', (-23.4385557128056, 20.2425066372723, -4.18855423355344));
#4073 = CARTESIAN_POINT ('', (-23.4815791358808, 20.1932736451103, -4.18424690486781));
#4074 = CARTESIAN_POINT ('', (-23.5678709925973, 20.0970752481985, -4.17583063568867));
#4075 = CARTESIAN_POINT ('', (-23.6121416449401, 20.0489918834811, -4.17162388637172));
#4076 = CARTESIAN_POINT ('', (-23.7009168660646, 19.9550468843702, -4.16340476395457));
#4077 = CARTESIAN_POINT ('', (-23.7464042484279, 19.9081445427834, -4.15930134077291));
#4078 = CARTESIAN_POINT ('', (-23.8376039827877, 19.8165170953966, -4.15128497785876));
#4079 = CARTESIAN_POINT ('', (-23.8842767893898, 19.7708263924372, -4.1472875593213));
#4080 = CARTESIAN_POINT ('', (-23.9778405089395, 19.6815791348114, -4.13947943602827));
#4081 = CARTESIAN_POINT ('', (-24.0256666460632, 19.6371298833552, -4.13559063042364));
#4082 = CARTESIAN_POINT ('', (-24.1215321829685, 19.5503238922242, -4.12799609027356));
#4083 = CARTESIAN_POINT ('', (-24.1704787883076, 19.5071450804598, -4.12421843373966));
#4084 = CARTESIAN_POINT ('', (-24.2685823734115, 19.4228398265778, -4.11684267974932));
#4085 = CARTESIAN_POINT ('', (-24.3186158361627, 19.38095959634, -4.11317863437766));
#4086 = CARTESIAN_POINT ('', (-24.4188921388348, 19.2992129005982, -4.10602672521956));
#4087 = CARTESIAN_POINT ('', (-24.469978120532, 19.258658526132, -4.10247867719738));
#4088 = CARTESIAN_POINT ('', (-24.5723602898955, 19.1795265165235, -4.09555552343463));
#4089 = CARTESIAN_POINT ('', (-24.6244637459808, 19.1403243837114, -4.09212578122754));
#4090 = CARTESIAN_POINT ('', (-24.7288834535123, 19.063861453201, -4.08543614162792));
#4091 = CARTESIAN_POINT ('', (-24.7819686556359, 19.0260370392888, -4.08212693420609));
#4092 = CARTESIAN_POINT ('', (-24.888356139128, 18.9522958046435, -4.07567541214023));
#4093 = CARTESIAN_POINT ('', (-24.9423866981684, 18.9158736584966, -4.07248888725109));
#4094 = CARTESIAN_POINT ('', (-25.050670807042, 18.8449049201351, -4.06627992717974));
#4095 = CARTESIAN_POINT ('', (-25.1056096968335, 18.8099086430597, -4.06321814967003));
#4096 = CARTESIAN_POINT ('', (-25.2432155284191, 18.7247427615723, -4.0557671005207));
#4097 = CARTESIAN_POINT ('', (-25.3274566255761, 18.6748465730715, -4.05140174967373));
#4098 = CARTESIAN_POINT ('', (-25.4964562426569, 18.5791433229103, -4.04302880022206));
#4099 = CARTESIAN_POINT ('', (-25.5825049595952, 18.5326031274932, -4.03895706072479));
#4100 = CARTESIAN_POINT ('', (-25.7551566956263, 18.4435236955569, -4.03116362027704));
#4101 = CARTESIAN_POINT ('', (-25.842879204794, 18.4004044166702, -4.02739117219504));
#4102 = CARTESIAN_POINT ('', (-26.0189220058661, 18.3180881979784, -4.0201894362352));
#4103 = CARTESIAN_POINT ('', (-26.1081820353039, 18.2784494552179, -4.01672149560724));
#4104 = CARTESIAN_POINT ('', (-26.2873494055313, 18.2030255010869, -4.01012275466249));
#4105 = CARTESIAN_POINT ('', (-26.3780084530425, 18.1669215018984, -4.00696406402555));
#4106 = CARTESIAN_POINT ('', (-26.6055380351951, 18.0814034607475, -3.99948220489792));
#4107 = CARTESIAN_POINT ('', (-26.7440516567429, 18.0339099650936, -3.99532706243699));
#4108 = CARTESIAN_POINT ('', (-27.1973788757588, 17.8931292652617, -3.98301034715847));
#4109 = CARTESIAN_POINT ('', (-27.5177371682085, 17.8163058171938, -3.97628916635956));
#4110 = CARTESIAN_POINT ('', (-27.9859186500395, 17.7361399157007, -3.96927555877759));
#4111 = CARTESIAN_POINT ('', (-28.1299520387255, 17.7157822120772, -3.96749449049511));
#4112 = CARTESIAN_POINT ('', (-28.3719608451658, 17.6887512934539, -3.96512959155089));
#4113 = CARTESIAN_POINT ('', (-28.4685031278585, 17.6798651812453, -3.96435215746981));
#4114 = CARTESIAN_POINT ('', (-28.6628079934052, 17.665785328406, -3.96312032996227));
#4115 = CARTESIAN_POINT ('', (-28.7595321597701, 17.6606646647493, -3.96267232994258));
#4116 = CARTESIAN_POINT ('', (-28.9542780314317, 17.6541487332873, -3.96210225980734));
#4117 = CARTESIAN_POINT ('', (-29.0510359901795, 17.6527935777565, -3.96198369906108));
#4118 = CARTESIAN_POINT ('', (-29.2459263760958, 17.6538531892517, -3.96207640305465));
#4119 = CARTESIAN_POINT ('', (-29.342570278498, 17.6562576863516, -3.96228676929237));
#4120 = CARTESIAN_POINT ('', (-29.5373085267877, 17.6648926722892, -3.96304223267162));
#4121 = CARTESIAN_POINT ('', (-29.6336910133251, 17.6710450674477, -3.96358049750151));
#4122 = CARTESIAN_POINT ('', (-29.7955523486023, 17.6845398398233, -3.96476113710124));
#4123 = CARTESIAN_POINT ('', (-29.8597590245305, 17.6907317730812, -3.96530286106662));
#4124 = CARTESIAN_POINT ('', (-29.9888908430587, 17.7048762054478, -3.9665403385507));
#4125 = CARTESIAN_POINT ('', (-30.0528862101671, 17.7127264228638, -3.96722714358082));
#4126 = CARTESIAN_POINT ('', (-30.1816162645963, 17.7302135520006, -3.9687570691379));
#4127 = CARTESIAN_POINT ('', (-30.245357118337, 17.7397150160588, -3.96958833952989));
#4128 = CARTESIAN_POINT ('', (-30.3735983622706, 17.7605330468529, -3.97140968122131));
#4129 = CARTESIAN_POINT ('', (-30.4370417255019, 17.7716775758074, -3.97238470116516));
#4130 = CARTESIAN_POINT ('', (-30.5647074838163, 17.7958124185478, -3.97449622630092));
#4131 = CARTESIAN_POINT ('', (-30.6278106382794, 17.8085906937799, -3.97561418052315));
#4132 = CARTESIAN_POINT ('', (-30.7548146705427, 17.8360259773442, -3.97801445681564));
#4133 = CARTESIAN_POINT ('', (-30.8175351880408, 17.8504275516552, -3.97927443130477));
#4134 = CARTESIAN_POINT ('', (-30.9437917513696, 17.8811446386588, -3.98196182819412));
#4135 = CARTESIAN_POINT ('', (-31.0060875246178, 17.897157945479, -3.98336281100645));
#4136 = CARTESIAN_POINT ('', (-31.1315114358935, 17.9311359493563, -3.98633550115495));
#4137 = CARTESIAN_POINT ('', (-31.1933407090084, 17.9487483128526, -3.98787638329877));
#4138 = CARTESIAN_POINT ('', (-31.3178474063796, 17.9859641168335, -3.9911323442511));
#4139 = CARTESIAN_POINT ('', (-31.3791688049791, 18.0051617628943, -3.9928119206478));
#4140 = CARTESIAN_POINT ('', (-31.5026744085765, 18.0455900408396, -3.99634893665389));
#4141 = CARTESIAN_POINT ('', (-31.563446969461, 18.0663581089152, -3.99816590717383));
#4142 = CARTESIAN_POINT ('', (-31.6858683412576, 18.1099713479657, -4.00198157117039));
#4143 = CARTESIAN_POINT ('', (-31.7460515416468, 18.1322939037428, -4.00393454174181));
#4144 = CARTESIAN_POINT ('', (-31.8673063443943, 18.1790624287376, -4.00802625748867));
#4145 = CARTESIAN_POINT ('', (-31.9268601306942, 18.2029224776231, -4.01011374127733));
#4146 = CARTESIAN_POINT ('', (-32.0468668858738, 18.2528144772373, -4.0144787256442));
#4147 = CARTESIAN_POINT ('', (-32.1057517019508, 18.2781939786271, -4.01669914430175));
#4148 = CARTESIAN_POINT ('', (-32.2244298466791, 18.3311755331768, -4.02133442970082));
#4149 = CARTESIAN_POINT ('', (-32.282606661618, 18.358055415484, -4.02368611467961));
#4150 = CARTESIAN_POINT ('', (-32.3998766044506, 18.4140905263445, -4.02858855163932));
#4151 = CARTESIAN_POINT ('', (-32.4573069397776, 18.4424507027616, -4.0310697455714));
#4152 = CARTESIAN_POINT ('', (-32.5730901153587, 18.5015013233401, -4.03623600544619));
#4153 = CARTESIAN_POINT ('', (-32.6297360717105, 18.5313207083076, -4.03884486358416));
#4154 = CARTESIAN_POINT ('', (-32.7445090017847, 18.5936476278107, -4.04429776247317));
#4155 = CARTESIAN_POINT ('', (-32.8008710040656, 18.625214515699, -4.04705950730618));
#4156 = CARTESIAN_POINT ('', (-32.8576951545862, 18.6580219542985, -4.04992978626295));
#4157 = B_SPLINE_CURVE_WITH_KNOTS ('', 3, (#4057, #4058, #4059, #4060, #4061, #4062, #4063, #4064, #4065, #4066, #4067, #4068, #4069, #4070, #4071, #4072, #4073, #4074, #4075, #4076, #4077, #4078, #4079, #4080, #4081, #4082, #4083, #4084, #4085, #4086, #4087, #4088, #4089, #4090, #4091, #4092, #4093, #4094, #4095, #4096, #4097, #4098, #4099, #4100, #4101, #4102, #4103, #4104, #4105, #4106, #4107, #4108, #4109, #4110, #4111, #4112, #4113, #4114, #4115, #4116, #4117, #4118, #4119, #4120, #4121, #4122, #4123, #4124, #4125, #4126, #4127, #4128, #4129, #4130, #4131, #4132, #4133, #4134, #4135, #4136, #4137, #4138, #4139, #4140, #4141, #4142, #4143, #4144, #4145, #4146, #4147, #4148, #4149, #4150, #4151, #4152, #4153, #4154, #4155, #4156), .UNSPECIFIED., .F., .U., (4, 2, 2, 2, 2, 2, 2, 2, 2, 2, 2, 2, 2, 2, 2, 2, 2, 2, 2, 2, 2, 2, 2, 2, 2, 2, 2, 2, 2, 2, 2, 2, 2, 2, 2, 2, 2, 2, 2, 2, 2, 2, 2, 2, 2, 2, 2, 2, 2, 4), (0., 0.194120240307346, 0.388259151830985, 0.582416530405457, 0.776592183532103, 0.970785930124672, 1.16499760024945, 1.35922703485868, 1.55347408551655, 1.74773861411711, 1.94202049259386, 2.13631960262098, 2.33063583530642, 2.52496909087746, 2.71931927835928, 2.91368631524767, 3.10807012717694, 3.30247064758451, 3.4968878173736, 3.69132158457583, 3.98288883949584, 4.27451177698866, 4.56619025708717, 4.85792418174955, 5.14971349153197, 5.58747967586593, 6.57424438617389, 7.01262070799125, 7.30482000260901, 7.5970753802036, 7.88938704910397, 8.18175524563294, 8.4741802360393, 8.6690368396229, 8.86391040662535, 9.05880100606054, 9.25370871220917, 9.44863360496208, 9.64357577018552, 9.83853530010688, 10.0335122937188, 10.2285068571997, 10.4235191043496, 10.6185491570381, 10.8135971456638, 11.0086632096239, 11.2037474977906, 11.398850168995, 11.5939713925166, 11.791004271753), .UNSPECIFIED.);
#4158 = EDGE_CURVE ('', #3801, #4051, #4157, .T.);
#4159 = ORIENTED_EDGE ('', *, *, #4158, .F.);
#4160 = EDGE_LOOP ('', (#3820, #3842, #3850, #3857, #3865, #3872, #3911, #4010, #4049, #4056, #4159));
#4161 = FACE_OUTER_BOUND ('', #4160, .T.);
#4162 = CARTESIAN_POINT ('', (-15.5052534779372, 17.6527935777563, -3.96198369906363));
#4163 = CARTESIAN_POINT ('', (-49.6073461222404, 17.6527935777563, -3.96198369906362));
#4164 = CARTESIAN_POINT ('', (-15.5052534779372, 34.41030541978, -5.4280760141401));
#4165 = CARTESIAN_POINT ('', (-49.6073461222404, 34.41030541978, -5.4280760141401));
#4166 = B_SPLINE_SURFACE_WITH_KNOTS ('', 1, 1, ((#4162, #4163), (#4164, #4165)), .UNSPECIFIED., .F., .F., .U., (2, 2), (2, 2), (0.291941029718916, 0.711492779227458), (-0.15404266227244, 0.696510096135044), .UNSPECIFIED.);
#4167 = ADVANCED_FACE ('', (#4161), #4166, .T.);
#4168 = CARTESIAN_POINT ('', (-40.2499999999991, 22.9259711467288, 3.50000000000059));
#4169 = VERTEX_POINT ('', #4168);
#4170 = CARTESIAN_POINT ('', (-40.2499999999989, 22.9259711467286, 3.50000000000056));
#4171 = CARTESIAN_POINT ('', (-40.2499999999989, 22.9259711467297, -4.42332695710732));
#4172 = B_SPLINE_CURVE_WITH_KNOTS ('', 1, (#4170, #4171), .UNSPECIFIED., .F., .U., (2, 2), (-0.274436768285982, -0.00263023776323784), .UNSPECIFIED.);
#4173 = EDGE_CURVE ('', #4169, #4012, #4172, .T.);
#4174 = ORIENTED_EDGE ('', *, *, #4173, .F.);
#4175 = CARTESIAN_POINT ('', (-32.8576951545868, 18.6580219542979, 3.50000000000011));
#4176 = VERTEX_POINT ('', #4175);
#4177 = CARTESIAN_POINT ('', (-40.2499999999989, 22.9259711467287, 3.50000000000058));
#4178 = CARTESIAN_POINT ('', (-32.857695154586, 18.6580219542974, 3.50000000000002));
#4179 = B_SPLINE_CURVE_WITH_KNOTS ('', 1, (#4177, #4178), .UNSPECIFIED., .F., .U., (2, 2), (0.0515668461264117, 1.), .UNSPECIFIED.);
#4180 = EDGE_CURVE ('', #4169, #4176, #4179, .T.);
#4181 = ORIENTED_EDGE ('', *, *, #4180, .T.);
#4182 = CARTESIAN_POINT ('', (-32.857695154586, 18.6580219542984, -4.04992978626295));
#4183 = CARTESIAN_POINT ('', (-32.857695154586, 18.6580219542974, 3.50000000000008));
#4184 = B_SPLINE_CURVE_WITH_KNOTS ('', 1, (#4182, #4183), .UNSPECIFIED., .F., .U., (2, 2), (0.131824564885166, 0.818181818181824), .UNSPECIFIED.);
#4185 = EDGE_CURVE ('', #4051, #4176, #4184, .T.);
#4186 = ORIENTED_EDGE ('', *, *, #4185, .F.);
#4187 = ORIENTED_EDGE ('', *, *, #4055, .T.);
#4188 = EDGE_LOOP ('', (#4174, #4181, #4186, #4187));
#4189 = FACE_OUTER_BOUND ('', #4188, .T.);
#4190 = CARTESIAN_POINT ('', (-32.8576951545854, 18.6580219542981, -4.42332695710765));
#4191 = CARTESIAN_POINT ('', (-32.8576951545854, 18.658021954297, 3.50000000000042));
#4192 = CARTESIAN_POINT ('', (-40.2499999999984, 22.9259711467293, -4.42332695710708));
#4193 = CARTESIAN_POINT ('', (-40.2499999999984, 22.9259711467283, 3.500000000001));
#4194 = B_SPLINE_SURFACE_WITH_KNOTS ('', 1, 1, ((#4190, #4191), (#4192, #4193)), .UNSPECIFIED., .F., .F., .U., (2, 2), (2, 2), (10.3854896761405, 10.774521659631), (0.0490704353029469, 0.410183872107008), .UNSPECIFIED.);
#4195 = ADVANCED_FACE ('', (#4189), #4194, .T.);
#4196 = ORIENTED_EDGE ('', *, *, #4048, .F.);
#4197 = CARTESIAN_POINT ('', (-40.4642874048503, 23.5445613965863, 3.50000000000067));
#4198 = VERTEX_POINT ('', #4197);
#4199 = CARTESIAN_POINT ('', (-40.4642857142846, 23.5445607208614, -4.47744653221913));
#4200 = CARTESIAN_POINT ('', (-40.4642857142846, 23.5445607208604, 3.50000000000065));
#4201 = B_SPLINE_CURVE_WITH_KNOTS ('', 1, (#4199, #4200), .UNSPECIFIED., .F., .U., (2, 2), (0.000773687601397996, 0.274436768285982), .UNSPECIFIED.);
#4202 = EDGE_CURVE ('', #3913, #4198, #4201, .T.);
#4203 = ORIENTED_EDGE ('', *, *, #4202, .T.);
#4204 = CARTESIAN_POINT ('', (-40.4642857142846, 23.5445607208604, 3.50000000000075));
#4205 = CARTESIAN_POINT ('', (-40.6249999999988, 23.1424774976748, 3.50000000000069));
#4206 = CARTESIAN_POINT ('', (-40.2499999999989, 22.9259711467287, 3.50000000000067));
#4207 = (
   BOUNDED_CURVE ()
   B_SPLINE_CURVE (2, (#4204, #4205, #4206), .UNSPECIFIED., .F., .U.)
   B_SPLINE_CURVE_WITH_KNOTS ((3, 3), (0., 1.42744875788932), .UNSPECIFIED.)
   CURVE ()
   GEOMETRIC_REPRESENTATION_ITEM ()
   RATIONAL_B_SPLINE_CURVE ((1., 0.755928946018528, 1.))
   REPRESENTATION_ITEM ('')
);
#4208 = EDGE_CURVE ('', #4198, #4169, #4207, .T.);
#4209 = ORIENTED_EDGE ('', *, *, #4208, .T.);
#4210 = ORIENTED_EDGE ('', *, *, #4173, .T.);
#4211 = EDGE_LOOP ('', (#4196, #4203, #4209, #4210));
#4212 = FACE_OUTER_BOUND ('', #4211, .T.);
#4213 = CARTESIAN_POINT ('', (-40.2499999999989, 22.9259711467287, 3.50000000000066));
#4214 = CARTESIAN_POINT ('', (-40.411437827765, 23.0191773200469, 3.50000000000067));
#4215 = CARTESIAN_POINT ('', (-40.4724555912604, 23.1953204309439, 3.50000000000069));
#4216 = CARTESIAN_POINT ('', (-40.5334733547558, 23.3714635418409, 3.50000000000071));
#4217 = CARTESIAN_POINT ('', (-40.4642857142846, 23.5445607208604, 3.50000000000073));
#4218 = CARTESIAN_POINT ('', (-40.2499999999988, 22.9259711467297, -4.47744653221923));
#4219 = CARTESIAN_POINT ('', (-40.4114378277649, 23.0191773200479, -4.47744653221922));
#4220 = CARTESIAN_POINT ('', (-40.4724555912603, 23.195320430945, -4.4774465322192));
#4221 = CARTESIAN_POINT ('', (-40.5334733547557, 23.371463541842, -4.47744653221917));
#4222 = CARTESIAN_POINT ('', (-40.4642857142845, 23.5445607208614, -4.47744653221915));
#4223 = (
   BOUNDED_SURFACE ()
   B_SPLINE_SURFACE (1, 2, ((#4213, #4214, #4215, #4216, #4217), (#4218, #4219, #4220, #4221, #4222)), .UNSPECIFIED., .F., .F., .U.)
   B_SPLINE_SURFACE_WITH_KNOTS ((2, 2), (3, 2, 3), (0., 0.288151271361023), (0.0437814901726314, 0.0567383255766198, 0.0696951609806057), .UNSPECIFIED.)
   GEOMETRIC_REPRESENTATION_ITEM ()
   RATIONAL_B_SPLINE_SURFACE (((0.854650533810438, 0.866229072199689, 1., 0.866229072199715, 0.854650533810442), (0.854650533810438, 0.866229072199689, 1., 0.866229072199715, 0.854650533810442)))
   REPRESENTATION_ITEM ('')
   SURFACE ()
);
#4224 = ADVANCED_FACE ('', (#4212), #4223, .T.);
#4225 = ORIENTED_EDGE ('', *, *, #4009, .T.);
#4226 = CARTESIAN_POINT ('', (-45.6071428474393, 26.5137906690538, 3.50000000000106));
#4227 = VERTEX_POINT ('', #4226);
#4228 = CARTESIAN_POINT ('', (-45.6071428571418, 26.5137906766925, 3.50000000000104));
#4229 = CARTESIAN_POINT ('', (-45.6071428571418, 26.5137906766936, -4.73722049275567));
#4230 = B_SPLINE_CURVE_WITH_KNOTS ('', 1, (#4228, #4229), .UNSPECIFIED., .F., .U., (2, 2), (-0.274436768285982, 0.00813775317542779), .UNSPECIFIED.);
#4231 = EDGE_CURVE ('', #4227, #3874, #4230, .T.);
#4232 = ORIENTED_EDGE ('', *, *, #4231, .F.);
#4233 = CARTESIAN_POINT ('', (-45.6071428474391, 26.5137906690536, 3.50000000000105));
#4234 = CARTESIAN_POINT ('', (-45.6063595716949, 26.5147855760609, 3.50000000000105));
#4235 = CARTESIAN_POINT ('', (-45.6055756804703, 26.5157799624319, 3.50000000000105));
#4236 = CARTESIAN_POINT ('', (-45.5155394936262, 26.6298438250171, 3.50000000000107));
#4237 = CARTESIAN_POINT ('', (-45.4178709861085, 26.7367441759079, 3.50000000000109));
#4238 = CARTESIAN_POINT ('', (-45.2090264196171, 26.9346089032208, 3.50000000000111));
#4239 = CARTESIAN_POINT ('', (-45.0973533039552, 27.0261263479279, 3.50000000000112));
#4240 = CARTESIAN_POINT ('', (-44.8629691319155, 27.1915671597285, 3.50000000000114));
#4241 = CARTESIAN_POINT ('', (-44.7396901520131, 27.2659605999467, 3.50000000000115));
#4242 = CARTESIAN_POINT ('', (-44.4847541234952, 27.3958670239157, 3.50000000000117));
#4243 = CARTESIAN_POINT ('', (-44.3524719795848, 27.4517593981085, 3.50000000000118));
#4244 = CARTESIAN_POINT ('', (-44.0823255414958, 27.5437702869918, 3.50000000000118));
#4245 = CARTESIAN_POINT ('', (-43.9437932663451, 27.580171873492, 3.50000000000119));
#4246 = CARTESIAN_POINT ('', (-43.6640218492994, 27.6327140541925, 3.5000000000012));
#4247 = CARTESIAN_POINT ('', (-43.5220864594987, 27.6490378585401, 3.5000000000012));
#4248 = CARTESIAN_POINT ('', (-43.2384055371766, 27.6613487201399, 3.5000000000012));
#4249 = CARTESIAN_POINT ('', (-43.0959501674039, 27.6574176839523, 3.5000000000012));
#4250 = CARTESIAN_POINT ('', (-42.8140894950119, 27.6295513562774, 3.5000000000012));
#4251 = CARTESIAN_POINT ('', (-42.6739752207391, 27.6055972983503, 3.5000000000012));
#4252 = CARTESIAN_POINT ('', (-42.399563634967, 27.5384144151255, 3.50000000000119));
#4253 = CARTESIAN_POINT ('', (-42.2645721675019, 27.4950687861818, 3.50000000000118));
#4254 = CARTESIAN_POINT ('', (-42.003025266675, 27.3902101615605, 3.50000000000117));
#4255 = CARTESIAN_POINT ('', (-41.8758036615901, 27.3284868593201, 3.50000000000116));
#4256 = CARTESIAN_POINT ('', (-41.7375750276639, 27.2489528707373, 3.50000000000115));
#4257 = CARTESIAN_POINT ('', (-41.7213930623146, 27.2394388405771, 3.50000000000115));
#4258 = CARTESIAN_POINT ('', (-41.5814863547403, 27.1554052644605, 3.50000000000114));
#4259 = CARTESIAN_POINT ('', (-41.462747340031, 27.0718548216959, 3.50000000000113));
#4260 = CARTESIAN_POINT ('', (-41.2394600940031, 26.889269475184, 3.5000000000011));
#4261 = CARTESIAN_POINT ('', (-41.1342936531331, 26.7898106086663, 3.50000000000109));
#4262 = CARTESIAN_POINT ('', (-40.9401133867481, 26.5776684922381, 3.50000000000106));
#4263 = CARTESIAN_POINT ('', (-40.8505559324748, 26.4644790292167, 3.50000000000105));
#4264 = CARTESIAN_POINT ('', (-40.6892087285655, 26.2273707880106, 3.50000000000102));
#4265 = CARTESIAN_POINT ('', (-40.616959369043, 26.1028765260318, 3.500000000001));
#4266 = CARTESIAN_POINT ('', (-40.4914687756478, 25.8458377129971, 3.50000000000096));
#4267 = CARTESIAN_POINT ('', (-40.4378593964613, 25.7126621859738, 3.50000000000095));
#4268 = CARTESIAN_POINT ('', (-40.3504941970756, 25.4410692531826, 3.50000000000091));
#4269 = CARTESIAN_POINT ('', (-40.3164670837538, 25.3019797190487, 3.5000000000009));
#4270 = CARTESIAN_POINT ('', (-40.2687045362774, 25.021439672543, 3.50000000000086));
#4271 = CARTESIAN_POINT ('', (-40.2547979530802, 24.8792905197897, 3.50000000000084));
#4272 = CARTESIAN_POINT ('', (-40.2473031495588, 24.5955266351584, 3.50000000000081));
#4273 = CARTESIAN_POINT ('', (-40.2536451164845, 24.4532014167611, 3.50000000000079));
#4274 = CARTESIAN_POINT ('', (-40.2862667709229, 24.1719374202557, 3.50000000000075));
#4275 = CARTESIAN_POINT ('', (-40.3125771076564, 24.0322907189364, 3.50000000000073));
#4276 = CARTESIAN_POINT ('', (-40.3798166936928, 23.7764234847892, 3.5000000000007));
#4277 = CARTESIAN_POINT ('', (-40.4185581020332, 23.6589885732978, 3.50000000000068));
#4278 = CARTESIAN_POINT ('', (-40.4642874048502, 23.5445613965862, 3.50000000000067));
#4279 = B_SPLINE_CURVE_WITH_KNOTS ('', 3, (#4233, #4234, #4235, #4236, #4237, #4238, #4239, #4240, #4241, #4242, #4243, #4244, #4245, #4246, #4247, #4248, #4249, #4250, #4251, #4252, #4253, #4254, #4255, #4256, #4257, #4258, #4259, #4260, #4261, #4262, #4263, #4264, #4265, #4266, #4267, #4268, #4269, #4270, #4271, #4272, #4273, #4274, #4275, #4276, #4277, #4278), .UNSPECIFIED., .F., .U., (4, 2, 2, 2, 2, 2, 2, 2, 2, 2, 2, 2, 2, 2, 2, 2, 2, 2, 2, 2, 2, 2, 4), (0.429664850445951, 0.433463395452033, 0.865616358303783, 1.29653843819655, 1.72629017619744, 2.15491627960671, 2.58244782240966, 3.0089037144888, 3.43429159155129, 3.85860821473235, 4.28183942137506, 4.70395962829169, 4.76026945303366, 5.19357147317782, 5.62557369259103, 6.05635318412442, 6.48596845333442, 6.91446248015423, 7.34186482139112, 7.76819300421536, 8.19345335390409, 8.61764133849853, 8.98711753412402), .UNSPECIFIED.);
#4280 = EDGE_CURVE ('', #4227, #4198, #4279, .T.);
#4281 = ORIENTED_EDGE ('', *, *, #4280, .T.);
#4282 = ORIENTED_EDGE ('', *, *, #4202, .F.);
#4283 = EDGE_LOOP ('', (#4225, #4232, #4281, #4282));
#4284 = FACE_OUTER_BOUND ('', #4283, .T.);
#4285 = CARTESIAN_POINT ('', (-45.6071428571418, 26.5137906766925, 3.50000000000107));
#4286 = CARTESIAN_POINT ('', (-45.6071428571418, 26.5137906766936, -4.83736796191681));
#4287 = CARTESIAN_POINT ('', (-43.9999999999991, 28.5551362713273, 3.50000000000132));
#4288 = CARTESIAN_POINT ('', (-43.9999999999991, 28.5551362713284, -4.83736796191655));
#4289 = CARTESIAN_POINT ('', (-41.749999999999, 27.2560981656508, 3.50000000000116));
#4290 = CARTESIAN_POINT ('', (-41.7499999999991, 27.2560981656518, -4.83736796191672));
#4291 = CARTESIAN_POINT ('', (-39.499999999999, 25.9570600599742, 3.50000000000099));
#4292 = CARTESIAN_POINT ('', (-39.499999999999, 25.9570600599753, -4.83736796191688));
#4293 = CARTESIAN_POINT ('', (-40.4642857142847, 23.5445607208604, 3.50000000000069));
#4294 = CARTESIAN_POINT ('', (-40.4642857142847, 23.5445607208614, -4.83736796191718));
#4295 = (
   BOUNDED_SURFACE ()
   B_SPLINE_SURFACE (2, 1, ((#4285, #4286), (#4287, #4288), (#4289, #4290), (#4291, #4292), (#4293, #4294)), .UNSPECIFIED., .F., .F., .U.)
   B_SPLINE_SURFACE_WITH_KNOTS ((3, 2, 3), (2, 2), (0.357213758594551, 0.510644930189577, 0.664076101784605), (0., 0.301151899712298), .UNSPECIFIED.)
   GEOMETRIC_REPRESENTATION_ITEM ()
   RATIONAL_B_SPLINE_SURFACE (((0.947934768606331, 0.947934768606331), (0.735987099501198, 0.735987099501198), (1., 1.), (0.735987099501193, 0.735987099501193), (0.947934768606339, 0.947934768606339)))
   REPRESENTATION_ITEM ('')
   SURFACE ()
);
#4296 = ADVANCED_FACE ('', (#4284), #4295, .T.);
#4297 = ORIENTED_EDGE ('', *, *, #3910, .F.);
#4298 = CARTESIAN_POINT ('', (-46.2499999999991, 26.3900727618663, 3.50000000000104));
#4299 = VERTEX_POINT ('', #4298);
#4300 = CARTESIAN_POINT ('', (-46.249999999999, 26.3900727618672, -4.72639657773331));
#4301 = CARTESIAN_POINT ('', (-46.249999999999, 26.3900727618661, 3.50000000000102));
#4302 = B_SPLINE_CURVE_WITH_KNOTS ('', 1, (#4300, #4301), .UNSPECIFIED., .F., .U., (2, 2), (-0.00776644314305998, 0.274436768285982), .UNSPECIFIED.);
#4303 = EDGE_CURVE ('', #3867, #4299, #4302, .T.);
#4304 = ORIENTED_EDGE ('', *, *, #4303, .T.);
#4305 = CARTESIAN_POINT ('', (-46.249999999999, 26.3900727618662, 3.50000000000112));
#4306 = CARTESIAN_POINT ('', (-45.8749999999989, 26.17356641092, 3.50000000000109));
#4307 = CARTESIAN_POINT ('', (-45.6071428571418, 26.5137906766925, 3.50000000000114));
#4308 = (
   BOUNDED_CURVE ()
   B_SPLINE_CURVE (2, (#4305, #4306, #4307), .UNSPECIFIED., .F., .U.)
   B_SPLINE_CURVE_WITH_KNOTS ((3, 3), (0., 1.42744875788957), .UNSPECIFIED.)
   CURVE ()
   GEOMETRIC_REPRESENTATION_ITEM ()
   RATIONAL_B_SPLINE_CURVE ((1., 0.755928946018435, 1.))
   REPRESENTATION_ITEM ('')
);
#4309 = EDGE_CURVE ('', #4299, #4227, #4308, .T.);
#4310 = ORIENTED_EDGE ('', *, *, #4309, .T.);
#4311 = ORIENTED_EDGE ('', *, *, #4231, .T.);
#4312 = EDGE_LOOP ('', (#4297, #4304, #4310, #4311));
#4313 = FACE_OUTER_BOUND ('', #4312, .T.);
#4314 = CARTESIAN_POINT ('', (-45.6071428571418, 26.5137906766925, 3.50000000000114));
#4315 = CARTESIAN_POINT ('', (-45.7224555912604, 26.3673238329068, 3.50000000000112));
#4316 = CARTESIAN_POINT ('', (-45.9055088817466, 26.3320952107273, 3.50000000000111));
#4317 = CARTESIAN_POINT ('', (-46.0885621722328, 26.2968665885479, 3.50000000000111));
#4318 = CARTESIAN_POINT ('', (-46.249999999999, 26.3900727618661, 3.50000000000112));
#4319 = CARTESIAN_POINT ('', (-45.6071428571417, 26.5137906766937, -4.73722049275569));
#4320 = CARTESIAN_POINT ('', (-45.7224555912604, 26.3673238329079, -4.73722049275571));
#4321 = CARTESIAN_POINT ('', (-45.9055088817466, 26.3320952107285, -4.73722049275572));
#4322 = CARTESIAN_POINT ('', (-46.0885621722328, 26.2968665885491, -4.73722049275572));
#4323 = CARTESIAN_POINT ('', (-46.2499999999989, 26.3900727618673, -4.73722049275571));
#4324 = (
   BOUNDED_SURFACE ()
   B_SPLINE_SURFACE (1, 2, ((#4314, #4315, #4316, #4317, #4318), (#4319, #4320, #4321, #4322, #4323)), .UNSPECIFIED., .F., .F., .U.)
   B_SPLINE_SURFACE_WITH_KNOTS ((2, 2), (3, 2, 3), (0., 0.297534499025776), (0.043781490172629, 0.0567383255766207, 0.0696951609806103), .UNSPECIFIED.)
   GEOMETRIC_REPRESENTATION_ITEM ()
   RATIONAL_B_SPLINE_SURFACE (((0.854650533810432, 0.866229072199658, 1., 0.866229072199679, 0.854650533810436), (0.854650533810432, 0.866229072199658, 1., 0.866229072199679, 0.854650533810436)))
   REPRESENTATION_ITEM ('')
   SURFACE ()
);
#4325 = ADVANCED_FACE ('', (#4313), #4324, .T.);
#4326 = CARTESIAN_POINT ('', (-54.0037623027857, 30.8667095146141, -7.12569121940832));
#4327 = VERTEX_POINT ('', #4326);
#4328 = CARTESIAN_POINT ('', (-54.0037623027867, 30.8667095146132, 3.50000000000169));
#4329 = VERTEX_POINT ('', #4328);
#4330 = CARTESIAN_POINT ('', (-54.0037623027852, 30.8667095146138, -7.12569121940826));
#4331 = CARTESIAN_POINT ('', (-54.0037623027852, 30.8667095146124, 3.50000000000168));
#4332 = B_SPLINE_CURVE_WITH_KNOTS ('', 1, (#4330, #4331), .UNSPECIFIED., .F., .U., (2, 2), (-0.147790110855469, 0.818181818181824), .UNSPECIFIED.);
#4333 = EDGE_CURVE ('', #4327, #4329, #4332, .T.);
#4334 = ORIENTED_EDGE ('', *, *, #4333, .T.);
#4335 = CARTESIAN_POINT ('', (-54.0037623027852, 30.8667095146124, 3.50000000000162));
#4336 = CARTESIAN_POINT ('', (-46.249999999999, 26.3900727618661, 3.50000000000104));
#4337 = B_SPLINE_CURVE_WITH_KNOTS ('', 1, (#4335, #4336), .UNSPECIFIED., .F., .U., (2, 2), (0., 0.950718580369476), .UNSPECIFIED.);
#4338 = EDGE_CURVE ('', #4329, #4299, #4337, .T.);
#4339 = ORIENTED_EDGE ('', *, *, #4338, .T.);
#4340 = ORIENTED_EDGE ('', *, *, #4303, .F.);
#4341 = ORIENTED_EDGE ('', *, *, #3871, .T.);
#4342 = CARTESIAN_POINT ('', (-49.4393372625298, 28.2314374889263, -6.89513479185395));
#4343 = VERTEX_POINT ('', #4342);
#4344 = CARTESIAN_POINT ('', (-49.4393372625295, 28.2314374889261, -6.89513479185391));
#4345 = CARTESIAN_POINT ('', (-49.6073461222404, 28.3284374493062, -4.89598151366296));
#4346 = B_SPLINE_CURVE_WITH_KNOTS ('', 1, (#4344, #4345), .UNSPECIFIED., .F., .U., (2, 2), (6.48674637931199, 7.48674637931199), .UNSPECIFIED.);
#4347 = EDGE_CURVE ('', #4343, #3859, #4346, .T.);
#4348 = ORIENTED_EDGE ('', *, *, #4347, .F.);
#4349 = CARTESIAN_POINT ('', (-54.0037623027852, 30.8667095146137, -7.12569121940825));
#4350 = CARTESIAN_POINT ('', (-49.4393372625295, 28.2314374889261, -6.8951347918539));
#4351 = B_SPLINE_CURVE_WITH_KNOTS ('', 1, (#4349, #4350), .UNSPECIFIED., .F., .U., (2, 2), (-2.38989130666261, -2.19777132868841), .UNSPECIFIED.);
#4352 = EDGE_CURVE ('', #4327, #4343, #4351, .T.);
#4353 = ORIENTED_EDGE ('', *, *, #4352, .F.);
#4354 = EDGE_LOOP ('', (#4334, #4339, #4340, #4341, #4348, #4353));
#4355 = FACE_OUTER_BOUND ('', #4354, .T.);
#4356 = CARTESIAN_POINT ('', (-46.250000000001, 26.3900727618687, -7.1256912194087));
#4357 = CARTESIAN_POINT ('', (-46.250000000001, 26.3900727618672, 3.50000000000124));
#4358 = CARTESIAN_POINT ('', (-54.0037623027885, 30.8667095146156, -7.12569121940811));
#4359 = CARTESIAN_POINT ('', (-54.0037623027885, 30.8667095146142, 3.50000000000184));
#4360 = B_SPLINE_SURFACE_WITH_KNOTS ('', 1, 1, ((#4356, #4357), (#4358, #4359)), .UNSPECIFIED., .F., .F., .U., (2, 2), (2, 2), (10.8396134297585, 11.2476676958159), (-0.0740924799142321, 0.410183872107009), .UNSPECIFIED.);
#4361 = ADVANCED_FACE ('', (#4355), #4360, .T.);
#4362 = ORIENTED_EDGE ('', *, *, #4333, .F.);
#4363 = CARTESIAN_POINT ('', (-65.942219570211, 35.8117804285934, -7.5583288647127));
#4364 = VERTEX_POINT ('', #4363);
#4365 = CARTESIAN_POINT ('', (-65.9422195684828, 35.8117804349909, -7.55832886527236));
#4366 = CARTESIAN_POINT ('', (-59.645338929712, 34.1242581899452, -7.41068979938324));
#4367 = CARTESIAN_POINT ('', (-54.0037622994501, 30.8667095203458, -7.12569121990974));
#4368 = (
   BOUNDED_CURVE ()
   B_SPLINE_CURVE (2, (#4365, #4366, #4367), .UNSPECIFIED., .F., .U.)
   B_SPLINE_CURVE_WITH_KNOTS ((3, 3), (0., 0.262506776733469), .UNSPECIFIED.)
   CURVE ()
   GEOMETRIC_REPRESENTATION_ITEM ()
   RATIONAL_B_SPLINE_CURVE ((1., 0.991398632968054, 1.))
   REPRESENTATION_ITEM ('')
);
#4369 = EDGE_CURVE ('', #4364, #4327, #4368, .T.);
#4370 = ORIENTED_EDGE ('', *, *, #4369, .F.);
#4371 = CARTESIAN_POINT ('', (-65.9422195702123, 35.8117804285927, 3.50000000000235));
#4372 = VERTEX_POINT ('', #4371);
#4373 = CARTESIAN_POINT ('', (-65.9422195702105, 35.8117804285931, -7.55832886471263));
#4374 = CARTESIAN_POINT ('', (-65.9422195702105, 35.8117804285917, 3.50000000000233));
#4375 = B_SPLINE_CURVE_WITH_KNOTS ('', 1, (#4373, #4374), .UNSPECIFIED., .F., .U., (2, 2), (-0.187120805883199, 0.818181818181824), .UNSPECIFIED.);
#4376 = EDGE_CURVE ('', #4364, #4372, #4375, .T.);
#4377 = ORIENTED_EDGE ('', *, *, #4376, .T.);
#4378 = CARTESIAN_POINT ('', (-65.9422195702105, 35.8117804285917, 3.50000000000226));
#4379 = CARTESIAN_POINT ('', (-64.8970286951409, 35.5317223776804, 3.50000000000223));
#4380 = CARTESIAN_POINT ('', (-63.8604693011079, 35.2172055055715, 3.50000000000219));
#4381 = CARTESIAN_POINT ('', (-61.8118469097502, 34.5214688907423, 3.5000000000021));
#4382 = CARTESIAN_POINT ('', (-60.7986717712514, 34.1399119008817, 3.50000000000206));
#4383 = CARTESIAN_POINT ('', (-58.8011012457969, 33.3119120314003, 3.50000000000194));
#4384 = CARTESIAN_POINT ('', (-57.8156200064101, 32.8650603008813, 3.50000000000188));
#4385 = CARTESIAN_POINT ('', (-55.8828224496349, 31.9111451836478, 3.50000000000176));
#4386 = CARTESIAN_POINT ('', (-54.9342903832962, 31.4039501523839, 3.50000000000169));
#4387 = CARTESIAN_POINT ('', (-54.0037623027852, 30.8667095146124, 3.50000000000162));
#4388 = B_SPLINE_CURVE_WITH_KNOTS ('', 3, (#4378, #4379, #4380, #4381, #4382, #4383, #4384, #4385, #4386, #4387), .UNSPECIFIED., .F., .U., (4, 2, 2, 2, 4), (0., 3.24618365082452, 6.49061848025891, 9.73331291516289, 12.9567567417924), .UNSPECIFIED.);
#4389 = EDGE_CURVE ('', #4372, #4329, #4388, .T.);
#4390 = ORIENTED_EDGE ('', *, *, #4389, .T.);
#4391 = EDGE_LOOP ('', (#4362, #4370, #4377, #4390));
#4392 = FACE_OUTER_BOUND ('', #4391, .T.);
#4393 = CARTESIAN_POINT ('', (-65.9422195702105, 35.8117804285916, 3.5000000000024));
#4394 = CARTESIAN_POINT ('', (-65.9422195702105, 35.811780428593, -7.5583288647126));
#4395 = CARTESIAN_POINT ('', (-59.6474754682117, 34.1251088299006, 3.50000000000216));
#4396 = CARTESIAN_POINT ('', (-59.6474754682117, 34.125108829902, -7.55832886471284));
#4397 = CARTESIAN_POINT ('', (-54.0037623027851, 30.8667095146124, 3.50000000000172));
#4398 = CARTESIAN_POINT ('', (-54.0037623027852, 30.8667095146138, -7.55832886471328));
#4399 = (
   BOUNDED_SURFACE ()
   B_SPLINE_SURFACE (2, 1, ((#4393, #4394), (#4395, #4396), (#4397, #4398)), .UNSPECIFIED., .F., .F., .U.)
   B_SPLINE_SURFACE_WITH_KNOTS ((3, 3), (2, 2), (10.7383206176086, 11.2341884641693), (0., 0.399435020795962), .UNSPECIFIED.)
   GEOMETRIC_REPRESENTATION_ITEM ()
   RATIONAL_B_SPLINE_SURFACE (((0.914835766825248, 0.914835766825248), (0.948287736084019, 0.948287736084019), (1., 1.)))
   REPRESENTATION_ITEM ('')
   SURFACE ()
);
#4400 = ADVANCED_FACE ('', (#4392), #4399, .T.);
#4401 = ORIENTED_EDGE ('', *, *, #4376, .F.);
#4402 = CARTESIAN_POINT ('', (-69.6800474906022, 36.8133284013086, -7.64595295830253));
#4403 = VERTEX_POINT ('', #4402);
#4404 = CARTESIAN_POINT ('', (-69.6800474906016, 36.8133284013082, -7.64595295830245));
#4405 = CARTESIAN_POINT ('', (-65.9422195702105, 35.811780428593, -7.55832886471262));
#4406 = B_SPLINE_CURVE_WITH_KNOTS ('', 1, (#4404, #4405), .UNSPECIFIED., .F., .U., (2, 2), (-2.42694960233571, -2.28599190748681), .UNSPECIFIED.);
#4407 = EDGE_CURVE ('', #4403, #4364, #4406, .T.);
#4408 = ORIENTED_EDGE ('', *, *, #4407, .F.);
#4409 = CARTESIAN_POINT ('', (-69.6800474906035, 36.8133284013079, 3.50000000000248));
#4410 = VERTEX_POINT ('', #4409);
#4411 = CARTESIAN_POINT ('', (-69.6800474906016, 36.8133284013084, -7.64595295830246));
#4412 = CARTESIAN_POINT ('', (-69.6800474906016, 36.8133284013069, 3.50000000000246));
#4413 = B_SPLINE_CURVE_WITH_KNOTS ('', 1, (#4411, #4412), .UNSPECIFIED., .F., .U., (2, 2), (-0.195086632573196, 0.818181818181823), .UNSPECIFIED.);
#4414 = EDGE_CURVE ('', #4403, #4410, #4413, .T.);
#4415 = ORIENTED_EDGE ('', *, *, #4414, .T.);
#4416 = CARTESIAN_POINT ('', (-69.6800474906016, 36.8133284013069, 3.5000000000024));
#4417 = CARTESIAN_POINT ('', (-65.9422195702105, 35.8117804285917, 3.50000000000227));
#4418 = B_SPLINE_CURVE_WITH_KNOTS ('', 1, (#4416, #4417), .UNSPECIFIED., .F., .U., (2, 2), (0., 1.), .UNSPECIFIED.);
#4419 = EDGE_CURVE ('', #4410, #4372, #4418, .T.);
#4420 = ORIENTED_EDGE ('', *, *, #4419, .T.);
#4421 = EDGE_LOOP ('', (#4401, #4408, #4415, #4420));
#4422 = FACE_OUTER_BOUND ('', #4421, .T.);
#4423 = CARTESIAN_POINT ('', (-65.9422195702042, 35.8117804285914, -7.64595295830251));
#4424 = CARTESIAN_POINT ('', (-65.9422195702042, 35.81178042859, 3.50000000000239));
#4425 = CARTESIAN_POINT ('', (-69.6800474905966, 36.8133284013069, -7.64595295830238));
#4426 = CARTESIAN_POINT ('', (-69.6800474905966, 36.8133284013056, 3.50000000000252));
#4427 = B_SPLINE_SURFACE_WITH_KNOTS ('', 1, 1, ((#4423, #4424), (#4425, #4426)), .UNSPECIFIED., .F., .F., .U., (2, 2), (2, 2), (11.2932436816061, 11.4696083542834), (-0.0978039215329929, 0.410183872107035), .UNSPECIFIED.);
#4428 = ADVANCED_FACE ('', (#4422), #4427, .T.);
#4429 = ORIENTED_EDGE ('', *, *, #4414, .F.);
#4430 = CARTESIAN_POINT ('', (-82.4915902231765, 38.4999999999998, -7.79351760227896));
#4431 = VERTEX_POINT ('', #4430);
#4432 = CARTESIAN_POINT ('', (-82.4915902231757, 38.500000000864, -7.79351760235452));
#4433 = CARTESIAN_POINT ('', (-75.9739525461405, 38.4999186961729, -7.79351048911575));
#4434 = CARTESIAN_POINT ('', (-69.6800474903761, 36.8133284021433, -7.64595295837551));
#4435 = (
   BOUNDED_CURVE ()
   B_SPLINE_CURVE (2, (#4432, #4433, #4434), .UNSPECIFIED., .F., .U.)
   B_SPLINE_CURVE_WITH_KNOTS ((3, 3), (0., 0.262762925657709), .UNSPECIFIED.)
   CURVE ()
   GEOMETRIC_REPRESENTATION_ITEM ()
   RATIONAL_B_SPLINE_CURVE ((1., 0.991381862854537, 1.))
   REPRESENTATION_ITEM ('')
);
#4436 = EDGE_CURVE ('', #4431, #4403, #4435, .T.);
#4437 = ORIENTED_EDGE ('', *, *, #4436, .F.);
#4438 = CARTESIAN_POINT ('', (-82.491590223178, 38.499999999999, 3.50000000000269));
#4439 = VERTEX_POINT ('', #4438);
#4440 = CARTESIAN_POINT ('', (-82.4915902231758, 38.4999999999995, -7.79351760227888));
#4441 = CARTESIAN_POINT ('', (-82.4915902231758, 38.499999999998, 3.50000000000268));
#4442 = B_SPLINE_CURVE_WITH_KNOTS ('', 1, (#4440, #4441), .UNSPECIFIED., .F., .U., (2, 2), (-0.208501600207436, 0.818181818181824), .UNSPECIFIED.);
#4443 = EDGE_CURVE ('', #4431, #4439, #4442, .T.);
#4444 = ORIENTED_EDGE ('', *, *, #4443, .T.);
#4445 = CARTESIAN_POINT ('', (-82.4915902231758, 38.499999999998, 3.50000000000262));
#4446 = CARTESIAN_POINT ('', (-81.4095290062343, 38.499999999998, 3.50000000000262));
#4447 = CARTESIAN_POINT ('', (-80.3268865605473, 38.46448134298, 3.50000000000261));
#4448 = CARTESIAN_POINT ('', (-78.1679993981277, 38.3226738695284, 3.5000000000026));
#4449 = CARTESIAN_POINT ('', (-77.0905931495298, 38.2163471406888, 3.50000000000258));
#4450 = CARTESIAN_POINT ('', (-74.9467860535952, 37.9335699785157, 3.50000000000255));
#4451 = CARTESIAN_POINT ('', (-73.8792305349529, 37.75700566483, 3.50000000000252));
#4452 = CARTESIAN_POINT ('', (-71.7654000581244, 37.3358392350277, 3.50000000000247));
#4453 = CARTESIAN_POINT ('', (-70.7179167045124, 37.0914246190234, 3.50000000000244));
#4454 = CARTESIAN_POINT ('', (-69.6800474906016, 36.8133284013069, 3.5000000000024));
#4455 = B_SPLINE_CURVE_WITH_KNOTS ('', 3, (#4445, #4446, #4447, #4448, #4449, #4450, #4451, #4452, #4453, #4454), .UNSPECIFIED., .F., .U., (4, 2, 2, 2, 4), (0., 3.24618365082465, 6.49061848025917, 9.73331291516311, 12.9567567417917), .UNSPECIFIED.);
#4456 = EDGE_CURVE ('', #4439, #4410, #4455, .T.);
#4457 = ORIENTED_EDGE ('', *, *, #4456, .T.);
#4458 = EDGE_LOOP ('', (#4429, #4437, #4444, #4457));
#4459 = FACE_OUTER_BOUND ('', #4458, .T.);
#4460 = CARTESIAN_POINT ('', (-82.4915902231759, 38.4999999999973, 3.50000000000281));
#4461 = CARTESIAN_POINT ('', (-82.4915902231757, 38.4999999999995, -7.79351760227906));
#4462 = CARTESIAN_POINT ('', (-75.9747915926001, 38.4999999999975, 3.5000000000029));
#4463 = CARTESIAN_POINT ('', (-75.9747915925999, 38.4999999999997, -7.79351760227897));
#4464 = CARTESIAN_POINT ('', (-69.6800474906017, 36.8133284013063, 3.50000000000266));
#4465 = CARTESIAN_POINT ('', (-69.6800474906015, 36.8133284013085, -7.79351760227921));
#4466 = (
   BOUNDED_SURFACE ()
   B_SPLINE_SURFACE (2, 1, ((#4460, #4461), (#4462, #4463), (#4464, #4465)), .UNSPECIFIED., .F., .F., .U.)
   B_SPLINE_SURFACE_WITH_KNOTS ((3, 3), (2, 2), (10.7383206176077, 11.2341884641684), (0., 0.407930212016107), .UNSPECIFIED.)
   GEOMETRIC_REPRESENTATION_ITEM ()
   RATIONAL_B_SPLINE_SURFACE (((0.914835766825246, 0.914835766825246), (0.948287736084018, 0.948287736084018), (1., 1.)))
   REPRESENTATION_ITEM ('')
   SURFACE ()
);
#4467 = ADVANCED_FACE ('', (#4459), #4466, .T.);
#4468 = ORIENTED_EDGE ('', *, *, #4443, .F.);
#4469 = CARTESIAN_POINT ('', (-91.7858983848605, 38.4999999999998, -7.79351760227895));
#4470 = VERTEX_POINT ('', #4469);
#4471 = CARTESIAN_POINT ('', (-91.7858983848596, 38.4999999999995, -7.79351760227888));
#4472 = CARTESIAN_POINT ('', (-82.4915902231757, 38.4999999999995, -7.79351760227888));
#4473 = B_SPLINE_CURVE_WITH_KNOTS ('', 1, (#4471, #4472), .UNSPECIFIED., .F., .U., (2, 2), (-2.80892809658325, -2.47045900185546), .UNSPECIFIED.);
#4474 = EDGE_CURVE ('', #4470, #4431, #4473, .T.);
#4475 = ORIENTED_EDGE ('', *, *, #4474, .F.);
#4476 = CARTESIAN_POINT ('', (-91.7858983848601, 38.4999999999981, 3.50000000000262));
#4477 = VERTEX_POINT ('', #4476);
#4478 = CARTESIAN_POINT ('', (-91.7858983848598, 38.499999999998, 3.5000000000026));
#4479 = CARTESIAN_POINT ('', (-91.7858983848597, 38.4999999999995, -7.79351760227888));
#4480 = B_SPLINE_CURVE_WITH_KNOTS ('', 1, (#4478, #4479), .UNSPECIFIED., .F., .U., (2, 2), (-0.274436768285981, 0.112982790882903), .UNSPECIFIED.);
#4481 = EDGE_CURVE ('', #4477, #4470, #4480, .T.);
#4482 = ORIENTED_EDGE ('', *, *, #4481, .F.);
#4483 = CARTESIAN_POINT ('', (-91.7858983848597, 38.499999999998, 3.50000000000262));
#4484 = CARTESIAN_POINT ('', (-82.4915902231757, 38.499999999998, 3.50000000000262));
#4485 = B_SPLINE_CURVE_WITH_KNOTS ('', 1, (#4483, #4484), .UNSPECIFIED., .F., .U., (2, 2), (0.0475591439334758, 1.), .UNSPECIFIED.);
#4486 = EDGE_CURVE ('', #4477, #4439, #4485, .T.);
#4487 = ORIENTED_EDGE ('', *, *, #4486, .T.);
#4488 = EDGE_LOOP ('', (#4468, #4475, #4482, #4487));
#4489 = FACE_OUTER_BOUND ('', #4488, .T.);
#4490 = CARTESIAN_POINT ('', (-82.4915902231729, 38.4999999999995, -7.79351760227888));
#4491 = CARTESIAN_POINT ('', (-82.4915902231729, 38.499999999998, 3.50000000000266));
#4492 = CARTESIAN_POINT ('', (-91.7858983848569, 38.4999999999995, -7.79351760227888));
#4493 = CARTESIAN_POINT ('', (-91.7858983848569, 38.499999999998, 3.50000000000266));
#4494 = B_SPLINE_SURFACE_WITH_KNOTS ('', 1, 1, ((#4490, #4491), (#4492, #4493)), .UNSPECIFIED., .F., .F., .U., (2, 2), (2, 2), (11.5151843400726, 11.9387815967743), (-0.104529325649949, 0.410183872107015), .UNSPECIFIED.);
#4495 = ADVANCED_FACE ('', (#4489), #4494, .T.);
#4496 = ORIENTED_EDGE ('', *, *, #4481, .T.);
#4497 = CARTESIAN_POINT ('', (-92.2807700441659, 38.9285714285712, -7.83101274379001));
#4498 = VERTEX_POINT ('', #4497);
#4499 = CARTESIAN_POINT ('', (-92.280770044165, 38.9285714285709, -7.83101274378993));
#4500 = CARTESIAN_POINT ('', (-92.2189110867527, 38.5000000000054, -7.7935176022794));
#4501 = CARTESIAN_POINT ('', (-91.7858983848665, 38.4999999999995, -7.79351760227887));
#4502 = (
   BOUNDED_CURVE ()
   B_SPLINE_CURVE (2, (#4499, #4500, #4501), .UNSPECIFIED., .F., .U.)
   B_SPLINE_CURVE_WITH_KNOTS ((3, 3), (-1.42744875787567, 0.), .UNSPECIFIED.)
   CURVE ()
   GEOMETRIC_REPRESENTATION_ITEM ()
   RATIONAL_B_SPLINE_CURVE ((1., 0.75592894602299, 1.))
   REPRESENTATION_ITEM ('')
);
#4503 = EDGE_CURVE ('', #4498, #4470, #4502, .T.);
#4504 = ORIENTED_EDGE ('', *, *, #4503, .F.);
#4505 = CARTESIAN_POINT ('', (-92.2807718461011, 38.9285711684826, 3.50000000000268));
#4506 = VERTEX_POINT ('', #4505);
#4507 = CARTESIAN_POINT ('', (-92.2807700441651, 38.9285714285709, -7.83101274378993));
#4508 = CARTESIAN_POINT ('', (-92.2807700441652, 38.9285714285694, 3.50000000000265));
#4509 = B_SPLINE_CURVE_WITH_KNOTS ('', 1, (#4507, #4508), .UNSPECIFIED., .F., .U., (2, 2), (-0.114269046565745, 0.274436768285981), .UNSPECIFIED.);
#4510 = EDGE_CURVE ('', #4498, #4506, #4509, .T.);
#4511 = ORIENTED_EDGE ('', *, *, #4510, .T.);
#4512 = CARTESIAN_POINT ('', (-92.2807700441651, 38.9285714285694, 3.50000000000056));
#4513 = CARTESIAN_POINT ('', (-92.218911086752, 38.499999999998, 3.50000000000051));
#4514 = CARTESIAN_POINT ('', (-91.7858983848597, 38.499999999998, 3.50000000000051));
#4515 = (
   BOUNDED_CURVE ()
   B_SPLINE_CURVE (2, (#4512, #4513, #4514), .UNSPECIFIED., .F., .U.)
   B_SPLINE_CURVE_WITH_KNOTS ((3, 3), (0., 1.42744875788961), .UNSPECIFIED.)
   CURVE ()
   GEOMETRIC_REPRESENTATION_ITEM ()
   RATIONAL_B_SPLINE_CURVE ((1., 0.755928946018405, 1.))
   REPRESENTATION_ITEM ('')
);
#4516 = EDGE_CURVE ('', #4506, #4477, #4515, .T.);
#4517 = ORIENTED_EDGE ('', *, *, #4516, .T.);
#4518 = EDGE_LOOP ('', (#4496, #4504, #4511, #4517));
#4519 = FACE_OUTER_BOUND ('', #4518, .T.);
#4520 = CARTESIAN_POINT ('', (-91.7858983848597, 38.499999999998, 3.50000000000262));
#4521 = CARTESIAN_POINT ('', (-91.9723107314961, 38.499999999998, 3.50000000000262));
#4522 = CARTESIAN_POINT ('', (-92.1132252202138, 38.6220355269888, 3.50000000000263));
#4523 = CARTESIAN_POINT ('', (-92.2541397089314, 38.7440710539796, 3.50000000000265));
#4524 = CARTESIAN_POINT ('', (-92.2807700441652, 38.9285714285694, 3.50000000000267));
#4525 = CARTESIAN_POINT ('', (-91.7858983848596, 38.4999999999994, -7.83101274378999));
#4526 = CARTESIAN_POINT ('', (-91.9723107314961, 38.4999999999994, -7.83101274378999));
#4527 = CARTESIAN_POINT ('', (-92.1132252202137, 38.6220355269902, -7.83101274378998));
#4528 = CARTESIAN_POINT ('', (-92.2541397089313, 38.744071053981, -7.83101274378997));
#4529 = CARTESIAN_POINT ('', (-92.2807700441651, 38.9285714285708, -7.83101274378994));
#4530 = (
   BOUNDED_SURFACE ()
   B_SPLINE_SURFACE (1, 2, ((#4520, #4521, #4522, #4523, #4524), (#4525, #4526, #4527, #4528, #4529)), .UNSPECIFIED., .F., .F., .U.)
   B_SPLINE_SURFACE_WITH_KNOTS ((2, 2), (3, 2, 3), (0., 0.409284564270622), (0.0437814901726305, 0.0567383255766227, 0.0696951609806083), .UNSPECIFIED.)
   GEOMETRIC_REPRESENTATION_ITEM ()
   RATIONAL_B_SPLINE_SURFACE (((0.854650533810432, 0.866229072199657, 1., 0.866229072199725, 0.854650533810444), (0.854650533810432, 0.866229072199657, 1., 0.866229072199725, 0.854650533810444)))
   REPRESENTATION_ITEM ('')
   SURFACE ()
);
#4531 = ADVANCED_FACE ('', (#4519), #4530, .T.);
#4532 = ORIENTED_EDGE ('', *, *, #4510, .F.);
#4533 = CARTESIAN_POINT ('', (-98.2192299558305, 38.9285714285712, -7.83101274379001));
#4534 = VERTEX_POINT ('', #4533);
#4535 = CARTESIAN_POINT ('', (-98.2192299558297, 38.9285714285708, -7.83101274378993));
#4536 = CARTESIAN_POINT ('', (-97.8480762113507, 41.4999999999994, -8.05598359285627));
#4537 = CARTESIAN_POINT ('', (-95.2499999999974, 41.4999999999994, -8.05598359285628));
#4538 = CARTESIAN_POINT ('', (-92.6519237886441, 41.4999999999994, -8.05598359285629));
#4539 = CARTESIAN_POINT ('', (-92.2807700441649, 38.9285714285709, -7.83101274378994));
#4540 = (
   BOUNDED_CURVE ()
   B_SPLINE_CURVE (2, (#4535, #4536, #4537, #4538, #4539), .UNSPECIFIED., .F., .U.)
   B_SPLINE_CURVE_WITH_KNOTS ((3, 2, 3), (-1.42744875788774, 1.7661427875737E-12, 1.42744875789129), .UNSPECIFIED.)
   CURVE ()
   GEOMETRIC_REPRESENTATION_ITEM ()
   RATIONAL_B_SPLINE_CURVE ((1., 0.755928946018458, 1., 0.755928946018464, 1.))
   REPRESENTATION_ITEM ('')
);
#4541 = EDGE_CURVE ('', #4534, #4498, #4540, .T.);
#4542 = ORIENTED_EDGE ('', *, *, #4541, .F.);
#4543 = CARTESIAN_POINT ('', (-98.2192299436079, 38.9285714268054, 3.50000000000268));
#4544 = VERTEX_POINT ('', #4543);
#4545 = CARTESIAN_POINT ('', (-98.2192299558298, 38.9285714285694, 3.50000000000266));
#4546 = CARTESIAN_POINT ('', (-98.2192299558297, 38.9285714285708, -7.83101274378993));
#4547 = B_SPLINE_CURVE_WITH_KNOTS ('', 1, (#4545, #4546), .UNSPECIFIED., .F., .U., (2, 2), (-0.274436768285983, 0.114269046565743), .UNSPECIFIED.);
#4548 = EDGE_CURVE ('', #4544, #4534, #4547, .T.);
#4549 = ORIENTED_EDGE ('', *, *, #4548, .F.);
#4550 = CARTESIAN_POINT ('', (-98.2192299436076, 38.9285714268052, 3.50000000000268));
#4551 = CARTESIAN_POINT ('', (-98.2190490604185, 38.9298246794201, 3.50000000000268));
#4552 = CARTESIAN_POINT ('', (-98.2188673838897, 38.9310777888908, 3.50000000000268));
#4553 = CARTESIAN_POINT ('', (-98.1979256901154, 39.0748780849654, 3.50000000000269));
#4554 = CARTESIAN_POINT ('', (-98.1667924569008, 39.2162907582692, 3.50000000000272));
#4555 = CARTESIAN_POINT ('', (-98.0848601205334, 39.4920689218808, 3.50000000000275));
#4556 = CARTESIAN_POINT ('', (-98.0339070878039, 39.6271619117178, 3.50000000000277));
#4557 = CARTESIAN_POINT ('', (-97.9136448464727, 39.8876299435796, 3.5000000000028));
#4558 = CARTESIAN_POINT ('', (-97.8440788382338, 40.0136960426345, 3.50000000000281));
#4559 = CARTESIAN_POINT ('', (-97.6882509731819, 40.2536663201654, 3.50000000000284));
#4560 = CARTESIAN_POINT ('', (-97.6016374631847, 40.3682116080496, 3.50000000000286));
#4561 = CARTESIAN_POINT ('', (-97.4136892294991, 40.5829685942919, 3.50000000000289));
#4562 = CARTESIAN_POINT ('', (-97.3119175532248, 40.6837594305144, 3.5000000000029));
#4563 = CARTESIAN_POINT ('', (-97.0958994891605, 40.8691480022941, 3.50000000000293));
#4564 = CARTESIAN_POINT ('', (-96.9811417380708, 40.954252526446, 3.50000000000294));
#4565 = CARTESIAN_POINT ('', (-96.7416222835706, 41.1067545064949, 3.50000000000296));
#4566 = CARTESIAN_POINT ('', (-96.6162867963479, 41.1745778141796, 3.50000000000297));
#4567 = CARTESIAN_POINT ('', (-96.358255129891, 41.291375202699, 3.50000000000298));
#4568 = CARTESIAN_POINT ('', (-96.2249355799742, 41.3406875171468, 3.50000000000299));
#4569 = CARTESIAN_POINT ('', (-95.9536967339903, 41.4197112264606, 3.500000000003));
#4570 = CARTESIAN_POINT ('', (-95.8151178793995, 41.4496685443849, 3.50000000000301));
#4571 = CARTESIAN_POINT ('', (-95.5361823066916, 41.4896317620702, 3.50000000000301));
#4572 = CARTESIAN_POINT ('', (-95.3951435136576, 41.4997886168669, 3.50000000000301));
#4573 = CARTESIAN_POINT ('', (-95.2356670108557, 41.5000244792529, 3.50000000000301));
#4574 = CARTESIAN_POINT ('', (-95.2168960027, 41.4998760701165, 3.50000000000301));
#4575 = CARTESIAN_POINT ('', (-95.0537164517226, 41.4970542122157, 3.50000000000301));
#4576 = CARTESIAN_POINT ('', (-94.9091102271816, 41.4840669136387, 3.50000000000301));
#4577 = CARTESIAN_POINT ('', (-94.6244451265246, 41.4375869882144, 3.500000000003));
#4578 = CARTESIAN_POINT ('', (-94.4836388838469, 41.4040363036134, 3.500000000003));
#4579 = CARTESIAN_POINT ('', (-94.2094027820299, 41.3174059747664, 3.50000000000299));
#4580 = CARTESIAN_POINT ('', (-94.0752490200205, 41.2641597514859, 3.50000000000298));
#4581 = CARTESIAN_POINT ('', (-93.8169641220025, 41.1394915931094, 3.50000000000296));
#4582 = CARTESIAN_POINT ('', (-93.6921472102592, 41.0678010793714, 3.50000000000296));
#4583 = CARTESIAN_POINT ('', (-93.4549497619256, 40.9079442342222, 3.50000000000293));
#4584 = CARTESIAN_POINT ('', (-93.3419349141575, 40.8194155342509, 3.50000000000292));
#4585 = CARTESIAN_POINT ('', (-93.1304779656872, 40.627891754658, 3.50000000000289));
#4586 = CARTESIAN_POINT ('', (-93.0314648540661, 40.5244502413585, 3.50000000000288));
#4587 = CARTESIAN_POINT ('', (-92.8498312513493, 40.3053767080437, 3.50000000000285));
#4588 = CARTESIAN_POINT ('', (-92.7667132206442, 40.1892252222316, 3.50000000000284));
#4589 = CARTESIAN_POINT ('', (-92.6183405880828, 39.9472258912252, 3.50000000000281));
#4590 = CARTESIAN_POINT ('', (-92.5526702833517, 39.8207976530308, 3.50000000000279));
#4591 = CARTESIAN_POINT ('', (-92.4402894665564, 39.5609050596682, 3.50000000000276));
#4592 = CARTESIAN_POINT ('', (-92.3932515358901, 39.4268123004044, 3.50000000000274));
#4593 = CARTESIAN_POINT ('', (-92.3235491084641, 39.171604982619, 3.5000000000027));
#4594 = CARTESIAN_POINT ('', (-92.2983826965197, 39.0505326618062, 3.50000000000269));
#4595 = CARTESIAN_POINT ('', (-92.2807718461007, 38.9285711684823, 3.50000000000267));
#4596 = B_SPLINE_CURVE_WITH_KNOTS ('', 3, (#4550, #4551, #4552, #4553, #4554, #4555, #4556, #4557, #4558, #4559, #4560, #4561, #4562, #4563, #4564, #4565, #4566, #4567, #4568, #4569, #4570, #4571, #4572, #4573, #4574, #4575, #4576, #4577, #4578, #4579, #4580, #4581, #4582, #4583, #4584, #4585, #4586, #4587, #4588, #4589, #4590, #4591, #4592, #4593, #4594, #4595), .UNSPECIFIED., .F., .U., (4, 2, 2, 2, 2, 2, 2, 2, 2, 2, 2, 2, 2, 2, 2, 2, 2, 2, 2, 2, 2, 2, 4), (0.42966485044588, 0.433463395452038, 0.865616358303559, 1.29653843819647, 1.72629017619739, 2.15491627960667, 2.5824478224102, 3.00890371448939, 3.43429159155211, 3.85860821473353, 4.28183942137643, 4.70395962829288, 4.76026945303497, 5.19357147317904, 5.62557369259219, 6.05635318412528, 6.48596845333542, 6.91446248015532, 7.34186482139252, 7.76819300421663, 8.19345335390501, 8.61764133849925, 8.98711753412401), .UNSPECIFIED.);
#4597 = EDGE_CURVE ('', #4544, #4506, #4596, .T.);
#4598 = ORIENTED_EDGE ('', *, *, #4597, .T.);
#4599 = EDGE_LOOP ('', (#4532, #4542, #4549, #4598));
#4600 = FACE_OUTER_BOUND ('', #4599, .T.);
#4601 = CARTESIAN_POINT ('', (-98.2192299558298, 38.9285714285694, 3.50000000000269));
#4602 = CARTESIAN_POINT ('', (-98.2192299558297, 38.9285714285708, -8.05598359285666));
#4603 = CARTESIAN_POINT ('', (-97.8480762113508, 41.499999999998, 3.50000000000301));
#4604 = CARTESIAN_POINT ('', (-97.8480762113507, 41.4999999999994, -8.05598359285634));
#4605 = CARTESIAN_POINT ('', (-95.2499999999975, 41.499999999998, 3.50000000000304));
#4606 = CARTESIAN_POINT ('', (-95.2499999999974, 41.4999999999994, -8.05598359285631));
#4607 = CARTESIAN_POINT ('', (-92.6519237886442, 41.499999999998, 3.50000000000307));
#4608 = CARTESIAN_POINT ('', (-92.651923788644, 41.4999999999994, -8.05598359285628));
#4609 = CARTESIAN_POINT ('', (-92.2807700441652, 38.9285714285694, 3.50000000000275));
#4610 = CARTESIAN_POINT ('', (-92.280770044165, 38.9285714285708, -8.0559835928566));
#4611 = (
   BOUNDED_SURFACE ()
   B_SPLINE_SURFACE (2, 1, ((#4601, #4602), (#4603, #4604), (#4605, #4606), (#4607, #4608), (#4609, #4610)), .UNSPECIFIED., .F., .F., .U.)
   B_SPLINE_SURFACE_WITH_KNOTS ((3, 2, 3), (2, 2), (0.35721375859455, 0.510644930189576, 0.664076101784603), (0., 0.417410677797792), .UNSPECIFIED.)
   GEOMETRIC_REPRESENTATION_ITEM ()
   RATIONAL_B_SPLINE_SURFACE (((0.947934768606335, 0.947934768606335), (0.735987099501195, 0.735987099501195), (1., 1.), (0.735987099501196, 0.735987099501196), (0.947934768606333, 0.947934768606333)))
   REPRESENTATION_ITEM ('')
   SURFACE ()
);
#4612 = ADVANCED_FACE ('', (#4600), #4611, .T.);
#4613 = ORIENTED_EDGE ('', *, *, #4548, .T.);
#4614 = CARTESIAN_POINT ('', (-98.7141016151359, 38.4999999999997, -7.79351760227895));
#4615 = VERTEX_POINT ('', #4614);
#4616 = CARTESIAN_POINT ('', (-98.7141016151297, 38.4999999999994, -7.79351760227887));
#4617 = CARTESIAN_POINT ('', (-98.2810889132422, 38.5000000000041, -7.79351760227928));
#4618 = CARTESIAN_POINT ('', (-98.2192299558297, 38.9285714285708, -7.83101274378993));
#4619 = (
   BOUNDED_CURVE ()
   B_SPLINE_CURVE (2, (#4616, #4617, #4618), .UNSPECIFIED., .F., .U.)
   B_SPLINE_CURVE_WITH_KNOTS ((3, 3), (0., 1.42744875787869), .UNSPECIFIED.)
   CURVE ()
   GEOMETRIC_REPRESENTATION_ITEM ()
   RATIONAL_B_SPLINE_CURVE ((1., 0.75592894602204, 1.))
   REPRESENTATION_ITEM ('')
);
#4620 = EDGE_CURVE ('', #4615, #4534, #4619, .T.);
#4621 = ORIENTED_EDGE ('', *, *, #4620, .F.);
#4622 = CARTESIAN_POINT ('', (-98.7141016151356, 38.4999999999981, 3.50000000000262));
#4623 = VERTEX_POINT ('', #4622);
#4624 = CARTESIAN_POINT ('', (-98.7141016151351, 38.4999999999994, -7.79351760227888));
#4625 = CARTESIAN_POINT ('', (-98.7141016151351, 38.4999999999979, 3.50000000000261));
#4626 = B_SPLINE_CURVE_WITH_KNOTS ('', 1, (#4624, #4625), .UNSPECIFIED., .F., .U., (2, 2), (-0.112982790882901, 0.274436768285983), .UNSPECIFIED.);
#4627 = EDGE_CURVE ('', #4615, #4623, #4626, .T.);
#4628 = ORIENTED_EDGE ('', *, *, #4627, .T.);
#4629 = CARTESIAN_POINT ('', (-98.7141016151351, 38.4999999999979, 3.50000000000046));
#4630 = CARTESIAN_POINT ('', (-98.281088913243, 38.499999999998, 3.50000000000047));
#4631 = CARTESIAN_POINT ('', (-98.2192299558298, 38.9285714285694, 3.50000000000052));
#4632 = (
   BOUNDED_CURVE ()
   B_SPLINE_CURVE (2, (#4629, #4630, #4631), .UNSPECIFIED., .F., .U.)
   B_SPLINE_CURVE_WITH_KNOTS ((3, 3), (0., 1.42744875788941), .UNSPECIFIED.)
   CURVE ()
   GEOMETRIC_REPRESENTATION_ITEM ()
   RATIONAL_B_SPLINE_CURVE ((1., 0.75592894601851, 1.))
   REPRESENTATION_ITEM ('')
);
#4633 = EDGE_CURVE ('', #4623, #4544, #4632, .T.);
#4634 = ORIENTED_EDGE ('', *, *, #4633, .T.);
#4635 = EDGE_LOOP ('', (#4613, #4621, #4628, #4634));
#4636 = FACE_OUTER_BOUND ('', #4635, .T.);
#4637 = CARTESIAN_POINT ('', (-98.2192299558297, 38.9285714285694, 3.50000000000267));
#4638 = CARTESIAN_POINT ('', (-98.2458602910635, 38.7440710539795, 3.50000000000264));
#4639 = CARTESIAN_POINT ('', (-98.3867747797812, 38.6220355269886, 3.50000000000262));
#4640 = CARTESIAN_POINT ('', (-98.5276892684988, 38.4999999999979, 3.5000000000026));
#4641 = CARTESIAN_POINT ('', (-98.7141016151351, 38.4999999999979, 3.5000000000026));
#4642 = CARTESIAN_POINT ('', (-98.2192299558298, 38.9285714285711, -7.83101274378995));
#4643 = CARTESIAN_POINT ('', (-98.2458602910635, 38.7440710539812, -7.83101274378998));
#4644 = CARTESIAN_POINT ('', (-98.3867747797812, 38.6220355269904, -7.83101274379));
#4645 = CARTESIAN_POINT ('', (-98.5276892684988, 38.4999999999996, -7.83101274379001));
#4646 = CARTESIAN_POINT ('', (-98.7141016151351, 38.4999999999996, -7.83101274379001));
#4647 = (
   BOUNDED_SURFACE ()
   B_SPLINE_SURFACE (1, 2, ((#4637, #4638, #4639, #4640, #4641), (#4642, #4643, #4644, #4645, #4646)), .UNSPECIFIED., .F., .F., .U.)
   B_SPLINE_SURFACE_WITH_KNOTS ((2, 2), (3, 2, 3), (0., 0.409284564270622), (0.0437814901726299, 0.0567383255766216, 0.0696951609806069), .UNSPECIFIED.)
   GEOMETRIC_REPRESENTATION_ITEM ()
   RATIONAL_B_SPLINE_SURFACE (((0.854650533810432, 0.866229072199659, 1., 0.866229072199725, 0.854650533810444), (0.854650533810432, 0.866229072199659, 1., 0.866229072199725, 0.854650533810444)))
   REPRESENTATION_ITEM ('')
   SURFACE ()
);
#4648 = ADVANCED_FACE ('', (#4636), #4647, .T.);
#4649 = ORIENTED_EDGE ('', *, *, #4627, .F.);
#4650 = CARTESIAN_POINT ('', (-148.785898384859, 38.4999999999999, -7.79351760227896));
#4651 = VERTEX_POINT ('', #4650);
#4652 = CARTESIAN_POINT ('', (-148.785898384858, 38.4999999999995, -7.79351760227889));
#4653 = CARTESIAN_POINT ('', (-98.714101615135, 38.4999999999994, -7.79351760227887));
#4654 = B_SPLINE_CURVE_WITH_KNOTS ('', 1, (#4652, #4653), .UNSPECIFIED., .F., .U., (2, 2), (-4.78454027444062, -2.96108494788819), .UNSPECIFIED.);
#4655 = EDGE_CURVE ('', #4651, #4615, #4654, .T.);
#4656 = ORIENTED_EDGE ('', *, *, #4655, .F.);
#4657 = CARTESIAN_POINT ('', (-148.785898384859, 38.4999999999983, 3.50000000000263));
#4658 = VERTEX_POINT ('', #4657);
#4659 = CARTESIAN_POINT ('', (-148.785898384858, 38.4999999999981, 3.50000000000261));
#4660 = CARTESIAN_POINT ('', (-148.785898384858, 38.4999999999996, -7.79351760227889));
#4661 = B_SPLINE_CURVE_WITH_KNOTS ('', 1, (#4659, #4660), .UNSPECIFIED., .F., .U., (2, 2), (-0.274436768285981, 0.112982790882903), .UNSPECIFIED.);
#4662 = EDGE_CURVE ('', #4658, #4651, #4661, .T.);
#4663 = ORIENTED_EDGE ('', *, *, #4662, .F.);
#4664 = CARTESIAN_POINT ('', (-148.785898384858, 38.4999999999982, 3.50000000000262));
#4665 = CARTESIAN_POINT ('', (-98.7141016151351, 38.499999999998, 3.50000000000262));
#4666 = B_SPLINE_CURVE_WITH_KNOTS ('', 1, (#4664, #4665), .UNSPECIFIED., .F., .U., (2, 2), (0.00910003166936847, 0.990899968330632), .UNSPECIFIED.);
#4667 = EDGE_CURVE ('', #4658, #4623, #4666, .T.);
#4668 = ORIENTED_EDGE ('', *, *, #4667, .T.);
#4669 = EDGE_LOOP ('', (#4649, #4656, #4663, #4668));
#4670 = FACE_OUTER_BOUND ('', #4669, .T.);
#4671 = CARTESIAN_POINT ('', (-98.7141016151348, 38.4999999999994, -7.79351760227889));
#4672 = CARTESIAN_POINT ('', (-98.7141016151348, 38.499999999998, 3.5000000000026));
#4673 = CARTESIAN_POINT ('', (-148.785898384858, 38.4999999999996, -7.79351760227889));
#4674 = CARTESIAN_POINT ('', (-148.785898384858, 38.4999999999981, 3.5000000000026));
#4675 = B_SPLINE_SURFACE_WITH_KNOTS ('', 1, 1, ((#4671, #4672), (#4673, #4674)), .UNSPECIFIED., .F., .F., .U., (2, 2), (2, 2), (12.003873366902, 14.2859448649421), (-0.10452932564995, 0.410183872107013), .UNSPECIFIED.);
#4676 = ADVANCED_FACE ('', (#4670), #4675, .T.);
#4677 = ORIENTED_EDGE ('', *, *, #4662, .T.);
#4678 = CARTESIAN_POINT ('', (-149.280770044165, 38.9285714285714, -7.83101274379002));
#4679 = VERTEX_POINT ('', #4678);
#4680 = CARTESIAN_POINT ('', (-149.280770044163, 38.928571428571, -7.83101274378995));
#4681 = CARTESIAN_POINT ('', (-149.218911086749, 38.4999999999936, -7.79351760227837));
#4682 = CARTESIAN_POINT ('', (-148.785898384851, 38.4999999999996, -7.79351760227889));
#4683 = (
   BOUNDED_CURVE ()
   B_SPLINE_CURVE (2, (#4680, #4681, #4682), .UNSPECIFIED., .F., .U.)
   B_SPLINE_CURVE_WITH_KNOTS ((3, 3), (-1.42744875790346, 0.), .UNSPECIFIED.)
   CURVE ()
   GEOMETRIC_REPRESENTATION_ITEM ()
   RATIONAL_B_SPLINE_CURVE ((1., 0.755928946013891, 1.))
   REPRESENTATION_ITEM ('')
);
#4684 = EDGE_CURVE ('', #4679, #4651, #4683, .T.);
#4685 = ORIENTED_EDGE ('', *, *, #4684, .F.);
#4686 = CARTESIAN_POINT ('', (-149.2807718461, 38.9285711684827, 3.50000000000268));
#4687 = VERTEX_POINT ('', #4686);
#4688 = CARTESIAN_POINT ('', (-149.280770044163, 38.928571428571, -7.83101274378995));
#4689 = CARTESIAN_POINT ('', (-149.280770044164, 38.9285714285695, 3.50000000000266));
#4690 = B_SPLINE_CURVE_WITH_KNOTS ('', 1, (#4688, #4689), .UNSPECIFIED., .F., .U., (2, 2), (-0.114269046565745, 0.274436768285981), .UNSPECIFIED.);
#4691 = EDGE_CURVE ('', #4679, #4687, #4690, .T.);
#4692 = ORIENTED_EDGE ('', *, *, #4691, .T.);
#4693 = CARTESIAN_POINT ('', (-149.280770044164, 38.9285714285695, 3.50000000000014));
#4694 = CARTESIAN_POINT ('', (-149.21891108675, 38.4999999999981, 3.50000000000008));
#4695 = CARTESIAN_POINT ('', (-148.785898384858, 38.4999999999981, 3.50000000000009));
#4696 = (
   BOUNDED_CURVE ()
   B_SPLINE_CURVE (2, (#4693, #4694, #4695), .UNSPECIFIED., .F., .U.)
   B_SPLINE_CURVE_WITH_KNOTS ((3, 3), (0., 1.42744875788937), .UNSPECIFIED.)
   CURVE ()
   GEOMETRIC_REPRESENTATION_ITEM ()
   RATIONAL_B_SPLINE_CURVE ((1., 0.75592894601848, 1.))
   REPRESENTATION_ITEM ('')
);
#4697 = EDGE_CURVE ('', #4687, #4658, #4696, .T.);
#4698 = ORIENTED_EDGE ('', *, *, #4697, .T.);
#4699 = EDGE_LOOP ('', (#4677, #4685, #4692, #4698));
#4700 = FACE_OUTER_BOUND ('', #4699, .T.);
#4701 = CARTESIAN_POINT ('', (-148.785898384855, 38.4999999999981, 3.50000000000261));
#4702 = CARTESIAN_POINT ('', (-148.972310731493, 38.4999999999968, 3.50000000000261));
#4703 = CARTESIAN_POINT ('', (-149.113225220212, 38.622035526989, 3.50000000000262));
#4704 = CARTESIAN_POINT ('', (-149.25413970893, 38.7440710539797, 3.50000000000264));
#4705 = CARTESIAN_POINT ('', (-149.280770044164, 38.9285714285695, 3.50000000000266));
#4706 = CARTESIAN_POINT ('', (-148.785898384855, 38.4999999999997, -7.83101274379));
#4707 = CARTESIAN_POINT ('', (-148.972310731493, 38.4999999999984, -7.83101274379001));
#4708 = CARTESIAN_POINT ('', (-149.113225220212, 38.6220355269905, -7.83101274378999));
#4709 = CARTESIAN_POINT ('', (-149.25413970893, 38.7440710539812, -7.83101274378998));
#4710 = CARTESIAN_POINT ('', (-149.280770044163, 38.928571428571, -7.83101274378996));
#4711 = (
   BOUNDED_SURFACE ()
   B_SPLINE_SURFACE (1, 2, ((#4701, #4702, #4703, #4704, #4705), (#4706, #4707, #4708, #4709, #4710)), .UNSPECIFIED., .F., .F., .U.)
   B_SPLINE_SURFACE_WITH_KNOTS ((2, 2), (3, 2, 3), (0., 0.409284564270622), (0.0437814901725102, 0.0567383255766206, 0.0696951609806039), .UNSPECIFIED.)
   GEOMETRIC_REPRESENTATION_ITEM ()
   RATIONAL_B_SPLINE_SURFACE (((0.85465053381022, 0.866229072198432, 1., 0.866229072199744, 0.854650533810447), (0.85465053381022, 0.866229072198432, 1., 0.866229072199744, 0.854650533810447)))
   REPRESENTATION_ITEM ('')
   SURFACE ()
);
#4712 = ADVANCED_FACE ('', (#4700), #4711, .T.);
#4713 = CARTESIAN_POINT ('', (-154.507543204464, 40.47572737997, -7.96637135024388));
#4714 = VERTEX_POINT ('', #4713);
#4715 = CARTESIAN_POINT ('', (-154.507543204491, 40.4757273799375, 3.50000000000288));
#4716 = VERTEX_POINT ('', #4715);
#4717 = CARTESIAN_POINT ('', (-154.507543204463, 40.4757273799697, -7.96637135024381));
#4718 = CARTESIAN_POINT ('', (-154.507543204463, 40.4757273799681, 3.50000000000286));
#4719 = B_SPLINE_CURVE_WITH_KNOTS ('', 1, (#4717, #4718), .UNSPECIFIED., .F., .U., (2, 2), (-0.126234201889879, 0.29133451470705), .UNSPECIFIED.);
#4720 = EDGE_CURVE ('', #4714, #4716, #4719, .T.);
#4721 = ORIENTED_EDGE ('', *, *, #4720, .T.);
#4722 = CARTESIAN_POINT ('', (-150.236067579896, 40.7235278741807, 3.50000000000291));
#4723 = VERTEX_POINT ('', #4722);
#4724 = CARTESIAN_POINT ('', (-154.507543204487, 40.4757273799407, 3.50000000000288));
#4725 = CARTESIAN_POINT ('', (-154.413689229498, 40.582968594292, 3.50000000000289));
#4726 = CARTESIAN_POINT ('', (-154.311917553223, 40.6837594305146, 3.5000000000029));
#4727 = CARTESIAN_POINT ('', (-154.095899489159, 40.8691480022943, 3.50000000000293));
#4728 = CARTESIAN_POINT ('', (-153.981141738069, 40.9542525264461, 3.50000000000294));
#4729 = CARTESIAN_POINT ('', (-153.741622283569, 41.106754506495, 3.50000000000296));
#4730 = CARTESIAN_POINT ('', (-153.616286796346, 41.1745778141798, 3.50000000000297));
#4731 = CARTESIAN_POINT ('', (-153.358255129889, 41.2913752026991, 3.50000000000299));
#4732 = CARTESIAN_POINT ('', (-153.224935579973, 41.3406875171469, 3.50000000000299));
#4733 = CARTESIAN_POINT ('', (-152.953696733989, 41.4197112264608, 3.500000000003));
#4734 = CARTESIAN_POINT ('', (-152.815117879398, 41.449668544385, 3.500000000003));
#4735 = CARTESIAN_POINT ('', (-152.53618230669, 41.4896317620703, 3.50000000000301));
#4736 = CARTESIAN_POINT ('', (-152.395143513656, 41.499788616867, 3.50000000000301));
#4737 = CARTESIAN_POINT ('', (-152.235667010854, 41.5000244792531, 3.50000000000301));
#4738 = CARTESIAN_POINT ('', (-152.216896002699, 41.4998760701166, 3.50000000000301));
#4739 = CARTESIAN_POINT ('', (-152.053716451721, 41.4970542122159, 3.50000000000301));
#4740 = CARTESIAN_POINT ('', (-151.90911022718, 41.4840669136389, 3.50000000000301));
#4741 = CARTESIAN_POINT ('', (-151.624445126523, 41.4375869882146, 3.500000000003));
#4742 = CARTESIAN_POINT ('', (-151.483638883845, 41.4040363036136, 3.500000000003));
#4743 = CARTESIAN_POINT ('', (-151.209402782028, 41.3174059747666, 3.50000000000299));
#4744 = CARTESIAN_POINT ('', (-151.075249020019, 41.264159751486, 3.50000000000298));
#4745 = CARTESIAN_POINT ('', (-150.816964122001, 41.1394915931095, 3.50000000000296));
#4746 = CARTESIAN_POINT ('', (-150.692147210258, 41.0678010793715, 3.50000000000296));
#4747 = CARTESIAN_POINT ('', (-150.454949761924, 40.9079442342224, 3.50000000000294));
#4748 = CARTESIAN_POINT ('', (-150.341934914156, 40.8194155342511, 3.50000000000292));
#4749 = CARTESIAN_POINT ('', (-150.236070249641, 40.7235302922676, 3.50000000000291));
#4750 = CARTESIAN_POINT ('', (-150.236068914768, 40.7235290832247, 3.50000000000291));
#4751 = CARTESIAN_POINT ('', (-150.236067579895, 40.7235278741806, 3.50000000000291));
#4752 = B_SPLINE_CURVE_WITH_KNOTS ('', 3, (#4724, #4725, #4726, #4727, #4728, #4729, #4730, #4731, #4732, #4733, #4734, #4735, #4736, #4737, #4738, #4739, #4740, #4741, #4742, #4743, #4744, #4745, #4746, #4747, #4748, #4749, #4750, #4751), .UNSPECIFIED., .F., .U., (4, 2, 2, 2, 2, 2, 2, 2, 2, 2, 2, 2, 2, 4), (2.15491627960665, 2.58244782241018, 3.00890371448937, 3.43429159155214, 3.8586082147335, 4.28183942137647, 4.70395962829286, 4.76026945303495, 5.19357147317902, 5.62557369259218, 6.05635318412527, 6.48596845333544, 6.91446248015533, 6.91446788321479), .UNSPECIFIED.);
#4753 = EDGE_CURVE ('', #4716, #4723, #4752, .T.);
#4754 = ORIENTED_EDGE ('', *, *, #4753, .T.);
#4755 = CARTESIAN_POINT ('', (-150.236067579895, 40.7235278741806, 3.50000000000291));
#4756 = CARTESIAN_POINT ('', (-150.130475462314, 40.6278891393199, 3.50000000000289));
#4757 = CARTESIAN_POINT ('', (-150.031463704548, 40.5244488548938, 3.50000000000288));
#4758 = CARTESIAN_POINT ('', (-149.849831251348, 40.3053767080439, 3.50000000000285));
#4759 = CARTESIAN_POINT ('', (-149.766713220643, 40.1892252222318, 3.50000000000284));
#4760 = CARTESIAN_POINT ('', (-149.618340588081, 39.9472258912254, 3.50000000000281));
#4761 = CARTESIAN_POINT ('', (-149.55267028335, 39.820797653031, 3.50000000000279));
#4762 = CARTESIAN_POINT ('', (-149.440289466555, 39.5609050596683, 3.50000000000276));
#4763 = CARTESIAN_POINT ('', (-149.393251535889, 39.4268123004045, 3.50000000000274));
#4764 = CARTESIAN_POINT ('', (-149.323549108463, 39.1716049826191, 3.50000000000271));
#4765 = CARTESIAN_POINT ('', (-149.298382696518, 39.0505326618064, 3.50000000000269));
#4766 = CARTESIAN_POINT ('', (-149.280771846099, 38.9285711684824, 3.50000000000268));
#4767 = B_SPLINE_CURVE_WITH_KNOTS ('', 3, (#4755, #4756, #4757, #4758, #4759, #4760, #4761, #4762, #4763, #4764, #4765, #4766), .UNSPECIFIED., .F., .U., (4, 2, 2, 2, 2, 4), (6.91446788321479, 7.34186482139249, 7.76819300421659, 8.19345335390496, 8.6176413384992, 8.98711753412405), .UNSPECIFIED.);
#4768 = EDGE_CURVE ('', #4723, #4687, #4767, .T.);
#4769 = ORIENTED_EDGE ('', *, *, #4768, .T.);
#4770 = ORIENTED_EDGE ('', *, *, #4691, .F.);
#4771 = CARTESIAN_POINT ('', (-154.507543204463, 40.4757273799697, -7.9663713502438));
#4772 = CARTESIAN_POINT ('', (-154.460488461274, 40.5294939657854, -7.97107531697917));
#4773 = CARTESIAN_POINT ('', (-154.362654881068, 40.6335018058843, -7.98017482390564));
#4774 = CARTESIAN_POINT ('', (-154.205551706278, 40.778392953658, -7.99285115678107));
#4775 = CARTESIAN_POINT ('', (-154.001855134014, 40.940962168432, -8.00707412011208));
#4776 = CARTESIAN_POINT ('', (-153.803484982758, 41.0707594121669, -8.0184299074958));
#4777 = CARTESIAN_POINT ('', (-153.657325658363, 41.1498340535049, -8.02534804218523));
#4778 = CARTESIAN_POINT ('', (-153.594010921884, 41.1821929993302, -8.02817908310859));
#4779 = CARTESIAN_POINT ('', (-153.551555593658, 41.2032609396405, -8.03002228904958));
#4780 = CARTESIAN_POINT ('', (-153.44437451697, 41.2533182209394, -8.03440173369015));
#4781 = CARTESIAN_POINT ('', (-153.291405741283, 41.3160942060921, -8.03989392073268));
#4782 = CARTESIAN_POINT ('', (-153.090023390507, 41.3826002568562, -8.04571244623041));
#4783 = CARTESIAN_POINT ('', (-152.856133008954, 41.4418534529497, -8.05089642916625));
#4784 = CARTESIAN_POINT ('', (-152.65841672678, 41.4744226796165, -8.05374586727943));
#4785 = CARTESIAN_POINT ('', (-152.529120552435, 41.4871251224066, -8.05485718702263));
#4786 = CARTESIAN_POINT ('', (-152.458804212745, 41.4929959605148, -8.05537081880249));
#4787 = CARTESIAN_POINT ('', (-152.367609503566, 41.4987318866252, -8.05587264731197));
#4788 = CARTESIAN_POINT ('', (-152.267080350039, 41.500467218079, -8.05602446914163));
#4789 = CARTESIAN_POINT ('', (-152.207508889972, 41.4997137391273, -8.05595854827516));
#4790 = CARTESIAN_POINT ('', (-152.125722444787, 41.4982994091751, -8.05583481043786));
#4791 = CARTESIAN_POINT ('', (-151.981212182232, 41.4905350867663, -8.05515552024714));
#4792 = CARTESIAN_POINT ('', (-151.802101334721, 41.4679172241133, -8.0531767136718));
#4793 = CARTESIAN_POINT ('', (-151.607072280076, 41.4324422938419, -8.0500730594337));
#4794 = CARTESIAN_POINT ('', (-151.46708042763, 41.3977638477812, -8.04703908853469));
#4795 = CARTESIAN_POINT ('', (-151.29466940999, 41.3450261990829, -8.04242514213258));
#4796 = CARTESIAN_POINT ('', (-151.142086449823, 41.2906811099414, -8.03767056291441));
#4797 = CARTESIAN_POINT ('', (-150.944923612751, 41.2041193509241, -8.03009739030554));
#4798 = CARTESIAN_POINT ('', (-150.71108265951, 41.0806992773672, -8.0192995330178));
#4799 = CARTESIAN_POINT ('', (-150.508444186317, 40.9475219180931, -8.007648023843));
#4800 = CARTESIAN_POINT ('', (-150.37408863192, 40.841656314773, -7.99838598369517));
#4801 = CARTESIAN_POINT ('', (-150.318935765312, 40.795962116134, -7.99438825932536));
#4802 = CARTESIAN_POINT ('', (-150.285318510378, 40.7674802853636, -7.99189642201649));
#4803 = CARTESIAN_POINT ('', (-150.198863120588, 40.6908952842311, -7.98519610262129));
#4804 = CARTESIAN_POINT ('', (-150.080812593759, 40.5759950332984, -7.9751436332284));
#4805 = CARTESIAN_POINT ('', (-149.938665308503, 40.4165014046344, -7.96118974881572));
#4806 = CARTESIAN_POINT ('', (-149.796533476431, 40.2320668436448, -7.94505381556676));
#4807 = CARTESIAN_POINT ('', (-149.697755536098, 40.0800277718753, -7.93175212037395));
#4808 = CARTESIAN_POINT ('', (-149.642914112009, 39.9844034156751, -7.92338607324948));
#4809 = CARTESIAN_POINT ('', (-149.60815082475, 39.9224067067188, -7.91796206403989));
#4810 = CARTESIAN_POINT ('', (-149.560058089546, 39.8312011566979, -7.90998261236243));
#4811 = CARTESIAN_POINT ('', (-149.48698657341, 39.6735018960401, -7.89618571480847));
#4812 = CARTESIAN_POINT ('', (-149.41673749886, 39.4937451301668, -7.88045903560249));
#4813 = CARTESIAN_POINT ('', (-149.356304225454, 39.2998300228307, -7.8634936620242));
#4814 = CARTESIAN_POINT ('', (-149.310990862014, 39.1111930355813, -7.84699006411821));
#4815 = CARTESIAN_POINT ('', (-149.289589428723, 38.9896739171683, -7.83635851885542));
#4816 = CARTESIAN_POINT ('', (-149.280770044163, 38.9285714285711, -7.83101274378995));
#4817 = B_SPLINE_CURVE_WITH_KNOTS ('', 3, (#4771, #4772, #4773, #4774, #4775, #4776, #4777, #4778, #4779, #4780, #4781, #4782, #4783, #4784, #4785, #4786, #4787, #4788, #4789, #4790, #4791, #4792, #4793, #4794, #4795, #4796, #4797, #4798, #4799, #4800, #4801, #4802, #4803, #4804, #4805, #4806, #4807, #4808, #4809, #4810, #4811, #4812, #4813, #4814, #4815, #4816), .UNSPECIFIED., .F., .U., (4, 1, 1, 1, 1, 2, 1, 1, 1, 1, 1, 1, 2, 1, 1, 2, 1, 1, 1, 1, 1, 1, 1, 1, 1, 2, 1, 1, 1, 1, 1, 1, 2, 1, 1, 1, 1, 1, 4), (0.00100254201366736, 0.00882844821466418, 0.016654354415661, 0.0244619801597281, 0.0374386462192828, 0.0426076865347705, 0.0451938118209623, 0.0477799371071542, 0.0555316428807534, 0.0632833486543527, 0.0710145731057216, 0.0819641916491679, 0.0851825857412453, 0.0896533173373089, 0.0951519979226085, 0.0961799469118443, 0.104114907096131, 0.112049867280417, 0.116004943094219, 0.125892632628725, 0.127870170535626, 0.135759797981258, 0.14364942542689, 0.151523980263656, 0.164814854002545, 0.170231172904668, 0.172639197575252, 0.175047222245836, 0.182869535062018, 0.190691847878199, 0.19849828538245, 0.208434548572492, 0.210564374258282, 0.216211499548436, 0.22185862483859, 0.22964432084575, 0.237430016852909, 0.24420818062783, 0.25098634440275), .UNSPECIFIED.);
#4818 = EDGE_CURVE ('', #4714, #4679, #4817, .T.);
#4819 = ORIENTED_EDGE ('', *, *, #4818, .F.);
#4820 = EDGE_LOOP ('', (#4721, #4754, #4769, #4770, #4819));
#4821 = FACE_OUTER_BOUND ('', #4820, .T.);
#4822 = CARTESIAN_POINT ('', (-154.507543204487, 40.4757273799407, 3.50000000085816));
#4823 = CARTESIAN_POINT ('', (-154.507543204487, 40.4757273799423, -8.05598452067235));
#4824 = CARTESIAN_POINT ('', (-154.413689229498, 40.582968594292, 3.50000000085817));
#4825 = CARTESIAN_POINT ('', (-154.413689229497, 40.5829685942936, -8.05598452067234));
#4826 = CARTESIAN_POINT ('', (-154.311917553223, 40.6837594305146, 3.50000000085819));
#4827 = CARTESIAN_POINT ('', (-154.311917553223, 40.6837594305161, -8.05598452067232));
#4828 = CARTESIAN_POINT ('', (-154.095899489159, 40.8691480022943, 3.50000000085821));
#4829 = CARTESIAN_POINT ('', (-154.095899489159, 40.8691480022958, -8.0559845206723));
#4830 = CARTESIAN_POINT ('', (-153.981141738069, 40.9542525264462, 3.50000000085822));
#4831 = CARTESIAN_POINT ('', (-153.981141738069, 40.9542525264477, -8.05598452067228));
#4832 = CARTESIAN_POINT ('', (-153.741622283569, 41.106754506495, 3.50000000085824));
#4833 = CARTESIAN_POINT ('', (-153.741622283569, 41.1067545064966, -8.05598452067227));
#4834 = CARTESIAN_POINT ('', (-153.616286796346, 41.1745778141798, 3.50000000085825));
#4835 = CARTESIAN_POINT ('', (-153.616286796346, 41.1745778141814, -8.05598452067226));
#4836 = CARTESIAN_POINT ('', (-153.358255129889, 41.2913752026991, 3.50000000085826));
#4837 = CARTESIAN_POINT ('', (-153.358255129889, 41.2913752027007, -8.05598452067225));
#4838 = CARTESIAN_POINT ('', (-153.224935579973, 41.340687517147, 3.50000000085827));
#4839 = CARTESIAN_POINT ('', (-153.224935579972, 41.3406875171485, -8.05598452067223));
#4840 = CARTESIAN_POINT ('', (-152.953696733989, 41.4197112264608, 3.50000000085828));
#4841 = CARTESIAN_POINT ('', (-152.953696733989, 41.4197112264623, -8.05598452067223));
#4842 = CARTESIAN_POINT ('', (-152.815117879398, 41.449668544385, 3.50000000085828));
#4843 = CARTESIAN_POINT ('', (-152.815117879398, 41.4496685443866, -8.05598452067222));
#4844 = CARTESIAN_POINT ('', (-152.53618230669, 41.4896317620703, 3.50000000085829));
#4845 = CARTESIAN_POINT ('', (-152.53618230669, 41.4896317620719, -8.05598452067221));
#4846 = CARTESIAN_POINT ('', (-152.395143513656, 41.499788616867, 3.50000000085829));
#4847 = CARTESIAN_POINT ('', (-152.395143513656, 41.4997886168686, -8.05598452067222));
#4848 = CARTESIAN_POINT ('', (-152.235667010854, 41.5000244792531, 3.50000000085829));
#4849 = CARTESIAN_POINT ('', (-152.235667010854, 41.5000244792546, -8.05598452067222));
#4850 = CARTESIAN_POINT ('', (-152.216896002698, 41.4998760701166, 3.50000000085829));
#4851 = CARTESIAN_POINT ('', (-152.216896002698, 41.4998760701182, -8.05598452067222));
#4852 = CARTESIAN_POINT ('', (-152.053716451721, 41.4970542122159, 3.50000000085829));
#4853 = CARTESIAN_POINT ('', (-152.053716451721, 41.4970542122174, -8.05598452067221));
#4854 = CARTESIAN_POINT ('', (-151.90911022718, 41.4840669136389, 3.50000000085829));
#4855 = CARTESIAN_POINT ('', (-151.90911022718, 41.4840669136405, -8.05598452067222));
#4856 = CARTESIAN_POINT ('', (-151.624445126523, 41.4375869882146, 3.50000000085828));
#4857 = CARTESIAN_POINT ('', (-151.624445126523, 41.4375869882162, -8.05598452067223));
#4858 = CARTESIAN_POINT ('', (-151.483638883845, 41.4040363036136, 3.50000000085828));
#4859 = CARTESIAN_POINT ('', (-151.483638883845, 41.4040363036152, -8.05598452067223));
#4860 = CARTESIAN_POINT ('', (-151.209402782028, 41.3174059747666, 3.50000000085827));
#4861 = CARTESIAN_POINT ('', (-151.209402782028, 41.3174059747682, -8.05598452067224));
#4862 = CARTESIAN_POINT ('', (-151.075249020019, 41.2641597514861, 3.50000000085826));
#4863 = CARTESIAN_POINT ('', (-151.075249020019, 41.2641597514876, -8.05598452067225));
#4864 = CARTESIAN_POINT ('', (-150.816964122001, 41.1394915931095, 3.50000000085825));
#4865 = CARTESIAN_POINT ('', (-150.816964122001, 41.1394915931111, -8.05598452067226));
#4866 = CARTESIAN_POINT ('', (-150.692147210258, 41.0678010793715, 3.50000000085824));
#4867 = CARTESIAN_POINT ('', (-150.692147210258, 41.0678010793731, -8.05598452067227));
#4868 = CARTESIAN_POINT ('', (-150.454949761924, 40.9079442342224, 3.50000000085822));
#4869 = CARTESIAN_POINT ('', (-150.454949761924, 40.9079442342239, -8.0559845206723));
#4870 = CARTESIAN_POINT ('', (-150.341934914156, 40.8194155342511, 3.50000000085821));
#4871 = CARTESIAN_POINT ('', (-150.341934914156, 40.8194155342527, -8.0559845206723));
#4872 = CARTESIAN_POINT ('', (-150.130477965686, 40.6278917546582, 3.50000000085818));
#4873 = CARTESIAN_POINT ('', (-150.130477965686, 40.6278917546598, -8.05598452067233));
#4874 = CARTESIAN_POINT ('', (-150.031464854065, 40.5244502413586, 3.50000000085816));
#4875 = CARTESIAN_POINT ('', (-150.031464854064, 40.5244502413602, -8.05598452067234));
#4876 = CARTESIAN_POINT ('', (-149.849831251348, 40.3053767080439, 3.50000000085813));
#4877 = CARTESIAN_POINT ('', (-149.849831251348, 40.3053767080455, -8.05598452067237));
#4878 = CARTESIAN_POINT ('', (-149.766713220643, 40.1892252222318, 3.50000000085812));
#4879 = CARTESIAN_POINT ('', (-149.766713220643, 40.1892252222334, -8.05598452067239));
#4880 = CARTESIAN_POINT ('', (-149.618340588081, 39.9472258912254, 3.50000000085809));
#4881 = CARTESIAN_POINT ('', (-149.618340588081, 39.947225891227, -8.05598452067242));
#4882 = CARTESIAN_POINT ('', (-149.55267028335, 39.820797653031, 3.50000000085807));
#4883 = CARTESIAN_POINT ('', (-149.55267028335, 39.8207976530326, -8.05598452067244));
#4884 = CARTESIAN_POINT ('', (-149.440289466555, 39.5609050596683, 3.50000000085804));
#4885 = CARTESIAN_POINT ('', (-149.440289466555, 39.5609050596699, -8.05598452067247));
#4886 = CARTESIAN_POINT ('', (-149.393251535889, 39.4268123004046, 3.50000000085802));
#4887 = CARTESIAN_POINT ('', (-149.393251535888, 39.4268123004061, -8.05598452067249));
#4888 = CARTESIAN_POINT ('', (-149.323549108463, 39.1716049826191, 3.50000000085799));
#4889 = CARTESIAN_POINT ('', (-149.323549108462, 39.1716049826207, -8.05598452067252));
#4890 = CARTESIAN_POINT ('', (-149.298373816913, 39.0505339437969, 3.50000000085543));
#4891 = CARTESIAN_POINT ('', (-149.298373816913, 39.0505339437985, -8.05598452067508));
#4892 = CARTESIAN_POINT ('', (-149.280770044164, 38.9285714285695, 3.50000000085542));
#4893 = CARTESIAN_POINT ('', (-149.280770044163, 38.9285714285711, -8.05598452067509));
#4894 = B_SPLINE_SURFACE_WITH_KNOTS ('', 3, 1, ((#4822, #4823), (#4824, #4825), (#4826, #4827), (#4828, #4829), (#4830, #4831), (#4832, #4833), (#4834, #4835), (#4836, #4837), (#4838, #4839), (#4840, #4841), (#4842, #4843), (#4844, #4845), (#4846, #4847), (#4848, #4849), (#4850, #4851), (#4852, #4853), (#4854, #4855), (#4856, #4857), (#4858, #4859), (#4860, #4861), (#4862, #4863), (#4864, #4865), (#4866, #4867), (#4868, #4869), (#4870, #4871), (#4872, #4873), (#4874, #4875), (#4876, #4877), (#4878, #4879), (#4880, #4881), (#4882, #4883), (#4884, #4885), (#4886, #4887), (#4888, #4889), (#4890, #4891), (#4892, #4893)), .UNSPECIFIED., .F., .F., .U., (4, 2, 2, 2, 2, 2, 2, 2, 2, 2, 2, 2, 2, 2, 2, 2, 2, 4), (2, 2), (29.6227213883362, 30.0502529311398, 30.476708823219, 30.9020967002817, 31.3264133234631, 31.7496445301061, 32.1717647370224, 32.2280745617645, 32.6613765819086, 33.0933788013218, 33.5241582928549, 33.953773562065, 34.3822675888849, 34.8096699301221, 35.2359981129462, 35.6612584626346, 36.0854464472288, 36.4549226428536), (0.140703211213368, 0.582680158651082), .UNSPECIFIED.);
#4895 = ADVANCED_FACE ('', (#4821), #4894, .T.);
#4896 = ORIENTED_EDGE ('', *, *, #4720, .F.);
#4897 = CARTESIAN_POINT ('', (-155.219229955829, 38.9285714285714, -7.83101274379002));
#4898 = VERTEX_POINT ('', #4897);
#4899 = CARTESIAN_POINT ('', (-155.219229955828, 38.928571428571, -7.83101274378995));
#4900 = CARTESIAN_POINT ('', (-155.092370263246, 39.8074811605123, -7.90790738159731));
#4901 = CARTESIAN_POINT ('', (-154.507543204463, 40.4757273799696, -7.9663713502438));
#4902 = (
   BOUNDED_CURVE ()
   B_SPLINE_CURVE (2, (#4899, #4900, #4901), .UNSPECIFIED., .F., .U.)
   B_SPLINE_CURVE_WITH_KNOTS ((3, 3), (-1.4274487577594, -0.851871734158434), .UNSPECIFIED.)
   CURVE ()
   GEOMETRIC_REPRESENTATION_ITEM ()
   RATIONAL_B_SPLINE_CURVE ((1., 0.958873911737391, 1.))
   REPRESENTATION_ITEM ('')
);
#4903 = EDGE_CURVE ('', #4898, #4714, #4902, .T.);
#4904 = ORIENTED_EDGE ('', *, *, #4903, .F.);
#4905 = CARTESIAN_POINT ('', (-155.219229943607, 38.9285714268056, 3.50000000000268));
#4906 = VERTEX_POINT ('', #4905);
#4907 = CARTESIAN_POINT ('', (-155.219229955828, 38.9285714285695, 3.50000000000266));
#4908 = CARTESIAN_POINT ('', (-155.219229955828, 38.928571428571, -7.83101274378995));
#4909 = B_SPLINE_CURVE_WITH_KNOTS ('', 1, (#4907, #4908), .UNSPECIFIED., .F., .U., (2, 2), (-0.274436768285983, 0.114269046565743), .UNSPECIFIED.);
#4910 = EDGE_CURVE ('', #4906, #4898, #4909, .T.);
#4911 = ORIENTED_EDGE ('', *, *, #4910, .F.);
#4912 = CARTESIAN_POINT ('', (-155.219229943606, 38.9285714268054, 3.50000000000268));
#4913 = CARTESIAN_POINT ('', (-155.219049060417, 38.9298246794202, 3.50000000000267));
#4914 = CARTESIAN_POINT ('', (-155.218867383888, 38.931077788891, 3.50000000000267));
#4915 = CARTESIAN_POINT ('', (-155.197925690114, 39.0748780849655, 3.50000000000269));
#4916 = CARTESIAN_POINT ('', (-155.166792456899, 39.2162907582694, 3.50000000000271));
#4917 = CARTESIAN_POINT ('', (-155.084860120532, 39.4920689218809, 3.50000000000275));
#4918 = CARTESIAN_POINT ('', (-155.033907087802, 39.6271619117179, 3.50000000000277));
#4919 = CARTESIAN_POINT ('', (-154.913644846471, 39.8876299435798, 3.5000000000028));
#4920 = CARTESIAN_POINT ('', (-154.844078838232, 40.0136960426345, 3.50000000000281));
#4921 = CARTESIAN_POINT ('', (-154.68825097318, 40.2536663201655, 3.50000000000284));
#4922 = CARTESIAN_POINT ('', (-154.601637463183, 40.3682116080497, 3.50000000000286));
#4923 = CARTESIAN_POINT ('', (-154.507543204487, 40.4757273799407, 3.50000000000288));
#4924 = B_SPLINE_CURVE_WITH_KNOTS ('', 3, (#4912, #4913, #4914, #4915, #4916, #4917, #4918, #4919, #4920, #4921, #4922, #4923), .UNSPECIFIED., .F., .U., (4, 2, 2, 2, 2, 4), (0.429664850445861, 0.433463395451971, 0.865616358302379, 1.2965384381942, 1.72629017619407, 2.15491627960226), .UNSPECIFIED.);
#4925 = EDGE_CURVE ('', #4906, #4716, #4924, .T.);
#4926 = ORIENTED_EDGE ('', *, *, #4925, .T.);
#4927 = EDGE_LOOP ('', (#4896, #4904, #4911, #4926));
#4928 = FACE_OUTER_BOUND ('', #4927, .T.);
#4929 = CARTESIAN_POINT ('', (-155.219229955828, 38.9285714285696, 3.50000000000269));
#4930 = CARTESIAN_POINT ('', (-155.219229955828, 38.9285714285709, -7.96637135024401));
#4931 = CARTESIAN_POINT ('', (-155.092370263246, 39.8074811605109, 3.50000000000279));
#4932 = CARTESIAN_POINT ('', (-155.092370263246, 39.8074811605122, -7.9663713502439));
#4933 = CARTESIAN_POINT ('', (-154.507543204463, 40.4757273799682, 3.50000000000287));
#4934 = CARTESIAN_POINT ('', (-154.507543204463, 40.4757273799696, -7.96637135024382));
#4935 = (
   BOUNDED_SURFACE ()
   B_SPLINE_SURFACE (2, 1, ((#4929, #4930), (#4931, #4932), (#4933, #4934)), .UNSPECIFIED., .F., .F., .U.)
   B_SPLINE_SURFACE_WITH_KNOTS ((3, 3), (2, 2), (0.357213758594546, 0.41870584176542), (0., 0.41417381728935), .UNSPECIFIED.)
   GEOMETRIC_REPRESENTATION_ITEM ()
   RATIONAL_B_SPLINE_SURFACE (((0.947934768606342, 0.947934768606342), (0.862990467125763, 0.862990467125763), (0.854496992131574, 0.854496992131574)))
   REPRESENTATION_ITEM ('')
   SURFACE ()
);
#4936 = ADVANCED_FACE ('', (#4928), #4935, .T.);
#4937 = CARTESIAN_POINT ('', (-155.714101615135, 38.4999999999999, -7.79351760227896));
#4938 = VERTEX_POINT ('', #4937);
#4939 = CARTESIAN_POINT ('', (-155.714101615135, 38.4999999999997, -5.78587792718971));
#4940 = VERTEX_POINT ('', #4939);
#4941 = CARTESIAN_POINT ('', (-155.714101615133, 38.4999999999996, -7.79351760227889));
#4942 = CARTESIAN_POINT ('', (-155.714101615134, 38.4999999999993, -5.78587792718965));
#4943 = B_SPLINE_CURVE_WITH_KNOTS ('', 1, (#4941, #4942), .UNSPECIFIED., .F., .U., (2, 2), (-0.112982790882901, -0.0441115228436229), .UNSPECIFIED.);
#4944 = EDGE_CURVE ('', #4938, #4940, #4943, .T.);
#4945 = ORIENTED_EDGE ('', *, *, #4944, .T.);
#4946 = CARTESIAN_POINT ('', (-155.714101615134, 38.4999999999983, 3.50000000000262));
#4947 = VERTEX_POINT ('', #4946);
#4948 = CARTESIAN_POINT ('', (-155.714101615133, 38.4999999999993, -5.78587792718965));
#4949 = CARTESIAN_POINT ('', (-155.714101615134, 38.4999999999981, 3.5000000000026));
#4950 = B_SPLINE_CURVE_WITH_KNOTS ('', 1, (#4948, #4949), .UNSPECIFIED., .F., .U., (2, 2), (-0.0441115228436229, 0.274436768285983), .UNSPECIFIED.);
#4951 = EDGE_CURVE ('', #4940, #4947, #4950, .T.);
#4952 = ORIENTED_EDGE ('', *, *, #4951, .T.);
#4953 = CARTESIAN_POINT ('', (-155.714101615134, 38.4999999999981, 3.50000000000002));
#4954 = CARTESIAN_POINT ('', (-155.281088913241, 38.4999999999981, 3.50000000000002));
#4955 = CARTESIAN_POINT ('', (-155.219229955828, 38.9285714285695, 3.50000000000008));
#4956 = (
   BOUNDED_CURVE ()
   B_SPLINE_CURVE (2, (#4953, #4954, #4955), .UNSPECIFIED., .F., .U.)
   B_SPLINE_CURVE_WITH_KNOTS ((3, 3), (0., 1.42744875788978), .UNSPECIFIED.)
   CURVE ()
   GEOMETRIC_REPRESENTATION_ITEM ()
   RATIONAL_B_SPLINE_CURVE ((1., 0.755928946018416, 1.))
   REPRESENTATION_ITEM ('')
);
#4957 = EDGE_CURVE ('', #4947, #4906, #4956, .T.);
#4958 = ORIENTED_EDGE ('', *, *, #4957, .T.);
#4959 = ORIENTED_EDGE ('', *, *, #4910, .T.);
#4960 = CARTESIAN_POINT ('', (-155.714101615108, 38.4999999999996, -7.79351760227889));
#4961 = CARTESIAN_POINT ('', (-155.281088913238, 38.500000000022, -7.79351760228085));
#4962 = CARTESIAN_POINT ('', (-155.219229955828, 38.928571428571, -7.83101274378995));
#4963 = (
   BOUNDED_CURVE ()
   B_SPLINE_CURVE (2, (#4960, #4961, #4962), .UNSPECIFIED., .F., .U.)
   B_SPLINE_CURVE_WITH_KNOTS ((3, 3), (0., 1.42744875783741), .UNSPECIFIED.)
   CURVE ()
   GEOMETRIC_REPRESENTATION_ITEM ()
   RATIONAL_B_SPLINE_CURVE ((1., 0.755928946035553, 1.))
   REPRESENTATION_ITEM ('')
);
#4964 = EDGE_CURVE ('', #4938, #4898, #4963, .T.);
#4965 = ORIENTED_EDGE ('', *, *, #4964, .F.);
#4966 = EDGE_LOOP ('', (#4945, #4952, #4958, #4959, #4965));
#4967 = FACE_OUTER_BOUND ('', #4966, .T.);
#4968 = CARTESIAN_POINT ('', (-155.219229955828, 38.9285714285695, 3.50000000000266));
#4969 = CARTESIAN_POINT ('', (-155.245860291062, 38.7440710539796, 3.50000000000263));
#4970 = CARTESIAN_POINT ('', (-155.38677477978, 38.6220355269888, 3.50000000000262));
#4971 = CARTESIAN_POINT ('', (-155.527689268497, 38.4999999999981, 3.5000000000026));
#4972 = CARTESIAN_POINT ('', (-155.714101615134, 38.4999999999981, 3.5000000000026));
#4973 = CARTESIAN_POINT ('', (-155.219229955828, 38.9285714285713, -7.83101274378997));
#4974 = CARTESIAN_POINT ('', (-155.245860291062, 38.7440710539813, -7.83101274379));
#4975 = CARTESIAN_POINT ('', (-155.38677477978, 38.6220355269906, -7.83101274379001));
#4976 = CARTESIAN_POINT ('', (-155.527689268497, 38.4999999999999, -7.83101274379003));
#4977 = CARTESIAN_POINT ('', (-155.714101615134, 38.4999999999998, -7.83101274379003));
#4978 = (
   BOUNDED_SURFACE ()
   B_SPLINE_SURFACE (1, 2, ((#4968, #4969, #4970, #4971, #4972), (#4973, #4974, #4975, #4976, #4977)), .UNSPECIFIED., .F., .F., .U.)
   B_SPLINE_SURFACE_WITH_KNOTS ((2, 2), (3, 2, 3), (0., 0.409284564270622), (0.0437814901726282, 0.0567383255766204, 0.0696951609806039), .UNSPECIFIED.)
   GEOMETRIC_REPRESENTATION_ITEM ()
   RATIONAL_B_SPLINE_SURFACE (((0.854650533810431, 0.866229072199652, 1., 0.866229072199741, 0.854650533810446), (0.854650533810431, 0.866229072199652, 1., 0.866229072199741, 0.854650533810446)))
   REPRESENTATION_ITEM ('')
   SURFACE ()
);
#4979 = ADVANCED_FACE ('', (#4967), #4978, .T.);
#4980 = CARTESIAN_POINT ('', (-159.154689614446, 44.1480162568762, -8.28765499616252));
#4981 = VERTEX_POINT ('', #4980);
#4982 = CARTESIAN_POINT ('', (-159.174977025455, 44.2123457803454, -6.28564342510942));
#4983 = VERTEX_POINT ('', #4982);
#4984 = CARTESIAN_POINT ('', (-159.154689614445, 44.1480162568758, -8.28765499616244));
#4985 = CARTESIAN_POINT ('', (-159.156639360579, 44.1543810484897, -8.08920027072582));
#4986 = CARTESIAN_POINT ('', (-159.161708334943, 44.1707847112637, -7.57802969265932));
#4987 = CARTESIAN_POINT ('', (-159.168483780518, 44.1922309518166, -6.91069263533839));
#4988 = CARTESIAN_POINT ('', (-159.17334621119, 44.207318567607, -6.44181099469575));
#4989 = CARTESIAN_POINT ('', (-159.174977025453, 44.212345780345, -6.28564342510935));
#4990 = B_SPLINE_CURVE_WITH_KNOTS ('', 3, (#4984, #4985, #4986, #4987, #4988, #4989), .UNSPECIFIED., .F., .U., (4, 1, 1, 4), (-1.30980477887303E-12, 0.0217152301348763, 0.0559331685292268, 0.0730214365288979), .UNSPECIFIED.);
#4991 = EDGE_CURVE ('', #4981, #4983, #4990, .T.);
#4992 = ORIENTED_EDGE ('', *, *, #4991, .T.);
#4993 = CARTESIAN_POINT ('', (-159.174977025453, 44.212345780345, -6.28564342510935));
#4994 = CARTESIAN_POINT ('', (-159.236092315549, 43.8911792249321, -6.25754499240709));
#4995 = CARTESIAN_POINT ('', (-159.294726901229, 43.2399621855034, -6.20057088396225));
#4996 = CARTESIAN_POINT ('', (-159.226203313249, 42.5897204347606, -6.14368210222109));
#4997 = CARTESIAN_POINT ('', (-159.094252134166, 41.949918169987, -6.08770665715526));
#4998 = CARTESIAN_POINT ('', (-158.900348113029, 41.3265679064619, -6.033170575691));
#4999 = CARTESIAN_POINT ('', (-158.589333909005, 40.7522577460247, -5.98292494730505));
#5000 = CARTESIAN_POINT ('', (-158.246964916644, 40.2461089156169, -5.93864266258753));
#5001 = CARTESIAN_POINT ('', (-157.88905686918, 39.8038025642664, -5.89994587103888));
#5002 = CARTESIAN_POINT ('', (-157.461190943427, 39.4282304149848, -5.86708756564073));
#5003 = CARTESIAN_POINT ('', (-157.002559575177, 39.0905276127825, -5.83754239880713));
#5004 = CARTESIAN_POINT ('', (-156.516576918933, 38.7932222855708, -5.81153155307028));
#5005 = CARTESIAN_POINT ('', (-155.987010733221, 38.5823896085102, -5.79308608392668));
#5006 = CARTESIAN_POINT ('', (-155.714101615632, 38.5000000001497, -5.78587792720281));
#5007 = B_SPLINE_CURVE_WITH_KNOTS ('', 3, (#4993, #4994, #4995, #4996, #4997, #4998, #4999, #5000, #5001, #5002, #5003, #5004, #5005, #5006), .UNSPECIFIED., .F., .U., (4, 1, 2, 1, 2, 1, 2, 1, 4), (0., 0.0358146328372079, 0.0716292656744157, 0.107378980663904, 0.143128695653391, 0.174254386258117, 0.205380076862843, 0.236508812097502, 0.26763754733216), .UNSPECIFIED.);
#5008 = EDGE_CURVE ('', #4983, #4940, #5007, .T.);
#5009 = ORIENTED_EDGE ('', *, *, #5008, .T.);
#5010 = ORIENTED_EDGE ('', *, *, #4944, .F.);
#5011 = CARTESIAN_POINT ('', (-155.714101615141, 38.5000000000018, -7.79351760227908));
#5012 = CARTESIAN_POINT ('', (-156.024049794851, 38.5957562180247, -7.80189518581819));
#5013 = CARTESIAN_POINT ('', (-156.622149120011, 38.8466526361475, -7.82384577812318));
#5014 = CARTESIAN_POINT ('', (-157.16061916055, 39.2075390288121, -7.85541924630203));
#5015 = CARTESIAN_POINT ('', (-157.661759066235, 39.6194279678048, -7.89145485909557));
#5016 = CARTESIAN_POINT ('', (-158.120573197892, 40.0785326202154, -7.93162131155345));
#5017 = CARTESIAN_POINT ('', (-158.482280832859, 40.6169593415726, -7.97872754581158));
#5018 = CARTESIAN_POINT ('', (-158.768788728779, 41.1490375392401, -8.02527835621673));
#5019 = CARTESIAN_POINT ('', (-158.991843679893, 41.6627601547403, -8.07022326126981));
#5020 = CARTESIAN_POINT ('', (-159.126182879897, 42.2062661763241, -8.11777387671641));
#5021 = CARTESIAN_POINT ('', (-159.214282713644, 42.7586923848193, -8.16610490739428));
#5022 = CARTESIAN_POINT ('', (-159.255656080099, 43.3161965008613, -8.21488019741693));
#5023 = CARTESIAN_POINT ('', (-159.203847522854, 43.8728421864402, -8.26358038450563));
#5024 = CARTESIAN_POINT ('', (-159.154689614444, 44.1480162568777, -8.28765499616515));
#5025 = B_SPLINE_CURVE_WITH_KNOTS ('', 3, (#5011, #5012, #5013, #5014, #5015, #5016, #5017, #5018, #5019, #5020, #5021, #5022, #5023, #5024), .UNSPECIFIED., .F., .U., (4, 1, 2, 1, 2, 1, 2, 1, 4), (0., 0.0354190780385491, 0.0708381560770981, 0.106327423926412, 0.141816691775727, 0.172475356703818, 0.20313402163191, 0.233752614122476, 0.264371206613043), .UNSPECIFIED.);
#5026 = EDGE_CURVE ('', #4938, #4981, #5025, .T.);
#5027 = ORIENTED_EDGE ('', *, *, #5026, .T.);
#5028 = EDGE_LOOP ('', (#4992, #5009, #5010, #5027));
#5029 = FACE_OUTER_BOUND ('', #5028, .T.);
#5030 = CARTESIAN_POINT ('', (-155.714101615134, 38.4999999999996, -8.21130209811488));
#5031 = CARTESIAN_POINT ('', (-155.714101615134, 38.4999999999991, -7.40282056336842));
#5032 = CARTESIAN_POINT ('', (-155.714101615138, 38.4999999999984, -6.59434561135614));
#5033 = CARTESIAN_POINT ('', (-155.714101615143, 38.4999999999976, -5.78587792718979));
#5034 = CARTESIAN_POINT ('', (-156.001641276127, 38.5892639205225, -8.21593668157449));
#5035 = CARTESIAN_POINT ('', (-156.003253466332, 38.5889798476961, -7.40759126130642));
#5036 = CARTESIAN_POINT ('', (-156.004892385505, 38.5886641072393, -6.59925414633204));
#5037 = CARTESIAN_POINT ('', (-156.006557905596, 38.5883147532259, -5.79092624002236));
#5038 = CARTESIAN_POINT ('', (-156.28111434525, 38.7045140150857, -8.22057124317228));
#5039 = CARTESIAN_POINT ('', (-156.284325045158, 38.7042181600397, -7.41236193602698));
#5040 = CARTESIAN_POINT ('', (-156.287591884494, 38.7038651520235, -6.60416265647784));
#5041 = CARTESIAN_POINT ('', (-156.290914961198, 38.7034513230722, -5.79597452616516));
#5042 = CARTESIAN_POINT ('', (-156.814750904607, 38.9834821385288, -8.2296894248904));
#5043 = CARTESIAN_POINT ('', (-156.820991457264, 38.9836741112872, -7.42174645569063));
#5044 = CARTESIAN_POINT ('', (-156.827348171035, 38.9837704722538, -6.61381674938962));
#5045 = CARTESIAN_POINT ('', (-156.833822023225, 38.9837646937917, -5.80590183860511));
#5046 = CARTESIAN_POINT ('', (-157.068965082743, 39.1470801400309, -8.23417324258115));
#5047 = CARTESIAN_POINT ('', (-157.076637126325, 39.1477704124231, -7.42636050436192));
#5048 = CARTESIAN_POINT ('', (-157.084455932183, 39.1483520675913, -6.61856254211774));
#5049 = CARTESIAN_POINT ('', (-157.092423127822, 39.1488174386863, -5.81078108115736));
#5050 = CARTESIAN_POINT ('', (-157.543787939647, 39.5174075732457, -8.24284362410916));
#5051 = CARTESIAN_POINT ('', (-157.554028987997, 39.5195380922659, -7.43527979863705));
#5052 = CARTESIAN_POINT ('', (-157.564475281073, 39.5215454030339, -6.62773336855011));
#5053 = CARTESIAN_POINT ('', (-157.575129879417, 39.5234201661793, -5.82020639572819));
#5054 = CARTESIAN_POINT ('', (-157.764468047217, 39.7240280390282, -8.24703074070185));
#5055 = CARTESIAN_POINT ('', (-157.775847090785, 39.7270993071175, -7.43958561629379));
#5056 = CARTESIAN_POINT ('', (-157.787459258581, 39.7300457500775, -6.63215899450045));
#5057 = CARTESIAN_POINT ('', (-157.799308392189, 39.7328574928539, -5.8247530810242));
#5058 = CARTESIAN_POINT ('', (-158.165020769589, 40.1736598824838, -8.25497108385613));
#5059 = CARTESIAN_POINT ('', (-158.178275148808, 40.1789605579012, -7.44774662069756));
#5060 = CARTESIAN_POINT ('', (-158.191812343327, 40.1841424569055, -6.64054229564281));
#5061 = CARTESIAN_POINT ('', (-158.205637627073, 40.1891951539612, -5.83336053435587));
#5062 = CARTESIAN_POINT ('', (-158.34498322737, 40.4165769025485, -8.25872520044952));
#5063 = CARTESIAN_POINT ('', (-158.358975717718, 40.4231652232125, -7.45160272944799));
#5064 = CARTESIAN_POINT ('', (-158.373272844039, 40.4296424047004, -6.64450092632205));
#5065 = CARTESIAN_POINT ('', (-158.387880529863, 40.4359980042171, -5.83742229282469));
#5066 = CARTESIAN_POINT ('', (-158.658227022364, 40.9308767392547, -8.26567703100994));
#5067 = CARTESIAN_POINT ('', (-158.673214267333, 40.9402697619936, -7.45873729138177));
#5068 = CARTESIAN_POINT ('', (-158.688541196828, 40.9495732196552, -6.65181856488921));
#5069 = CARTESIAN_POINT ('', (-158.704214705526, 40.9587769832501, -5.84492342487546));
#5070 = CARTESIAN_POINT ('', (-158.791613692873, 41.2021828784125, -8.26887594369778));
#5071 = CARTESIAN_POINT ('', (-158.806858590873, 41.2130921935571, -7.46201698812299));
#5072 = CARTESIAN_POINT ('', (-158.822456418883, 41.2239258567176, -6.65517886257818));
#5073 = CARTESIAN_POINT ('', (-158.838414391635, 41.2346740680362, -5.84836413605744));
#5074 = CARTESIAN_POINT ('', (-159.007351848461, 41.7644092194344, -8.27461296568081));
#5075 = CARTESIAN_POINT ('', (-159.022580109547, 41.7784456214251, -7.46789067901504));
#5076 = CARTESIAN_POINT ('', (-159.038177694557, 41.7924369217007, -6.66118805224587));
#5077 = CARTESIAN_POINT ('', (-159.054152017161, 41.8063740954871, -5.85450755965852));
#5078 = CARTESIAN_POINT ('', (-159.089820728336, 42.0552729195921, -8.27715254324382));
#5079 = CARTESIAN_POINT ('', (-159.104775881481, 42.0709196478433, -7.47048619682276));
#5080 = CARTESIAN_POINT ('', (-159.120103527706, 42.0865378954569, -6.6638385246991));
#5081 = CARTESIAN_POINT ('', (-159.135810960069, 42.1021190819343, -5.8572119110592));
#5082 = CARTESIAN_POINT ('', (-159.201030536997, 42.6471241729224, -8.28148800542607));
#5083 = CARTESIAN_POINT ('', (-159.214890415023, 42.6659419114172, -7.47490601501277));
#5084 = CARTESIAN_POINT ('', (-159.229118658661, 42.6847632608893, -6.66833988531342));
#5085 = CARTESIAN_POINT ('', (-159.243721867927, 42.7035803891012, -5.86179173755965));
#5086 = CARTESIAN_POINT ('', (-159.229897100063, 42.9480772385671, -8.28328557943835));
#5087 = CARTESIAN_POINT ('', (-159.242936087839, 42.968455518679, -7.47673206599105));
#5088 = CARTESIAN_POINT ('', (-159.256336167579, 42.9888528739141, -6.67019258756044));
#5089 = CARTESIAN_POINT ('', (-159.270103368475, 43.0092617747297, -5.86366909261045));
#5090 = CARTESIAN_POINT ('', (-159.232193117842, 43.3997349054286, -8.28538015997264));
#5091 = CARTESIAN_POINT ('', (-159.243602191048, 43.4223074824651, -7.4788475962841));
#5092 = CARTESIAN_POINT ('', (-159.255354209831, 43.4449185757742, -6.67232571102294));
#5093 = CARTESIAN_POINT ('', (-159.267454079189, 43.4675608199029, -5.86581614023091));
#5094 = CARTESIAN_POINT ('', (-159.220159337446, 43.7009116868987, -8.28657745476934));
#5095 = CARTESIAN_POINT ('', (-159.230350230939, 43.7248985738769, -7.48005165983396));
#5096 = CARTESIAN_POINT ('', (-159.240869588708, 43.7489356962685, -6.67353410193217));
#5097 = CARTESIAN_POINT ('', (-159.251721479966, 43.7730157019766, -5.867026191211));
#5098 = CARTESIAN_POINT ('', (-159.180964928377, 43.9997709806286, -8.2873648709623));
#5099 = CARTESIAN_POINT ('', (-159.189684137511, 44.0250392393927, -7.48083123136725));
#5100 = CARTESIAN_POINT ('', (-159.198712965046, 44.0503660513154, -6.67430299327676));
#5101 = CARTESIAN_POINT ('', (-159.208054512256, 44.0757438317376, -5.8677813100974));
#5102 = CARTESIAN_POINT ('', (-159.154689666095, 44.1480162896401, -8.28765499707118));
#5103 = CARTESIAN_POINT ('', (-159.162613722007, 44.1738836748859, -7.48111379951616));
#5104 = CARTESIAN_POINT ('', (-159.170837026049, 44.1998127158597, -6.67457649331495));
#5105 = CARTESIAN_POINT ('', (-159.179362175944, 44.2257956392017, -5.86804409716753));
#5106 = B_SPLINE_SURFACE_WITH_KNOTS ('', 3, 3, ((#5030, #5031, #5032, #5033), (#5034, #5035, #5036, #5037), (#5038, #5039, #5040, #5041), (#5042, #5043, #5044, #5045), (#5046, #5047, #5048, #5049), (#5050, #5051, #5052, #5053), (#5054, #5055, #5056, #5057), (#5058, #5059, #5060, #5061), (#5062, #5063, #5064, #5065), (#5066, #5067, #5068, #5069), (#5070, #5071, #5072, #5073), (#5074, #5075, #5076, #5077), (#5078, #5079, #5080, #5081), (#5082, #5083, #5084, #5085), (#5086, #5087, #5088, #5089), (#5090, #5091, #5092, #5093), (#5094, #5095, #5096, #5097), (#5098, #5099, #5100, #5101), (#5102, #5103, #5104, #5105)), .UNSPECIFIED., .F., .F., .U., (4, 2, 2, 2, 2, 2, 2, 2, 1, 4), (4, 4), (0., 0.125, 0.25, 0.375, 0.5, 0.625, 0.75, 0.875, 0.9375, 1.), (-3.74957252965865E-10, 0.0882530051838405), .UNSPECIFIED.);
#5107 = ADVANCED_FACE ('', (#5029), #5106, .T.);
#5108 = CARTESIAN_POINT ('', (-159., 45.8934515465693, -8.44036079692854));
#5109 = VERTEX_POINT ('', #5108);
#5110 = CARTESIAN_POINT ('', (-159.154689614445, 44.1480162568758, -8.28765499616244));
#5111 = CARTESIAN_POINT ('', (-158.999999999999, 45.0139312690913, -8.36341274330811));
#5112 = CARTESIAN_POINT ('', (-158.999999999999, 45.8934515465689, -8.44036079692846));
#5113 = (
   BOUNDED_CURVE ()
   B_SPLINE_CURVE (2, (#5110, #5111, #5112), .UNSPECIFIED., .F., .U.)
   B_SPLINE_CURVE_WITH_KNOTS ((3, 3), (0., 0.176119324559869), .UNSPECIFIED.)
   CURVE ()
   GEOMETRIC_REPRESENTATION_ITEM ()
   RATIONAL_B_SPLINE_CURVE ((1., 0.996125252805931, 1.))
   REPRESENTATION_ITEM ('')
);
#5114 = EDGE_CURVE ('', #4981, #5109, #5113, .T.);
#5115 = ORIENTED_EDGE ('', *, *, #5114, .T.);
#5116 = CARTESIAN_POINT ('', (-159., 46.0677630320644, -6.44797140074503));
#5117 = VERTEX_POINT ('', #5116);
#5118 = CARTESIAN_POINT ('', (-158.999999999999, 45.8934515465689, -8.44036079692847));
#5119 = CARTESIAN_POINT ('', (-158.999999999999, 46.067763032064, -6.44797140074497));
#5120 = B_SPLINE_CURVE_WITH_KNOTS ('', 1, (#5118, #5119), .UNSPECIFIED., .F., .U., (2, 2), (0., 1.), .UNSPECIFIED.);
#5121 = EDGE_CURVE ('', #5109, #5117, #5120, .T.);
#5122 = ORIENTED_EDGE ('', *, *, #5121, .T.);
#5123 = CARTESIAN_POINT ('', (-159.174977025454, 44.212345780345, -6.28564342510935));
#5124 = CARTESIAN_POINT ('', (-158.999999999999, 45.1318663856383, -6.3660910539509));
#5125 = CARTESIAN_POINT ('', (-158.999999999999, 46.067763032064, -6.44797140074497));
#5126 = (
   BOUNDED_CURVE ()
   B_SPLINE_CURVE (2, (#5123, #5124, #5125), .UNSPECIFIED., .F., .U.)
   B_SPLINE_CURVE_WITH_KNOTS ((3, 3), (0., 0.187344443522285), .UNSPECIFIED.)
   CURVE ()
   GEOMETRIC_REPRESENTATION_ITEM ()
   RATIONAL_B_SPLINE_CURVE ((1., 0.995615964480088, 1.))
   REPRESENTATION_ITEM ('')
);
#5127 = EDGE_CURVE ('', #4983, #5117, #5126, .T.);
#5128 = ORIENTED_EDGE ('', *, *, #5127, .F.);
#5129 = ORIENTED_EDGE ('', *, *, #4991, .F.);
#5130 = EDGE_LOOP ('', (#5115, #5122, #5128, #5129));
#5131 = FACE_OUTER_BOUND ('', #5130, .T.);
#5132 = CARTESIAN_POINT ('', (-159.174977025454, 44.0380342948473, -8.27803282129262));
#5133 = CARTESIAN_POINT ('', (-159.174977025454, 44.2123457803424, -6.28564342510912));
#5134 = CARTESIAN_POINT ('', (-158.999999999999, 44.9575549001419, -8.35848045013428));
#5135 = CARTESIAN_POINT ('', (-158.999999999999, 45.131866385637, -6.36609105395078));
#5136 = CARTESIAN_POINT ('', (-158.999999999999, 45.8934515465689, -8.44036079692847));
#5137 = CARTESIAN_POINT ('', (-158.999999999999, 46.067763032064, -6.44797140074497));
#5138 = (
   BOUNDED_SURFACE ()
   B_SPLINE_SURFACE (2, 1, ((#5132, #5133), (#5134, #5135), (#5136, #5137)), .UNSPECIFIED., .F., .F., .U.)
   B_SPLINE_SURFACE_WITH_KNOTS ((3, 3), (2, 2), (2.19697331939885, 2.26953302306482), (0., 0.0722414798262114), .UNSPECIFIED.)
   GEOMETRIC_REPRESENTATION_ITEM ()
   RATIONAL_B_SPLINE_SURFACE (((0.934667068521108, 0.934667068521108), (0.962543404397478, 0.962543404397478), (1., 1.)))
   REPRESENTATION_ITEM ('')
   SURFACE ()
);
#5139 = ADVANCED_FACE ('', (#5131), #5138, .T.);
#5140 = CARTESIAN_POINT ('', (-170.666666666665, 55.8903752210844, -7.30733861349466));
#5141 = VERTEX_POINT ('', #5140);
#5142 = CARTESIAN_POINT ('', (-158.999999999999, 46.067763032064, -6.44797140074497));
#5143 = CARTESIAN_POINT ('', (-158.999999999999, 50.6916314726727, -6.85250747093296));
#5144 = CARTESIAN_POINT ('', (-162.545027756319, 53.6763257169284, -7.11363438139606));
#5145 = CARTESIAN_POINT ('', (-166.090055512639, 56.6610199611841, -7.37476129185915));
#5146 = CARTESIAN_POINT ('', (-170.666666666663, 55.8903752210839, -7.30733861349458));
#5147 = (
   BOUNDED_CURVE ()
   B_SPLINE_CURVE (2, (#5142, #5143, #5144, #5145, #5146), .UNSPECIFIED., .F., .U.)
   B_SPLINE_CURVE_WITH_KNOTS ((3, 2, 3), (0., 0.869122203007165, 1.73824440601433), .UNSPECIFIED.)
   CURVE ()
   GEOMETRIC_REPRESENTATION_ITEM ()
   RATIONAL_B_SPLINE_CURVE ((1., 0.907054911338889, 1., 0.907054911338886, 1.))
   REPRESENTATION_ITEM ('')
);
#5148 = EDGE_CURVE ('', #5117, #5141, #5147, .T.);
#5149 = ORIENTED_EDGE ('', *, *, #5148, .F.);
#5150 = ORIENTED_EDGE ('', *, *, #5121, .F.);
#5151 = CARTESIAN_POINT ('', (-170.666666666665, 55.7160637355893, -9.29972800967817));
#5152 = VERTEX_POINT ('', #5151);
#5153 = CARTESIAN_POINT ('', (-158.999999999999, 45.8934515465689, -8.44036079692847));
#5154 = CARTESIAN_POINT ('', (-158.999999999999, 50.5173199871776, -8.84489686711646));
#5155 = CARTESIAN_POINT ('', (-162.545027756319, 53.5020142314333, -9.10602377757955));
#5156 = CARTESIAN_POINT ('', (-166.090055512639, 56.486708475689, -9.36715068804264));
#5157 = CARTESIAN_POINT ('', (-170.666666666663, 55.7160637355888, -9.29972800967808));
#5158 = (
   BOUNDED_CURVE ()
   B_SPLINE_CURVE (2, (#5153, #5154, #5155, #5156, #5157), .UNSPECIFIED., .F., .U.)
   B_SPLINE_CURVE_WITH_KNOTS ((3, 2, 3), (0., 0.869122203007161, 1.73824440601432), .UNSPECIFIED.)
   CURVE ()
   GEOMETRIC_REPRESENTATION_ITEM ()
   RATIONAL_B_SPLINE_CURVE ((1., 0.907054911338899, 1., 0.907054911338897, 1.))
   REPRESENTATION_ITEM ('')
);
#5159 = EDGE_CURVE ('', #5109, #5152, #5158, .T.);
#5160 = ORIENTED_EDGE ('', *, *, #5159, .T.);
#5161 = CARTESIAN_POINT ('', (-170.666666666663, 55.8903752210839, -7.30733861349458));
#5162 = CARTESIAN_POINT ('', (-170.666666666663, 55.7160637355888, -9.29972800967808));
#5163 = B_SPLINE_CURVE_WITH_KNOTS ('', 1, (#5161, #5162), .UNSPECIFIED., .F., .U., (2, 2), (-0.0727640277742819, -5.55111512312578E-17), .UNSPECIFIED.);
#5164 = EDGE_CURVE ('', #5141, #5152, #5163, .T.);
#5165 = ORIENTED_EDGE ('', *, *, #5164, .F.);
#5166 = EDGE_LOOP ('', (#5149, #5150, #5160, #5165));
#5167 = FACE_OUTER_BOUND ('', #5166, .T.);
#5168 = CARTESIAN_POINT ('', (-158.999999999999, 45.8934515465689, -8.44036079692847));
#5169 = CARTESIAN_POINT ('', (-158.999999999999, 46.067763032064, -6.44797140074497));
#5170 = CARTESIAN_POINT ('', (-158.999999999999, 55.8553985274865, -9.3119182244039));
#5171 = CARTESIAN_POINT ('', (-158.999999999999, 56.0297100129815, -7.3195288282204));
#5172 = CARTESIAN_POINT ('', (-168.999999999999, 55.8553985274865, -9.3119182244039));
#5173 = CARTESIAN_POINT ('', (-168.999999999999, 56.0297100129816, -7.3195288282204));
#5174 = CARTESIAN_POINT ('', (-169.839202169056, 55.8553985274865, -9.3119182244039));
#5175 = CARTESIAN_POINT ('', (-169.839202169056, 56.0297100129816, -7.3195288282204));
#5176 = CARTESIAN_POINT ('', (-170.666666666771, 55.7160637355707, -9.29972800967654));
#5177 = CARTESIAN_POINT ('', (-170.666666666771, 55.8903752210658, -7.30733861349305));
#5178 = (
   BOUNDED_SURFACE ()
   B_SPLINE_SURFACE (2, 1, ((#5168, #5169), (#5170, #5171), (#5172, #5173), (#5174, #5175), (#5176, #5177)), .UNSPECIFIED., .F., .F., .U.)
   B_SPLINE_SURFACE_WITH_KNOTS ((3, 2, 3), (2, 2), (0., 0.567383255766205, 0.6324588442324), (0., 0.0722414798262112), .UNSPECIFIED.)
   GEOMETRIC_REPRESENTATION_ITEM ()
   RATIONAL_B_SPLINE_SURFACE (((1., 1.), (0.707106781186547, 0.707106781186547), (1., 1.), (0.966406836334456, 0.966406836334456), (0.940519557083933, 0.940519557083933)))
   REPRESENTATION_ITEM ('')
   SURFACE ()
);
#5179 = ADVANCED_FACE ('', (#5167), #5178, .T.);
#5180 = CARTESIAN_POINT ('', (-176.499999999997, 60.627369830099, -9.72941161605552));
#5181 = VERTEX_POINT ('', #5180);
#5182 = CARTESIAN_POINT ('', (-176.499999999997, 60.8016813155943, -7.73702221986946));
#5183 = VERTEX_POINT ('', #5182);
#5184 = CARTESIAN_POINT ('', (-176.499999999995, 60.6273698300985, -9.72941161605543));
#5185 = CARTESIAN_POINT ('', (-176.499999999995, 60.8016813155938, -7.73702221986939));
#5186 = B_SPLINE_CURVE_WITH_KNOTS ('', 1, (#5184, #5185), .UNSPECIFIED., .F., .U., (2, 2), (-9.28146448586631E-14, 0.0727640277742818), .UNSPECIFIED.);
#5187 = EDGE_CURVE ('', #5181, #5183, #5186, .T.);
#5188 = ORIENTED_EDGE ('', *, *, #5187, .T.);
#5189 = CARTESIAN_POINT ('', (-176.499999999995, 60.8016813155938, -7.73702221986939));
#5190 = CARTESIAN_POINT ('', (-176.499999999995, 58.4897470952894, -7.53475418477539));
#5191 = CARTESIAN_POINT ('', (-174.727486121835, 56.9973999731616, -7.40419072954385));
#5192 = CARTESIAN_POINT ('', (-172.954972243675, 55.5050528510337, -7.27362727431231));
#5193 = CARTESIAN_POINT ('', (-170.666666666663, 55.8903752210839, -7.30733861349459));
#5194 = (
   BOUNDED_CURVE ()
   B_SPLINE_CURVE (2, (#5189, #5190, #5191, #5192, #5193), .UNSPECIFIED., .F., .U.)
   B_SPLINE_CURVE_WITH_KNOTS ((3, 2, 3), (0., 0.869122203007155, 1.73824440601431), .UNSPECIFIED.)
   CURVE ()
   GEOMETRIC_REPRESENTATION_ITEM ()
   RATIONAL_B_SPLINE_CURVE ((1., 0.907054911338916, 1., 0.907054911338894, 1.))
   REPRESENTATION_ITEM ('')
);
#5195 = EDGE_CURVE ('', #5183, #5141, #5194, .T.);
#5196 = ORIENTED_EDGE ('', *, *, #5195, .T.);
#5197 = ORIENTED_EDGE ('', *, *, #5164, .T.);
#5198 = CARTESIAN_POINT ('', (-170.666666666663, 55.7160637355886, -9.29972800968062));
#5199 = CARTESIAN_POINT ('', (-172.954972243675, 55.3307413655385, -9.26601667049834));
#5200 = CARTESIAN_POINT ('', (-174.727486121835, 56.8230884876663, -9.39658012572988));
#5201 = CARTESIAN_POINT ('', (-176.499999999995, 58.3154356097942, -9.52714358096143));
#5202 = CARTESIAN_POINT ('', (-176.499999999995, 60.6273698300985, -9.72941161605542));
#5203 = (
   BOUNDED_CURVE ()
   B_SPLINE_CURVE (2, (#5198, #5199, #5200, #5201, #5202), .UNSPECIFIED., .F., .U.)
   B_SPLINE_CURVE_WITH_KNOTS ((3, 2, 3), (0., 0.869122203007155, 1.73824440601431), .UNSPECIFIED.)
   CURVE ()
   GEOMETRIC_REPRESENTATION_ITEM ()
   RATIONAL_B_SPLINE_CURVE ((1., 0.907054911338886, 1., 0.907054911338887, 1.))
   REPRESENTATION_ITEM ('')
);
#5204 = EDGE_CURVE ('', #5152, #5181, #5203, .T.);
#5205 = ORIENTED_EDGE ('', *, *, #5204, .T.);
#5206 = EDGE_LOOP ('', (#5188, #5196, #5197, #5205));
#5207 = FACE_OUTER_BOUND ('', #5206, .T.);
#5208 = CARTESIAN_POINT ('', (-170.666666666663, 55.8903752210839, -7.30733861349458));
#5209 = CARTESIAN_POINT ('', (-172.954972243675, 55.5050528510337, -7.2736272743123));
#5210 = CARTESIAN_POINT ('', (-174.727486121835, 56.9973999731616, -7.40419072954385));
#5211 = CARTESIAN_POINT ('', (-176.499999999995, 58.4897470952894, -7.53475418477539));
#5212 = CARTESIAN_POINT ('', (-176.499999999995, 60.8016813155938, -7.73702221986939));
#5213 = CARTESIAN_POINT ('', (-170.666666666663, 55.7160637355886, -9.29972800968062));
#5214 = CARTESIAN_POINT ('', (-172.954972243675, 55.3307413655385, -9.26601667049834));
#5215 = CARTESIAN_POINT ('', (-174.727486121835, 56.8230884876663, -9.39658012572988));
#5216 = CARTESIAN_POINT ('', (-176.499999999995, 58.3154356097941, -9.52714358096143));
#5217 = CARTESIAN_POINT ('', (-176.499999999995, 60.6273698300985, -9.72941161605542));
#5218 = (
   BOUNDED_SURFACE ()
   B_SPLINE_SURFACE (1, 2, ((#5208, #5209, #5210, #5211, #5212), (#5213, #5214, #5215, #5216, #5217)), .UNSPECIFIED., .F., .F., .U.)
   B_SPLINE_SURFACE_WITH_KNOTS ((2, 2), (3, 2, 3), (0., 0.0722414798263034), (0.411193577069938, 0.567383255766199, 0.723572934462459), .UNSPECIFIED.)
   GEOMETRIC_REPRESENTATION_ITEM ()
   RATIONAL_B_SPLINE_SURFACE (((0.855050931302626, 0.838744279906499, 1., 0.838744279906499, 0.855050931302626), (0.855050931302626, 0.838744279906499, 1., 0.838744279906499, 0.855050931302626)))
   REPRESENTATION_ITEM ('')
   SURFACE ()
);
#5219 = ADVANCED_FACE ('', (#5207), #5218, .T.);
#5220 = CARTESIAN_POINT ('', (-176.499999999996, 73.5358983848605, 3.5000000000072));
#5221 = VERTEX_POINT ('', #5220);
#5222 = CARTESIAN_POINT ('', (-176.5, 45.999999999999, 3.50000000000367));
#5223 = VERTEX_POINT ('', #5222);
#5224 = CARTESIAN_POINT ('', (-176.499999999995, 73.5358983848603, 3.50000000000719));
#5225 = CARTESIAN_POINT ('', (-176.499999999995, 45.9999999999978, 3.50000000000359));
#5226 = B_SPLINE_CURVE_WITH_KNOTS ('', 1, (#5224, #5225), .UNSPECIFIED., .F., .U., (2, 2), (0.0165750576834906, 1.), .UNSPECIFIED.);
#5227 = EDGE_CURVE ('', #5221, #5223, #5226, .T.);
#5228 = ORIENTED_EDGE ('', *, *, #5227, .T.);
#5229 = CARTESIAN_POINT ('', (-176.499999999997, 45.9999999999994, -6.44204290363315));
#5230 = VERTEX_POINT ('', #5229);
#5231 = CARTESIAN_POINT ('', (-176.499999999995, 45.999999999999, -6.44204290363309));
#5232 = CARTESIAN_POINT ('', (-176.499999999995, 45.9999999999977, 3.50000000000366));
#5233 = B_SPLINE_CURVE_WITH_KNOTS ('', 1, (#5231, #5232), .UNSPECIFIED., .F., .U., (2, 2), (-0.0856402639669963, 0.818181818181823), .UNSPECIFIED.);
#5234 = EDGE_CURVE ('', #5230, #5223, #5233, .T.);
#5235 = ORIENTED_EDGE ('', *, *, #5234, .F.);
#5236 = CARTESIAN_POINT ('', (-176.499999999995, 45.999999999999, -6.44204290363315));
#5237 = CARTESIAN_POINT ('', (-176.499999999995, 60.8016813155938, -7.73702221986939));
#5238 = B_SPLINE_CURVE_WITH_KNOTS ('', 1, (#5236, #5237), .UNSPECIFIED., .F., .U., (2, 2), (2.42476319305444E-14, 1.47578357663733), .UNSPECIFIED.);
#5239 = EDGE_CURVE ('', #5230, #5183, #5238, .T.);
#5240 = ORIENTED_EDGE ('', *, *, #5239, .T.);
#5241 = ORIENTED_EDGE ('', *, *, #5187, .F.);
#5242 = CARTESIAN_POINT ('', (-176.499999999997, 73.5358983848626, -10.8587615273965));
#5243 = VERTEX_POINT ('', #5242);
#5244 = CARTESIAN_POINT ('', (-176.499999999995, 73.5358983848621, -10.8587615273964));
#5245 = CARTESIAN_POINT ('', (-176.499999999995, 60.6273698300985, -9.72941161605542));
#5246 = B_SPLINE_CURVE_WITH_KNOTS ('', 1, (#5244, #5245), .UNSPECIFIED., .F., .U., (2, 2), (-7.6395385608958, -7.16765541530081), .UNSPECIFIED.);
#5247 = EDGE_CURVE ('', #5243, #5181, #5246, .T.);
#5248 = ORIENTED_EDGE ('', *, *, #5247, .F.);
#5249 = CARTESIAN_POINT ('', (-176.499999999995, 73.5358983848602, 3.50000000000718));
#5250 = CARTESIAN_POINT ('', (-176.499999999995, 73.535898384862, -10.8587615273963));
#5251 = B_SPLINE_CURVE_WITH_KNOTS ('', 1, (#5249, #5250), .UNSPECIFIED., .F., .U., (2, 2), (-0.274436768286031, 0.218134745485198), .UNSPECIFIED.);
#5252 = EDGE_CURVE ('', #5221, #5243, #5251, .T.);
#5253 = ORIENTED_EDGE ('', *, *, #5252, .F.);
#5254 = EDGE_LOOP ('', (#5228, #5235, #5240, #5241, #5248, #5253));
#5255 = FACE_OUTER_BOUND ('', #5254, .T.);
#5256 = CARTESIAN_POINT ('', (-176.499999999995, 45.9999999999999, -10.8587615274005));
#5257 = CARTESIAN_POINT ('', (-176.499999999995, 45.9999999999984, 3.5000000000039));
#5258 = CARTESIAN_POINT ('', (-176.499999999995, 73.5358983848627, -10.8587615273977));
#5259 = CARTESIAN_POINT ('', (-176.499999999995, 73.5358983848612, 3.50000000000674));
#5260 = B_SPLINE_SURFACE_WITH_KNOTS ('', 1, 1, ((#5256, #5257), (#5258, #5259)), .UNSPECIFIED., .F., .F., .U., (2, 2), (2, 2), (15.0021305368506, 16.2571062503449), (-0.244230839222791, 0.410183872107445), .UNSPECIFIED.);
#5261 = ADVANCED_FACE ('', (#5255), #5260, .T.);
#5262 = ORIENTED_EDGE ('', *, *, #5234, .T.);
#5263 = CARTESIAN_POINT ('', (-169., 38.4999999999993, 3.50000000000269));
#5264 = VERTEX_POINT ('', #5263);
#5265 = CARTESIAN_POINT ('', (-176.499999999995, 45.9999999999978, 3.5000000000036));
#5266 = CARTESIAN_POINT ('', (-176.499999999995, 45.7845716370648, 3.50000000000358));
#5267 = CARTESIAN_POINT ('', (-176.490700885436, 45.5689435948551, 3.50000000000355));
#5268 = CARTESIAN_POINT ('', (-176.453627947039, 45.1399189991937, 3.50000000000349));
#5269 = CARTESIAN_POINT ('', (-176.425839893067, 44.9261234785344, 3.50000000000346));
#5270 = CARTESIAN_POINT ('', (-176.35208750173, 44.5023279676872, 3.5000000000034));
#5271 = CARTESIAN_POINT ('', (-176.306074156973, 44.2919330919777, 3.50000000000338));
#5272 = CARTESIAN_POINT ('', (-176.196299855358, 43.8764682790354, 3.50000000000332));
#5273 = CARTESIAN_POINT ('', (-176.132455843753, 43.6710104733858, 3.50000000000329));
#5274 = CARTESIAN_POINT ('', (-175.987575596595, 43.2669037738662, 3.50000000000324));
#5275 = CARTESIAN_POINT ('', (-175.906423216412, 43.0678768690169, 3.50000000000321));
#5276 = CARTESIAN_POINT ('', (-175.727603886074, 42.6780600507789, 3.50000000000316));
#5277 = CARTESIAN_POINT ('', (-175.629788878682, 42.4869047126134, 3.50000000000314));
#5278 = CARTESIAN_POINT ('', (-175.418438878196, 42.1141931765684, 3.50000000000309));
#5279 = CARTESIAN_POINT ('', (-175.304725302928, 41.9322867410819, 3.50000000000307));
#5280 = CARTESIAN_POINT ('', (-175.062483504884, 41.5793596880833, 3.50000000000302));
#5281 = CARTESIAN_POINT ('', (-174.933747762101, 41.4080064775638, 3.500000000003));
#5282 = CARTESIAN_POINT ('', (-174.6624707531, 41.0773881083221, 3.50000000000296));
#5283 = CARTESIAN_POINT ('', (-174.519694803112, 40.9178103000479, 3.50000000000293));
#5284 = CARTESIAN_POINT ('', (-174.221442584304, 40.6118521856897, 3.5000000000029));
#5285 = CARTESIAN_POINT ('', (-174.065706415119, 40.4651812996387, 3.50000000000288));
#5286 = CARTESIAN_POINT ('', (-173.742726659597, 40.1860460505817, 3.50000000000284));
#5287 = CARTESIAN_POINT ('', (-173.575200061388, 40.0533151174893, 3.50000000000282));
#5288 = CARTESIAN_POINT ('', (-173.229911048693, 39.8029614676516, 3.50000000000279));
#5289 = CARTESIAN_POINT ('', (-173.051844757457, 39.6850979332426, 3.50000000000277));
#5290 = CARTESIAN_POINT ('', (-172.686817114104, 39.465267345283, 3.50000000000274));
#5291 = CARTESIAN_POINT ('', (-172.499533391054, 39.3630867606718, 3.50000000000273));
#5292 = CARTESIAN_POINT ('', (-172.117470773694, 39.1752916460045, 3.50000000000271));
#5293 = CARTESIAN_POINT ('', (-171.922353490577, 39.0894921881206, 3.50000000000269));
#5294 = CARTESIAN_POINT ('', (-171.526072355107, 38.9350058229354, 3.50000000000268));
#5295 = CARTESIAN_POINT ('', (-171.324556658687, 38.8661636824394, 3.50000000000267));
#5296 = CARTESIAN_POINT ('', (-170.916965264222, 38.7460118879451, 3.50000000000265));
#5297 = CARTESIAN_POINT ('', (-170.71052689572, 38.6945775554669, 3.50000000000264));
#5298 = CARTESIAN_POINT ('', (-170.294603696783, 38.6095321971422, 3.50000000000263));
#5299 = CARTESIAN_POINT ('', (-170.084748043971, 38.575827671861, 3.50000000000263));
#5300 = CARTESIAN_POINT ('', (-169.663519627503, 38.5264020187269, 3.50000000000263));
#5301 = CARTESIAN_POINT ('', (-169.451770588462, 38.5106189563372, 3.50000000000262));
#5302 = CARTESIAN_POINT ('', (-169.159979829559, 38.5012798410542, 3.50000000000262));
#5303 = CARTESIAN_POINT ('', (-169.079984798678, 38.4999999999982, 3.50000000000262));
#5304 = CARTESIAN_POINT ('', (-168.999999999995, 38.4999999999982, 3.50000000000262));
#5305 = B_SPLINE_CURVE_WITH_KNOTS ('', 3, (#5265, #5266, #5267, #5268, #5269, #5270, #5271, #5272, #5273, #5274, #5275, #5276, #5277, #5278, #5279, #5280, #5281, #5282, #5283, #5284, #5285, #5286, #5287, #5288, #5289, #5290, #5291, #5292, #5293, #5294, #5295, #5296, #5297, #5298, #5299, #5300, #5301, #5302, #5303, #5304), .UNSPECIFIED., .F., .U., (4, 2, 2, 2, 2, 2, 2, 2, 2, 2, 2, 2, 2, 2, 2, 2, 2, 2, 2, 4), (0., 0.646285088798747, 1.29187017846037, 1.936780517764, 2.58103761242479, 3.22465962525813, 3.86766169977572, 4.51005622018879, 5.15185301773536, 5.79305953087589, 6.43368092501785, 7.07372017589043, 7.71317811941733, 8.35205346980623, 8.99034280656419, 9.62804053017111, 10.2651387851672, 10.9016273483656, 11.5374934787381, 11.7774478747845), .UNSPECIFIED.);
#5306 = EDGE_CURVE ('', #5223, #5264, #5305, .T.);
#5307 = ORIENTED_EDGE ('', *, *, #5306, .T.);
#5308 = CARTESIAN_POINT ('', (-168.999999999997, 38.4999999999998, -5.78587792718971));
#5309 = VERTEX_POINT ('', #5308);
#5310 = CARTESIAN_POINT ('', (-168.999999999995, 38.4999999999994, -5.78587792718966));
#5311 = CARTESIAN_POINT ('', (-168.999999999995, 38.4999999999982, 3.50000000000268));
#5312 = B_SPLINE_CURVE_WITH_KNOTS ('', 1, (#5310, #5311), .UNSPECIFIED., .F., .U., (2, 2), (-0.0259889024720474, 0.818181818181824), .UNSPECIFIED.);
#5313 = EDGE_CURVE ('', #5309, #5264, #5312, .T.);
#5314 = ORIENTED_EDGE ('', *, *, #5313, .F.);
#5315 = CARTESIAN_POINT ('', (-168.999999999995, 38.4999999999994, -5.78587792718966));
#5316 = CARTESIAN_POINT ('', (-169.064705218318, 38.4999999999994, -5.78587792718966));
#5317 = CARTESIAN_POINT ('', (-169.130445508217, 38.5008553345745, -5.7859527592685));
#5318 = CARTESIAN_POINT ('', (-169.25981809251, 38.5042223807981, -5.78624733764263));
#5319 = CARTESIAN_POINT ('', (-169.325481635252, 38.5067864572123, -5.78647166526129));
#5320 = CARTESIAN_POINT ('', (-169.454734348992, 38.5135185185894, -5.78706064431395));
#5321 = CARTESIAN_POINT ('', (-169.520276746354, 38.5177877403344, -5.78743415281871));
#5322 = CARTESIAN_POINT ('', (-169.649321326545, 38.5278804341401, -5.78831714911114));
#5323 = CARTESIAN_POINT ('', (-169.714698309035, 38.5338500438544, -5.78883942228682));
#5324 = CARTESIAN_POINT ('', (-169.843446662817, 38.547296640735, -5.79001584707687));
#5325 = CARTESIAN_POINT ('', (-169.908614122023, 38.5549607242123, -5.79068636749746));
#5326 = CARTESIAN_POINT ('', (-170.03697839164, 38.5717521552209, -5.79215542735508));
#5327 = CARTESIAN_POINT ('', (-170.101892412392, 38.5811036464747, -5.79297357682685));
#5328 = CARTESIAN_POINT ('', (-170.229785039845, 38.6012285121015, -5.79473427442417));
#5329 = CARTESIAN_POINT ('', (-170.294401932164, 38.6122591994731, -5.79569933452008));
#5330 = CARTESIAN_POINT ('', (-170.421735723475, 38.6357037806559, -5.79775046959469));
#5331 = CARTESIAN_POINT ('', (-170.486012054255, 38.6484043139484, -5.79886162227852));
#5332 = CARTESIAN_POINT ('', (-170.612700243268, 38.675152585041, -5.80120179276804));
#5333 = CARTESIAN_POINT ('', (-170.676592867646, 38.6895124836621, -5.80245812110676));
#5334 = CARTESIAN_POINT ('', (-170.802549179291, 38.7195461273375, -5.80508572445274));
#5335 = CARTESIAN_POINT ('', (-170.86601527168, 38.7355537894293, -5.80648621341532));
#5336 = CARTESIAN_POINT ('', (-170.991153984621, 38.7688522134884, -5.80939944803376));
#5337 = CARTESIAN_POINT ('', (-171.054151069348, 38.7864949260221, -5.81094298537431));
#5338 = CARTESIAN_POINT ('', (-171.178387077956, 38.823035282077, -5.81413985229031));
#5339 = CARTESIAN_POINT ('', (-171.240873059486, 38.8422992318886, -5.81582522951355));
#5340 = CARTESIAN_POINT ('', (-171.364121935055, 38.8820564358846, -5.81930353415669));
#5341 = CARTESIAN_POINT ('', (-171.426055127757, 38.9029267216244, -5.82112944756346));
#5342 = CARTESIAN_POINT ('', (-171.548233178908, 38.9458734761623, -5.82488680172076));
#5343 = CARTESIAN_POINT ('', (-171.609572336327, 38.9683341211317, -5.82685185353105));
#5344 = CARTESIAN_POINT ('', (-171.730596668534, 39.0144409395482, -5.83088567745374));
#5345 = CARTESIAN_POINT ('', (-171.791301012153, 39.0384749053939, -5.83298837700481));
#5346 = CARTESIAN_POINT ('', (-171.911089586315, 39.087710137556, -5.83729590166505));
#5347 = CARTESIAN_POINT ('', (-171.971118833763, 39.1132993387923, -5.83953466668191));
#5348 = CARTESIAN_POINT ('', (-172.089590523795, 39.1656291985571, -5.84411293617522));
#5349 = CARTESIAN_POINT ('', (-172.148904916481, 39.1927545178842, -5.84648609411086));
#5350 = CARTESIAN_POINT ('', (-172.265979565833, 39.2481431121753, -5.85133196819996));
#5351 = CARTESIAN_POINT ('', (-172.324539895986, 39.2767844165627, -5.85383775764245));
#5352 = CARTESIAN_POINT ('', (-172.440138373065, 39.335193776009, -5.8589479144378));
#5353 = CARTESIAN_POINT ('', (-172.497906010155, 39.3653299335106, -5.86158448658143));
#5354 = CARTESIAN_POINT ('', (-172.64043120483, 39.4420513582794, -5.86829674149824));
#5355 = CARTESIAN_POINT ('', (-172.72572607536, 39.4901311413873, -5.87250317746496));
#5356 = CARTESIAN_POINT ('', (-172.893018036914, 39.5887722274461, -5.88113315425298));
#5357 = CARTESIAN_POINT ('', (-172.976285528059, 39.6400800411876, -5.88562200630566));
#5358 = CARTESIAN_POINT ('', (-173.139621009555, 39.7451642706131, -5.89481568509573));
#5359 = CARTESIAN_POINT ('', (-173.220740030305, 39.7996142775154, -5.89957944342858));
#5360 = CARTESIAN_POINT ('', (-173.379871485474, 39.9109804661323, -5.90932272243264));
#5361 = CARTESIAN_POINT ('', (-173.458724607783, 39.9684823370588, -5.91435348427023));
#5362 = CARTESIAN_POINT ('', (-173.613411306371, 40.0859599130777, -5.92463144039037));
#5363 = CARTESIAN_POINT ('', (-173.689884928728, 40.1464189880856, -5.92992092406082));
#5364 = CARTESIAN_POINT ('', (-173.8773995795, 40.3006840711752, -5.94341737000903));
#5365 = CARTESIAN_POINT ('', (-173.987571249683, 40.3968444256931, -5.95183031090997));
#5366 = CARTESIAN_POINT ('', (-174.335452883801, 40.7188298628137, -5.98000038647842));
#5367 = CARTESIAN_POINT ('', (-174.561571447948, 40.957517363781, -6.00088283693836));
#5368 = CARTESIAN_POINT ('', (-174.864286697454, 41.3222443288591, -6.03279231166487));
#5369 = CARTESIAN_POINT ('', (-174.953683568141, 41.4365693368721, -6.04279445382351));
#5370 = CARTESIAN_POINT ('', (-175.097690180934, 41.6322071572166, -6.05991054526055));
#5371 = CARTESIAN_POINT ('', (-175.153496885983, 41.7111874246702, -6.06682042330497));
#5372 = CARTESIAN_POINT ('', (-175.262527652486, 41.8720237185117, -6.08089177569961));
#5373 = CARTESIAN_POINT ('', (-175.315172362332, 41.9530213410438, -6.08797814944371));
#5374 = CARTESIAN_POINT ('', (-175.417889886011, 42.1179733127647, -6.10240957699552));
#5375 = CARTESIAN_POINT ('', (-175.467301357018, 42.2008616112733, -6.10966136345396));
#5376 = CARTESIAN_POINT ('', (-175.563553104782, 42.3696813429183, -6.12443117615236));
#5377 = CARTESIAN_POINT ('', (-175.609665144656, 42.4543311988288, -6.13183707891363));
#5378 = CARTESIAN_POINT ('', (-175.699308371244, 42.6267654232366, -6.14692311875317));
#5379 = CARTESIAN_POINT ('', (-175.74205991432, 42.7130454733457, -6.15447164502615));
#5380 = CARTESIAN_POINT ('', (-175.824961822746, 42.8888359605379, -6.16985131981115));
#5381 = CARTESIAN_POINT ('', (-175.864296998427, 42.9766127930129, -6.17753079757292));
#5382 = CARTESIAN_POINT ('', (-175.927642151506, 43.1256362778919, -6.19056866309894));
#5383 = CARTESIAN_POINT ('', (-175.952013727113, 43.1850937588714, -6.19577051864645));
#5384 = CARTESIAN_POINT ('', (-175.999576874528, 43.3055397000468, -6.20630817306699));
#5385 = CARTESIAN_POINT ('', (-176.022393239042, 43.3655768411431, -6.21156074230342));
#5386 = CARTESIAN_POINT ('', (-176.066830778533, 43.4872135670141, -6.22220257688553));
#5387 = CARTESIAN_POINT ('', (-176.088078527929, 43.5477897361812, -6.22750230496747));
#5388 = CARTESIAN_POINT ('', (-176.129361338564, 43.6705365356727, -6.23824125840705));
#5389 = CARTESIAN_POINT ('', (-176.149028122195, 43.7316108016217, -6.24358456431074));
#5390 = CARTESIAN_POINT ('', (-176.187129152878, 43.855386299654, -6.25441351721083));
#5391 = CARTESIAN_POINT ('', (-176.205203679414, 43.9169174579367, -6.25979679601418));
#5392 = CARTESIAN_POINT ('', (-176.240097961114, 44.0416396668109, -6.27070857538057));
#5393 = CARTESIAN_POINT ('', (-176.256570003924, 44.1035862659482, -6.27612820054907));
#5394 = CARTESIAN_POINT ('', (-176.288234660764, 44.2291726367355, -6.2871155842863));
#5395 = CARTESIAN_POINT ('', (-176.303095062755, 44.2914930043849, -6.29256790996238));
#5396 = CARTESIAN_POINT ('', (-176.331509321987, 44.4178604783081, -6.30362363136906));
#5397 = CARTESIAN_POINT ('', (-176.344749999906, 44.4805127474659, -6.30910499466453));
#5398 = CARTESIAN_POINT ('', (-176.369895200788, 44.6075778072647, -6.32022174692715));
#5399 = CARTESIAN_POINT ('', (-176.381509148992, 44.6705199424987, -6.32572847021824));
#5400 = CARTESIAN_POINT ('', (-176.403368750589, 44.7981986637676, -6.33689891090274));
#5401 = CARTESIAN_POINT ('', (-176.413350044283, 44.8613884874779, -6.34242730412759));
#5402 = CARTESIAN_POINT ('', (-176.431909632207, 44.9895965899738, -6.35364405966813));
#5403 = CARTESIAN_POINT ('', (-176.440253430166, 45.0529918086765, -6.35919042262635));
#5404 = CARTESIAN_POINT ('', (-176.455500722278, 45.18164470759, -6.37044609281102));
#5405 = CARTESIAN_POINT ('', (-176.462203269044, 45.2452029382223, -6.3760067174651));
#5406 = CARTESIAN_POINT ('', (-176.474128120113, 45.3742157954097, -6.38729387991807));
#5407 = CARTESIAN_POINT ('', (-176.47918674768, 45.4378945916543, -6.39286505269644));
#5408 = CARTESIAN_POINT ('', (-176.487781153041, 45.5671823668292, -6.40417626735672));
#5409 = CARTESIAN_POINT ('', (-176.491194282028, 45.6309392454538, -6.40975427145816));
#5410 = CARTESIAN_POINT ('', (-176.496452380215, 45.7604167473377, -6.42108208505464));
#5411 = CARTESIAN_POINT ('', (-176.498219520527, 45.8242092145491, -6.42666320275398));
#5412 = CARTESIAN_POINT ('', (-176.499727808899, 45.9261066853135, -6.43557807628782));
#5413 = CARTESIAN_POINT ('', (-176.499999999995, 45.9628862922451, -6.43879587494327));
#5414 = CARTESIAN_POINT ('', (-176.499999999995, 45.9999999999984, -6.44204290363309));
#5415 = B_SPLINE_CURVE_WITH_KNOTS ('', 3, (#5315, #5316, #5317, #5318, #5319, #5320, #5321, #5322, #5323, #5324, #5325, #5326, #5327, #5328, #5329, #5330, #5331, #5332, #5333, #5334, #5335, #5336, #5337, #5338, #5339, #5340, #5341, #5342, #5343, #5344, #5345, #5346, #5347, #5348, #5349, #5350, #5351, #5352, #5353, #5354, #5355, #5356, #5357, #5358, #5359, #5360, #5361, #5362, #5363, #5364, #5365, #5366, #5367, #5368, #5369, #5370, #5371, #5372, #5373, #5374, #5375, #5376, #5377, #5378, #5379, #5380, #5381, #5382, #5383, #5384, #5385, #5386, #5387, #5388, #5389, #5390, #5391, #5392, #5393, #5394, #5395, #5396, #5397, #5398, #5399, #5400, #5401, #5402, #5403, #5404, #5405, #5406, #5407, #5408, #5409, #5410, #5411, #5412, #5413, #5414), .UNSPECIFIED., .F., .U., (4, 2, 2, 2, 2, 2, 2, 2, 2, 2, 2, 2, 2, 2, 2, 2, 2, 2, 2, 2, 2, 2, 2, 2, 2, 2, 2, 2, 2, 2, 2, 2, 2, 2, 2, 2, 2, 2, 2, 2, 2, 2, 2, 2, 2, 2, 2, 2, 2, 4), (0., 0.19411565496743, 0.388250182343436, 0.582403414242249, 0.776575191125346, 0.970765361272401, 1.16497378028261, 1.35920031060706, 1.55344482111334, 1.74770718668329, 1.94198728784506, 2.13628501043973, 2.3306002453236, 2.52493288810645, 2.71928283892556, 2.91365000225617, 3.10803428675767, 3.3024356051555, 3.49685387415795, 3.69128901440689, 3.98286000839382, 4.2744873227296, 4.56617063462383, 4.85790965285868, 5.14970411928888, 5.5874811212645, 6.57427712762657, 7.01265636074976, 7.30485580016621, 7.59711013973736, 7.88941955094055, 8.18178426518373, 8.47420457619814, 8.76668084222915, 8.96156003232195, 9.15645600701573, 9.35136886977802, 9.54629873330702, 9.74124571964014, 9.93620996025099, 10.1311915961352, 10.3261907778865, 10.5212076657648, 10.7162424297571, 10.9112952496347, 11.1063663150065, 11.301455825373, 11.496563990182, 11.6916910288895, 11.8034574571522), .UNSPECIFIED.);
#5416 = EDGE_CURVE ('', #5309, #5230, #5415, .T.);
#5417 = ORIENTED_EDGE ('', *, *, #5416, .T.);
#5418 = EDGE_LOOP ('', (#5262, #5307, #5314, #5417));
#5419 = FACE_OUTER_BOUND ('', #5418, .T.);
#5420 = CARTESIAN_POINT ('', (-176.499999978528, 46.0005674588428, 3.5000000000037));
#5421 = CARTESIAN_POINT ('', (-176.499999978528, 46.000567458844, -6.44204290363313));
#5422 = CARTESIAN_POINT ('', (-176.499999999995, 46.0002837294203, 3.5000000000037));
#5423 = CARTESIAN_POINT ('', (-176.499999999995, 46.0002837294216, -6.44204290363313));
#5424 = CARTESIAN_POINT ('', (-176.499999999995, 45.9999999999971, 3.5000000000037));
#5425 = CARTESIAN_POINT ('', (-176.499999999995, 45.9999999999984, -6.44204290363313));
#5426 = CARTESIAN_POINT ('', (-176.499999999995, 38.4999999999977, 3.50000000000272));
#5427 = CARTESIAN_POINT ('', (-176.499999999995, 38.499999999999, -6.44204290363411));
#5428 = CARTESIAN_POINT ('', (-168.999999999995, 38.4999999999982, 3.50000000000271));
#5429 = CARTESIAN_POINT ('', (-168.999999999995, 38.4999999999995, -6.44204290363412));
#5430 = (
   BOUNDED_SURFACE ()
   B_SPLINE_SURFACE (2, 1, ((#5420, #5421), (#5422, #5423), (#5424, #5425), (#5426, #5427), (#5428, #5429)), .UNSPECIFIED., .F., .F., .U.)
   B_SPLINE_SURFACE_WITH_KNOTS ((3, 2, 3), (2, 2), (1.2765895593506, 1.27661232547386, 1.70214976729848), (-0.359113945927206, 0.), .UNSPECIFIED.)
   GEOMETRIC_REPRESENTATION_ITEM ()
   RATIONAL_B_SPLINE_SURFACE (((0.999968662281029, 0.999968662281029), (0.999984330302191, 0.999984330302191), (1., 1.), (0.707106781186547, 0.707106781186547), (1., 1.)))
   REPRESENTATION_ITEM ('')
   SURFACE ()
);
#5431 = ADVANCED_FACE ('', (#5419), #5430, .T.);
#5432 = ORIENTED_EDGE ('', *, *, #5252, .T.);
#5433 = CARTESIAN_POINT ('', (-176.071428571425, 74.030770044168, -10.9020571874859));
#5434 = VERTEX_POINT ('', #5433);
#5435 = CARTESIAN_POINT ('', (-176.071428571424, 74.0307700441674, -10.9020571874858));
#5436 = CARTESIAN_POINT ('', (-176.500000000001, 73.9689110867535, -10.8966452299745));
#5437 = CARTESIAN_POINT ('', (-176.499999999995, 73.5358983848549, -10.8587615273957));
#5438 = (
   BOUNDED_CURVE ()
   B_SPLINE_CURVE (2, (#5435, #5436, #5437), .UNSPECIFIED., .F., .U.)
   B_SPLINE_CURVE_WITH_KNOTS ((3, 3), (0.143347568890994, 1.5707963267949), .UNSPECIFIED.)
   CURVE ()
   GEOMETRIC_REPRESENTATION_ITEM ()
   RATIONAL_B_SPLINE_CURVE ((1., 0.755928946013752, 1.))
   REPRESENTATION_ITEM ('')
);
#5439 = EDGE_CURVE ('', #5434, #5243, #5438, .T.);
#5440 = ORIENTED_EDGE ('', *, *, #5439, .F.);
#5441 = CARTESIAN_POINT ('', (-176.071428831511, 74.0307718461015, 3.50000000000727));
#5442 = VERTEX_POINT ('', #5441);
#5443 = CARTESIAN_POINT ('', (-176.071428571424, 74.0307700441674, -10.9020571874858));
#5444 = CARTESIAN_POINT ('', (-176.071428571424, 74.0307700441656, 3.50000000000725));
#5445 = B_SPLINE_CURVE_WITH_KNOTS ('', 1, (#5443, #5444), .UNSPECIFIED., .F., .U., (2, 2), (-0.219619985614668, 0.274436768286031), .UNSPECIFIED.);
#5446 = EDGE_CURVE ('', #5434, #5442, #5445, .T.);
#5447 = ORIENTED_EDGE ('', *, *, #5446, .T.);
#5448 = CARTESIAN_POINT ('', (-176.071428571424, 74.0307700441656, 3.50000000000421));
#5449 = CARTESIAN_POINT ('', (-176.499999999995, 73.9689110867524, 3.50000000000419));
#5450 = CARTESIAN_POINT ('', (-176.499999999995, 73.5358983848602, 3.50000000000415));
#5451 = (
   BOUNDED_CURVE ()
   B_SPLINE_CURVE (2, (#5448, #5449, #5450), .UNSPECIFIED., .F., .U.)
   B_SPLINE_CURVE_WITH_KNOTS ((3, 3), (0., 1.42744875788944), .UNSPECIFIED.)
   CURVE ()
   GEOMETRIC_REPRESENTATION_ITEM ()
   RATIONAL_B_SPLINE_CURVE ((1., 0.755928946018428, 1.))
   REPRESENTATION_ITEM ('')
);
#5452 = EDGE_CURVE ('', #5442, #5221, #5451, .T.);
#5453 = ORIENTED_EDGE ('', *, *, #5452, .T.);
#5454 = EDGE_LOOP ('', (#5432, #5440, #5447, #5453));
#5455 = FACE_OUTER_BOUND ('', #5454, .T.);
#5456 = CARTESIAN_POINT ('', (-176.499999999995, 73.5358983848568, 3.50000000000718));
#5457 = CARTESIAN_POINT ('', (-176.499999999996, 73.7223107314951, 3.5000000000072));
#5458 = CARTESIAN_POINT ('', (-176.377964473004, 73.8632252202142, 3.50000000000722));
#5459 = CARTESIAN_POINT ('', (-176.255928946014, 74.0041397089319, 3.50000000000724));
#5460 = CARTESIAN_POINT ('', (-176.071428571424, 74.0307700441656, 3.50000000000724));
#5461 = CARTESIAN_POINT ('', (-176.499999999995, 73.5358983848584, -10.9020571874858));
#5462 = CARTESIAN_POINT ('', (-176.499999999996, 73.7223107314967, -10.9020571874858));
#5463 = CARTESIAN_POINT ('', (-176.377964473004, 73.8632252202158, -10.9020571874858));
#5464 = CARTESIAN_POINT ('', (-176.255928946014, 74.0041397089335, -10.9020571874858));
#5465 = CARTESIAN_POINT ('', (-176.071428571424, 74.0307700441673, -10.9020571874858));
#5466 = (
   BOUNDED_SURFACE ()
   B_SPLINE_SURFACE (1, 2, ((#5456, #5457, #5458, #5459, #5460), (#5461, #5462, #5463, #5464, #5465)), .UNSPECIFIED., .F., .F., .U.)
   B_SPLINE_SURFACE_WITH_KNOTS ((2, 2), (3, 2, 3), (0., 0.520212961883114), (0.0437814901725151, 0.0567383255766205, 0.0696951609806138), .UNSPECIFIED.)
   GEOMETRIC_REPRESENTATION_ITEM ()
   RATIONAL_B_SPLINE_SURFACE (((0.854650533810229, 0.866229072198483, 1., 0.86622907219964, 0.854650533810429), (0.854650533810229, 0.866229072198483, 1., 0.86622907219964, 0.854650533810429)))
   REPRESENTATION_ITEM ('')
   SURFACE ()
);
#5467 = ADVANCED_FACE ('', (#5455), #5466, .T.);
#5468 = ORIENTED_EDGE ('', *, *, #5446, .F.);
#5469 = CARTESIAN_POINT ('', (-176.071428571425, 79.9692299558327, -11.421605108559));
#5470 = VERTEX_POINT ('', #5469);
#5471 = CARTESIAN_POINT ('', (-176.071428571422, 79.969229955832, -11.4216051085589));
#5472 = CARTESIAN_POINT ('', (-173.499999999994, 79.5980762113515, -11.3891333634917));
#5473 = CARTESIAN_POINT ('', (-173.499999999995, 76.9999999999981, -11.1618311480222));
#5474 = CARTESIAN_POINT ('', (-173.499999999997, 74.4019237886447, -10.9345289325527));
#5475 = CARTESIAN_POINT ('', (-176.071428571425, 74.0307700441674, -10.9020571874858));
#5476 = (
   BOUNDED_CURVE ()
   B_SPLINE_CURVE (2, (#5471, #5472, #5473, #5474, #5475), .UNSPECIFIED., .F., .U.)
   B_SPLINE_CURVE_WITH_KNOTS ((3, 2, 3), (0.1433475689078, 1.57079632679739, 2.99824508468697), .UNSPECIFIED.)
   CURVE ()
   GEOMETRIC_REPRESENTATION_ITEM ()
   RATIONAL_B_SPLINE_CURVE ((1., 0.755928946018446, 1., 0.755928946018458, 1.))
   REPRESENTATION_ITEM ('')
);
#5477 = EDGE_CURVE ('', #5470, #5434, #5476, .T.);
#5478 = ORIENTED_EDGE ('', *, *, #5477, .F.);
#5479 = CARTESIAN_POINT ('', (-176.071428573189, 79.9692299436084, 3.50000000000804));
#5480 = VERTEX_POINT ('', #5479);
#5481 = CARTESIAN_POINT ('', (-176.071428571424, 79.9692299558302, 3.50000000000802));
#5482 = CARTESIAN_POINT ('', (-176.071428571424, 79.969229955832, -11.4216051085589));
#5483 = B_SPLINE_CURVE_WITH_KNOTS ('', 1, (#5481, #5482), .UNSPECIFIED., .F., .U., (2, 2), (-0.274436768286033, 0.237442867168319), .UNSPECIFIED.);
#5484 = EDGE_CURVE ('', #5480, #5470, #5483, .T.);
#5485 = ORIENTED_EDGE ('', *, *, #5484, .F.);
#5486 = CARTESIAN_POINT ('', (-176.071428573188, 79.9692299436081, 3.50000000000804));
#5487 = CARTESIAN_POINT ('', (-176.070175320573, 79.969049060419, 3.50000000000804));
#5488 = CARTESIAN_POINT ('', (-176.068922211102, 79.9688673838902, 3.50000000000804));
#5489 = CARTESIAN_POINT ('', (-175.925121915028, 79.9479256901159, 3.50000000000804));
#5490 = CARTESIAN_POINT ('', (-175.783709241724, 79.9167924569012, 3.50000000000803));
#5491 = CARTESIAN_POINT ('', (-175.507931078112, 79.8348601205338, 3.50000000000802));
#5492 = CARTESIAN_POINT ('', (-175.372838088275, 79.7839070878043, 3.50000000000801));
#5493 = CARTESIAN_POINT ('', (-175.112370056414, 79.6636448464732, 3.500000000008));
#5494 = CARTESIAN_POINT ('', (-174.986303957359, 79.5940788382342, 3.50000000000799));
#5495 = CARTESIAN_POINT ('', (-174.746333679828, 79.4382509731824, 3.50000000000797));
#5496 = CARTESIAN_POINT ('', (-174.631788391944, 79.3516374631852, 3.50000000000796));
#5497 = CARTESIAN_POINT ('', (-174.417031405701, 79.1636892294996, 3.50000000000793));
#5498 = CARTESIAN_POINT ('', (-174.316240569479, 79.0619175532252, 3.50000000000792));
#5499 = CARTESIAN_POINT ('', (-174.130851997699, 78.8458994891609, 3.50000000000789));
#5500 = CARTESIAN_POINT ('', (-174.045747473547, 78.7311417380712, 3.50000000000788));
#5501 = CARTESIAN_POINT ('', (-173.893245493498, 78.4916222835711, 3.50000000000785));
#5502 = CARTESIAN_POINT ('', (-173.825422185814, 78.3662867963484, 3.50000000000782));
#5503 = CARTESIAN_POINT ('', (-173.708624797294, 78.1082551298915, 3.50000000000779));
#5504 = CARTESIAN_POINT ('', (-173.659312482846, 77.9749355799747, 3.50000000000778));
#5505 = CARTESIAN_POINT ('', (-173.580288773533, 77.7036967339906, 3.50000000000774));
#5506 = CARTESIAN_POINT ('', (-173.550331455608, 77.5651178794, 3.50000000000773));
#5507 = CARTESIAN_POINT ('', (-173.510368237923, 77.2861823066921, 3.50000000000768));
#5508 = CARTESIAN_POINT ('', (-173.500211383126, 77.145143513658, 3.50000000000767));
#5509 = CARTESIAN_POINT ('', (-173.49997552074, 76.9856670108562, 3.50000000000765));
#5510 = CARTESIAN_POINT ('', (-173.500123929877, 76.9668960027005, 3.50000000000765));
#5511 = CARTESIAN_POINT ('', (-173.502945787777, 76.8037164517231, 3.50000000000762));
#5512 = CARTESIAN_POINT ('', (-173.515933086354, 76.6591102271821, 3.50000000000761));
#5513 = CARTESIAN_POINT ('', (-173.562413011779, 76.3744451265251, 3.50000000000757));
#5514 = CARTESIAN_POINT ('', (-173.59596369638, 76.2336388838474, 3.50000000000755));
#5515 = CARTESIAN_POINT ('', (-173.682594025227, 75.9594027820304, 3.50000000000751));
#5516 = CARTESIAN_POINT ('', (-173.735840248507, 75.8252490200209, 3.50000000000749));
#5517 = CARTESIAN_POINT ('', (-173.860508406884, 75.566964122003, 3.50000000000746));
#5518 = CARTESIAN_POINT ('', (-173.932198920622, 75.4421472102597, 3.50000000000745));
#5519 = CARTESIAN_POINT ('', (-174.092055765771, 75.2049497619261, 3.50000000000741));
#5520 = CARTESIAN_POINT ('', (-174.180584465742, 75.0919349141579, 3.5000000000074));
#5521 = CARTESIAN_POINT ('', (-174.372108245335, 74.8804779656876, 3.50000000000737));
#5522 = CARTESIAN_POINT ('', (-174.475549758635, 74.7814648540666, 3.50000000000736));
#5523 = CARTESIAN_POINT ('', (-174.694623291949, 74.5998312513498, 3.50000000000733));
#5524 = CARTESIAN_POINT ('', (-174.810774777762, 74.5167132206447, 3.50000000000732));
#5525 = CARTESIAN_POINT ('', (-175.052774108768, 74.3683405880833, 3.5000000000073));
#5526 = CARTESIAN_POINT ('', (-175.179202346962, 74.3026702833522, 3.5000000000073));
#5527 = CARTESIAN_POINT ('', (-175.439094940325, 74.1902894665568, 3.50000000000728));
#5528 = CARTESIAN_POINT ('', (-175.573187699589, 74.1432515358906, 3.50000000000727));
#5529 = CARTESIAN_POINT ('', (-175.828395017374, 74.0735491084646, 3.50000000000726));
#5530 = CARTESIAN_POINT ('', (-175.949467338187, 74.0483826965201, 3.50000000000726));
#5531 = CARTESIAN_POINT ('', (-176.071428831511, 74.0307718461012, 3.50000000000726));
#5532 = B_SPLINE_CURVE_WITH_KNOTS ('', 3, (#5486, #5487, #5488, #5489, #5490, #5491, #5492, #5493, #5494, #5495, #5496, #5497, #5498, #5499, #5500, #5501, #5502, #5503, #5504, #5505, #5506, #5507, #5508, #5509, #5510, #5511, #5512, #5513, #5514, #5515, #5516, #5517, #5518, #5519, #5520, #5521, #5522, #5523, #5524, #5525, #5526, #5527, #5528, #5529, #5530, #5531), .UNSPECIFIED., .F., .U., (4, 2, 2, 2, 2, 2, 2, 2, 2, 2, 2, 2, 2, 2, 2, 2, 2, 2, 2, 2, 2, 2, 4), (0.429664850445888, 0.433463395452059, 0.865616358303542, 1.29653843819645, 1.7262901761974, 2.15491627960661, 2.58244782241019, 3.00890371448934, 3.43429159155206, 3.85860821473351, 4.28183942137643, 4.70395962829281, 4.76026945303491, 5.19357147317893, 5.62557369259209, 6.0563531841252, 6.48596845333532, 6.91446248015522, 7.34186482139242, 7.76819300421654, 8.19345335390488, 8.61764133849914, 8.98711753412385), .UNSPECIFIED.);
#5533 = EDGE_CURVE ('', #5480, #5442, #5532, .T.);
#5534 = ORIENTED_EDGE ('', *, *, #5533, .T.);
#5535 = EDGE_LOOP ('', (#5468, #5478, #5485, #5534));
#5536 = FACE_OUTER_BOUND ('', #5535, .T.);
#5537 = CARTESIAN_POINT ('', (-176.071428571424, 79.9692299558302, 3.50000000000805));
#5538 = CARTESIAN_POINT ('', (-176.071428571424, 79.969229955832, -11.4216051085589));
#5539 = CARTESIAN_POINT ('', (-173.499999999995, 79.5980762113511, 3.50000000000804));
#5540 = CARTESIAN_POINT ('', (-173.499999999995, 79.5980762113529, -11.4216051085589));
#5541 = CARTESIAN_POINT ('', (-173.499999999995, 76.9999999999979, 3.50000000000772));
#5542 = CARTESIAN_POINT ('', (-173.499999999995, 76.9999999999997, -11.4216051085592));
#5543 = CARTESIAN_POINT ('', (-173.499999999995, 74.4019237886438, 3.5000000000074));
#5544 = CARTESIAN_POINT ('', (-173.499999999995, 74.4019237886456, -11.4216051085596));
#5545 = CARTESIAN_POINT ('', (-176.071428571425, 74.0307700441655, 3.50000000000733));
#5546 = CARTESIAN_POINT ('', (-176.071428571425, 74.0307700441673, -11.4216051085596));
#5547 = (
   BOUNDED_SURFACE ()
   B_SPLINE_SURFACE (2, 1, ((#5537, #5538), (#5539, #5540), (#5541, #5542), (#5543, #5544), (#5545, #5546)), .UNSPECIFIED., .F., .F., .U.)
   B_SPLINE_SURFACE_WITH_KNOTS ((3, 2, 3), (2, 2), (0.357213758594549, 0.510644930189573, 0.664076101784634), (0., 0.53897941721262), .UNSPECIFIED.)
   GEOMETRIC_REPRESENTATION_ITEM ()
   RATIONAL_B_SPLINE_SURFACE (((0.947934768606329, 0.947934768606329), (0.735987099501199, 0.735987099501199), (1., 1.), (0.735987099501134, 0.735987099501134), (0.947934768606432, 0.947934768606432)))
   REPRESENTATION_ITEM ('')
   SURFACE ()
);
#5548 = ADVANCED_FACE ('', (#5536), #5547, .T.);
#5549 = ORIENTED_EDGE ('', *, *, #5148, .T.);
#5550 = ORIENTED_EDGE ('', *, *, #5195, .F.);
#5551 = ORIENTED_EDGE ('', *, *, #5239, .F.);
#5552 = ORIENTED_EDGE ('', *, *, #5416, .F.);
#5553 = CARTESIAN_POINT ('', (-155.714101615134, 38.4999999999993, -5.78587792718965));
#5554 = CARTESIAN_POINT ('', (-168.999999999995, 38.4999999999994, -5.78587792718966));
#5555 = B_SPLINE_CURVE_WITH_KNOTS ('', 1, (#5553, #5554), .UNSPECIFIED., .F., .U., (2, 2), (-0.328589838486688, 0.999999999999983), .UNSPECIFIED.);
#5556 = EDGE_CURVE ('', #4940, #5309, #5555, .T.);
#5557 = ORIENTED_EDGE ('', *, *, #5556, .F.);
#5558 = ORIENTED_EDGE ('', *, *, #5008, .F.);
#5559 = ORIENTED_EDGE ('', *, *, #5127, .T.);
#5560 = EDGE_LOOP ('', (#5549, #5550, #5551, #5552, #5557, #5558, #5559));
#5561 = FACE_OUTER_BOUND ('', #5560, .T.);
#5562 = CARTESIAN_POINT ('', (-155.714101615133, 38.4999999999993, -5.78587792718964));
#5563 = CARTESIAN_POINT ('', (-176.499999999995, 38.4999999999993, -5.78587792718964));
#5564 = CARTESIAN_POINT ('', (-155.714101615133, 60.8016813155937, -7.73702221986938));
#5565 = CARTESIAN_POINT ('', (-176.499999999995, 60.8016813155937, -7.73702221986938));
#5566 = B_SPLINE_SURFACE_WITH_KNOTS ('', 1, 1, ((#5562, #5563), (#5564, #5565)), .UNSPECIFIED., .F., .F., .U., (2, 2), (2, 2), (0.351072320175667, 0.727974883698869), (0.270279667159608, 0.62022846956414), .UNSPECIFIED.);
#5567 = ADVANCED_FACE ('', (#5561), #5566, .T.);
#5568 = ORIENTED_EDGE ('', *, *, #5313, .T.);
#5569 = CARTESIAN_POINT ('', (-168.999999999995, 38.4999999999982, 3.50000000000262));
#5570 = CARTESIAN_POINT ('', (-155.714101615134, 38.4999999999981, 3.50000000000262));
#5571 = B_SPLINE_CURVE_WITH_KNOTS ('', 1, (#5569, #5570), .UNSPECIFIED., .F., .U., (2, 2), (0., 0.966247155262708), .UNSPECIFIED.);
#5572 = EDGE_CURVE ('', #5264, #4947, #5571, .T.);
#5573 = ORIENTED_EDGE ('', *, *, #5572, .T.);
#5574 = ORIENTED_EDGE ('', *, *, #4951, .F.);
#5575 = ORIENTED_EDGE ('', *, *, #5556, .T.);
#5576 = EDGE_LOOP ('', (#5568, #5573, #5574, #5575));
#5577 = FACE_OUTER_BOUND ('', #5576, .T.);
#5578 = CARTESIAN_POINT ('', (-155.714101615131, 38.4999999999993, -5.78587792718966));
#5579 = CARTESIAN_POINT ('', (-155.714101615131, 38.4999999999981, 3.50000000000264));
#5580 = CARTESIAN_POINT ('', (-168.999999999997, 38.4999999999994, -5.78587792718966));
#5581 = CARTESIAN_POINT ('', (-168.999999999997, 38.4999999999982, 3.50000000000264));
#5582 = B_SPLINE_SURFACE_WITH_KNOTS ('', 1, 1, ((#5578, #5579), (#5580, #5581)), .UNSPECIFIED., .F., .F., .U., (2, 2), (2, 2), (14.3510366350697, 14.9565545510613), (-0.0130291683473048, 0.410183872107015), .UNSPECIFIED.);
#5583 = ADVANCED_FACE ('', (#5577), #5582, .T.);
#5584 = ORIENTED_EDGE ('', *, *, #3864, .T.);
#5585 = CARTESIAN_POINT ('', (-44.8109116325773, 28.0213978259587, -6.87675870245351));
#5586 = VERTEX_POINT ('', #5585);
#5587 = CARTESIAN_POINT ('', (-44.9789204922879, 28.1183977863386, -4.87760542426251));
#5588 = CARTESIAN_POINT ('', (-44.810911632577, 28.0213978259585, -6.87675870245346));
#5589 = B_SPLINE_CURVE_WITH_KNOTS ('', 1, (#5587, #5588), .UNSPECIFIED., .F., .U., (2, 2), (-7.29804866104902, -6.29804866104902), .UNSPECIFIED.);
#5590 = EDGE_CURVE ('', #3852, #5586, #5589, .T.);
#5591 = ORIENTED_EDGE ('', *, *, #5590, .T.);
#5592 = CARTESIAN_POINT ('', (-44.8109116325479, 28.021397825972, -6.87675870245463));
#5593 = CARTESIAN_POINT ('', (-47.1840689565532, 26.9293577253758, -6.78121757353689));
#5594 = CARTESIAN_POINT ('', (-49.4393372625295, 28.2314374889261, -6.8951347918539));
#5595 = (
   BOUNDED_CURVE ()
   B_SPLINE_CURVE (2, (#5592, #5593, #5594), .UNSPECIFIED., .F., .U.)
   B_SPLINE_CURVE_WITH_KNOTS ((3, 3), (-1.5707963267949, -0.610817552407308), .UNSPECIFIED.)
   CURVE ()
   GEOMETRIC_REPRESENTATION_ITEM ()
   RATIONAL_B_SPLINE_CURVE ((1., 0.886999823502231, 1.))
   REPRESENTATION_ITEM ('')
);
#5596 = EDGE_CURVE ('', #5586, #4343, #5595, .T.);
#5597 = ORIENTED_EDGE ('', *, *, #5596, .T.);
#5598 = ORIENTED_EDGE ('', *, *, #4347, .T.);
#5599 = EDGE_LOOP ('', (#5584, #5591, #5597, #5598));
#5600 = FACE_OUTER_BOUND ('', #5599, .T.);
#5601 = CARTESIAN_POINT ('', (-49.4076343740554, 28.2131338177315, -7.27237045390956));
#5602 = CARTESIAN_POINT ('', (-48.352958606761, 27.6042164795758, -7.15419050578798));
#5603 = CARTESIAN_POINT ('', (-47.1349609460761, 27.5534120254937, -7.0493649126624));
#5604 = CARTESIAN_POINT ('', (-45.9169632853753, 27.5026075714109, -6.94453931953544));
#5605 = CARTESIAN_POINT ('', (-44.8109116325478, 28.021397825972, -6.87675870245463));
#5606 = CARTESIAN_POINT ('', (-49.6073461222419, 28.3284374493071, -4.89598151366313));
#5607 = CARTESIAN_POINT ('', (-48.5526703549476, 27.7195201111513, -4.77780156554155));
#5608 = CARTESIAN_POINT ('', (-47.3346726942627, 27.6687156570692, -4.67297597241597));
#5609 = CARTESIAN_POINT ('', (-46.1166750335619, 27.6179112029864, -4.56815037928901));
#5610 = CARTESIAN_POINT ('', (-45.0106233807344, 28.1367014575475, -4.5003697622082));
#5611 = (
   BOUNDED_SURFACE ()
   B_SPLINE_SURFACE (1, 2, ((#5601, #5602, #5603, #5604, #5605), (#5606, #5607, #5608, #5609, #5610)), .UNSPECIFIED., .F., .F., .U.)
   B_SPLINE_SURFACE_WITH_KNOTS ((2, 2), (3, 2, 3), (0.000294260755843416, 0.08653440219134), (0.478240756746671, 0.567383255766202, 0.656525754786793), .UNSPECIFIED.)
   GEOMETRIC_REPRESENTATION_ITEM ()
   RATIONAL_B_SPLINE_SURFACE (((0.873770643234526, 0.907966147377235, 1., 0.907966147376141, 0.873770643233712), (0.873770643234526, 0.907966147377235, 1., 0.907966147376141, 0.873770643233712)))
   REPRESENTATION_ITEM ('')
   SURFACE ()
);
#5612 = ADVANCED_FACE ('', (#5600), #5611, .T.);
#5613 = ORIENTED_EDGE ('', *, *, #5590, .F.);
#5614 = ORIENTED_EDGE ('', *, *, #3856, .F.);
#5615 = CARTESIAN_POINT ('', (-33.301140637541, 33.3177729747566, -7.34013148575057));
#5616 = VERTEX_POINT ('', #5615);
#5617 = CARTESIAN_POINT ('', (-33.3011406375407, 33.4920844602513, -5.34774208956827));
#5618 = CARTESIAN_POINT ('', (-33.3011406375407, 33.4339806317529, -6.0118718882961));
#5619 = CARTESIAN_POINT ('', (-33.3011406375407, 33.3758768032547, -6.67600168702266));
#5620 = CARTESIAN_POINT ('', (-33.3011406375407, 33.3177729747563, -7.34013148575049));
#5621 = B_SPLINE_CURVE_WITH_KNOTS ('', 3, (#5617, #5618, #5619, #5620), .UNSPECIFIED., .F., .U., (4, 4), (0., 2.), .UNSPECIFIED.);
#5622 = EDGE_CURVE ('', #3844, #5616, #5621, .T.);
#5623 = ORIENTED_EDGE ('', *, *, #5622, .T.);
#5624 = CARTESIAN_POINT ('', (-33.3011406375407, 33.3177729747561, -7.34013148575304));
#5625 = CARTESIAN_POINT ('', (-44.8109116325771, 28.0213978259586, -6.87675870245346));
#5626 = B_SPLINE_CURVE_WITH_KNOTS ('', 1, (#5624, #5625), .UNSPECIFIED., .F., .U., (2, 2), (27.9097187891058, 40.5880914138272), .UNSPECIFIED.);
#5627 = EDGE_CURVE ('', #5616, #5586, #5626, .T.);
#5628 = ORIENTED_EDGE ('', *, *, #5627, .T.);
#5629 = EDGE_LOOP ('', (#5613, #5614, #5623, #5628));
#5630 = FACE_OUTER_BOUND ('', #5629, .T.);
#5631 = CARTESIAN_POINT ('', (-33.3011406375407, 33.3177729747561, -7.34013148575302));
#5632 = CARTESIAN_POINT ('', (-33.3011406375407, 33.4920844602512, -5.34774208956953));
#5633 = CARTESIAN_POINT ('', (-44.9789204922879, 27.9440863008435, -6.86999482044598));
#5634 = CARTESIAN_POINT ('', (-44.9789204922879, 28.1183977863386, -4.87760542426249));
#5635 = B_SPLINE_SURFACE_WITH_KNOTS ('', 1, 1, ((#5631, #5632), (#5633, #5634)), .UNSPECIFIED., .F., .F., .U., (2, 2), (2, 2), (1.00903518085721, 1.47409408160911), (0., 0.072307083312575), .UNSPECIFIED.);
#5636 = ADVANCED_FACE ('', (#5630), #5635, .T.);
#5637 = ORIENTED_EDGE ('', *, *, #5622, .F.);
#5638 = ORIENTED_EDGE ('', *, *, #3849, .F.);
#5639 = CARTESIAN_POINT ('', (-22.9774893409374, 32.1446519030056, -7.23749669102911));
#5640 = VERTEX_POINT ('', #5639);
#5641 = CARTESIAN_POINT ('', (-22.9774893409359, 32.1446519030073, -7.23749669102881));
#5642 = CARTESIAN_POINT ('', (-22.9542942466462, 32.2138789096342, -6.23973306614615));
#5643 = CARTESIAN_POINT ('', (-22.9311860455574, 32.2829553919655, -5.24195699276306));
#5644 = (
   BOUNDED_CURVE ()
   B_SPLINE_CURVE (2, (#5641, #5642, #5643), .UNSPECIFIED., .F., .U.)
   B_SPLINE_CURVE_WITH_KNOTS ((3, 3), (0., 0.000174174588792875), .UNSPECIFIED.)
   CURVE ()
   GEOMETRIC_REPRESENTATION_ITEM ()
   RATIONAL_B_SPLINE_CURVE ((1., 0.999999996207902, 1.))
   REPRESENTATION_ITEM ('')
);
#5645 = EDGE_CURVE ('', #5640, #3822, #5644, .T.);
#5646 = ORIENTED_EDGE ('', *, *, #5645, .F.);
#5647 = CARTESIAN_POINT ('', (-22.9774893409372, 32.1446519030053, -7.23749669102904));
#5648 = CARTESIAN_POINT ('', (-27.7813081341584, 35.8577977683901, -7.56235486026792));
#5649 = CARTESIAN_POINT ('', (-33.3011406375407, 33.3177729747563, -7.3401314857505));
#5650 = (
   BOUNDED_CURVE ()
   B_SPLINE_CURVE (2, (#5647, #5648, #5649), .UNSPECIFIED., .F., .U.)
   B_SPLINE_CURVE_WITH_KNOTS ((3, 3), (0., 1.09260134205808), .UNSPECIFIED.)
   CURVE ()
   GEOMETRIC_REPRESENTATION_ITEM ()
   RATIONAL_B_SPLINE_CURVE ((1., 0.854452276250789, 1.))
   REPRESENTATION_ITEM ('')
);
#5651 = EDGE_CURVE ('', #5640, #5616, #5650, .T.);
#5652 = ORIENTED_EDGE ('', *, *, #5651, .T.);
#5653 = EDGE_LOOP ('', (#5637, #5638, #5646, #5652));
#5654 = FACE_OUTER_BOUND ('', #5653, .T.);
#5655 = CARTESIAN_POINT ('', (-22.9311860458024, 32.1086439057397, -7.23434639947205));
#5656 = CARTESIAN_POINT ('', (-22.9311860458024, 32.2829553912348, -5.24195700328855));
#5657 = CARTESIAN_POINT ('', (-25.6502791248502, 34.2359939342852, -7.42046541032108));
#5658 = CARTESIAN_POINT ('', (-25.6502791248502, 34.4103054197803, -5.42807601413758));
#5659 = CARTESIAN_POINT ('', (-29.1076951545866, 34.2359939342852, -7.42046541032108));
#5660 = CARTESIAN_POINT ('', (-29.1076951545866, 34.4103054197803, -5.42807601413758));
#5661 = CARTESIAN_POINT ('', (-31.3057168486087, 34.2359939342852, -7.42046541032108));
#5662 = CARTESIAN_POINT ('', (-31.3057168486087, 34.4103054197803, -5.42807601413758));
#5663 = CARTESIAN_POINT ('', (-33.3011406375408, 33.3177729747563, -7.34013148575051));
#5664 = CARTESIAN_POINT ('', (-33.3011406375408, 33.4920844602514, -5.34774208956702));
#5665 = (
   BOUNDED_SURFACE ()
   B_SPLINE_SURFACE (2, 1, ((#5655, #5656), (#5657, #5658), (#5659, #5660), (#5661, #5662), (#5663, #5664)), .UNSPECIFIED., .F., .F., .U.)
   B_SPLINE_SURFACE_WITH_KNOTS ((3, 2, 3), (2, 2), (0.324712852258326, 0.567383255766205, 0.72903515380001), (0., 0.0722414798262113), .UNSPECIFIED.)
   GEOMETRIC_REPRESENTATION_ITEM ()
   RATIONAL_B_SPLINE_SURFACE (((0.856615378844225, 0.856615378844225), (0.874729268317587, 0.874729268317587), (1., 1.), (0.916552446232332, 0.916552446232332), (0.880654605346497, 0.880654605346497)))
   REPRESENTATION_ITEM ('')
   SURFACE ()
);
#5666 = ADVANCED_FACE ('', (#5654), #5665, .T.);
#5667 = ORIENTED_EDGE ('', *, *, #5645, .T.);
#5668 = ORIENTED_EDGE ('', *, *, #3841, .T.);
#5669 = ORIENTED_EDGE ('', *, *, #3798, .T.);
#5670 = CARTESIAN_POINT ('', (-15.5746800224867, 33.5930822710771, -7.36421792814439));
#5671 = CARTESIAN_POINT ('', (-15.7368362882076, 33.3122193800828, -7.33964560917731));
#5672 = CARTESIAN_POINT ('', (-16.1146549311251, 32.7847439821113, -7.29349749156598));
#5673 = CARTESIAN_POINT ('', (-16.5873766980193, 32.3396303092112, -7.25455509120698));
#5674 = CARTESIAN_POINT ('', (-17.1015215804123, 31.942587025625, -7.21981830496412));
#5675 = CARTESIAN_POINT ('', (-17.6521622094153, 31.5974425609869, -7.18962207702954));
#5676 = CARTESIAN_POINT ('', (-18.2592121095863, 31.3643591157628, -7.16922991791694));
#5677 = CARTESIAN_POINT ('', (-18.8864658327915, 31.1913227666007, -7.15409119898736));
#5678 = CARTESIAN_POINT ('', (-19.5279471156123, 31.0800892065162, -7.14435952347635));
#5679 = CARTESIAN_POINT ('', (-20.1789367367681, 31.0939416985701, -7.14557145949267));
#5680 = CARTESIAN_POINT ('', (-20.7266706761154, 31.159217401829, -7.15128234353149));
#5681 = CARTESIAN_POINT ('', (-21.1709450305346, 31.2428928205353, -7.15860299408409));
#5682 = CARTESIAN_POINT ('', (-21.5998842063422, 31.3853447406401, -7.1710659221907));
#5683 = CARTESIAN_POINT ('', (-22.0181297931892, 31.5563880838421, -7.18603027569244));
#5684 = CARTESIAN_POINT ('', (-22.4237742383889, 31.7552348883762, -7.20342711686755));
#5685 = CARTESIAN_POINT ('', (-22.7988985402712, 32.0066088748158, -7.22541949098623));
#5686 = CARTESIAN_POINT ('', (-22.9774893409372, 32.1446519030051, -7.23749669103156));
#5687 = B_SPLINE_CURVE_WITH_KNOTS ('', 3, (#5670, #5671, #5672, #5673, #5674, #5675, #5676, #5677, #5678, #5679, #5680, #5681, #5682, #5683, #5684, #5685, #5686), .UNSPECIFIED., .F., .U., (4, 1, 2, 1, 2, 1, 2, 1, 2, 1, 4), (0., 0.0354988866719734, 0.0709977733439467, 0.106502015706283, 0.142006258068619, 0.177539774609901, 0.213073291151183, 0.237747285389667, 0.262421279628151, 0.287092369342245, 0.31176345905634), .UNSPECIFIED.);
#5688 = EDGE_CURVE ('', #3786, #5640, #5687, .T.);
#5689 = ORIENTED_EDGE ('', *, *, #5688, .T.);
#5690 = EDGE_LOOP ('', (#5667, #5668, #5669, #5689));
#5691 = FACE_OUTER_BOUND ('', #5690, .T.);
#5692 = CARTESIAN_POINT ('', (-22.9260966111581, 32.2981695215494, -5.02218683777015));
#5693 = CARTESIAN_POINT ('', (-22.9350555537771, 32.2713844235007, -5.40917390887395));
#5694 = CARTESIAN_POINT ('', (-22.9440266071655, 32.2445755304984, -5.79625628426128));
#5695 = CARTESIAN_POINT ('', (-22.961160007392, 32.1933981311015, -6.53471136176071));
#5696 = CARTESIAN_POINT ('', (-22.9693201357301, 32.1690339764293, -6.88606685152751));
#5697 = CARTESIAN_POINT ('', (-22.9774900759565, 32.1446506296555, -7.23749658856757));
#5698 = CARTESIAN_POINT ('', (-22.7156359120449, 32.1322915291732, -5.01952038248213));
#5699 = CARTESIAN_POINT ('', (-22.7245459295221, 32.1058556065837, -5.4065281787417));
#5700 = CARTESIAN_POINT ('', (-22.7334688486006, 32.0793957321149, -5.79363129359495));
#5701 = CARTESIAN_POINT ('', (-22.7505119501111, 32.0288837055125, -6.53212595357419));
#5702 = CARTESIAN_POINT ('', (-22.7586297688905, 32.0048359343825, -6.88350028379748));
#5703 = CARTESIAN_POINT ('', (-22.7667580435868, 31.9807688376138, -7.23494887220369));
#5704 = CARTESIAN_POINT ('', (-22.2680688213479, 31.8343000457552, -5.01714118915543));
#5705 = CARTESIAN_POINT ('', (-22.2769550629933, 31.8085477925694, -5.40418915206322));
#5706 = CARTESIAN_POINT ('', (-22.2858556492677, 31.7827711314795, -5.79133244974188));
#5707 = CARTESIAN_POINT ('', (-22.3028589047772, 31.7335613078655, -6.52990377904029));
#5708 = CARTESIAN_POINT ('', (-22.3109589455886, 31.7101326109055, -6.88131459291894));
#5709 = CARTESIAN_POINT ('', (-22.3190706164885, 31.6866842066202, -7.23279967676989));
#5710 = CARTESIAN_POINT ('', (-21.5339302156058, 31.5003104726375, -5.02254191404306));
#5711 = CARTESIAN_POINT ('', (-21.5429814394793, 31.4754979311732, -5.40964459517364));
#5712 = CARTESIAN_POINT ('', (-21.5520487191361, 31.4506600087307, -5.7968426036475));
#5713 = CARTESIAN_POINT ('', (-21.5693731641751, 31.403238760817, -6.53551826587718));
#5714 = CARTESIAN_POINT ('', (-21.5776273873573, 31.3806600805055, -6.8869787034168));
#5715 = CARTESIAN_POINT ('', (-21.5858946308644, 31.3580608883628, -7.23851340316081));
#5716 = CARTESIAN_POINT ('', (-20.7559699469834, 31.287912177155, -5.03677052863789));
#5717 = CARTESIAN_POINT ('', (-20.7653573843904, 31.2639178937854, -5.42392116963466));
#5718 = CARTESIAN_POINT ('', (-20.7747621332339, 31.2398971008151, -5.81116710451918));
#5719 = CARTESIAN_POINT ('', (-20.7927326172188, 31.1940321921908, -6.54993411078395));
#5720 = CARTESIAN_POINT ('', (-20.8012951800535, 31.172192929587, -6.90143797221318));
#5721 = CARTESIAN_POINT ('', (-20.8098717816539, 31.1503322270607, -7.25301606726998));
#5722 = CARTESIAN_POINT ('', (-19.9542579984201, 31.2025846501386, -5.05945995980622));
#5723 = CARTESIAN_POINT ('', (-19.9641176177046, 31.1792588035429, -5.44665105141904));
#5724 = CARTESIAN_POINT ('', (-19.9739953772513, 31.1559052838608, -5.83393738276296));
#5725 = CARTESIAN_POINT ('', (-19.992869603223, 31.1113108323931, -6.57278133232125));
#5726 = CARTESIAN_POINT ('', (-20.0018627455785, 31.0900749677241, -6.9243217506129));
#5727 = CARTESIAN_POINT ('', (-20.0108705974225, 31.0688167092654, -7.27593635749268));
#5728 = CARTESIAN_POINT ('', (-19.1494771028197, 31.2465291845873, -5.09002486045786));
#5729 = CARTESIAN_POINT ('', (-19.1599052900787, 31.2237017937647, -5.47724862545284));
#5730 = CARTESIAN_POINT ('', (-19.170352074085, 31.2008456333337, -5.86456756012248));
#5731 = CARTESIAN_POINT ('', (-19.190312458726, 31.1571976942118, -6.60347355940663));
#5732 = CARTESIAN_POINT ('', (-19.1998226518427, 31.1364111842314, -6.95504343700654));
#5733 = CARTESIAN_POINT ('', (-19.2093479223323, 31.115601383204, -7.30668744558731));
#5734 = CARTESIAN_POINT ('', (-18.3623891655283, 31.4186120865028, -5.12767671054525));
#5735 = CARTESIAN_POINT ('', (-18.3734401333639, 31.3961018140472, -5.51492557349875));
#5736 = CARTESIAN_POINT ('', (-18.384509856236, 31.3735618206001, -5.90226952430904));
#5737 = CARTESIAN_POINT ('', (-18.4056586623185, 31.3305150865202, -6.64122308040643));
#5738 = CARTESIAN_POINT ('', (-18.4157343092318, 31.3100137894256, -6.99281551371113));
#5739 = CARTESIAN_POINT ('', (-18.4258251592192, 31.2894884237746, -7.34448201116345));
#5740 = CARTESIAN_POINT ('', (-17.6132996449452, 31.714393922128, -5.17144415938228));
#5741 = CARTESIAN_POINT ('', (-17.624984638658, 31.6920171317195, -5.55871118433965));
#5742 = CARTESIAN_POINT ('', (-17.6366883343167, 31.6696098654745, -5.94607320699734));
#5743 = CARTESIAN_POINT ('', (-17.659046204783, 31.6268148398534, -6.68506105964553));
#5744 = CARTESIAN_POINT ('', (-17.6696969532422, 31.6064326626834, -7.03666973418351));
#5745 = CARTESIAN_POINT ('', (-17.6803628591046, 31.5860258005767, -7.388352399552));
#5746 = CARTESIAN_POINT ('', (-16.9215337080177, 32.1262440475916, -5.22019808487641));
#5747 = CARTESIAN_POINT ('', (-16.9338220143012, 32.1038237690194, -5.60747736328128));
#5748 = CARTESIAN_POINT ('', (-16.9461288501934, 32.0813724795006, -5.99485154360274));
#5749 = CARTESIAN_POINT ('', (-16.9696367521393, 32.0384924679247, -6.73386240235328));
#5750 = CARTESIAN_POINT ('', (-16.9808344236115, 32.0180694263625, -7.08548194286788));
#5751 = CARTESIAN_POINT ('', (-16.9920471104531, 31.9976212631249, -7.43717539656806));
#5752 = CARTESIAN_POINT ('', (-16.304937675909, 32.6435374655665, -5.27268072271578));
#5753 = CARTESIAN_POINT ('', (-16.3177593743835, 32.6209119270534, -5.65996769628377));
#5754 = CARTESIAN_POINT ('', (-16.3305994009783, 32.5982550575792, -6.04734947243759));
#5755 = CARTESIAN_POINT ('', (-16.3551238657513, 32.5549823354043, -6.78637463005147));
#5756 = CARTESIAN_POINT ('', (-16.3668049464125, 32.5343722219709, -7.13800089176403));
#5757 = CARTESIAN_POINT ('', (-16.3785008773247, 32.5137367257081, -7.4897009863174));
#5758 = CARTESIAN_POINT ('', (-15.8377995583837, 33.185214682141, -5.32144295254616));
#5759 = CARTESIAN_POINT ('', (-15.8510022722637, 33.1622833150188, -5.70873413237385));
#5760 = CARTESIAN_POINT ('', (-15.8642231813722, 33.1393204966378, -6.09612002473961));
#5761 = CARTESIAN_POINT ('', (-15.8894738448744, 33.0954640123661, -6.83515286233006));
#5762 = CARTESIAN_POINT ('', (-15.9015002661737, 33.0745761078359, -7.18678270426545));
#5763 = CARTESIAN_POINT ('', (-15.9135414290547, 33.0536627222661, -7.53848630630339));
#5764 = CARTESIAN_POINT ('', (-15.594297821063, 33.5591338888542, -5.35236363776492));
#5765 = CARTESIAN_POINT ('', (-15.6076767435987, 33.535960874585, -5.73965688619255));
#5766 = CARTESIAN_POINT ('', (-15.621073832714, 33.5127563949138, -6.12704479053591));
#5767 = CARTESIAN_POINT ('', (-15.6466604674778, 33.4684389660466, -6.86608135815803));
#5768 = CARTESIAN_POINT ('', (-15.6588466853014, 33.4473317808101, -7.2177129284967));
#5769 = CARTESIAN_POINT ('', (-15.6710476213064, 33.4261991029698, -7.5694182132226));
#5770 = CARTESIAN_POINT ('', (-15.5051703205214, 33.7134766064995, -5.36473182192588));
#5771 = CARTESIAN_POINT ('', (-15.51860873445, 33.6902005908022, -5.75202589795479));
#5772 = CARTESIAN_POINT ('', (-15.5320653145327, 33.6668931104029, -6.13941460725122));
#5773 = CARTESIAN_POINT ('', (-15.5577654148727, 33.6223792308546, -6.87845266719659));
#5774 = CARTESIAN_POINT ('', (-15.5700056073799, 33.601178595538, -7.23008492904384));
#5775 = CARTESIAN_POINT ('', (-15.5822605177195, 33.5799524681875, -7.58179088699171));
#5776 = B_SPLINE_SURFACE_WITH_KNOTS ('', 3, 3, ((#5692, #5693, #5694, #5695, #5696, #5697), (#5698, #5699, #5700, #5701, #5702, #5703), (#5704, #5705, #5706, #5707, #5708, #5709), (#5710, #5711, #5712, #5713, #5714, #5715), (#5716, #5717, #5718, #5719, #5720, #5721), (#5722, #5723, #5724, #5725, #5726, #5727), (#5728, #5729, #5730, #5731, #5732, #5733), (#5734, #5735, #5736, #5737, #5738, #5739), (#5740, #5741, #5742, #5743, #5744, #5745), (#5746, #5747, #5748, #5749, #5750, #5751), (#5752, #5753, #5754, #5755, #5756, #5757), (#5758, #5759, #5760, #5761, #5762, #5763), (#5764, #5765, #5766, #5767, #5768, #5769), (#5770, #5771, #5772, #5773, #5774, #5775)), .UNSPECIFIED., .F., .F., .U., (4, 1, 1, 1, 1, 1, 1, 1, 1, 1, 1, 4), (4, 2, 4), (0., 0.09375, 0.1875, 0.28125, 0.375, 0.46875, 0.5625, 0.65625, 0.75, 0.84375, 0.9375, 1.), (1.42634635022357, 1.42976548702996, 1.43286762754054), .UNSPECIFIED.);
#5777 = ADVANCED_FACE ('', (#5691), #5776, .T.);
#5778 = ORIENTED_EDGE ('', *, *, #4185, .T.);
#5779 = CARTESIAN_POINT ('', (-32.8576951545859, 18.6580219542974, 3.50000000000003));
#5780 = CARTESIAN_POINT ('', (-32.6711287195904, 18.550307772831, 3.50000000000001));
#5781 = CARTESIAN_POINT ('', (-32.4797397999888, 18.4505470211672, 3.5));
#5782 = CARTESIAN_POINT ('', (-32.0896571320989, 18.2681408297816, 3.49999999999998));
#5783 = CARTESIAN_POINT ('', (-31.8906107530068, 18.1853082301128, 3.49999999999997));
#5784 = CARTESIAN_POINT ('', (-31.4867168789346, 18.0372819191772, 3.49999999999995));
#5785 = CARTESIAN_POINT ('', (-31.2815028993655, 17.9719332067952, 3.49999999999994));
#5786 = CARTESIAN_POINT ('', (-30.8668126661714, 17.8592681342052, 3.49999999999993));
#5787 = CARTESIAN_POINT ('', (-30.6569589812707, 17.8118297673096, 3.49999999999992));
#5788 = CARTESIAN_POINT ('', (-30.2345521900681, 17.7352463920954, 3.49999999999991));
#5789 = CARTESIAN_POINT ('', (-30.0216136443404, 17.706012962487, 3.49999999999991));
#5790 = CARTESIAN_POINT ('', (-29.5946127117553, 17.6659666361278, 3.4999999999999));
#5791 = CARTESIAN_POINT ('', (-29.3801598291389, 17.6550992483181, 3.4999999999999));
#5792 = CARTESIAN_POINT ('', (-28.9517071703972, 17.6517779498067, 3.4999999999999));
#5793 = CARTESIAN_POINT ('', (-28.7373147885201, 17.6593035770002, 3.4999999999999));
#5794 = CARTESIAN_POINT ('', (-28.3105500959183, 17.6926276014658, 3.4999999999999));
#5795 = CARTESIAN_POINT ('', (-28.0977859911971, 17.7184394198312, 3.49999999999991));
#5796 = CARTESIAN_POINT ('', (-27.6758235799753, 17.788063016468, 3.49999999999991));
#5797 = CARTESIAN_POINT ('', (-27.4662371691359, 17.8319217120697, 3.49999999999992));
#5798 = CARTESIAN_POINT ('', (-27.0521435602039, 17.9372366531132, 3.49999999999993));
#5799 = CARTESIAN_POINT ('', (-26.8472547622955, 17.9987726888904, 3.49999999999994));
#5800 = CARTESIAN_POINT ('', (-26.4440266677594, 18.138913737552, 3.49999999999996));
#5801 = CARTESIAN_POINT ('', (-26.2453150087288, 18.2176305608641, 3.49999999999997));
#5802 = CARTESIAN_POINT ('', (-25.8558578816915, 18.391482792587, 3.49999999999999));
#5803 = CARTESIAN_POINT ('', (-25.6647519210955, 18.4867609571506, 3.5));
#5804 = CARTESIAN_POINT ('', (-25.2918592257168, 18.6929688753985, 3.50000000000004));
#5805 = CARTESIAN_POINT ('', (-25.1097263821452, 18.804071044969, 3.50000000000005));
#5806 = CARTESIAN_POINT ('', (-24.7560597334564, 19.0410494201059, 3.50000000000008));
#5807 = CARTESIAN_POINT ('', (-24.5841965817397, 19.1671262150605, 3.5000000000001));
#5808 = CARTESIAN_POINT ('', (-24.2522668972161, 19.4330725628257, 3.50000000000013));
#5809 = CARTESIAN_POINT ('', (-24.0918900064856, 19.5731692049386, 3.50000000000015));
#5810 = CARTESIAN_POINT ('', (-23.7840398029105, 19.8660778096624, 3.50000000000019));
#5811 = CARTESIAN_POINT ('', (-23.6362771801069, 20.0191415148617, 3.5000000000002));
#5812 = CARTESIAN_POINT ('', (-23.3546641398552, 20.3368188920021, 3.50000000000025));
#5813 = CARTESIAN_POINT ('', (-23.2205473383333, 20.5017069558243, 3.50000000000027));
#5814 = CARTESIAN_POINT ('', (-22.9671292588864, 20.8417886387146, 3.50000000000031));
#5815 = CARTESIAN_POINT ('', (-22.8475862063867, 21.0172771545569, 3.50000000000034));
#5816 = CARTESIAN_POINT ('', (-22.6936029158517, 21.2653058067142, 3.50000000000037));
#5817 = CARTESIAN_POINT ('', (-22.6524970255439, 21.3339436151057, 3.50000000000038));
#5818 = CARTESIAN_POINT ('', (-22.612504626203, 21.4032124826807, 3.50000000000039));
#5819 = B_SPLINE_CURVE_WITH_KNOTS ('', 3, (#5779, #5780, #5781, #5782, #5783, #5784, #5785, #5786, #5787, #5788, #5789, #5790, #5791, #5792, #5793, #5794, #5795, #5796, #5797, #5798, #5799, #5800, #5801, #5802, #5803, #5804, #5805, #5806, #5807, #5808, #5809, #5810, #5811, #5812, #5813, #5814, #5815, #5816, #5817, #5818), .UNSPECIFIED., .F., .U., (4, 2, 2, 2, 2, 2, 2, 2, 2, 2, 2, 2, 2, 2, 2, 2, 2, 2, 2, 4), (0., 0.646285088798582, 1.29187017846042, 1.93678051776421, 2.58103761242504, 3.22465962525822, 3.86766169977592, 4.51005622018907, 5.15185301773565, 5.79305953087638, 6.43368092501804, 7.07372017589062, 7.71317811941772, 8.35205346980696, 8.99034280656506, 9.62804053017179, 10.265138785168, 10.9016273483665, 11.5374934787391, 11.7774478747844), .UNSPECIFIED.);
#5820 = EDGE_CURVE ('', #4176, #3778, #5819, .T.);
#5821 = ORIENTED_EDGE ('', *, *, #5820, .T.);
#5822 = ORIENTED_EDGE ('', *, *, #3810, .F.);
#5823 = ORIENTED_EDGE ('', *, *, #4158, .T.);
#5824 = EDGE_LOOP ('', (#5778, #5821, #5822, #5823));
#5825 = FACE_OUTER_BOUND ('', #5824, .T.);
#5826 = CARTESIAN_POINT ('', (-32.8576951545862, 18.6580219542975, 3.50000000000009));
#5827 = CARTESIAN_POINT ('', (-32.8576951545862, 18.6580219542985, -4.29010283671532));
#5828 = CARTESIAN_POINT ('', (-26.362504626203, 14.9080219542975, 3.4999999999996));
#5829 = CARTESIAN_POINT ('', (-26.362504626203, 14.9080219542986, -4.29010283671581));
#5830 = CARTESIAN_POINT ('', (-22.6125046262031, 21.4032124826807, 3.50000000000052));
#5831 = CARTESIAN_POINT ('', (-22.612504626203, 21.4032124826818, -4.2901028367149));
#5832 = (
   BOUNDED_SURFACE ()
   B_SPLINE_SURFACE (2, 1, ((#5826, #5827), (#5828, #5829), (#5830, #5831)), .UNSPECIFIED., .F., .F., .U.)
   B_SPLINE_SURFACE_WITH_KNOTS ((3, 3), (2, 2), (1.27661232547394, 1.70214976729859), (-0.281384278461346, 0.), .UNSPECIFIED.)
   GEOMETRIC_REPRESENTATION_ITEM ()
   RATIONAL_B_SPLINE_SURFACE (((1., 1.), (0.707106781186547, 0.707106781186547), (1., 1.)))
   REPRESENTATION_ITEM ('')
   SURFACE ()
);
#5833 = ADVANCED_FACE ('', (#5825), #5832, .T.);
#5834 = CARTESIAN_POINT ('', (-10.7477015447748, 110.859563047829, -12.1165193915553));
#5835 = VERTEX_POINT ('', #5834);
#5836 = CARTESIAN_POINT ('', (-10.7431277590745, 110.682170554634, -14.1086392344955));
#5837 = VERTEX_POINT ('', #5836);
#5838 = CARTESIAN_POINT ('', (-10.7477015447748, 110.859563047828, -12.1165193915553));
#5839 = CARTESIAN_POINT ('', (-10.7431277590745, 110.682170554634, -14.1086392344954));
#5840 = B_SPLINE_CURVE_WITH_KNOTS ('', 1, (#5838, #5839), .UNSPECIFIED., .F., .U., (2, 2), (4.80835910510272, 5.80835910510272), .UNSPECIFIED.);
#5841 = EDGE_CURVE ('', #5835, #5837, #5840, .T.);
#5842 = ORIENTED_EDGE ('', *, *, #5841, .T.);
#5843 = CARTESIAN_POINT ('', (-10.7431277590745, 110.682170554634, -14.1086392344954));
#5844 = CARTESIAN_POINT ('', (-8.61160140589215, 109.246326775567, -13.9830191812331));
#5845 = CARTESIAN_POINT ('', (-8.54553038072719, 106.683865562316, -13.758832874349));
#5846 = (
   BOUNDED_CURVE ()
   B_SPLINE_CURVE (2, (#5843, #5844, #5845), .UNSPECIFIED., .F., .U.)
   B_SPLINE_CURVE_WITH_KNOTS ((3, 3), (0., 0.950545396147378), .UNSPECIFIED.)
   CURVE ()
   GEOMETRIC_REPRESENTATION_ITEM ()
   RATIONAL_B_SPLINE_CURVE ((1., 0.889167973245356, 1.))
   REPRESENTATION_ITEM ('')
);
#5847 = EDGE_CURVE ('', #5837, #3548, #5846, .T.);
#5848 = ORIENTED_EDGE ('', *, *, #5847, .T.);
#5849 = ORIENTED_EDGE ('', *, *, #3577, .T.);
#5850 = CARTESIAN_POINT ('', (-8.55010416642745, 106.86125805551, -11.7667130314089));
#5851 = CARTESIAN_POINT ('', (-8.61617502909063, 109.423719357399, -11.9908993460477));
#5852 = CARTESIAN_POINT ('', (-10.7477015447747, 110.859563047828, -12.1165193915553));
#5853 = (
   BOUNDED_CURVE ()
   B_SPLINE_CURVE (2, (#5850, #5851, #5852), .UNSPECIFIED., .F., .U.)
   B_SPLINE_CURVE_WITH_KNOTS ((3, 3), (0., 0.95054552418984), .UNSPECIFIED.)
   CURVE ()
   GEOMETRIC_REPRESENTATION_ITEM ()
   RATIONAL_B_SPLINE_CURVE ((1., 0.889167943950455, 1.))
   REPRESENTATION_ITEM ('')
);
#5854 = EDGE_CURVE ('', #3568, #5835, #5853, .T.);
#5855 = ORIENTED_EDGE ('', *, *, #5854, .T.);
#5856 = EDGE_LOOP ('', (#5842, #5848, #5849, #5855));
#5857 = FACE_OUTER_BOUND ('', #5856, .T.);
#5858 = CARTESIAN_POINT ('', (-10.7477015447763, 110.859563047829, -12.1165193915554));
#5859 = CARTESIAN_POINT ('', (-9.74447056233766, 110.184054873828, -12.0540639910323));
#5860 = CARTESIAN_POINT ('', (-9.16284619880614, 109.126099785037, -11.9585207852559));
#5861 = CARTESIAN_POINT ('', (-8.5812218352746, 108.068144696246, -11.8629775794796));
#5862 = CARTESIAN_POINT ('', (-8.5501298531147, 106.862254303643, -11.7555251528171));
#5863 = CARTESIAN_POINT ('', (-10.7431020723889, 110.6811743065, -14.1198271130871));
#5864 = CARTESIAN_POINT ('', (-9.73987108995026, 110.005666132499, -14.057371712564));
#5865 = CARTESIAN_POINT ('', (-9.15824672641875, 108.947711043708, -13.9618285067877));
#5866 = CARTESIAN_POINT ('', (-8.57662236288721, 107.889755954917, -13.8662853010113));
#5867 = CARTESIAN_POINT ('', (-8.5455303807273, 106.683865562314, -13.7588328743489));
#5868 = (
   BOUNDED_SURFACE ()
   B_SPLINE_SURFACE (1, 2, ((#5858, #5859, #5860, #5861, #5862), (#5863, #5864, #5865, #5866, #5867)), .UNSPECIFIED., .F., .F., .U.)
   B_SPLINE_SURFACE_WITH_KNOTS ((2, 2), (3, 2, 3), (0., 0.0726474696488578), (0.47906761253843, 0.567383255766204, 0.655698898993982), .UNSPECIFIED.)
   GEOMETRIC_REPRESENTATION_ITEM ()
   RATIONAL_B_SPLINE_SURFACE (((0.874409991480301, 0.908819822391015, 1., 0.908819822391012, 0.874409991480298), (0.874409991480301, 0.908819822391015, 1., 0.908819822391012, 0.874409991480298)))
   REPRESENTATION_ITEM ('')
   SURFACE ()
);
#5869 = ADVANCED_FACE ('', (#5857), #5868, .T.);
#5870 = CARTESIAN_POINT ('', (-22.1006442774689, 118.507167517943, -12.7855980858197));
#5871 = VERTEX_POINT ('', #5870);
#5872 = CARTESIAN_POINT ('', (-22.1006442774687, 118.507167517943, -12.7855980858196));
#5873 = CARTESIAN_POINT ('', (-10.7477015447748, 110.859563047828, -12.1165193915553));
#5874 = B_SPLINE_CURVE_WITH_KNOTS ('', 1, (#5872, #5873), .UNSPECIFIED., .F., .U., (2, 2), (0., 13.704846920789), .UNSPECIFIED.);
#5875 = EDGE_CURVE ('', #5871, #5835, #5874, .T.);
#5876 = ORIENTED_EDGE ('', *, *, #5875, .F.);
#5877 = CARTESIAN_POINT ('', (-22.1006442774689, 118.332856032448, -14.7779874820032));
#5878 = VERTEX_POINT ('', #5877);
#5879 = CARTESIAN_POINT ('', (-22.1006442774687, 118.507167517943, -12.7855980858196));
#5880 = CARTESIAN_POINT ('', (-22.1006442774687, 118.449063689444, -13.4497278845474));
#5881 = CARTESIAN_POINT ('', (-22.1006442774687, 118.390959860946, -14.1138576832752));
#5882 = CARTESIAN_POINT ('', (-22.1006442774687, 118.332856032447, -14.7779874820031));
#5883 = B_SPLINE_CURVE_WITH_KNOTS ('', 3, (#5879, #5880, #5881, #5882), .UNSPECIFIED., .F., .U., (4, 4), (0., 2.), .UNSPECIFIED.);
#5884 = EDGE_CURVE ('', #5871, #5878, #5883, .T.);
#5885 = ORIENTED_EDGE ('', *, *, #5884, .T.);
#5886 = CARTESIAN_POINT ('', (-22.1006442774687, 118.332856032447, -14.7779874820056));
#5887 = CARTESIAN_POINT ('', (-10.7431277590745, 110.682170554634, -14.1086392344954));
#5888 = B_SPLINE_CURVE_WITH_KNOTS ('', 1, (#5886, #5887), .UNSPECIFIED., .F., .U., (2, 2), (0., 13.7103682234457), .UNSPECIFIED.);
#5889 = EDGE_CURVE ('', #5878, #5837, #5888, .T.);
#5890 = ORIENTED_EDGE ('', *, *, #5889, .T.);
#5891 = ORIENTED_EDGE ('', *, *, #5841, .F.);
#5892 = EDGE_LOOP ('', (#5876, #5885, #5890, #5891));
#5893 = FACE_OUTER_BOUND ('', #5892, .T.);
#5894 = CARTESIAN_POINT ('', (-22.1006442774687, 118.507167517943, -12.7855980858196));
#5895 = CARTESIAN_POINT ('', (-10.7431277590745, 110.856482040129, -12.1162498383093));
#5896 = CARTESIAN_POINT ('', (-22.1006442774687, 118.332856032447, -14.7779874820056));
#5897 = CARTESIAN_POINT ('', (-10.7431277590745, 110.682170554634, -14.1086392344954));
#5898 = B_SPLINE_SURFACE_WITH_KNOTS ('', 1, 1, ((#5894, #5895), (#5896, #5897)), .UNSPECIFIED., .F., .F., .U., (2, 2), (2, 2), (0., 0.0723070833126669), (0., 0.495678368689383), .UNSPECIFIED.);
#5899 = ADVANCED_FACE ('', (#5893), #5898, .T.);
#5900 = CARTESIAN_POINT ('', (-26.3070214664186, 128.528407364, -15.6699826419094));
#5901 = VERTEX_POINT ('', #5900);
#5902 = CARTESIAN_POINT ('', (-26.3070214664183, 128.528407363999, -15.6699826419092));
#5903 = CARTESIAN_POINT ('', (-27.6025573651774, 122.039071778835, -15.1022393443928));
#5904 = CARTESIAN_POINT ('', (-22.1006442774688, 118.332856032447, -14.7779874820031));
#5905 = (
   BOUNDED_CURVE ()
   B_SPLINE_CURVE (2, (#5902, #5903, #5904), .UNSPECIFIED., .F., .U.)
   B_SPLINE_CURVE_WITH_KNOTS ((3, 3), (0., 1.17254475039912), .UNSPECIFIED.)
   CURVE ()
   GEOMETRIC_REPRESENTATION_ITEM ()
   RATIONAL_B_SPLINE_CURVE ((1., 0.833008806413055, 1.))
   REPRESENTATION_ITEM ('')
);
#5906 = EDGE_CURVE ('', #5901, #5878, #5905, .T.);
#5907 = ORIENTED_EDGE ('', *, *, #5906, .T.);
#5908 = ORIENTED_EDGE ('', *, *, #5884, .F.);
#5909 = CARTESIAN_POINT ('', (-26.3295017839717, 128.586511192498, -13.6674263931237));
#5910 = VERTEX_POINT ('', #5909);
#5911 = CARTESIAN_POINT ('', (-26.3295017839714, 128.586511192497, -13.6674263931236));
#5912 = CARTESIAN_POINT ('', (-27.5319237181603, 122.165802808109, -13.1056871976846));
#5913 = CARTESIAN_POINT ('', (-22.1006442774687, 118.507167517943, -12.7855980858196));
#5914 = (
   BOUNDED_CURVE ()
   B_SPLINE_CURVE (2, (#5911, #5912, #5913), .UNSPECIFIED., .F., .U.)
   B_SPLINE_CURVE_WITH_KNOTS ((3, 3), (0., 1.16066488714385), .UNSPECIFIED.)
   CURVE ()
   GEOMETRIC_REPRESENTATION_ITEM ()
   RATIONAL_B_SPLINE_CURVE ((1., 0.836280416661098, 1.))
   REPRESENTATION_ITEM ('')
);
#5915 = EDGE_CURVE ('', #5910, #5871, #5914, .T.);
#5916 = ORIENTED_EDGE ('', *, *, #5915, .F.);
#5917 = CARTESIAN_POINT ('', (-26.3070214664462, 128.528407363999, -15.6699826419093));
#5918 = CARTESIAN_POINT ('', (-26.318620918856, 128.557459161311, -14.6687085477738));
#5919 = CARTESIAN_POINT ('', (-26.3295017839931, 128.586511192481, -13.6674263936989));
#5920 = (
   BOUNDED_CURVE ()
   B_SPLINE_CURVE (2, (#5917, #5918, #5919), .UNSPECIFIED., .F., .U.)
   B_SPLINE_CURVE_WITH_KNOTS ((3, 3), (0., 0.000717368072134295), .UNSPECIFIED.)
   CURVE ()
   GEOMETRIC_REPRESENTATION_ITEM ()
   RATIONAL_B_SPLINE_CURVE ((1., 0.999999935672882, 1.))
   REPRESENTATION_ITEM ('')
);
#5921 = EDGE_CURVE ('', #5901, #5910, #5920, .T.);
#5922 = ORIENTED_EDGE ('', *, *, #5921, .F.);
#5923 = EDGE_LOOP ('', (#5907, #5908, #5916, #5922));
#5924 = FACE_OUTER_BOUND ('', #5923, .T.);
#5925 = CARTESIAN_POINT ('', (-26.3070214664188, 128.528407363996, -15.669982641909));
#5926 = CARTESIAN_POINT ('', (-26.3070214664188, 128.702718849492, -13.6775932457255));
#5927 = CARTESIAN_POINT ('', (-26.4991099289595, 127.566236808429, -15.5858036259185));
#5928 = CARTESIAN_POINT ('', (-26.4991099289595, 127.740548293924, -13.5934142297351));
#5929 = CARTESIAN_POINT ('', (-26.4991099289595, 126.585222092001, -15.4999759594791));
#5930 = CARTESIAN_POINT ('', (-26.4991099289595, 126.759533577496, -13.5075865632956));
#5931 = CARTESIAN_POINT ('', (-26.4991099289596, 121.295764096902, -15.0372083487119));
#5932 = CARTESIAN_POINT ('', (-26.4991099289596, 121.470075582397, -13.0448189525285));
#5933 = CARTESIAN_POINT ('', (-22.1006442774687, 118.332856032447, -14.777987482003));
#5934 = CARTESIAN_POINT ('', (-22.1006442774687, 118.507167517943, -12.7855980858195));
#5935 = (
   BOUNDED_SURFACE ()
   B_SPLINE_SURFACE (2, 1, ((#5925, #5926), (#5927, #5928), (#5929, #5930), (#5931, #5932), (#5933, #5934)), .UNSPECIFIED., .F., .F., .U.)
   B_SPLINE_SURFACE_WITH_KNOTS ((3, 2, 3), (2, 2), (1.05884591292124, 1.13476651153241, 1.48400518061075), (0., 0.0722414798262112), .UNSPECIFIED.)
   GEOMETRIC_REPRESENTATION_ITEM ()
   RATIONAL_B_SPLINE_SURFACE (((0.932105212948348, 0.932105212948348), (0.96080845129728, 0.96080845129728), (1., 1.), (0.819716854734553, 0.819716854734553), (0.861371333006257, 0.861371333006257)))
   REPRESENTATION_ITEM ('')
   SURFACE ()
);
#5936 = ADVANCED_FACE ('', (#5924), #5935, .T.);
#5937 = ORIENTED_EDGE ('', *, *, #5915, .T.);
#5938 = ORIENTED_EDGE ('', *, *, #5875, .T.);
#5939 = ORIENTED_EDGE ('', *, *, #5854, .F.);
#5940 = ORIENTED_EDGE ('', *, *, #3572, .F.);
#5941 = ORIENTED_EDGE ('', *, *, #3529, .T.);
#5942 = ORIENTED_EDGE ('', *, *, #3459, .F.);
#5943 = ORIENTED_EDGE ('', *, *, #3275, .F.);
#5944 = ORIENTED_EDGE ('', *, *, #3237, .T.);
#5945 = ORIENTED_EDGE ('', *, *, #3165, .F.);
#5946 = ORIENTED_EDGE ('', *, *, #3148, .F.);
#5947 = ORIENTED_EDGE ('', *, *, #2544, .F.);
#5948 = CARTESIAN_POINT ('', (-26.3295017839714, 128.586511192497, -13.6674263931236));
#5949 = CARTESIAN_POINT ('', (-26.2693011986446, 128.907971066076, -13.6955504878402));
#5950 = CARTESIAN_POINT ('', (-26.2125139403698, 129.559598125078, -13.7525604683495));
#5951 = CARTESIAN_POINT ('', (-26.2828780740482, 130.209890948631, -13.8094537183826));
#5952 = CARTESIAN_POINT ('', (-26.4166299916608, 130.849496227038, -13.8654119293745));
#5953 = CARTESIAN_POINT ('', (-26.6122553691816, 131.472423069724, -13.9199109663155));
#5954 = CARTESIAN_POINT ('', (-26.9248417227889, 132.046000356316, -13.9700924765481));
#5955 = CARTESIAN_POINT ('', (-27.2915889122125, 132.585114603176, -14.0172588614937));
#5956 = CARTESIAN_POINT ('', (-27.7085198407076, 133.084879974746, -14.0609826659287));
#5957 = CARTESIAN_POINT ('', (-28.2143925216935, 133.495070194337, -14.0968696600321));
#5958 = CARTESIAN_POINT ('', (-28.6891865706504, 133.808334622168, -14.1242767461533));
#5959 = CARTESIAN_POINT ('', (-29.1134824532044, 134.045738914991, -14.1450469304476));
#5960 = CARTESIAN_POINT ('', (-29.5678947305016, 134.21920703272, -14.1602234242321));
#5961 = CARTESIAN_POINT ('', (-30.0338767540554, 134.359045222202, -14.1724576805397));
#5962 = CARTESIAN_POINT ('', (-30.5088663615045, 134.464483131401, -14.1816823023005));
#5963 = CARTESIAN_POINT ('', (-30.9941986740685, 134.499999999998, -14.1847896256667));
#5964 = CARTESIAN_POINT ('', (-31.237533958916, 134.499999999998, -14.1847896256667));
#5965 = B_SPLINE_CURVE_WITH_KNOTS ('', 3, (#5948, #5949, #5950, #5951, #5952, #5953, #5954, #5955, #5956, #5957, #5958, #5959, #5960, #5961, #5962, #5963, #5964), .UNSPECIFIED., .F., .U., (4, 1, 2, 1, 2, 1, 2, 1, 2, 1, 4), (0., 0.0358277639096806, 0.0716555278193612, 0.107410976191977, 0.143166424564592, 0.178769689981395, 0.214372955398197, 0.240935661871885, 0.267498368345572, 0.294061479978909, 0.320624591612245), .UNSPECIFIED.);
#5966 = EDGE_CURVE ('', #5910, #2532, #5965, .T.);
#5967 = ORIENTED_EDGE ('', *, *, #5966, .F.);
#5968 = EDGE_LOOP ('', (#5937, #5938, #5939, #5940, #5941, #5942, #5943, #5944, #5945, #5946, #5947, #5967));
#5969 = FACE_OUTER_BOUND ('', #5968, .T.);
#5970 = CARTESIAN_POINT ('', (-8.55010416642762, 106.86125805551, -11.7667130314089));
#5971 = CARTESIAN_POINT ('', (-31.2375339589162, 106.86125805551, -11.7667130314089));
#5972 = CARTESIAN_POINT ('', (-8.55010416642762, 134.499999999999, -14.1847896256667));
#5973 = CARTESIAN_POINT ('', (-31.2375339589162, 134.499999999999, -14.1847896256667));
#5974 = B_SPLINE_SURFACE_WITH_KNOTS ('', 1, 1, ((#5970, #5971), (#5972, #5973)), .UNSPECIFIED., .F., .F., .U., (2, 2), (2, 2), (0.274489130057423, 0.909399552412582), (0.416469624370315, 0.935656505012755), .UNSPECIFIED.);
#5975 = ADVANCED_FACE ('', (#5969), #5974, .T.);
#5976 = ORIENTED_EDGE ('', *, *, #5921, .T.);
#5977 = ORIENTED_EDGE ('', *, *, #5966, .T.);
#5978 = ORIENTED_EDGE ('', *, *, #2537, .T.);
#5979 = CARTESIAN_POINT ('', (-31.2033433739424, 134.499999999998, -16.1924293007559));
#5980 = CARTESIAN_POINT ('', (-30.8789507632624, 134.499999999998, -16.1924293007559));
#5981 = CARTESIAN_POINT ('', (-30.233338355775, 134.436885239654, -16.1869074747246));
#5982 = CARTESIAN_POINT ('', (-29.6120254850722, 134.251049547688, -16.1706489583991));
#5983 = CARTESIAN_POINT ('', (-29.0118002107233, 134.005609400654, -16.1491757279596));
#5984 = CARTESIAN_POINT ('', (-28.4385287168905, 133.702949627251, -16.1226964288815));
#5985 = CARTESIAN_POINT ('', (-27.934381686321, 133.29606471228, -16.0870986114619));
#5986 = CARTESIAN_POINT ('', (-27.4716544025198, 132.841472785555, -16.0473269713431));
#5987 = CARTESIAN_POINT ('', (-27.0550768898178, 132.343283836759, -16.0037410860296));
#5988 = CARTESIAN_POINT ('', (-26.7423526347193, 131.774585117629, -15.9539863951441));
#5989 = CARTESIAN_POINT ('', (-26.5153948621441, 131.245387393195, -15.9076875934925));
#5990 = CARTESIAN_POINT ('', (-26.3527238910325, 130.769716571449, -15.8660717890196));
#5991 = CARTESIAN_POINT ('', (-26.2631193564272, 130.275177184612, -15.8228051990044));
#5992 = CARTESIAN_POINT ('', (-26.2110840170649, 129.775463426799, -15.7790859101879));
#5993 = CARTESIAN_POINT ('', (-26.1968711665262, 129.273353335306, -15.7351569693404));
#5994 = CARTESIAN_POINT ('', (-26.2578464569147, 128.774724844957, -15.6915326291239));
#5995 = CARTESIAN_POINT ('', (-26.3070214664183, 128.528407363999, -15.6699826419118));
#5996 = B_SPLINE_CURVE_WITH_KNOTS ('', 3, (#5979, #5980, #5981, #5982, #5983, #5984, #5985, #5986, #5987, #5988, #5989, #5990, #5991, #5992, #5993, #5994, #5995), .UNSPECIFIED., .F., .U., (4, 1, 2, 1, 2, 1, 2, 1, 2, 1, 4), (0., 0.0354061693999383, 0.0708123387998765, 0.106222741623542, 0.141633144447207, 0.177152190638604, 0.212671236830001, 0.240196014677324, 0.267720792524646, 0.295232824084115, 0.322744855643583), .UNSPECIFIED.);
#5997 = EDGE_CURVE ('', #2523, #5901, #5996, .T.);
#5998 = ORIENTED_EDGE ('', *, *, #5997, .T.);
#5999 = EDGE_LOOP ('', (#5976, #5977, #5978, #5998));
#6000 = FACE_OUTER_BOUND ('', #5999, .T.);
#6001 = CARTESIAN_POINT ('', (-31.2031774837368, 134.499999999998, -16.2022069688044));
#6002 = CARTESIAN_POINT ('', (-31.2175376859017, 134.499999999998, -15.385093312967));
#6003 = CARTESIAN_POINT ('', (-31.2313795480899, 134.499999999998, -14.5667803500254));
#6004 = CARTESIAN_POINT ('', (-31.2447009221093, 134.499999999998, -13.7473526333386));
#6005 = CARTESIAN_POINT ('', (-30.9268141207104, 134.499975551317, -16.1973502466334));
#6006 = CARTESIAN_POINT ('', (-30.9419258468605, 134.499975684717, -15.3803711880232));
#6007 = CARTESIAN_POINT ('', (-30.9565193453645, 134.499975817626, -14.5621914768417));
#6008 = CARTESIAN_POINT ('', (-30.970592462735, 134.499975950063, -13.7428957064281));
#6009 = CARTESIAN_POINT ('', (-30.3740948971026, 134.454055153706, -16.1876369342222));
#6010 = CARTESIAN_POINT ('', (-30.3907095908839, 134.454306312797, -15.3709270653812));
#6011 = CARTESIAN_POINT ('', (-30.4068062828035, 134.454556436159, -14.553013853145));
#6012 = CARTESIAN_POINT ('', (-30.4223828087914, 134.454805522922, -13.7339819707942));
#6013 = CARTESIAN_POINT ('', (-29.5677592127089, 134.24919303708, -16.1734666387697));
#6014 = CARTESIAN_POINT ('', (-29.5864427646205, 134.25055379471, -15.3571473054073));
#6015 = CARTESIAN_POINT ('', (-29.6046101561496, 134.251909109419, -14.5396208929279));
#6016 = CARTESIAN_POINT ('', (-29.6222591974859, 134.253258972532, -13.720972183046));
#6017 = CARTESIAN_POINT ('', (-28.8063012042813, 133.914007757049, -16.1600849948763));
#6018 = CARTESIAN_POINT ('', (-28.8266907718897, 133.917149935797, -15.3441301124314));
#6019 = CARTESIAN_POINT ('', (-28.8465688896729, 133.920280153315, -14.5269650019223));
#6020 = CARTESIAN_POINT ('', (-28.8659333257326, 133.923398375178, -13.7086745313463));
#6021 = CARTESIAN_POINT ('', (-28.1106161215368, 133.457697158636, -16.1478592033033));
#6022 = CARTESIAN_POINT ('', (-28.1321883436279, 133.463193647118, -15.332230689698));
#6023 = CARTESIAN_POINT ('', (-28.1532577922396, 133.468670725853, -14.5153896438147));
#6024 = CARTESIAN_POINT ('', (-28.1738221768533, 133.474128299647, -13.6974209888059));
#6025 = CARTESIAN_POINT ('', (-27.4997943364895, 132.892782899916, -16.1371247489811));
#6026 = CARTESIAN_POINT ('', (-27.5218895153152, 132.901073844732, -15.3217737416775));
#6027 = CARTESIAN_POINT ('', (-27.5434952761264, 132.909338537781, -14.505208959596));
#6028 = CARTESIAN_POINT ('', (-27.5646092617325, 132.91757676803, -13.6875153432861));
#6029 = CARTESIAN_POINT ('', (-26.9905974832005, 132.234766840965, -16.1281761945675));
#6030 = CARTESIAN_POINT ('', (-27.0124503584577, 132.246131351503, -15.3130446134814));
#6031 = CARTESIAN_POINT ('', (-27.0338320879899, 132.257465158132, -14.4966992419266));
#6032 = CARTESIAN_POINT ('', (-27.0547402584655, 132.268767859285, -13.6792249964045));
#6033 = CARTESIAN_POINT ('', (-26.5969985009926, 131.501705661157, -16.1212590976271));
#6034 = CARTESIAN_POINT ('', (-26.6177744235868, 131.516240246991, -15.3062815049392));
#6035 = CARTESIAN_POINT ('', (-26.6381020874804, 131.530743966076, -14.490091437236));
#6036 = CARTESIAN_POINT ('', (-26.6579790626264, 131.545216136363, -13.6727737451592));
#6037 = CARTESIAN_POINT ('', (-26.3297982005186, 130.713715367278, -16.1165632727628));
#6038 = CARTESIAN_POINT ('', (-26.3486332972724, 130.731320081898, -15.3016689711755));
#6039 = CARTESIAN_POINT ('', (-26.3670467639263, 130.748899926689, -14.4855648784334));
#6040 = CARTESIAN_POINT ('', (-26.3850362313755, 130.766453842323, -13.6683357406628));
#6041 = CARTESIAN_POINT ('', (-26.1963288746636, 129.892419286367, -16.1142175824614));
#6042 = CARTESIAN_POINT ('', (-26.212372628652, 129.912792265879, -15.2993328861971));
#6043 = CARTESIAN_POINT ('', (-26.228023682805, 129.933154222282, -14.4832424177686));
#6044 = CARTESIAN_POINT ('', (-26.2432798518844, 129.953503627587, -13.6660307868003));
#6045 = CARTESIAN_POINT ('', (-26.1998067220196, 129.152802578373, -16.1142785728265));
#6046 = CARTESIAN_POINT ('', (-26.2126636236412, 129.17519143594, -15.2993363728336));
#6047 = CARTESIAN_POINT ('', (-26.225153841246, 129.197589764641, -14.4831930671083));
#6048 = CARTESIAN_POINT ('', (-26.237275505657, 129.2199955571, -13.665933124296));
#6049 = CARTESIAN_POINT ('', (-26.2655590423052, 128.696130520206, -16.115434007409));
#6050 = CARTESIAN_POINT ('', (-26.2761025141586, 128.719461182826, -15.3004222860579));
#6051 = CARTESIAN_POINT ('', (-26.2862945963865, 128.742818799153, -14.4842128651236));
#6052 = CARTESIAN_POINT ('', (-26.2961337189303, 128.766201047467, -13.6668901208145));
#6053 = CARTESIAN_POINT ('', (-26.3018216321442, 128.515464179136, -16.1160712456448));
#6054 = CARTESIAN_POINT ('', (-26.3113951002542, 128.539112562016, -15.3010265552201));
#6055 = CARTESIAN_POINT ('', (-26.3206230083797, 128.562795654479, -14.4847855943862));
#6056 = CARTESIAN_POINT ('', (-26.3295039243927, 128.586511009434, -13.6674327024094));
#6057 = B_SPLINE_SURFACE_WITH_KNOTS ('', 3, 3, ((#6001, #6002, #6003, #6004), (#6005, #6006, #6007, #6008), (#6009, #6010, #6011, #6012), (#6013, #6014, #6015, #6016), (#6017, #6018, #6019, #6020), (#6021, #6022, #6023, #6024), (#6025, #6026, #6027, #6028), (#6029, #6030, #6031, #6032), (#6033, #6034, #6035, #6036), (#6037, #6038, #6039, #6040), (#6041, #6042, #6043, #6044), (#6045, #6046, #6047, #6048), (#6049, #6050, #6051, #6052), (#6053, #6054, #6055, #6056)), .UNSPECIFIED., .F., .F., .U., (4, 1, 1, 1, 1, 1, 1, 1, 1, 1, 1, 4), (4, 4), (0., 0.09375, 0.1875, 0.28125, 0.375, 0.46875, 0.5625, 0.65625, 0.75, 0.84375, 0.9375, 1.), (1.37182682279164, 1.38635675724064), .UNSPECIFIED.);
#6058 = ADVANCED_FACE ('', (#6000), #6057, .T.);
#6059 = CARTESIAN_POINT ('', (-40.0307700563888, 134.071428573189, 3.5000000000151));
#6060 = VERTEX_POINT ('', #6059);
#6061 = CARTESIAN_POINT ('', (-40.0307700441669, 134.071428571428, -16.154934159245));
#6062 = VERTEX_POINT ('', #6061);
#6063 = CARTESIAN_POINT ('', (-40.0307700441665, 134.071428571424, 3.50000000001509));
#6064 = CARTESIAN_POINT ('', (-40.0307700441666, 134.071428571427, -16.1549341592448));
#6065 = B_SPLINE_CURVE_WITH_KNOTS ('', 1, (#6063, #6064), .UNSPECIFIED., .F., .U., (2, 2), (-0.274436768285982, 0.399817808156667), .UNSPECIFIED.);
#6066 = EDGE_CURVE ('', #6060, #6062, #6065, .T.);
#6067 = ORIENTED_EDGE ('', *, *, #6066, .T.);
#6068 = CARTESIAN_POINT ('', (-39.535898384852, 134.499999999998, -16.1924293007559));
#6069 = CARTESIAN_POINT ('', (-39.9689110867523, 134.500000000006, -16.1924293007566));
#6070 = CARTESIAN_POINT ('', (-40.0307700441666, 134.071428571427, -16.1549341592448));
#6071 = (
   BOUNDED_CURVE ()
   B_SPLINE_CURVE (2, (#6068, #6069, #6070), .UNSPECIFIED., .F., .U.)
   B_SPLINE_CURVE_WITH_KNOTS ((3, 3), (0., 1.42744875790811), .UNSPECIFIED.)
   CURVE ()
   GEOMETRIC_REPRESENTATION_ITEM ()
   RATIONAL_B_SPLINE_CURVE ((1., 0.7559289460123, 1.))
   REPRESENTATION_ITEM ('')
);
#6072 = EDGE_CURVE ('', #2525, #6062, #6071, .T.);
#6073 = ORIENTED_EDGE ('', *, *, #6072, .F.);
#6074 = ORIENTED_EDGE ('', *, *, #2583, .T.);
#6075 = CARTESIAN_POINT ('', (-39.5358983848611, 134.499999999996, 3.50000000001416));
#6076 = CARTESIAN_POINT ('', (-39.9689110867533, 134.499999999996, 3.50000000001416));
#6077 = CARTESIAN_POINT ('', (-40.0307700441665, 134.071428571424, 3.50000000001411));
#6078 = (
   BOUNDED_CURVE ()
   B_SPLINE_CURVE (2, (#6075, #6076, #6077), .UNSPECIFIED., .F., .U.)
   B_SPLINE_CURVE_WITH_KNOTS ((3, 3), (0., 1.42744875788956), .UNSPECIFIED.)
   CURVE ()
   GEOMETRIC_REPRESENTATION_ITEM ()
   RATIONAL_B_SPLINE_CURVE ((1., 0.755928946018494, 1.))
   REPRESENTATION_ITEM ('')
);
#6079 = EDGE_CURVE ('', #2574, #6060, #6078, .T.);
#6080 = ORIENTED_EDGE ('', *, *, #6079, .T.);
#6081 = EDGE_LOOP ('', (#6067, #6073, #6074, #6080));
#6082 = FACE_OUTER_BOUND ('', #6081, .T.);
#6083 = CARTESIAN_POINT ('', (-40.0307700441665, 134.071428571424, 3.50000000001508));
#6084 = CARTESIAN_POINT ('', (-40.0041397089327, 134.255928946014, 3.50000000001509));
#6085 = CARTESIAN_POINT ('', (-39.8632252202151, 134.377964473005, 3.50000000001511));
#6086 = CARTESIAN_POINT ('', (-39.7223107314957, 134.499999999997, 3.50000000001512));
#6087 = CARTESIAN_POINT ('', (-39.535898384857, 134.499999999996, 3.50000000001512));
#6088 = CARTESIAN_POINT ('', (-40.030770044166, 134.071428571426, -16.192429300756));
#6089 = CARTESIAN_POINT ('', (-40.0041397089323, 134.255928946016, -16.192429300756));
#6090 = CARTESIAN_POINT ('', (-39.8632252202147, 134.377964473007, -16.1924293007559));
#6091 = CARTESIAN_POINT ('', (-39.7223107314953, 134.499999999999, -16.1924293007559));
#6092 = CARTESIAN_POINT ('', (-39.5358983848565, 134.499999999997, -16.1924293007559));
#6093 = (
   BOUNDED_SURFACE ()
   B_SPLINE_SURFACE (1, 2, ((#6083, #6084, #6085, #6086, #6087), (#6088, #6089, #6090, #6091, #6092)), .UNSPECIFIED., .F., .F., .U.)
   B_SPLINE_SURFACE_WITH_KNOTS ((2, 2), (3, 2, 3), (0., 0.711305117030378), (0.0437814901726339, 0.0567383255766192, 0.0696951609807499), .UNSPECIFIED.)
   GEOMETRIC_REPRESENTATION_ITEM ()
   RATIONAL_B_SPLINE_SURFACE (((0.854650533810443, 0.86622907219972, 1., 0.866229072198219, 0.854650533810183), (0.854650533810443, 0.86622907219972, 1., 0.866229072198219, 0.854650533810183)))
   REPRESENTATION_ITEM ('')
   SURFACE ()
);
#6094 = ADVANCED_FACE ('', (#6082), #6093, .T.);
#6095 = CARTESIAN_POINT ('', (-45.0139283652676, 132.27646845321, -15.99789549742));
#6096 = VERTEX_POINT ('', #6095);
#6097 = CARTESIAN_POINT ('', (-45.0139284127014, 132.276468496169, 3.50000000001487));
#6098 = VERTEX_POINT ('', #6097);
#6099 = CARTESIAN_POINT ('', (-45.0139283652673, 132.276468453209, -15.9978954974198));
#6100 = CARTESIAN_POINT ('', (-45.0139283652672, 132.276468453208, -12.1652636649415));
#6101 = CARTESIAN_POINT ('', (-45.0139283652672, 132.276468453208, -8.33263183246321));
#6102 = CARTESIAN_POINT ('', (-45.0139283652672, 132.276468453207, -3.1666666665901));
#6103 = CARTESIAN_POINT ('', (-45.0139423850935, 132.276481151523, -1.8333333332382));
#6104 = CARTESIAN_POINT ('', (-45.0139433270338, 132.276482004681, 0.833333333446021));
#6105 = CARTESIAN_POINT ('', (-45.0139284127012, 132.276468496169, 1.70431263402078));
#6106 = CARTESIAN_POINT ('', (-45.0139284127012, 132.276468496169, 3.19176397821196));
#6107 = CARTESIAN_POINT ('', (-45.0139284127012, 132.276468496169, 3.34588198911342));
#6108 = CARTESIAN_POINT ('', (-45.0139284127012, 132.276468496169, 3.50000000001488));
#6109 = B_SPLINE_CURVE_WITH_KNOTS ('', 3, (#6099, #6100, #6101, #6102, #6103, #6104, #6105, #6106, #6107, #6108), .UNSPECIFIED., .F., .U., (4, 2, 2, 2, 4), (-11.497895497435, 0., 4.00000000018442, 8.00000000005358, 8.46235403275796), .UNSPECIFIED.);
#6110 = EDGE_CURVE ('', #6096, #6098, #6109, .T.);
#6111 = ORIENTED_EDGE ('', *, *, #6110, .F.);
#6112 = CARTESIAN_POINT ('', (-40.0307700441665, 134.071428571427, -16.1549341592448));
#6113 = CARTESIAN_POINT ('', (-40.2881672185255, 132.288128636569, -15.9989156312785));
#6114 = CARTESIAN_POINT ('', (-41.9833285984479, 131.677522495877, -15.9454945160887));
#6115 = CARTESIAN_POINT ('', (-43.6784899783703, 131.066916355186, -15.8920734008989));
#6116 = CARTESIAN_POINT ('', (-45.0139283652675, 132.276468453209, -15.9978954974198));
#6117 = (
   BOUNDED_CURVE ()
   B_SPLINE_CURVE (2, (#6112, #6113, #6114, #6115, #6116), .UNSPECIFIED., .F., .U.)
   B_SPLINE_CURVE_WITH_KNOTS ((3, 2, 3), (-1.42744875788188, -0.344741286495521, 0.735974100519101), .UNSPECIFIED.)
   CURVE ()
   GEOMETRIC_REPRESENTATION_ITEM ()
   RATIONAL_B_SPLINE_CURVE ((1., 0.857268413715461, 1., 0.857268413715442, 1.))
   REPRESENTATION_ITEM ('')
);
#6118 = EDGE_CURVE ('', #6062, #6096, #6117, .T.);
#6119 = ORIENTED_EDGE ('', *, *, #6118, .F.);
#6120 = ORIENTED_EDGE ('', *, *, #6066, .F.);
#6121 = CARTESIAN_POINT ('', (-40.0307700563887, 134.071428573188, 3.50000000001511));
#6122 = CARTESIAN_POINT ('', (-40.0309509395778, 134.070175320573, 3.5000000000151));
#6123 = CARTESIAN_POINT ('', (-40.0311326161066, 134.068922211103, 3.5000000000151));
#6124 = CARTESIAN_POINT ('', (-40.0520743098808, 133.925121915028, 3.50000000001508));
#6125 = CARTESIAN_POINT ('', (-40.0832075430955, 133.783709241724, 3.50000000001507));
#6126 = CARTESIAN_POINT ('', (-40.1651398794629, 133.507931078113, 3.50000000001504));
#6127 = CARTESIAN_POINT ('', (-40.2160929121924, 133.372838088276, 3.50000000001501));
#6128 = CARTESIAN_POINT ('', (-40.3363551535235, 133.112370056414, 3.50000000001498));
#6129 = CARTESIAN_POINT ('', (-40.4059211617626, 132.986303957359, 3.50000000001496));
#6130 = CARTESIAN_POINT ('', (-40.5617490268145, 132.746333679828, 3.50000000001493));
#6131 = CARTESIAN_POINT ('', (-40.6483625368115, 132.631788391944, 3.50000000001491));
#6132 = CARTESIAN_POINT ('', (-40.836310770497, 132.417031405702, 3.50000000001489));
#6133 = CARTESIAN_POINT ('', (-40.9380824467714, 132.316240569479, 3.50000000001488));
#6134 = CARTESIAN_POINT ('', (-41.1541005108356, 132.130851997699, 3.50000000001485));
#6135 = CARTESIAN_POINT ('', (-41.2688582619253, 132.045747473548, 3.50000000001484));
#6136 = CARTESIAN_POINT ('', (-41.5083777164253, 131.893245493499, 3.50000000001482));
#6137 = CARTESIAN_POINT ('', (-41.633713203648, 131.825422185814, 3.50000000001481));
#6138 = CARTESIAN_POINT ('', (-41.8917448701047, 131.708624797295, 3.5000000000148));
#6139 = CARTESIAN_POINT ('', (-42.0250644200213, 131.659312482847, 3.50000000001479));
#6140 = CARTESIAN_POINT ('', (-42.2963032660051, 131.580288773533, 3.50000000001478));
#6141 = CARTESIAN_POINT ('', (-42.4348821205959, 131.550331455609, 3.50000000001477));
#6142 = CARTESIAN_POINT ('', (-42.7138176933037, 131.510368237923, 3.50000000001477));
#6143 = CARTESIAN_POINT ('', (-42.8548564863376, 131.500211383127, 3.50000000001477));
#6144 = CARTESIAN_POINT ('', (-43.0143329891395, 131.499975520741, 3.50000000001477));
#6145 = CARTESIAN_POINT ('', (-43.0331039972953, 131.500123929877, 3.50000000001477));
#6146 = CARTESIAN_POINT ('', (-43.1962835482727, 131.502945787778, 3.50000000001477));
#6147 = CARTESIAN_POINT ('', (-43.3408897728137, 131.515933086355, 3.50000000001477));
#6148 = CARTESIAN_POINT ('', (-43.6255548734708, 131.562413011779, 3.50000000001478));
#6149 = CARTESIAN_POINT ('', (-43.7663611161486, 131.59596369638, 3.50000000001478));
#6150 = CARTESIAN_POINT ('', (-44.0405972179657, 131.682594025227, 3.50000000001479));
#6151 = CARTESIAN_POINT ('', (-44.1747509799754, 131.735840248507, 3.5000000000148));
#6152 = CARTESIAN_POINT ('', (-44.4330358779934, 131.860508406884, 3.50000000001481));
#6153 = CARTESIAN_POINT ('', (-44.5578527897365, 131.932198920622, 3.50000000001483));
#6154 = CARTESIAN_POINT ('', (-44.7950502370345, 132.092055765073, 3.50000000001485));
#6155 = CARTESIAN_POINT ('', (-44.908065083862, 132.180584464194, 3.50000000001486));
#6156 = CARTESIAN_POINT ('', (-45.0139284127013, 132.276468496169, 3.50000000001487));
#6157 = B_SPLINE_CURVE_WITH_KNOTS ('', 3, (#6121, #6122, #6123, #6124, #6125, #6126, #6127, #6128, #6129, #6130, #6131, #6132, #6133, #6134, #6135, #6136, #6137, #6138, #6139, #6140, #6141, #6142, #6143, #6144, #6145, #6146, #6147, #6148, #6149, #6150, #6151, #6152, #6153, #6154, #6155, #6156), .UNSPECIFIED., .F., .U., (4, 2, 2, 2, 2, 2, 2, 2, 2, 2, 2, 2, 2, 2, 2, 2, 2, 4), (0.429664850445844, 0.433463395452061, 0.865616358303691, 1.29653843819667, 1.72629017619764, 2.15491627960691, 2.58244782241002, 3.00890371448916, 3.43429159155174, 3.85860821473296, 4.28183942137547, 4.70395962829199, 4.76026945303406, 5.19357147317827, 5.62557369259143, 6.05635318412482, 6.48596845333477, 6.91446247640827), .UNSPECIFIED.);
#6158 = EDGE_CURVE ('', #6060, #6098, #6157, .T.);
#6159 = ORIENTED_EDGE ('', *, *, #6158, .T.);
#6160 = EDGE_LOOP ('', (#6111, #6119, #6120, #6159));
#6161 = FACE_OUTER_BOUND ('', #6160, .T.);
#6162 = CARTESIAN_POINT ('', (-40.0307700441664, 134.071428571424, 3.50000000001511));
#6163 = CARTESIAN_POINT ('', (-40.0307700441665, 134.071428571427, -16.1549341592449));
#6164 = CARTESIAN_POINT ('', (-40.4019237886454, 131.499999999996, 3.50000000001478));
#6165 = CARTESIAN_POINT ('', (-40.4019237886455, 131.499999999998, -16.1549341592452));
#6166 = CARTESIAN_POINT ('', (-42.9999999999986, 131.499999999996, 3.5000000000148));
#6167 = CARTESIAN_POINT ('', (-42.9999999999987, 131.499999999998, -16.1549341592452));
#6168 = CARTESIAN_POINT ('', (-44.1566591685013, 131.499999999996, 3.5000000000148));
#6169 = CARTESIAN_POINT ('', (-44.1566591685014, 131.499999999998, -16.1549341592452));
#6170 = CARTESIAN_POINT ('', (-45.0139433270374, 132.276482004684, 3.50000000001491));
#6171 = CARTESIAN_POINT ('', (-45.0139433270375, 132.276482004686, -16.1549341592451));
#6172 = (
   BOUNDED_SURFACE ()
   B_SPLINE_SURFACE (2, 1, ((#6162, #6163), (#6164, #6165), (#6166, #6167), (#6168, #6169), (#6170, #6171)), .UNSPECIFIED., .F., .F., .U.)
   B_SPLINE_SURFACE_WITH_KNOTS ((3, 2, 3), (2, 2), (0.357213758594551, 0.510644930189573, 0.590674553323505), (0., 0.709950764775851), .UNSPECIFIED.)
   GEOMETRIC_REPRESENTATION_ITEM ()
   RATIONAL_B_SPLINE_SURFACE (((0.947934768606325, 0.947934768606325), (0.735987099501201, 0.735987099501201), (1., 1.), (0.862291001823383, 0.862291001823383), (0.854074712666334, 0.854074712666334)))
   REPRESENTATION_ITEM ('')
   SURFACE ()
);
#6173 = ADVANCED_FACE ('', (#6161), #6172, .T.);
#6174 = CARTESIAN_POINT ('', (-45.9692299558315, 134.071428571428, -16.154934159245));
#6175 = VERTEX_POINT ('', #6174);
#6176 = CARTESIAN_POINT ('', (-45.9692281538956, 134.071428831512, 3.5000000000151));
#6177 = VERTEX_POINT ('', #6176);
#6178 = CARTESIAN_POINT ('', (-45.9692299558312, 134.071428571427, -16.1549341592448));
#6179 = CARTESIAN_POINT ('', (-45.9692299558311, 134.071428571424, 3.50000000001508));
#6180 = B_SPLINE_CURVE_WITH_KNOTS ('', 1, (#6178, #6179), .UNSPECIFIED., .F., .U., (2, 2), (-0.399817808156668, 0.274436768285981), .UNSPECIFIED.);
#6181 = EDGE_CURVE ('', #6175, #6177, #6180, .T.);
#6182 = ORIENTED_EDGE ('', *, *, #6181, .F.);
#6183 = CARTESIAN_POINT ('', (-45.0139283652673, 132.276468453209, -15.9978954974199));
#6184 = CARTESIAN_POINT ('', (-45.0668881037871, 132.324435894801, -16.0020921047774));
#6185 = CARTESIAN_POINT ('', (-45.1691934626284, 132.424011232729, -16.0108038180129));
#6186 = CARTESIAN_POINT ('', (-45.3113303292147, 132.583494050463, -16.0247567565918));
#6187 = CARTESIAN_POINT ('', (-45.4601376064349, 132.776588699229, -16.0416503493463));
#6188 = CARTESIAN_POINT ('', (-45.5699889934726, 132.947694454705, -16.0566201632145));
#6189 = CARTESIAN_POINT ('', (-45.6339285126762, 133.063580608274, -16.0667588879114));
#6190 = CARTESIAN_POINT ('', (-45.6681655650247, 133.127911388172, -16.0723871018682));
#6191 = CARTESIAN_POINT ('', (-45.7055177801956, 133.201905013092, -16.0788607052219));
#6192 = CARTESIAN_POINT ('', (-45.7719013002049, 133.347794093608, -16.0916243458993));
#6193 = CARTESIAN_POINT ('', (-45.8388931859023, 133.522425183998, -16.1069025866075));
#6194 = CARTESIAN_POINT ('', (-45.877691502016, 133.649868193065, -16.1180524051465));
#6195 = CARTESIAN_POINT ('', (-45.9144657567577, 133.784512842653, -16.1298322855899));
#6196 = CARTESIAN_POINT ('', (-45.9456928128289, 133.92175684408, -16.1418395798516));
#6197 = CARTESIAN_POINT ('', (-45.9629247861034, 134.027745074154, -16.1511123484503));
#6198 = CARTESIAN_POINT ('', (-45.9692299558309, 134.071428571427, -16.1549341592448));
#6199 = B_SPLINE_CURVE_WITH_KNOTS ('', 3, (#6183, #6184, #6185, #6186, #6187, #6188, #6189, #6190, #6191, #6192, #6193, #6194, #6195, #6196, #6197, #6198), .UNSPECIFIED., .F., .U., (4, 1, 1, 1, 1, 2, 1, 1, 1, 2, 1, 4), (0.00188148721487532, 0.00970724109013266, 0.01753299496539, 0.025342306153996, 0.0364848902822736, 0.0398181632219451, 0.0444492270063091, 0.0490802907906731, 0.0585863136987749, 0.0680923366068767, 0.0800187223073117, 0.0919451080077466), .UNSPECIFIED.);
#6200 = EDGE_CURVE ('', #6096, #6175, #6199, .T.);
#6201 = ORIENTED_EDGE ('', *, *, #6200, .F.);
#6202 = ORIENTED_EDGE ('', *, *, #6110, .T.);
#6203 = CARTESIAN_POINT ('', (-45.0139284127013, 132.276468496169, 3.50000000001487));
#6204 = CARTESIAN_POINT ('', (-45.0139284136268, 132.276468497007, 3.50000000001487));
#6205 = CARTESIAN_POINT ('', (-45.0139284145524, 132.276468497846, 3.50000000001487));
#6206 = CARTESIAN_POINT ('', (-45.1195220343085, 132.372108245335, 3.50000000001488));
#6207 = CARTESIAN_POINT ('', (-45.2185351459296, 132.475549758635, 3.50000000001489));
#6208 = CARTESIAN_POINT ('', (-45.4001687486464, 132.694623291949, 3.50000000001493));
#6209 = CARTESIAN_POINT ('', (-45.4832867793517, 132.810774777761, 3.50000000001494));
#6210 = CARTESIAN_POINT ('', (-45.6316594119132, 133.052774108768, 3.50000000001497));
#6211 = CARTESIAN_POINT ('', (-45.6973297166443, 133.179202346962, 3.50000000001499));
#6212 = CARTESIAN_POINT ('', (-45.8097105334398, 133.439094940325, 3.50000000001503));
#6213 = CARTESIAN_POINT ('', (-45.856748464106, 133.573187699589, 3.50000000001504));
#6214 = CARTESIAN_POINT ('', (-45.9264508915321, 133.828395017374, 3.50000000001507));
#6215 = CARTESIAN_POINT ('', (-45.9516173034766, 133.949467338187, 3.50000000001509));
#6216 = CARTESIAN_POINT ('', (-45.9692281538955, 134.071428831511, 3.50000000001511));
#6217 = B_SPLINE_CURVE_WITH_KNOTS ('', 3, (#6203, #6204, #6205, #6206, #6207, #6208, #6209, #6210, #6211, #6212, #6213, #6214, #6215, #6216), .UNSPECIFIED., .F., .U., (4, 2, 2, 2, 2, 2, 4), (6.91446247640827, 6.9144624801547, 7.34186482139149, 7.76819300421572, 8.19345335390441, 8.617641338499, 8.98711753412397), .UNSPECIFIED.);
#6218 = EDGE_CURVE ('', #6098, #6177, #6217, .T.);
#6219 = ORIENTED_EDGE ('', *, *, #6218, .T.);
#6220 = EDGE_LOOP ('', (#6182, #6201, #6202, #6219));
#6221 = FACE_OUTER_BOUND ('', #6220, .T.);
#6222 = CARTESIAN_POINT ('', (-45.0127759192554, 132.275425189698, 3.50000000041526));
#6223 = CARTESIAN_POINT ('', (-45.0127759192552, 132.275425189701, -16.1549341592432));
#6224 = CARTESIAN_POINT ('', (-45.0131601787387, 132.275772862504, 3.50000000041526));
#6225 = CARTESIAN_POINT ('', (-45.0131601787385, 132.275772862507, -16.1549341592432));
#6226 = CARTESIAN_POINT ('', (-45.0135443441737, 132.276120632187, 3.50000000041526));
#6227 = CARTESIAN_POINT ('', (-45.0135443441735, 132.27612063219, -16.1549341592432));
#6228 = CARTESIAN_POINT ('', (-45.1195220343085, 132.372108245335, 3.50000000041528));
#6229 = CARTESIAN_POINT ('', (-45.1195220343083, 132.372108245338, -16.1549341592432));
#6230 = CARTESIAN_POINT ('', (-45.2185351459296, 132.475549758635, 3.50000000041529));
#6231 = CARTESIAN_POINT ('', (-45.2185351459294, 132.475549758637, -16.1549341592432));
#6232 = CARTESIAN_POINT ('', (-45.4001687486463, 132.694623291949, 3.50000000041532));
#6233 = CARTESIAN_POINT ('', (-45.4001687486462, 132.694623291952, -16.1549341592431));
#6234 = CARTESIAN_POINT ('', (-45.4832867793517, 132.810774777761, 3.50000000041533));
#6235 = CARTESIAN_POINT ('', (-45.4832867793515, 132.810774777764, -16.1549341592431));
#6236 = CARTESIAN_POINT ('', (-45.6316594119132, 133.052774108768, 3.50000000041536));
#6237 = CARTESIAN_POINT ('', (-45.631659411913, 133.052774108771, -16.1549341592431));
#6238 = CARTESIAN_POINT ('', (-45.6973297166442, 133.179202346962, 3.50000000041538));
#6239 = CARTESIAN_POINT ('', (-45.6973297166441, 133.179202346965, -16.1549341592431));
#6240 = CARTESIAN_POINT ('', (-45.8097105334397, 133.439094940325, 3.50000000041542));
#6241 = CARTESIAN_POINT ('', (-45.8097105334396, 133.439094940328, -16.154934159243));
#6242 = CARTESIAN_POINT ('', (-45.856748464106, 133.573187699589, 3.50000000041544));
#6243 = CARTESIAN_POINT ('', (-45.8567484641059, 133.573187699591, -16.154934159243));
#6244 = CARTESIAN_POINT ('', (-45.9264508915321, 133.828395017374, 3.50000000041547));
#6245 = CARTESIAN_POINT ('', (-45.9264508915319, 133.828395017377, -16.154934159243));
#6246 = CARTESIAN_POINT ('', (-45.9516261830816, 133.949466056197, 3.50000000041451));
#6247 = CARTESIAN_POINT ('', (-45.9516261830815, 133.949466056199, -16.1549341592439));
#6248 = CARTESIAN_POINT ('', (-45.969229955831, 134.071428571424, 3.50000000041452));
#6249 = CARTESIAN_POINT ('', (-45.9692299558309, 134.071428571427, -16.1549341592439));
#6250 = CARTESIAN_POINT ('', (-45.9693050113104, 134.071948571038, 3.50000000041452));
#6251 = CARTESIAN_POINT ('', (-45.9693050113102, 134.071948571041, -16.1549341592439));
#6252 = CARTESIAN_POINT ('', (-45.9693800667897, 134.072468570653, 3.50000000041452));
#6253 = CARTESIAN_POINT ('', (-45.9693800667895, 134.072468570655, -16.1549341592439));
#6254 = CARTESIAN_POINT ('', (-45.969455122269, 134.072988570267, 3.50000000041452));
#6255 = CARTESIAN_POINT ('', (-45.9694551222688, 134.072988570269, -16.1549341592439));
#6256 = B_SPLINE_SURFACE_WITH_KNOTS ('', 3, 1, ((#6222, #6223), (#6224, #6225), (#6226, #6227), (#6228, #6229), (#6230, #6231), (#6232, #6233), (#6234, #6235), (#6236, #6237), (#6238, #6239), (#6240, #6241), (#6242, #6243), (#6244, #6245), (#6246, #6247), (#6248, #6249), (#6250, #6251), (#6252, #6253), (#6254, #6255)), .UNSPECIFIED., .F., .F., .U., (4, 2, 2, 2, 2, 2, 3, 4), (2, 2), (154.455732112204, 154.45728668507, 154.884689026307, 155.311017209131, 155.73627755882, 156.160465543415, 156.52994173904, 156.531517038457), (0.140703211230766, 0.89243732663996), .UNSPECIFIED.);
#6257 = ADVANCED_FACE ('', (#6221), #6256, .T.);
#6258 = CARTESIAN_POINT ('', (-46.4641016151366, 134.499999999996, 3.50000000001516));
#6259 = VERTEX_POINT ('', #6258);
#6260 = CARTESIAN_POINT ('', (-46.4641016151369, 134.499999999999, -16.192429300756));
#6261 = VERTEX_POINT ('', #6260);
#6262 = CARTESIAN_POINT ('', (-46.4641016151365, 134.499999999996, 3.50000000001515));
#6263 = CARTESIAN_POINT ('', (-46.4641016151365, 134.499999999998, -16.1924293007559));
#6264 = B_SPLINE_CURVE_WITH_KNOTS ('', 1, (#6262, #6263), .UNSPECIFIED., .F., .U., (2, 2), (-0.274436768285982, 0.40110406383951), .UNSPECIFIED.);
#6265 = EDGE_CURVE ('', #6259, #6261, #6264, .T.);
#6266 = ORIENTED_EDGE ('', *, *, #6265, .T.);
#6267 = CARTESIAN_POINT ('', (-45.9692299558312, 134.071428571427, -16.1549341592448));
#6268 = CARTESIAN_POINT ('', (-46.0310889132438, 134.499999999994, -16.1924293007555));
#6269 = CARTESIAN_POINT ('', (-46.4641016151319, 134.499999999998, -16.1924293007559));
#6270 = (
   BOUNDED_CURVE ()
   B_SPLINE_CURVE (2, (#6267, #6268, #6269), .UNSPECIFIED., .F., .U.)
   B_SPLINE_CURVE_WITH_KNOTS ((3, 3), (-1.4274487578801, 0.), .UNSPECIFIED.)
   CURVE ()
   GEOMETRIC_REPRESENTATION_ITEM ()
   RATIONAL_B_SPLINE_CURVE ((1., 0.75592894602151, 1.))
   REPRESENTATION_ITEM ('')
);
#6271 = EDGE_CURVE ('', #6175, #6261, #6270, .T.);
#6272 = ORIENTED_EDGE ('', *, *, #6271, .F.);
#6273 = ORIENTED_EDGE ('', *, *, #6181, .T.);
#6274 = CARTESIAN_POINT ('', (-45.9692299558311, 134.071428571424, 3.50000000001413));
#6275 = CARTESIAN_POINT ('', (-46.0310889132442, 134.499999999996, 3.50000000001417));
#6276 = CARTESIAN_POINT ('', (-46.4641016151365, 134.499999999996, 3.50000000001419));
#6277 = (
   BOUNDED_CURVE ()
   B_SPLINE_CURVE (2, (#6274, #6275, #6276), .UNSPECIFIED., .F., .U.)
   B_SPLINE_CURVE_WITH_KNOTS ((3, 3), (0., 1.42744875788966), .UNSPECIFIED.)
   CURVE ()
   GEOMETRIC_REPRESENTATION_ITEM ()
   RATIONAL_B_SPLINE_CURVE ((1., 0.75592894601842, 1.))
   REPRESENTATION_ITEM ('')
);
#6278 = EDGE_CURVE ('', #6177, #6259, #6277, .T.);
#6279 = ORIENTED_EDGE ('', *, *, #6278, .T.);
#6280 = EDGE_LOOP ('', (#6266, #6272, #6273, #6279));
#6281 = FACE_OUTER_BOUND ('', #6280, .T.);
#6282 = CARTESIAN_POINT ('', (-46.4641016151365, 134.499999999996, 3.50000000001516));
#6283 = CARTESIAN_POINT ('', (-46.2776892685002, 134.499999999996, 3.50000000001516));
#6284 = CARTESIAN_POINT ('', (-46.1367747797826, 134.377964473005, 3.50000000001515));
#6285 = CARTESIAN_POINT ('', (-45.9958602910649, 134.255928946014, 3.50000000001513));
#6286 = CARTESIAN_POINT ('', (-45.9692299558311, 134.071428571424, 3.50000000001511));
#6287 = CARTESIAN_POINT ('', (-46.4641016151365, 134.499999999998, -16.1924293007559));
#6288 = CARTESIAN_POINT ('', (-46.2776892685003, 134.499999999998, -16.1924293007559));
#6289 = CARTESIAN_POINT ('', (-46.1367747797826, 134.377964473007, -16.1924293007559));
#6290 = CARTESIAN_POINT ('', (-45.9958602910649, 134.255928946016, -16.1924293007559));
#6291 = CARTESIAN_POINT ('', (-45.9692299558312, 134.071428571427, -16.1924293007559));
#6292 = (
   BOUNDED_SURFACE ()
   B_SPLINE_SURFACE (1, 2, ((#6282, #6283, #6284, #6285, #6286), (#6287, #6288, #6289, #6290, #6291)), .UNSPECIFIED., .F., .F., .U.)
   B_SPLINE_SURFACE_WITH_KNOTS ((2, 2), (3, 2, 3), (0., 0.711305117030377), (0.0437814901726341, 0.0567383255766193, 0.0696951609806103), .UNSPECIFIED.)
   GEOMETRIC_REPRESENTATION_ITEM ()
   RATIONAL_B_SPLINE_SURFACE (((0.854650533810443, 0.866229072199721, 1., 0.866229072199661, 0.854650533810433), (0.854650533810443, 0.866229072199721, 1., 0.866229072199661, 0.854650533810433)))
   REPRESENTATION_ITEM ('')
   SURFACE ()
);
#6293 = ADVANCED_FACE ('', (#6281), #6292, .T.);
#6294 = ORIENTED_EDGE ('', *, *, #2500, .T.);
#6295 = CARTESIAN_POINT ('', (-24.4999999999993, 137.499999999997, -7.99999999998401));
#6296 = CARTESIAN_POINT ('', (-17.4999999999993, 137.499999999997, -7.99999999998403));
#6297 = B_SPLINE_CURVE_WITH_KNOTS ('', 1, (#6295, #6296), .UNSPECIFIED., .F., .U., (2, 2), (0., 1.), .UNSPECIFIED.);
#6298 = EDGE_CURVE ('', #2602, #2464, #6297, .T.);
#6299 = ORIENTED_EDGE ('', *, *, #6298, .F.);
#6300 = ORIENTED_EDGE ('', *, *, #2606, .T.);
#6301 = ORIENTED_EDGE ('', *, *, #2564, .T.);
#6302 = EDGE_LOOP ('', (#6294, #6299, #6300, #6301));
#6303 = FACE_OUTER_BOUND ('', #6302, .T.);
#6304 = CARTESIAN_POINT ('', (-17.4999999999991, 134.499999999997, -7.99999999998442));
#6305 = CARTESIAN_POINT ('', (-24.4999999999995, 134.499999999997, -7.99999999998442));
#6306 = CARTESIAN_POINT ('', (-17.4999999999991, 137.5, -7.99999999998403));
#6307 = CARTESIAN_POINT ('', (-24.4999999999995, 137.5, -7.99999999998402));
#6308 = B_SPLINE_SURFACE_WITH_KNOTS ('', 1, 1, ((#6304, #6305), (#6306, #6307)), .UNSPECIFIED., .F., .F., .U., (2, 2), (2, 2), (0.708548548094733, 0.779100662141198), (0.417689200279195, 0.582310799720814), .UNSPECIFIED.);
#6309 = ADVANCED_FACE ('', (#6303), #6308, .T.);
#6310 = ORIENTED_EDGE ('', *, *, #2468, .T.);
#6311 = CARTESIAN_POINT ('', (-24.4999999999997, 137.499999999999, -9.49999999998461));
#6312 = CARTESIAN_POINT ('', (-17.5, 137.499999999998, -9.49999999998462));
#6313 = B_SPLINE_CURVE_WITH_KNOTS ('', 1, (#6311, #6312), .UNSPECIFIED., .F., .U., (2, 2), (0.150000000000018, 0.849999999999991), .UNSPECIFIED.);
#6314 = EDGE_CURVE ('', #2624, #2456, #6313, .T.);
#6315 = ORIENTED_EDGE ('', *, *, #6314, .F.);
#6316 = ORIENTED_EDGE ('', *, *, #2648, .F.);
#6317 = ORIENTED_EDGE ('', *, *, #6298, .T.);
#6318 = EDGE_LOOP ('', (#6310, #6315, #6316, #6317));
#6319 = FACE_OUTER_BOUND ('', #6318, .T.);
#6320 = CARTESIAN_POINT ('', (-17.4999999999996, 137.499999999997, -9.49999999998438));
#6321 = CARTESIAN_POINT ('', (-17.4999999999996, 137.499999999997, -7.99999999998403));
#6322 = CARTESIAN_POINT ('', (-24.4999999999997, 137.499999999997, -9.49999999998438));
#6323 = CARTESIAN_POINT ('', (-24.4999999999997, 137.499999999997, -7.99999999998403));
#6324 = B_SPLINE_SURFACE_WITH_KNOTS ('', 1, 1, ((#6320, #6321), (#6322, #6323)), .UNSPECIFIED., .F., .F., .U., (2, 2), (2, 2), (0.440170153448519, 0.559829846551473), (0.277774855665942, 0.303416218473723), .UNSPECIFIED.);
#6325 = ADVANCED_FACE ('', (#6319), #6324, .T.);
#6326 = ORIENTED_EDGE ('', *, *, #2115, .T.);
#6327 = CARTESIAN_POINT ('', (-25.9999999999999, 140.706138484406, -9.49999999998419));
#6328 = CARTESIAN_POINT ('', (-22.8669339301114, 140.706138484406, -9.49999999998419));
#6329 = CARTESIAN_POINT ('', (-19.7338678602229, 140.706138484406, -9.4999999999842));
#6330 = CARTESIAN_POINT ('', (-16.6008017903344, 140.706138484406, -9.4999999999842));
#6331 = B_SPLINE_CURVE_WITH_KNOTS ('', 3, (#6327, #6328, #6329, #6330), .UNSPECIFIED., .F., .U., (4, 4), (0., 9.39919820966569), .UNSPECIFIED.);
#6332 = EDGE_CURVE ('', #2726, #2100, #6331, .T.);
#6333 = ORIENTED_EDGE ('', *, *, #6332, .F.);
#6334 = ORIENTED_EDGE ('', *, *, #2730, .F.);
#6335 = ORIENTED_EDGE ('', *, *, #2629, .T.);
#6336 = ORIENTED_EDGE ('', *, *, #6314, .T.);
#6337 = ORIENTED_EDGE ('', *, *, #2461, .F.);
#6338 = ORIENTED_EDGE ('', *, *, #2430, .T.);
#6339 = EDGE_LOOP ('', (#6326, #6333, #6334, #6335, #6336, #6337, #6338));
#6340 = FACE_OUTER_BOUND ('', #6339, .T.);
#6341 = CARTESIAN_POINT ('', (-25.9999999999999, 137.499999999997, -9.49999999998461));
#6342 = CARTESIAN_POINT ('', (-25.9999999999999, 140.706138484406, -9.49999999998419));
#6343 = CARTESIAN_POINT ('', (-15.9999999999999, 137.499999999997, -9.49999999998462));
#6344 = CARTESIAN_POINT ('', (-15.9999999999999, 140.706138484406, -9.4999999999842));
#6345 = B_SPLINE_SURFACE_WITH_KNOTS ('', 1, 1, ((#6341, #6342), (#6343, #6344)), .UNSPECIFIED., .F., .F., .U., (2, 2), (2, 2), (2.10973265619846, 2.45277861655595), (0., 0.109985285542307), .UNSPECIFIED.);
#6346 = ADVANCED_FACE ('', (#6340), #6345, .T.);
#6347 = ORIENTED_EDGE ('', *, *, #2737, .F.);
#6348 = ORIENTED_EDGE ('', *, *, #6332, .T.);
#6349 = ORIENTED_EDGE ('', *, *, #2104, .T.);
#6350 = CARTESIAN_POINT ('', (-169.003298091634, 141.31240503442, -16.788437512614));
#6351 = VERTEX_POINT ('', #6350);
#6352 = CARTESIAN_POINT ('', (-169.003298091632, 141.312405034419, -16.7884375126138));
#6353 = CARTESIAN_POINT ('', (-118.207318145522, 141.312405034419, -16.7884375126138));
#6354 = CARTESIAN_POINT ('', (-67.4113381994108, 141.312405034419, -16.7884375126138));
#6355 = CARTESIAN_POINT ('', (-16.6153582533001, 141.312405034419, -16.7884375126138));
#6356 = B_SPLINE_CURVE_WITH_KNOTS ('', 3, (#6352, #6353, #6354, #6355), .UNSPECIFIED., .F., .U., (4, 4), (0., 152.387939838334), .UNSPECIFIED.);
#6357 = EDGE_CURVE ('', #6351, #2071, #6356, .T.);
#6358 = ORIENTED_EDGE ('', *, *, #6357, .F.);
#6359 = CARTESIAN_POINT ('', (-169.000138821064, 139.576286539655, 4.08289567134716));
#6360 = CARTESIAN_POINT ('', (-169.003298091632, 141.312405034419, -16.7884375126138));
#6361 = B_SPLINE_CURVE_WITH_KNOTS ('', 1, (#6359, #6360), .UNSPECIFIED., .F., .U., (2, 2), (0.00611402885779257, 0.145256250084202), .UNSPECIFIED.);
#6362 = EDGE_CURVE ('', #2897, #6351, #6361, .T.);
#6363 = ORIENTED_EDGE ('', *, *, #6362, .F.);
#6364 = ORIENTED_EDGE ('', *, *, #2977, .F.);
#6365 = EDGE_LOOP ('', (#6347, #6348, #6349, #6358, #6363, #6364));
#6366 = FACE_OUTER_BOUND ('', #6365, .T.);
#6367 = CARTESIAN_POINT ('', (-16.5736740393637, 139.576286539654, 4.08289567134715));
#6368 = CARTESIAN_POINT ('', (-92.7869064302138, 139.576286539655, 4.08289567134715));
#6369 = CARTESIAN_POINT ('', (-169.000138821064, 139.576286539655, 4.08289567134715));
#6370 = CARTESIAN_POINT ('', (-16.6153582533001, 141.312405034419, -16.7884375126138));
#6371 = CARTESIAN_POINT ('', (-92.8093281724662, 141.312405034419, -16.7884375126138));
#6372 = CARTESIAN_POINT ('', (-169.003298091632, 141.312405034419, -16.7884375126138));
#6373 = B_SPLINE_SURFACE_WITH_KNOTS ('', 1, 2, ((#6367, #6368, #6369), (#6370, #6371, #6372)), .UNSPECIFIED., .F., .F., .U., (2, 2), (3, 3), (0.00611402885779262, 0.145256250084202), (11., 12.), .UNSPECIFIED.);
#6374 = ADVANCED_FACE ('', (#6366), #6373, .T.);
#6375 = CARTESIAN_POINT ('', (-18.2609561036161, 17.9831126182119, -5.99852254553691));
#6376 = VERTEX_POINT ('', #6375);
#6377 = CARTESIAN_POINT ('', (-18.2805146091733, 18.8231926888594, 4.04347393101634));
#6378 = CARTESIAN_POINT ('', (-18.260956103616, 17.9831126182117, -5.99852254553685));
#6379 = B_SPLINE_CURVE_WITH_KNOTS ('', 1, (#6377, #6378), .UNSPECIFIED., .F., .U., (2, 2), (0.00637684045989138, 0.0733234836369125), .UNSPECIFIED.);
#6380 = EDGE_CURVE ('', #1473, #6376, #6379, .T.);
#6381 = ORIENTED_EDGE ('', *, *, #6380, .T.);
#6382 = CARTESIAN_POINT ('', (-4.86854523690786, 41.0041629230169, -8.01260346966454));
#6383 = CARTESIAN_POINT ('', (-9.33278944998273, 33.3302951164663, -7.34122703119574));
#6384 = CARTESIAN_POINT ('', (-13.7967118905412, 25.6569804247624, -6.66989898400566));
#6385 = CARTESIAN_POINT ('', (-18.260956103616, 17.9831126182117, -5.99852254553685));
#6386 = B_SPLINE_CURVE_WITH_KNOTS ('', 3, (#6382, #6383, #6384, #6385), .UNSPECIFIED., .F., .U., (4, 4), (0., 26.7098526476031), .UNSPECIFIED.);
#6387 = EDGE_CURVE ('', #2006, #6376, #6386, .T.);
#6388 = ORIENTED_EDGE ('', *, *, #6387, .F.);
#6389 = ORIENTED_EDGE ('', *, *, #2028, .F.);
#6390 = ORIENTED_EDGE ('', *, *, #1588, .F.);
#6391 = EDGE_LOOP ('', (#6381, #6388, #6389, #6390));
#6392 = FACE_OUTER_BOUND ('', #6391, .T.);
#6393 = CARTESIAN_POINT ('', (-18.2805146091732, 18.8231926888593, 4.04347393101634));
#6394 = CARTESIAN_POINT ('', (-11.58723347599, 30.4162956808752, 4.04347393101788));
#6395 = CARTESIAN_POINT ('', (-4.89395234280656, 42.009398672891, 4.04347393101941));
#6396 = CARTESIAN_POINT ('', (-18.2570333365607, 17.8146212978867, -8.01260346966761));
#6397 = CARTESIAN_POINT ('', (-11.5627892867344, 29.4093921104519, -8.01260346966607));
#6398 = CARTESIAN_POINT ('', (-4.86854523690785, 41.0041629230169, -8.01260346966454));
#6399 = B_SPLINE_SURFACE_WITH_KNOTS ('', 1, 2, ((#6393, #6394, #6395), (#6396, #6397, #6398)), .UNSPECIFIED., .F., .F., .U., (2, 2), (3, 3), (0.00637684045989142, 0.0867506897977842), (7., 8.), .UNSPECIFIED.);
#6400 = ADVANCED_FACE ('', (#6392), #6399, .T.);
#6401 = CARTESIAN_POINT ('', (-35.339207784991, 13.4404639770707, -5.60109228705618));
#6402 = VERTEX_POINT ('', #6401);
#6403 = CARTESIAN_POINT ('', (-35.356075829833, 14.2501640872706, 4.07144112272014));
#6404 = CARTESIAN_POINT ('', (-35.3392077849907, 13.4404639770706, -5.60109228705613));
#6405 = B_SPLINE_CURVE_WITH_KNOTS ('', 1, (#6403, #6404), .UNSPECIFIED., .F., .U., (2, 2), (0.00619039251519534, 0.0706739485803703), .UNSPECIFIED.);
#6406 = EDGE_CURVE ('', #1426, #6402, #6405, .T.);
#6407 = ORIENTED_EDGE ('', *, *, #6406, .T.);
#6408 = CARTESIAN_POINT ('', (-18.260956103616, 17.9831126182117, -5.99852254553685));
#6409 = CARTESIAN_POINT ('', (-18.4497492678083, 17.6585842735147, -5.97012999438307));
#6410 = CARTESIAN_POINT ('', (-18.6649303567741, 17.3252054726329, -5.94096312864608));
#6411 = CARTESIAN_POINT ('', (-19.1012602011397, 16.7132493935446, -5.88742390915016));
#6412 = CARTESIAN_POINT ('', (-19.3449345767653, 16.402856095703, -5.86026801435463));
#6413 = CARTESIAN_POINT ('', (-19.8365224836042, 15.8328413749773, -5.8103981882483));
#6414 = CARTESIAN_POINT ('', (-20.1062775088539, 15.5477025955316, -5.78545177751522));
#6415 = CARTESIAN_POINT ('', (-20.6489526695947, 15.0244817551432, -5.73967588546079));
#6416 = CARTESIAN_POINT ('', (-20.9422014717885, 14.7666319615788, -5.71711695163144));
#6417 = CARTESIAN_POINT ('', (-21.5313798745638, 14.2946374812223, -5.67582278535349));
#6418 = CARTESIAN_POINT ('', (-21.845383720825, 14.0658630196749, -5.65580761346387));
#6419 = CARTESIAN_POINT ('', (-22.4761118576703, 13.649076423104, -5.61934351115442));
#6420 = CARTESIAN_POINT ('', (-22.808003493716, 13.450904389723, -5.60200570480572));
#6421 = CARTESIAN_POINT ('', (-23.4750036034076, 13.0928298716286, -5.57067824377499));
#6422 = CARTESIAN_POINT ('', (-23.8218112176412, 12.9265193569787, -5.55612795911799));
#6423 = CARTESIAN_POINT ('', (-24.5195275756093, 12.6301618073537, -5.53020003317552));
#6424 = CARTESIAN_POINT ('', (-24.8781991098471, 12.4966974053558, -5.51852341101645));
#6425 = CARTESIAN_POINT ('', (-25.6008449641172, 12.2645446366381, -5.49821267554753));
#6426 = CARTESIAN_POINT ('', (-25.9682725516583, 12.1646320882236, -5.48947146021728));
#6427 = CARTESIAN_POINT ('', (-26.7098773936376, 11.9986410473714, -5.47494912589587));
#6428 = CARTESIAN_POINT ('', (-27.0829217616157, 11.9327048823399, -5.46918045893925));
#6429 = CARTESIAN_POINT ('', (-27.837378705071, 11.8342916333906, -5.46057041531544));
#6430 = CARTESIAN_POINT ('', (-28.2128934282112, 11.8024746803089, -5.45778679261286));
#6431 = CARTESIAN_POINT ('', (-28.9740065424472, 11.7725079692868, -5.45516504511527));
#6432 = CARTESIAN_POINT ('', (-29.3488620770629, 11.7746726203486, -5.45535442754366));
#6433 = CARTESIAN_POINT ('', (-30.1103935759573, 11.8134708787505, -5.45874883531838));
#6434 = CARTESIAN_POINT ('', (-30.4815010344653, 11.8492020215229, -5.46187490524578));
#6435 = CARTESIAN_POINT ('', (-31.2372182580186, 11.9565337213484, -5.47126521221747));
#6436 = CARTESIAN_POINT ('', (-31.6015529043744, 12.0251432791285, -5.47726777073275));
#6437 = CARTESIAN_POINT ('', (-32.345275041708, 12.2002306153865, -5.49258592778225));
#6438 = CARTESIAN_POINT ('', (-32.6998994966845, 12.3007636691924, -5.5013814302999));
#6439 = CARTESIAN_POINT ('', (-33.4255439884156, 12.5422896087645, -5.52251221195987));
#6440 = CARTESIAN_POINT ('', (-33.7676311310932, 12.6735321035194, -5.53399444242377));
#6441 = CARTESIAN_POINT ('', (-34.5430827110308, 13.0118597128673, -5.56359427279949));
#6442 = CARTESIAN_POINT ('', (-34.93720143977, 13.2100328360135, -5.58093217449029));
#6443 = CARTESIAN_POINT ('', (-35.3392077849907, 13.4404639770706, -5.60109228705611));
#6444 = B_SPLINE_CURVE_WITH_KNOTS ('', 3, (#6408, #6409, #6410, #6411, #6412, #6413, #6414, #6415, #6416, #6417, #6418, #6419, #6420, #6421, #6422, #6423, #6424, #6425, #6426, #6427, #6428, #6429, #6430, #6431, #6432, #6433, #6434, #6435, #6436, #6437, #6438, #6439, #6440, #6441, #6442, #6443), .UNSPECIFIED., .F., .U., (4, 2, 2, 2, 2, 2, 2, 2, 2, 2, 2, 2, 2, 2, 2, 2, 2, 4), (0., 1.1295613223136, 2.26045655002993, 3.39264816641653, 4.52610574877103, 5.66080527992808, 6.79672859812772, 7.93386296724406, 9.0722007549905, 10.2117392110797, 11.3524803407781, 12.4944308721524, 13.637602317812, 14.7820111343525, 15.9276789852292, 17.0746331156918, 18.2229068519553, 19.6143185029587), .UNSPECIFIED.);
#6445 = EDGE_CURVE ('', #6376, #6402, #6444, .T.);
#6446 = ORIENTED_EDGE ('', *, *, #6445, .F.);
#6447 = ORIENTED_EDGE ('', *, *, #6380, .F.);
#6448 = ORIENTED_EDGE ('', *, *, #1511, .F.);
#6449 = EDGE_LOOP ('', (#6407, #6446, #6447, #6448));
#6450 = FACE_OUTER_BOUND ('', #6449, .T.);
#6451 = CARTESIAN_POINT ('', (-35.356097664575, 14.2512121988432, 4.08396167702821));
#6452 = CARTESIAN_POINT ('', (-24.5306617850954, 8.00114387973071, 4.08396167702738));
#6453 = CARTESIAN_POINT ('', (-18.280593465983, 18.8265797592103, 4.08396167702881));
#6454 = CARTESIAN_POINT ('', (-35.3385147016858, 13.4071945831636, -5.99852254553746));
#6455 = CARTESIAN_POINT ('', (-24.5117763851268, 7.1563743016527, -5.99852254553828));
#6456 = CARTESIAN_POINT ('', (-18.260956103616, 17.9831126182117, -5.99852254553685));
#6457 = (
   BOUNDED_SURFACE ()
   B_SPLINE_SURFACE (1, 2, ((#6451, #6452, #6453), (#6454, #6455, #6456)), .UNSPECIFIED., .F., .F., .U.)
   B_SPLINE_SURFACE_WITH_KNOTS ((2, 2), (3, 3), (0.00610692215314158, 0.0733234836369125), (6., 7.), .UNSPECIFIED.)
   GEOMETRIC_REPRESENTATION_ITEM ()
   RATIONAL_B_SPLINE_SURFACE (((1., 0.707106781186544, 1.), (1., 0.707106781186544, 1.)))
   REPRESENTATION_ITEM ('')
   SURFACE ()
);
#6458 = ADVANCED_FACE ('', (#6450), #6457, .T.);
#6459 = CARTESIAN_POINT ('', (-56.4863681419778, 25.5620743673358, -6.66159577988094));
#6460 = VERTEX_POINT ('', #6459);
#6461 = CARTESIAN_POINT ('', (-56.5023772862984, 26.458986925526, 4.07144112272175));
#6462 = CARTESIAN_POINT ('', (-56.4863681419773, 25.5620743673356, -6.66159577988087));
#6463 = B_SPLINE_CURVE_WITH_KNOTS ('', 1, (#6461, #6462), .UNSPECIFIED., .F., .U., (2, 2), (0.00619039251519538, 0.0777439718658794), .UNSPECIFIED.);
#6464 = EDGE_CURVE ('', #1320, #6460, #6463, .T.);
#6465 = ORIENTED_EDGE ('', *, *, #6464, .T.);
#6466 = CARTESIAN_POINT ('', (-35.3392077849907, 13.4404639770706, -5.60109228705611));
#6467 = CARTESIAN_POINT ('', (-42.3881720487242, 17.4809496506778, -5.95458897863516));
#6468 = CARTESIAN_POINT ('', (-49.4374038782438, 21.5215886937284, -6.30809908830184));
#6469 = CARTESIAN_POINT ('', (-56.4863681419773, 25.5620743673356, -6.66159577988088));
#6470 = B_SPLINE_CURVE_WITH_KNOTS ('', 3, (#6466, #6467, #6468, #6469), .UNSPECIFIED., .F., .U., (4, 4), (0., 24.397652227802), .UNSPECIFIED.);
#6471 = EDGE_CURVE ('', #6402, #6460, #6470, .T.);
#6472 = ORIENTED_EDGE ('', *, *, #6471, .F.);
#6473 = ORIENTED_EDGE ('', *, *, #6406, .F.);
#6474 = ORIENTED_EDGE ('', *, *, #1448, .F.);
#6475 = EDGE_LOOP ('', (#6465, #6472, #6473, #6474));
#6476 = FACE_OUTER_BOUND ('', #6475, .T.);
#6477 = CARTESIAN_POINT ('', (-56.5023772862984, 26.458986925526, 4.07144112272177));
#6478 = CARTESIAN_POINT ('', (-45.9292265580657, 20.3545755063983, 4.07144112272096));
#6479 = CARTESIAN_POINT ('', (-35.356075829833, 14.2501640872706, 4.07144112272015));
#6480 = CARTESIAN_POINT ('', (-56.4863681419773, 25.5620743673356, -6.66159577988088));
#6481 = CARTESIAN_POINT ('', (-45.9118632512233, 19.4568811221116, -6.66159577988168));
#6482 = CARTESIAN_POINT ('', (-35.3373583604692, 13.3516878768877, -6.66159577988249));
#6483 = B_SPLINE_SURFACE_WITH_KNOTS ('', 1, 2, ((#6477, #6478, #6479), (#6480, #6481, #6482)), .UNSPECIFIED., .F., .F., .U., (2, 2), (3, 3), (0.0061903925151953, 0.0777439718658794), (5., 6.), .UNSPECIFIED.);
#6484 = ADVANCED_FACE ('', (#6476), #6483, .T.);
#6485 = CARTESIAN_POINT ('', (-67.2198876057347, 29.9760118078073, -7.04776526743431));
#6486 = VERTEX_POINT ('', #6485);
#6487 = CARTESIAN_POINT ('', (-67.2350604476682, 30.905324456198, 4.08005623892861));
#6488 = CARTESIAN_POINT ('', (-67.2198876057341, 29.9760118078071, -7.04776526743424));
#6489 = B_SPLINE_CURVE_WITH_KNOTS ('', 1, (#6487, #6488), .UNSPECIFIED., .F., .U., (2, 2), (0.00613295840715362, 0.0803184351162391), .UNSPECIFIED.);
#6490 = EDGE_CURVE ('', #1273, #6486, #6489, .T.);
#6491 = ORIENTED_EDGE ('', *, *, #6490, .T.);
#6492 = CARTESIAN_POINT ('', (-56.4863681419773, 25.5620743673356, -6.66159577988088));
#6493 = CARTESIAN_POINT ('', (-58.1522339423834, 26.5169532188746, -6.74513685443109));
#6494 = CARTESIAN_POINT ('', (-59.8961540262579, 27.3716454536641, -6.8199127357787));
#6495 = CARTESIAN_POINT ('', (-63.4796726187606, 28.8488747195647, -6.94915354997355));
#6496 = CARTESIAN_POINT ('', (-65.3298491832937, 29.4732349571725, -7.00377799272051));
#6497 = CARTESIAN_POINT ('', (-67.2198876057341, 29.9760118078071, -7.04776526743424));
#6498 = B_SPLINE_CURVE_WITH_KNOTS ('', 3, (#6492, #6493, #6494, #6495, #6496, #6497), .UNSPECIFIED., .F., .U., (4, 2, 4), (0., 5.7658420352057, 11.6346308473498), .UNSPECIFIED.);
#6499 = EDGE_CURVE ('', #6460, #6486, #6498, .T.);
#6500 = ORIENTED_EDGE ('', *, *, #6499, .F.);
#6501 = ORIENTED_EDGE ('', *, *, #6464, .F.);
#6502 = ORIENTED_EDGE ('', *, *, #1362, .F.);
#6503 = EDGE_LOOP ('', (#6491, #6500, #6501, #6502));
#6504 = FACE_OUTER_BOUND ('', #6503, .T.);
#6505 = CARTESIAN_POINT ('', (-67.2350604476682, 30.905324456198, 4.08005623892861));
#6506 = CARTESIAN_POINT ('', (-61.5760869616318, 29.3890070806254, 4.08005623892841));
#6507 = CARTESIAN_POINT ('', (-56.5023901364022, 26.4597068527923, 4.08005623892802));
#6508 = CARTESIAN_POINT ('', (-67.2198876057341, 29.9760118078071, -7.04776526743425));
#6509 = CARTESIAN_POINT ('', (-61.5601626843882, 28.4594930857502, -7.04776526743444));
#6510 = CARTESIAN_POINT ('', (-56.4857921406913, 25.5298038863785, -7.04776526743483));
#6511 = (
   BOUNDED_SURFACE ()
   B_SPLINE_SURFACE (1, 2, ((#6505, #6506, #6507), (#6508, #6509, #6510)), .UNSPECIFIED., .F., .F., .U.)
   B_SPLINE_SURFACE_WITH_KNOTS ((2, 2), (3, 3), (0.00613295840715362, 0.0803184351162391), (4., 5.), .UNSPECIFIED.)
   GEOMETRIC_REPRESENTATION_ITEM ()
   RATIONAL_B_SPLINE_SURFACE (((1., 0.991444861373806, 1.), (1., 0.991444861373806, 1.)))
   REPRESENTATION_ITEM ('')
   SURFACE ()
);
#6512 = ADVANCED_FACE ('', (#6504), #6511, .T.);
#6513 = CARTESIAN_POINT ('', (-70.9581381513627, 30.9704391241509, -7.13476638431476));
#6514 = VERTEX_POINT ('', #6513);
#6515 = CARTESIAN_POINT ('', (-70.9729294006691, 31.9068834235678, 4.08005623892874));
#6516 = CARTESIAN_POINT ('', (-70.9581381513621, 30.9704391241506, -7.13476638431468));
#6517 = B_SPLINE_CURVE_WITH_KNOTS ('', 1, (#6515, #6516), .UNSPECIFIED., .F., .U., (2, 2), (0.00613295840715367, 0.0808984425621096), .UNSPECIFIED.);
#6518 = EDGE_CURVE ('', #1167, #6514, #6517, .T.);
#6519 = ORIENTED_EDGE ('', *, *, #6518, .T.);
#6520 = CARTESIAN_POINT ('', (-67.2198876057341, 29.9760118078071, -7.04776526743424));
#6521 = CARTESIAN_POINT ('', (-68.4659698357927, 30.3074872380534, -7.07676560981813));
#6522 = CARTESIAN_POINT ('', (-69.7120559213035, 30.6389636939043, -7.1057660419308));
#6523 = CARTESIAN_POINT ('', (-70.958138151362, 30.9704391241506, -7.13476638431469));
#6524 = B_SPLINE_CURVE_WITH_KNOTS ('', 3, (#6520, #6521, #6522, #6523), .UNSPECIFIED., .F., .U., (4, 4), (0., 3.86923004524773), .UNSPECIFIED.);
#6525 = EDGE_CURVE ('', #6486, #6514, #6524, .T.);
#6526 = ORIENTED_EDGE ('', *, *, #6525, .F.);
#6527 = ORIENTED_EDGE ('', *, *, #6490, .F.);
#6528 = ORIENTED_EDGE ('', *, *, #1295, .F.);
#6529 = EDGE_LOOP ('', (#6519, #6526, #6527, #6528));
#6530 = FACE_OUTER_BOUND ('', #6529, .T.);
#6531 = CARTESIAN_POINT ('', (-70.972929400669, 31.9068834235678, 4.08005623892874));
#6532 = CARTESIAN_POINT ('', (-69.1039949241686, 31.4061039398829, 4.08005623892867));
#6533 = CARTESIAN_POINT ('', (-67.2350604476682, 30.905324456198, 4.08005623892861));
#6534 = CARTESIAN_POINT ('', (-70.958138151362, 30.9704391241506, -7.13476638431469));
#6535 = CARTESIAN_POINT ('', (-69.0889535653126, 30.4695926238141, -7.13476638431475));
#6536 = CARTESIAN_POINT ('', (-67.2197689792632, 29.9687461234775, -7.13476638431482));
#6537 = B_SPLINE_SURFACE_WITH_KNOTS ('', 1, 2, ((#6531, #6532, #6533), (#6534, #6535, #6536)), .UNSPECIFIED., .F., .F., .U., (2, 2), (3, 3), (0.00613295840715362, 0.0808984425621096), (3., 4.), .UNSPECIFIED.);
#6538 = ADVANCED_FACE ('', (#6530), #6537, .T.);
#6539 = ORIENTED_EDGE ('', *, *, #1580, .T.);
#6540 = ORIENTED_EDGE ('', *, *, #1664, .T.);
#6541 = ORIENTED_EDGE ('', *, *, #1695, .T.);
#6542 = ORIENTED_EDGE ('', *, *, #1749, .F.);
#6543 = ORIENTED_EDGE ('', *, *, #1773, .F.);
#6544 = ORIENTED_EDGE ('', *, *, #1802, .F.);
#6545 = ORIENTED_EDGE ('', *, *, #1833, .F.);
#6546 = ORIENTED_EDGE ('', *, *, #1862, .F.);
#6547 = ORIENTED_EDGE ('', *, *, #1893, .F.);
#6548 = ORIENTED_EDGE ('', *, *, #1922, .F.);
#6549 = ORIENTED_EDGE ('', *, *, #1953, .F.);
#6550 = ORIENTED_EDGE ('', *, *, #1984, .F.);
#6551 = CARTESIAN_POINT ('', (-178.644098325591, 39.6556565883438, 5.00000000000281));
#6552 = VERTEX_POINT ('', #6551);
#6553 = CARTESIAN_POINT ('', (-177.980929513856, 40.0919203570751, 5.00000000000286));
#6554 = CARTESIAN_POINT ('', (-178.64409832559, 39.6556565883436, 5.0000000000028));
#6555 = B_SPLINE_CURVE_WITH_KNOTS ('', 1, (#6553, #6554), .UNSPECIFIED., .F., .U., (2, 2), (0.855326620367361, 0.918485554818212), .UNSPECIFIED.);
#6556 = EDGE_CURVE ('', #1972, #6552, #6555, .T.);
#6557 = ORIENTED_EDGE ('', *, *, #6556, .T.);
#6558 = CARTESIAN_POINT ('', (-178.64409832559, 39.6556565883436, 5.0000000000028));
#6559 = CARTESIAN_POINT ('', (-178.439888125496, 39.34072165476, 5.00000000000276));
#6560 = CARTESIAN_POINT ('', (-178.220712077942, 39.0362708907254, 5.00000000000272));
#6561 = CARTESIAN_POINT ('', (-177.186268891546, 37.7406849673514, 5.00000000000255));
#6562 = CARTESIAN_POINT ('', (-176.200626203051, 36.8610904582718, 5.00000000000244));
#6563 = CARTESIAN_POINT ('', (-174.024013618611, 35.4957117580253, 5.00000000000225));
#6564 = CARTESIAN_POINT ('', (-172.803143858178, 34.9911588480584, 5.00000000000218));
#6565 = CARTESIAN_POINT ('', (-170.716186271057, 34.5166251255832, 5.00000000000212));
#6566 = CARTESIAN_POINT ('', (-169.855387899908, 34.4199961176871, 5.00000000000211));
#6567 = CARTESIAN_POINT ('', (-168.99986324713, 34.4199961176871, 5.00000000000211));
#6568 = B_SPLINE_CURVE_WITH_KNOTS ('', 3, (#6558, #6559, #6560, #6561, #6562, #6563, #6564, #6565, #6566, #6567), .UNSPECIFIED., .F., .U., (4, 2, 2, 2, 4), (6.58881955917537, 7.70836360517163, 11.5625043417619, 15.4166132145505, 17.9831871728834), .UNSPECIFIED.);
#6569 = EDGE_CURVE ('', #6552, #1129, #6568, .T.);
#6570 = ORIENTED_EDGE ('', *, *, #6569, .T.);
#6571 = ORIENTED_EDGE ('', *, *, #1135, .T.);
#6572 = ORIENTED_EDGE ('', *, *, #1191, .T.);
#6573 = ORIENTED_EDGE ('', *, *, #1287, .T.);
#6574 = ORIENTED_EDGE ('', *, *, #1344, .T.);
#6575 = ORIENTED_EDGE ('', *, *, #1440, .T.);
#6576 = ORIENTED_EDGE ('', *, *, #1495, .T.);
#6577 = EDGE_LOOP ('', (#6539, #6540, #6541, #6542, #6543, #6544, #6545, #6546, #6547, #6548, #6549, #6550, #6557, #6570, #6571, #6572, #6573, #6574, #6575, #6576));
#6578 = FACE_OUTER_BOUND ('', #6577, .T.);
#6579 = CARTESIAN_POINT ('', (-4.85289771101699, 13.5100314274787, 4.99999999999934));
#6580 = CARTESIAN_POINT ('', (-178.64409832559, 13.5100314274787, 4.99999999999934));
#6581 = CARTESIAN_POINT ('', (-4.85289771101699, 44.6062901093195, 5.00000000000346));
#6582 = CARTESIAN_POINT ('', (-178.64409832559, 44.6062901093195, 5.00000000000346));
#6583 = B_SPLINE_SURFACE_WITH_KNOTS ('', 1, 1, ((#6579, #6580), (#6581, #6582)), .UNSPECIFIED., .F., .F., .U., (2, 2), (2, 2), (0.395816875846992, 0.4630462069871), (0.346806748550126, 0.722538964277323), .UNSPECIFIED.);
#6584 = ADVANCED_FACE ('', (#6578), #6583, .T.);
#6585 = ORIENTED_EDGE ('', *, *, #1101, .T.);
#6586 = CARTESIAN_POINT ('', (-70.958138151362, 30.9704391241506, -7.13476638431469));
#6587 = CARTESIAN_POINT ('', (-72.8150935037486, 31.464415412017, -7.17798370955356));
#6588 = CARTESIAN_POINT ('', (-74.7209107910453, 31.8416670748806, -7.21098895335037));
#6589 = CARTESIAN_POINT ('', (-78.5678979296975, 32.3481229398571, -7.25529810011198));
#6590 = CARTESIAN_POINT ('', (-80.5186841210877, 32.4759634143142, -7.26648269236673));
#6591 = CARTESIAN_POINT ('', (-82.4770978105245, 32.4759634143142, -7.26648269236673));
#6592 = B_SPLINE_CURVE_WITH_KNOTS ('', 3, (#6586, #6587, #6588, #6589, #6590, #6591), .UNSPECIFIED., .F., .U., (4, 2, 4), (0., 5.7660620373346, 11.6413031056449), .UNSPECIFIED.);
#6593 = EDGE_CURVE ('', #6514, #1088, #6592, .T.);
#6594 = ORIENTED_EDGE ('', *, *, #6593, .F.);
#6595 = ORIENTED_EDGE ('', *, *, #6518, .F.);
#6596 = ORIENTED_EDGE ('', *, *, #1209, .F.);
#6597 = EDGE_LOOP ('', (#6585, #6594, #6595, #6596));
#6598 = FACE_OUTER_BOUND ('', #6597, .T.);
#6599 = CARTESIAN_POINT ('', (-82.4905070484591, 33.4234626720349, 4.08319309885518));
#6600 = CARTESIAN_POINT ('', (-76.6319068120907, 33.4234626720349, 4.08319309885518));
#6601 = CARTESIAN_POINT ('', (-70.9729335378791, 31.9071453532206, 4.08319309885499));
#6602 = CARTESIAN_POINT ('', (-82.4770978105245, 32.4759634143142, -7.26648269236673));
#6603 = CARTESIAN_POINT ('', (-76.6177041213044, 32.4759634143142, -7.26648269236674));
#6604 = CARTESIAN_POINT ('', (-70.9579644304914, 30.9594407347904, -7.26648269236693));
#6605 = (
   BOUNDED_SURFACE ()
   B_SPLINE_SURFACE (1, 2, ((#6599, #6600, #6601), (#6602, #6603, #6604)), .UNSPECIFIED., .F., .F., .U.)
   B_SPLINE_SURFACE_WITH_KNOTS ((2, 2), (3, 3), (0.00611204600764532, 0.0817765512824579), (2., 3.), .UNSPECIFIED.)
   GEOMETRIC_REPRESENTATION_ITEM ()
   RATIONAL_B_SPLINE_SURFACE (((1., 0.991444861373809, 1.), (1., 0.99144486137381, 1.)))
   REPRESENTATION_ITEM ('')
   SURFACE ()
);
#6606 = ADVANCED_FACE ('', (#6598), #6605, .T.);
#6607 = CARTESIAN_POINT ('', (-179.499999999999, 39.0926040389262, 3.50000000000274));
#6608 = CARTESIAN_POINT ('', (-177.980929513856, 40.0919203570754, 3.50000000000287));
#6609 = B_SPLINE_CURVE_WITH_KNOTS ('', 1, (#6607, #6608), .UNSPECIFIED., .F., .U., (2, 2), (4.60250984674954, 6.42080801965432), .UNSPECIFIED.);
#6610 = EDGE_CURVE ('', #953, #1970, #6609, .T.);
#6611 = ORIENTED_EDGE ('', *, *, #6610, .F.);
#6612 = ORIENTED_EDGE ('', *, *, #1046, .T.);
#6613 = CARTESIAN_POINT ('', (-178.64409832559, 39.6556565883436, 5.0000000000028));
#6614 = CARTESIAN_POINT ('', (-178.663572027533, 39.6428458673772, 5.00000000000247));
#6615 = CARTESIAN_POINT ('', (-178.683851955495, 39.6295047728537, 4.99913850039504));
#6616 = CARTESIAN_POINT ('', (-178.722714995341, 39.603938829571, 4.99583263314454));
#6617 = CARTESIAN_POINT ('', (-178.742822984114, 39.590710844768, 4.99326217456025));
#6618 = CARTESIAN_POINT ('', (-178.781419508255, 39.5653202281043, 4.98666517370705));
#6619 = CARTESIAN_POINT ('', (-178.801257564619, 39.5522698175901, 4.98241151560501));
#6620 = CARTESIAN_POINT ('', (-178.83939305242, 39.5271824924077, 4.97255473441771));
#6621 = CARTESIAN_POINT ('', (-178.858865165005, 39.514372816996, 4.96665149640018));
#6622 = CARTESIAN_POINT ('', (-178.896347705688, 39.4897150312699, 4.95358267950557));
#6623 = CARTESIAN_POINT ('', (-178.915360296496, 39.4772076509883, 4.94607116756417));
#6624 = CARTESIAN_POINT ('', (-178.952001537135, 39.4531033121699, 4.92985414351293));
#6625 = CARTESIAN_POINT ('', (-178.970463901513, 39.4409578968234, 4.92078313508028));
#6626 = CARTESIAN_POINT ('', (-179.00607997125, 39.4175279638468, 4.90149743193383));
#6627 = CARTESIAN_POINT ('', (-179.023904703786, 39.4058020128446, 4.89092292166322));
#6628 = CARTESIAN_POINT ('', (-179.066912381198, 39.3775095312017, 4.86310346980383));
#6629 = CARTESIAN_POINT ('', (-179.092446207939, 39.3607121738965, 4.84443026827459));
#6630 = CARTESIAN_POINT ('', (-179.140853743689, 39.3288674103798, 4.80466735029421));
#6631 = CARTESIAN_POINT ('', (-179.16442978271, 39.3133579783122, 4.78302003191521));
#6632 = CARTESIAN_POINT ('', (-179.209120487427, 39.2839583218114, 4.73729502243483));
#6633 = CARTESIAN_POINT ('', (-179.230506408229, 39.2698896529572, 4.71296044324762));
#6634 = CARTESIAN_POINT ('', (-179.270975832586, 39.2432669540664, 4.66177702100429));
#6635 = CARTESIAN_POINT ('', (-179.289967061034, 39.2307736269545, 4.63506751884309));
#6636 = CARTESIAN_POINT ('', (-179.325758847391, 39.2072280992853, 4.57898872503385));
#6637 = CARTESIAN_POINT ('', (-179.342180590702, 39.1964251008644, 4.55023852023979));
#6638 = CARTESIAN_POINT ('', (-179.372891126203, 39.1762222600188, 4.4898801577117));
#6639 = CARTESIAN_POINT ('', (-179.386600082452, 39.167203861064, 4.45944151844755));
#6640 = CARTESIAN_POINT ('', (-179.407645165542, 39.1533594113558, 4.40618758680754));
#6641 = CARTESIAN_POINT ('', (-179.415273076006, 39.1483414115527, 4.38499355376686));
#6642 = CARTESIAN_POINT ('', (-179.429570138855, 39.1389361282978, 4.3410949244226));
#6643 = CARTESIAN_POINT ('', (-179.4359183205, 39.1347599945592, 4.3193845413594));
#6644 = CARTESIAN_POINT ('', (-179.447620001691, 39.1270620759502, 4.2743657653801));
#6645 = CARTESIAN_POINT ('', (-179.452666172465, 39.1237424664618, 4.25225048627977));
#6646 = CARTESIAN_POINT ('', (-179.461713367069, 39.117790794513, 4.20633117336767));
#6647 = CARTESIAN_POINT ('', (-179.465442003354, 39.115337921445, 4.18392379277149));
#6648 = CARTESIAN_POINT ('', (-179.471788551037, 39.1111628626036, 4.13732771776806));
#6649 = CARTESIAN_POINT ('', (-179.474190956751, 39.1095824466488, 4.1147418019411));
#6650 = CARTESIAN_POINT ('', (-179.477178112832, 39.107617354282, 4.07584371617661));
#6651 = CARTESIAN_POINT ('', (-179.478041016975, 39.107049695178, 4.06083395293225));
#6652 = CARTESIAN_POINT ('', (-179.478631214134, 39.1066614356093, 4.04540183445144));
#6653 = B_SPLINE_CURVE_WITH_KNOTS ('', 3, (#6613, #6614, #6615, #6616, #6617, #6618, #6619, #6620, #6621, #6622, #6623, #6624, #6625, #6626, #6627, #6628, #6629, #6630, #6631, #6632, #6633, #6634, #6635, #6636, #6637, #6638, #6639, #6640, #6641, #6642, #6643, #6644, #6645, #6646, #6647, #6648, #6649, #6650, #6651, #6652), .UNSPECIFIED., .F., .U., (4, 2, 2, 2, 2, 2, 2, 2, 2, 2, 2, 2, 2, 2, 2, 2, 2, 2, 2, 4), (0., 0.0699289407284108, 0.139906893049329, 0.209932724948259, 0.280005462102224, 0.350124276233516, 0.420288475365334, 0.490497495752854, 0.595834539464822, 0.701320201229118, 0.806953885906469, 0.912735825176956, 1.01866707545998, 1.12474953526267, 1.19540108437142, 1.26609873107792, 1.33684328938276, 1.40763571157233, 1.47847709857374, 1.52482193896468), .UNSPECIFIED.);
#6654 = EDGE_CURVE ('', #6552, #1027, #6653, .T.);
#6655 = ORIENTED_EDGE ('', *, *, #6654, .F.);
#6656 = ORIENTED_EDGE ('', *, *, #6556, .F.);
#6657 = ORIENTED_EDGE ('', *, *, #1978, .F.);
#6658 = EDGE_LOOP ('', (#6611, #6612, #6655, #6656, #6657));
#6659 = FACE_OUTER_BOUND ('', #6658, .T.);
#6660 = CARTESIAN_POINT ('', (-179.499999999998, 39.0926040389262, 3.50000000000273));
#6661 = CARTESIAN_POINT ('', (-177.980929513855, 40.0919203570754, 3.50000000000286));
#6662 = CARTESIAN_POINT ('', (-179.499999999998, 39.092604038926, 5.00000000000271));
#6663 = CARTESIAN_POINT ('', (-177.980929513855, 40.0919203570752, 5.00000000000284));
#6664 = B_SPLINE_SURFACE_WITH_KNOTS ('', 1, 1, ((#6660, #6661), (#6662, #6663)), .UNSPECIFIED., .F., .F., .U., (2, 2), (2, 2), (0., 0.0546252215075795), (0.167608746579674, 0.233825373554177), .UNSPECIFIED.);
#6665 = ADVANCED_FACE ('', (#6659), #6664, .T.);
#6666 = ORIENTED_EDGE ('', *, *, #6654, .T.);
#6667 = ORIENTED_EDGE ('', *, *, #1039, .T.);
#6668 = ORIENTED_EDGE ('', *, *, #1141, .T.);
#6669 = ORIENTED_EDGE ('', *, *, #6569, .F.);
#6670 = EDGE_LOOP ('', (#6666, #6667, #6668, #6669));
#6671 = FACE_OUTER_BOUND ('', #6670, .T.);
#6672 = CARTESIAN_POINT ('', (-179.481778889415, 39.1115106860544, 4.04536955008821));
#6673 = CARTESIAN_POINT ('', (-179.44584247407, 39.1363579823836, 4.99999999998946));
#6674 = CARTESIAN_POINT ('', (-178.64409832559, 39.6556565883436, 5.0000000000028));
#6675 = CARTESIAN_POINT ('', (-179.259737145242, 38.7692650320425, 4.04764808784853));
#6676 = CARTESIAN_POINT ('', (-179.223495105316, 38.7972220571135, 4.99999999998828));
#6677 = CARTESIAN_POINT ('', (-178.439888125496, 39.34072165476, 5.00000000000276));
#6678 = CARTESIAN_POINT ('', (-179.021431668337, 38.438426199142, 4.04984993094102));
#6679 = CARTESIAN_POINT ('', (-178.984548705579, 38.4686057779285, 4.99999999998763));
#6680 = CARTESIAN_POINT ('', (-178.220712077942, 39.0362708907254, 5.00000000000272));
#6681 = CARTESIAN_POINT ('', (-178.768274538057, 38.1215359436923, 4.05195813612989));
#6682 = CARTESIAN_POINT ('', (-178.729728716141, 38.152312337698, 4.99999999998779));
#6683 = CARTESIAN_POINT ('', (-177.987865655043, 38.7446429388157, 5.00000000000268));
#6684 = CARTESIAN_POINT ('', (-177.896756162285, 37.0306100020777, 4.05921584030741));
#6685 = CARTESIAN_POINT ('', (-177.856397466545, 37.0682963387778, 4.99999999998832));
#6686 = CARTESIAN_POINT ('', (-177.186268891546, 37.7406849673514, 5.00000000000255));
#6687 = CARTESIAN_POINT ('', (-176.825280570104, 36.074992949193, 4.06556379399295));
#6688 = CARTESIAN_POINT ('', (-176.795390808513, 36.1276792711566, 4.9999999999984));
#6689 = CARTESIAN_POINT ('', (-176.200626203051, 36.8610904582718, 5.00000000000244));
#6690 = CARTESIAN_POINT ('', (-175.642390042031, 35.3333820938433, 4.07048774007227));
#6691 = CARTESIAN_POINT ('', (-175.607486547731, 35.3890233492121, 5.00000000000223));
#6692 = CARTESIAN_POINT ('', (-175.11231541207, 36.1783982860969, 5.00000000000234));
#6693 = CARTESIAN_POINT ('', (-174.459509293412, 34.5917773697023, 4.07541164544325));
#6694 = CARTESIAN_POINT ('', (-174.425065880616, 34.6537772045284, 5.00000000000604));
#6695 = CARTESIAN_POINT ('', (-174.024013618611, 35.4957117580253, 5.00000000000225));
#6696 = CARTESIAN_POINT ('', (-173.132716404129, 34.0437789088725, 4.07904786421746));
#6697 = CARTESIAN_POINT ('', (-173.113885657481, 34.1167456668728, 5.00000000000365));
#6698 = CARTESIAN_POINT ('', (-172.803143858178, 34.9911588480584, 5.00000000000218));
#6699 = CARTESIAN_POINT ('', (-171.771407674354, 33.7344155314243, 4.08110716577764));
#6700 = CARTESIAN_POINT ('', (-171.754828442564, 33.8073295350711, 5.00000000000207));
#6701 = CARTESIAN_POINT ('', (-171.550417011951, 34.7063130336281, 5.00000000000215));
#6702 = CARTESIAN_POINT ('', (-170.86486879587, 33.5284005966032, 4.08247852033228));
#6703 = CARTESIAN_POINT ('', (-170.851237231169, 33.6016092060874, 5.00000000000101));
#6704 = CARTESIAN_POINT ('', (-170.716186271057, 34.5166251255832, 5.00000000000212));
#6705 = CARTESIAN_POINT ('', (-169.855387899908, 33.4234626720352, 4.08319309885518));
#6706 = CARTESIAN_POINT ('', (-169.925078875817, 33.4961446080858, 5.0000000000003));
#6707 = CARTESIAN_POINT ('', (-169.855387899908, 34.4199961176871, 5.00000000000211));
#6708 = CARTESIAN_POINT ('', (-168.99986324713, 33.4234626720352, 4.08319309885519));
#6709 = CARTESIAN_POINT ('', (-168.99986324713, 33.4999999999985, 5.00000000000199));
#6710 = CARTESIAN_POINT ('', (-168.99986324713, 34.4199961176871, 5.00000000000211));
#6711 = (
   BOUNDED_SURFACE ()
   B_SPLINE_SURFACE (3, 2, ((#6672, #6673, #6674), (#6675, #6676, #6677), (#6678, #6679, #6680), (#6681, #6682, #6683), (#6684, #6685, #6686), (#6687, #6688, #6689), (#6690, #6691, #6692), (#6693, #6694, #6695), (#6696, #6697, #6698), (#6699, #6700, #6701), (#6702, #6703, #6704), (#6705, #6706, #6707), (#6708, #6709, #6710)), .UNSPECIFIED., .F., .F., .U.)
   B_SPLINE_SURFACE_WITH_KNOTS ((4, 3, 3, 3, 4), (3, 3), (6.58881955917537, 7.70836360517163, 11.5625043417619, 15.4166132145505, 17.9831871728834), (0., 1.), .UNSPECIFIED.)
   GEOMETRIC_REPRESENTATION_ITEM ()
   RATIONAL_B_SPLINE_SURFACE (((1., 0.722965681767459, 1.), (1., 0.723752910410069, 1.), (1., 0.72451368762692, 1.), (1., 0.725244143769138, 1.), (1., 0.727758811042914, 1.), (1., 0.72991412855721, 1.), (1., 0.731603629047191, 1.), (1., 0.733293115569361, 1.), (1., 0.734516792769394, 1.), (1., 0.735223491795381, 1.), (1., 0.735694105204691, 1.), (1., 0.735935456750699, 1.), (1., 0.735932435367947, 1.)))
   REPRESENTATION_ITEM ('')
   SURFACE ()
);
#6712 = ADVANCED_FACE ('', (#6671), #6711, .T.);
#6713 = CARTESIAN_POINT ('', (-179.499999999999, 135.555028599353, -16.284732342895));
#6714 = CARTESIAN_POINT ('', (-179.359303050065, 135.774349632397, -16.3039204469591));
#6715 = CARTESIAN_POINT ('', (-179.211361505261, 135.990072186381, -16.3227937248995));
#6716 = CARTESIAN_POINT ('', (-178.834412215103, 136.504581528328, -16.367807459598));
#6717 = CARTESIAN_POINT ('', (-178.595187559948, 136.801911678572, -16.3938204770688));
#6718 = CARTESIAN_POINT ('', (-178.093781302072, 137.370296491114, -16.4435477046864));
#6719 = CARTESIAN_POINT ('', (-177.829896363563, 137.643441992338, -16.4674448395366));
#6720 = CARTESIAN_POINT ('', (-177.278304844864, 138.164806730061, -16.5130583436495));
#6721 = CARTESIAN_POINT ('', (-176.99212226388, 138.411730463726, -16.5346613711006));
#6722 = CARTESIAN_POINT ('', (-176.394699084426, 138.881573413115, -16.5757673028097));
#6723 = CARTESIAN_POINT ('', (-176.088760480379, 139.10045689376, -16.5949171259992));
#6724 = CARTESIAN_POINT ('', (-175.450276957314, 139.514675853882, -16.6311565892273));
#6725 = CARTESIAN_POINT ('', (-175.127285427322, 139.703939555526, -16.6477150175381));
#6726 = CARTESIAN_POINT ('', (-174.452896026224, 140.058877690688, -16.6787680806178));
#6727 = CARTESIAN_POINT ('', (-174.115695374642, 140.217200329706, -16.6926195167113));
#6728 = CARTESIAN_POINT ('', (-173.410896128791, 140.50968937411, -16.7182089923022));
#6729 = CARTESIAN_POINT ('', (-173.062446824729, 140.636025452466, -16.7292619669526));
#6730 = CARTESIAN_POINT ('', (-172.333026879776, 140.863424734591, -16.7491568262324));
#6731 = CARTESIAN_POINT ('', (-171.976378919674, 140.957019628803, -16.7573453184399));
#6732 = CARTESIAN_POINT ('', (-171.228365745848, 141.117249381956, -16.7713636054004));
#6733 = CARTESIAN_POINT ('', (-170.866628785159, 141.177651298201, -16.776648088327));
#6734 = CARTESIAN_POINT ('', (-170.106228003441, 141.269218841284, -16.7846592102937));
#6735 = CARTESIAN_POINT ('', (-169.742539298833, 141.296287048437, -16.7870273715615));
#6736 = CARTESIAN_POINT ('', (-169.240127602473, 141.310719341899, -16.7882900336281));
#6737 = CARTESIAN_POINT ('', (-169.12274135492, 141.312405034419, -16.7884375126138));
#6738 = CARTESIAN_POINT ('', (-169.003298091632, 141.312405034419, -16.7884375126138));
#6739 = B_SPLINE_CURVE_WITH_KNOTS ('', 3, (#6713, #6714, #6715, #6716, #6717, #6718, #6719, #6720, #6721, #6722, #6723, #6724, #6725, #6726, #6727, #6728, #6729, #6730, #6731, #6732, #6733, #6734, #6735, #6736, #6737, #6738), .UNSPECIFIED., .F., .U., (4, 2, 2, 2, 2, 2, 2, 2, 2, 2, 2, 2, 4), (7.15608231461638, 7.93554407410761, 9.07429288687196, 10.2142456670304, 11.3553879890077, 12.4977099103576, 13.6412065937112, 14.7858790324927, 15.9317348633006, 17.0787892477622, 18.2270658088169, 19.3765976115569, 19.7349274014192), .UNSPECIFIED.);
#6740 = EDGE_CURVE ('', #946, #6351, #6739, .T.);
#6741 = ORIENTED_EDGE ('', *, *, #6740, .F.);
#6742 = ORIENTED_EDGE ('', *, *, #1007, .T.);
#6743 = ORIENTED_EDGE ('', *, *, #2861, .T.);
#6744 = ORIENTED_EDGE ('', *, *, #2913, .F.);
#6745 = ORIENTED_EDGE ('', *, *, #6362, .T.);
#6746 = EDGE_LOOP ('', (#6741, #6742, #6743, #6744, #6745));
#6747 = FACE_OUTER_BOUND ('', #6746, .T.);
#6748 = CARTESIAN_POINT ('', (-169.000138818531, 139.576285147933, 4.08291240239546));
#6749 = CARTESIAN_POINT ('', (-175.806769842342, 139.576285147934, 4.08291240239546));
#6750 = CARTESIAN_POINT ('', (-179.499985882173, 133.858734870286, 4.08291240239471));
#6751 = CARTESIAN_POINT ('', (-169.003298091632, 141.312405034419, -16.7884375126138));
#6752 = CARTESIAN_POINT ('', (-175.808208775834, 141.312405034419, -16.7884375126138));
#6753 = CARTESIAN_POINT ('', (-179.500491375052, 135.596299837044, -16.7884375126146));
#6754 = (
   BOUNDED_SURFACE ()
   B_SPLINE_SURFACE (1, 2, ((#6748, #6749, #6750), (#6751, #6752, #6753)), .UNSPECIFIED., .F., .F., .U.)
   B_SPLINE_SURFACE_WITH_KNOTS ((2, 2), (3, 3), (0.00611391731747052, 0.145256250084202), (12., 12.6283612829028), .UNSPECIFIED.)
   GEOMETRIC_REPRESENTATION_ITEM ()
   RATIONAL_B_SPLINE_SURFACE (((1., 0.815957241272784, 0.863205170511184), (1., 0.815957241272784, 0.863205170511184)))
   REPRESENTATION_ITEM ('')
   SURFACE ()
);
#6755 = ADVANCED_FACE ('', (#6747), #6754, .T.);
#6756 = ORIENTED_EDGE ('', *, *, #5484, .T.);
#6757 = CARTESIAN_POINT ('', (-176.499999999995, 80.4641016151212, -11.4649007686469));
#6758 = CARTESIAN_POINT ('', (-176.499999999981, 80.0310889132433, -11.4270170660699));
#6759 = CARTESIAN_POINT ('', (-176.071428571424, 79.969229955832, -11.4216051085589));
#6760 = (
   BOUNDED_CURVE ()
   B_SPLINE_CURVE (2, (#6757, #6758, #6759), .UNSPECIFIED., .F., .U.)
   B_SPLINE_CURVE_WITH_KNOTS ((3, 3), (-1.5707963267949, -0.143347568937851), .UNSPECIFIED.)
   CURVE ()
   GEOMETRIC_REPRESENTATION_ITEM ()
   RATIONAL_B_SPLINE_CURVE ((1., 0.755928946029061, 1.))
   REPRESENTATION_ITEM ('')
);
#6761 = EDGE_CURVE ('', #874, #5470, #6760, .T.);
#6762 = ORIENTED_EDGE ('', *, *, #6761, .F.);
#6763 = ORIENTED_EDGE ('', *, *, #880, .T.);
#6764 = CARTESIAN_POINT ('', (-176.499999999995, 80.4641016151356, 3.50000000000499));
#6765 = CARTESIAN_POINT ('', (-176.499999999995, 80.0310889132434, 3.50000000000494));
#6766 = CARTESIAN_POINT ('', (-176.071428571424, 79.9692299558302, 3.50000000000493));
#6767 = (
   BOUNDED_CURVE ()
   B_SPLINE_CURVE (2, (#6764, #6765, #6766), .UNSPECIFIED., .F., .U.)
   B_SPLINE_CURVE_WITH_KNOTS ((3, 3), (0., 1.42744875788927), .UNSPECIFIED.)
   CURVE ()
   GEOMETRIC_REPRESENTATION_ITEM ()
   RATIONAL_B_SPLINE_CURVE ((1., 0.755928946018684, 1.))
   REPRESENTATION_ITEM ('')
);
#6768 = EDGE_CURVE ('', #876, #5480, #6767, .T.);
#6769 = ORIENTED_EDGE ('', *, *, #6768, .T.);
#6770 = EDGE_LOOP ('', (#6756, #6762, #6763, #6769));
#6771 = FACE_OUTER_BOUND ('', #6770, .T.);
#6772 = CARTESIAN_POINT ('', (-176.071428571424, 79.9692299558303, 3.50000000000803));
#6773 = CARTESIAN_POINT ('', (-176.255928946014, 79.995860291064, 3.50000000000803));
#6774 = CARTESIAN_POINT ('', (-176.377964473004, 80.1367747797816, 3.50000000000804));
#6775 = CARTESIAN_POINT ('', (-176.499999999995, 80.2776892684992, 3.50000000000806));
#6776 = CARTESIAN_POINT ('', (-176.499999999995, 80.4641016151356, 3.50000000000808));
#6777 = CARTESIAN_POINT ('', (-176.071428571423, 79.9692299558322, -11.4649007686484));
#6778 = CARTESIAN_POINT ('', (-176.255928946013, 79.995860291066, -11.4649007686484));
#6779 = CARTESIAN_POINT ('', (-176.377964473004, 80.1367747797836, -11.4649007686484));
#6780 = CARTESIAN_POINT ('', (-176.499999999995, 80.2776892685012, -11.4649007686484));
#6781 = CARTESIAN_POINT ('', (-176.499999999995, 80.4641016151375, -11.4649007686483));
#6782 = (
   BOUNDED_SURFACE ()
   B_SPLINE_SURFACE (1, 2, ((#6772, #6773, #6774, #6775, #6776), (#6777, #6778, #6779, #6780, #6781)), .UNSPECIFIED., .F., .F., .U.)
   B_SPLINE_SURFACE_WITH_KNOTS ((2, 2), (3, 2, 3), (0., 0.540543288490077), (0.0437814901726303, 0.0567383255766178, 0.0696951609806052), .UNSPECIFIED.)
   GEOMETRIC_REPRESENTATION_ITEM ()
   RATIONAL_B_SPLINE_SURFACE (((0.854650533810438, 0.866229072199694, 1., 0.866229072199695, 0.854650533810439), (0.854650533810438, 0.866229072199694, 1., 0.866229072199695, 0.854650533810439)))
   REPRESENTATION_ITEM ('')
   SURFACE ()
);
#6783 = ADVANCED_FACE ('', (#6771), #6782, .T.);
#6784 = ORIENTED_EDGE ('', *, *, #4456, .F.);
#6785 = ORIENTED_EDGE ('', *, *, #4486, .F.);
#6786 = ORIENTED_EDGE ('', *, *, #4516, .F.);
#6787 = ORIENTED_EDGE ('', *, *, #4597, .F.);
#6788 = ORIENTED_EDGE ('', *, *, #4633, .F.);
#6789 = ORIENTED_EDGE ('', *, *, #4667, .F.);
#6790 = ORIENTED_EDGE ('', *, *, #4697, .F.);
#6791 = ORIENTED_EDGE ('', *, *, #4768, .F.);
#6792 = ORIENTED_EDGE ('', *, *, #4753, .F.);
#6793 = ORIENTED_EDGE ('', *, *, #4925, .F.);
#6794 = ORIENTED_EDGE ('', *, *, #4957, .F.);
#6795 = ORIENTED_EDGE ('', *, *, #5572, .F.);
#6796 = ORIENTED_EDGE ('', *, *, #5306, .F.);
#6797 = ORIENTED_EDGE ('', *, *, #5227, .F.);
#6798 = ORIENTED_EDGE ('', *, *, #5452, .F.);
#6799 = ORIENTED_EDGE ('', *, *, #5533, .F.);
#6800 = ORIENTED_EDGE ('', *, *, #6768, .F.);
#6801 = ORIENTED_EDGE ('', *, *, #905, .F.);
#6802 = ORIENTED_EDGE ('', *, *, #932, .F.);
#6803 = ORIENTED_EDGE ('', *, *, #971, .F.);
#6804 = ORIENTED_EDGE ('', *, *, #966, .T.);
#6805 = ORIENTED_EDGE ('', *, *, #6610, .T.);
#6806 = ORIENTED_EDGE ('', *, *, #1991, .T.);
#6807 = ORIENTED_EDGE ('', *, *, #1959, .T.);
#6808 = ORIENTED_EDGE ('', *, *, #1929, .T.);
#6809 = ORIENTED_EDGE ('', *, *, #1899, .T.);
#6810 = ORIENTED_EDGE ('', *, *, #1869, .T.);
#6811 = ORIENTED_EDGE ('', *, *, #1839, .T.);
#6812 = ORIENTED_EDGE ('', *, *, #1809, .T.);
#6813 = ORIENTED_EDGE ('', *, *, #1779, .T.);
#6814 = ORIENTED_EDGE ('', *, *, #1736, .T.);
#6815 = ORIENTED_EDGE ('', *, *, #1712, .T.);
#6816 = ORIENTED_EDGE ('', *, *, #2045, .T.);
#6817 = ORIENTED_EDGE ('', *, *, #2229, .T.);
#6818 = ORIENTED_EDGE ('', *, *, #2262, .T.);
#6819 = ORIENTED_EDGE ('', *, *, #2442, .T.);
#6820 = ORIENTED_EDGE ('', *, *, #2481, .T.);
#6821 = ORIENTED_EDGE ('', *, *, #2512, .F.);
#6822 = ORIENTED_EDGE ('', *, *, #2556, .F.);
#6823 = ORIENTED_EDGE ('', *, *, #3046, .F.);
#6824 = ORIENTED_EDGE ('', *, *, #3177, .F.);
#6825 = ORIENTED_EDGE ('', *, *, #3201, .F.);
#6826 = ORIENTED_EDGE ('', *, *, #3303, .F.);
#6827 = ORIENTED_EDGE ('', *, *, #3381, .F.);
#6828 = ORIENTED_EDGE ('', *, *, #3350, .F.);
#6829 = ORIENTED_EDGE ('', *, *, #3493, .F.);
#6830 = ORIENTED_EDGE ('', *, *, #3564, .F.);
#6831 = ORIENTED_EDGE ('', *, *, #3607, .F.);
#6832 = ORIENTED_EDGE ('', *, *, #3686, .F.);
#6833 = ORIENTED_EDGE ('', *, *, #3722, .F.);
#6834 = ORIENTED_EDGE ('', *, *, #3765, .F.);
#6835 = ORIENTED_EDGE ('', *, *, #3782, .F.);
#6836 = ORIENTED_EDGE ('', *, *, #5820, .F.);
#6837 = ORIENTED_EDGE ('', *, *, #4180, .F.);
#6838 = ORIENTED_EDGE ('', *, *, #4208, .F.);
#6839 = ORIENTED_EDGE ('', *, *, #4280, .F.);
#6840 = ORIENTED_EDGE ('', *, *, #4309, .F.);
#6841 = ORIENTED_EDGE ('', *, *, #4338, .F.);
#6842 = ORIENTED_EDGE ('', *, *, #4389, .F.);
#6843 = ORIENTED_EDGE ('', *, *, #4419, .F.);
#6844 = EDGE_LOOP ('', (#6784, #6785, #6786, #6787, #6788, #6789, #6790, #6791, #6792, #6793, #6794, #6795, #6796, #6797, #6798, #6799, #6800, #6801, #6802, #6803, #6804, #6805, #6806, #6807, #6808, #6809, #6810, #6811, #6812, #6813, #6814, #6815, #6816, #6817, #6818, #6819, #6820, #6821, #6822, #6823, #6824, #6825, #6826, #6827, #6828, #6829, #6830, #6831, #6832, #6833, #6834, #6835, #6836, #6837, #6838, #6839, #6840, #6841, #6842, #6843));
#6845 = FACE_OUTER_BOUND ('', #6844, .T.);
#6846 = CARTESIAN_POINT ('', (-8.00981331588076, 114.994745565631, 3.50000000001267));
#6847 = VERTEX_POINT ('', #6846);
#6848 = CARTESIAN_POINT ('', (-9.50981331588014, 114.994745565624, 3.50000000001262));
#6849 = VERTEX_POINT ('', #6848);
#6850 = CARTESIAN_POINT ('', (-8.00981331588049, 114.994745565631, 3.50000000001262));
#6851 = CARTESIAN_POINT ('', (-8.00981331588362, 115.74474556563, 3.50000000001271));
#6852 = CARTESIAN_POINT ('', (-8.75981331588345, 115.744745565627, 3.50000000001272));
#6853 = CARTESIAN_POINT ('', (-9.50981331588329, 115.744745565624, 3.50000000001272));
#6854 = CARTESIAN_POINT ('', (-9.50981331588014, 114.994745565624, 3.50000000001262));
#6855 = (
   BOUNDED_CURVE ()
   B_SPLINE_CURVE (2, (#6850, #6851, #6852, #6853, #6854), .UNSPECIFIED., .F., .U.)
   B_SPLINE_CURVE_WITH_KNOTS ((3, 2, 3), (4.2621199469255E-13, 1.57079632679532, 3.14159265359022), .UNSPECIFIED.)
   CURVE ()
   GEOMETRIC_REPRESENTATION_ITEM ()
   RATIONAL_B_SPLINE_CURVE ((1., 0.707106781186537, 1., 0.707106781186537, 1.))
   REPRESENTATION_ITEM ('')
);
#6856 = EDGE_CURVE ('', #6847, #6849, #6855, .T.);
#6857 = ORIENTED_EDGE ('', *, *, #6856, .F.);
#6858 = CARTESIAN_POINT ('', (-9.50981331588014, 114.994745565624, 3.50000000001262));
#6859 = CARTESIAN_POINT ('', (-9.509813315877, 114.244745565625, 3.50000000001252));
#6860 = CARTESIAN_POINT ('', (-8.75981331587717, 114.244745565628, 3.50000000001252));
#6861 = CARTESIAN_POINT ('', (-8.00981331587735, 114.244745565631, 3.50000000001252));
#6862 = CARTESIAN_POINT ('', (-8.00981331588049, 114.994745565631, 3.50000000001262));
#6863 = (
   BOUNDED_CURVE ()
   B_SPLINE_CURVE (2, (#6858, #6859, #6860, #6861, #6862), .UNSPECIFIED., .F., .U.)
   B_SPLINE_CURVE_WITH_KNOTS ((3, 2, 3), (3.14159265359022, 4.71238898038512, 6.28318530718001), .UNSPECIFIED.)
   CURVE ()
   GEOMETRIC_REPRESENTATION_ITEM ()
   RATIONAL_B_SPLINE_CURVE ((1., 0.707106781186537, 1., 0.707106781186537, 1.))
   REPRESENTATION_ITEM ('')
);
#6864 = EDGE_CURVE ('', #6849, #6847, #6863, .T.);
#6865 = ORIENTED_EDGE ('', *, *, #6864, .F.);
#6866 = EDGE_LOOP ('', (#6857, #6865));
#6867 = FACE_BOUND ('', #6866, .T.);
#6868 = CARTESIAN_POINT ('', (-42.5000000000002, 24.6580219542981, 3.50000000000089));
#6869 = VERTEX_POINT ('', #6868);
#6870 = CARTESIAN_POINT ('', (-43.9999999999987, 24.6580219542966, 3.50000000000083));
#6871 = VERTEX_POINT ('', #6870);
#6872 = CARTESIAN_POINT ('', (-42.499999999999, 24.6580219542981, 3.50000000000081));
#6873 = CARTESIAN_POINT ('', (-42.4999999999998, 25.4080219542979, 3.50000000000091));
#6874 = CARTESIAN_POINT ('', (-43.2499999999996, 25.4080219542972, 3.50000000000092));
#6875 = CARTESIAN_POINT ('', (-43.9999999999994, 25.4080219542965, 3.50000000000093));
#6876 = CARTESIAN_POINT ('', (-43.9999999999987, 24.6580219542966, 3.50000000000083));
#6877 = (
   BOUNDED_CURVE ()
   B_SPLINE_CURVE (2, (#6872, #6873, #6874, #6875, #6876), .UNSPECIFIED., .F., .U.)
   B_SPLINE_CURVE_WITH_KNOTS ((3, 2, 3), (9.83566141598499E-14, 1.570796326795, 3.14159265358989), .UNSPECIFIED.)
   CURVE ()
   GEOMETRIC_REPRESENTATION_ITEM ()
   RATIONAL_B_SPLINE_CURVE ((1., 0.707106781186543, 1., 0.707106781186555, 1.))
   REPRESENTATION_ITEM ('')
);
#6878 = EDGE_CURVE ('', #6869, #6871, #6877, .T.);
#6879 = ORIENTED_EDGE ('', *, *, #6878, .F.);
#6880 = CARTESIAN_POINT ('', (-43.9999999999987, 24.6580219542966, 3.50000000000083));
#6881 = CARTESIAN_POINT ('', (-43.999999999998, 23.9080219542968, 3.50000000000073));
#6882 = CARTESIAN_POINT ('', (-43.2499999999981, 23.9080219542976, 3.50000000000072));
#6883 = CARTESIAN_POINT ('', (-42.4999999999983, 23.9080219542983, 3.50000000000071));
#6884 = CARTESIAN_POINT ('', (-42.499999999999, 24.6580219542981, 3.50000000000081));
#6885 = (
   BOUNDED_CURVE ()
   B_SPLINE_CURVE (2, (#6880, #6881, #6882, #6883, #6884), .UNSPECIFIED., .F., .U.)
   B_SPLINE_CURVE_WITH_KNOTS ((3, 2, 3), (3.14159265358989, 4.71238898038479, 6.28318530717968), .UNSPECIFIED.)
   CURVE ()
   GEOMETRIC_REPRESENTATION_ITEM ()
   RATIONAL_B_SPLINE_CURVE ((1., 0.707106781186543, 1., 0.707106781186555, 1.))
   REPRESENTATION_ITEM ('')
);
#6886 = EDGE_CURVE ('', #6871, #6869, #6885, .T.);
#6887 = ORIENTED_EDGE ('', *, *, #6886, .F.);
#6888 = EDGE_LOOP ('', (#6879, #6887));
#6889 = FACE_BOUND ('', #6888, .T.);
#6890 = CARTESIAN_POINT ('', (-94.5000000000002, 38.499999999999, 3.50000000000269));
#6891 = VERTEX_POINT ('', #6890);
#6892 = CARTESIAN_POINT ('', (-95.9999999999972, 38.4999999999969, 3.50000000000264));
#6893 = VERTEX_POINT ('', #6892);
#6894 = CARTESIAN_POINT ('', (-94.4999999999976, 38.499999999999, 3.50000000000262));
#6895 = CARTESIAN_POINT ('', (-94.4999999999986, 39.2499999999988, 3.50000000000272));
#6896 = CARTESIAN_POINT ('', (-95.2499999999984, 39.2499999999978, 3.50000000000273));
#6897 = CARTESIAN_POINT ('', (-95.9999999999982, 39.2499999999967, 3.50000000000274));
#6898 = CARTESIAN_POINT ('', (-95.9999999999972, 38.4999999999969, 3.50000000000264));
#6899 = (
   BOUNDED_CURVE ()
   B_SPLINE_CURVE (2, (#6894, #6895, #6896, #6897, #6898), .UNSPECIFIED., .F., .U.)
   B_SPLINE_CURVE_WITH_KNOTS ((3, 2, 3), (1.47534921239789E-13, 1.57079632679504, 3.14159265358994), .UNSPECIFIED.)
   CURVE ()
   GEOMETRIC_REPRESENTATION_ITEM ()
   RATIONAL_B_SPLINE_CURVE ((1., 0.707106781186525, 1., 0.707106781186549, 1.))
   REPRESENTATION_ITEM ('')
);
#6900 = EDGE_CURVE ('', #6891, #6893, #6899, .T.);
#6901 = ORIENTED_EDGE ('', *, *, #6900, .F.);
#6902 = CARTESIAN_POINT ('', (-95.9999999999972, 38.4999999999969, 3.50000000000264));
#6903 = CARTESIAN_POINT ('', (-95.9999999999961, 37.7499999999971, 3.50000000000254));
#6904 = CARTESIAN_POINT ('', (-95.2499999999963, 37.7499999999982, 3.50000000000253));
#6905 = CARTESIAN_POINT ('', (-94.4999999999965, 37.7499999999992, 3.50000000000252));
#6906 = CARTESIAN_POINT ('', (-94.4999999999976, 38.499999999999, 3.50000000000262));
#6907 = (
   BOUNDED_CURVE ()
   B_SPLINE_CURVE (2, (#6902, #6903, #6904, #6905, #6906), .UNSPECIFIED., .F., .U.)
   B_SPLINE_CURVE_WITH_KNOTS ((3, 2, 3), (3.14159265358994, 4.71238898038483, 6.28318530717973), .UNSPECIFIED.)
   CURVE ()
   GEOMETRIC_REPRESENTATION_ITEM ()
   RATIONAL_B_SPLINE_CURVE ((1., 0.707106781186525, 1., 0.707106781186549, 1.))
   REPRESENTATION_ITEM ('')
);
#6908 = EDGE_CURVE ('', #6893, #6891, #6907, .T.);
#6909 = ORIENTED_EDGE ('', *, *, #6908, .F.);
#6910 = EDGE_LOOP ('', (#6901, #6909));
#6911 = FACE_BOUND ('', #6910, .T.);
#6912 = CARTESIAN_POINT ('', (-151.5, 38.4999999999992, 3.50000000000269));
#6913 = VERTEX_POINT ('', #6912);
#6914 = CARTESIAN_POINT ('', (-152.999999999996, 38.4999999999971, 3.50000000000264));
#6915 = VERTEX_POINT ('', #6914);
#6916 = CARTESIAN_POINT ('', (-151.499999999996, 38.4999999999992, 3.50000000000262));
#6917 = CARTESIAN_POINT ('', (-151.499999999997, 39.249999999999, 3.50000000000272));
#6918 = CARTESIAN_POINT ('', (-152.249999999997, 39.2499999999979, 3.50000000000273));
#6919 = CARTESIAN_POINT ('', (-152.999999999997, 39.2499999999969, 3.50000000000274));
#6920 = CARTESIAN_POINT ('', (-152.999999999996, 38.4999999999971, 3.50000000000264));
#6921 = (
   BOUNDED_CURVE ()
   B_SPLINE_CURVE (2, (#6916, #6917, #6918, #6919, #6920), .UNSPECIFIED., .F., .U.)
   B_SPLINE_CURVE_WITH_KNOTS ((3, 2, 3), (1.47534921239808E-13, 1.57079632679504, 3.14159265358994), .UNSPECIFIED.)
   CURVE ()
   GEOMETRIC_REPRESENTATION_ITEM ()
   RATIONAL_B_SPLINE_CURVE ((1., 0.707106781186563, 1., 0.707106781186601, 1.))
   REPRESENTATION_ITEM ('')
);
#6922 = EDGE_CURVE ('', #6913, #6915, #6921, .T.);
#6923 = ORIENTED_EDGE ('', *, *, #6922, .F.);
#6924 = CARTESIAN_POINT ('', (-152.999999999996, 38.4999999999971, 3.50000000000264));
#6925 = CARTESIAN_POINT ('', (-152.999999999995, 37.7499999999973, 3.50000000000254));
#6926 = CARTESIAN_POINT ('', (-152.249999999995, 37.7499999999983, 3.50000000000253));
#6927 = CARTESIAN_POINT ('', (-151.499999999995, 37.7499999999994, 3.50000000000252));
#6928 = CARTESIAN_POINT ('', (-151.499999999996, 38.4999999999992, 3.50000000000262));
#6929 = (
   BOUNDED_CURVE ()
   B_SPLINE_CURVE (2, (#6924, #6925, #6926, #6927, #6928), .UNSPECIFIED., .F., .U.)
   B_SPLINE_CURVE_WITH_KNOTS ((3, 2, 3), (3.14159265358994, 4.71238898038483, 6.28318530717973), .UNSPECIFIED.)
   CURVE ()
   GEOMETRIC_REPRESENTATION_ITEM ()
   RATIONAL_B_SPLINE_CURVE ((1., 0.707106781186563, 1., 0.707106781186601, 1.))
   REPRESENTATION_ITEM ('')
);
#6930 = EDGE_CURVE ('', #6915, #6913, #6929, .T.);
#6931 = ORIENTED_EDGE ('', *, *, #6930, .F.);
#6932 = EDGE_LOOP ('', (#6923, #6931));
#6933 = FACE_BOUND ('', #6932, .T.);
#6934 = CARTESIAN_POINT ('', (-6.39948891361134, 52.3391538178094, 3.50000000000449));
#6935 = VERTEX_POINT ('', #6934);
#6936 = CARTESIAN_POINT ('', (-7.89948891361075, 52.3391538178065, 3.50000000000442));
#6937 = VERTEX_POINT ('', #6936);
#6938 = CARTESIAN_POINT ('', (-6.39948891361112, 52.3391538178094, 3.50000000000443));
#6939 = CARTESIAN_POINT ('', (-6.39948891361257, 53.0891538178092, 3.50000000000453));
#6940 = CARTESIAN_POINT ('', (-7.14948891361239, 53.0891538178078, 3.50000000000453));
#6941 = CARTESIAN_POINT ('', (-7.8994889136122, 53.0891538178063, 3.50000000000452));
#6942 = CARTESIAN_POINT ('', (-7.89948891361075, 52.3391538178065, 3.50000000000442));
#6943 = (
   BOUNDED_CURVE ()
   B_SPLINE_CURVE (2, (#6938, #6939, #6940, #6941, #6942), .UNSPECIFIED., .F., .U.)
   B_SPLINE_CURVE_WITH_KNOTS ((3, 2, 3), (1.96713228319672E-13, 1.57079632679509, 3.14159265358999), .UNSPECIFIED.)
   CURVE ()
   GEOMETRIC_REPRESENTATION_ITEM ()
   RATIONAL_B_SPLINE_CURVE ((1., 0.707106781186558, 1., 0.707106781186559, 1.))
   REPRESENTATION_ITEM ('')
);
#6944 = EDGE_CURVE ('', #6935, #6937, #6943, .T.);
#6945 = ORIENTED_EDGE ('', *, *, #6944, .F.);
#6946 = CARTESIAN_POINT ('', (-7.89948891361075, 52.3391538178065, 3.50000000000442));
#6947 = CARTESIAN_POINT ('', (-7.8994889136093, 51.5891538178067, 3.50000000000433));
#6948 = CARTESIAN_POINT ('', (-7.14948891360948, 51.5891538178082, 3.50000000000433));
#6949 = CARTESIAN_POINT ('', (-6.39948891360968, 51.5891538178096, 3.50000000000433));
#6950 = CARTESIAN_POINT ('', (-6.39948891361112, 52.3391538178094, 3.50000000000443));
#6951 = (
   BOUNDED_CURVE ()
   B_SPLINE_CURVE (2, (#6946, #6947, #6948, #6949, #6950), .UNSPECIFIED., .F., .U.)
   B_SPLINE_CURVE_WITH_KNOTS ((3, 2, 3), (3.14159265358999, 4.71238898038489, 6.28318530717978), .UNSPECIFIED.)
   CURVE ()
   GEOMETRIC_REPRESENTATION_ITEM ()
   RATIONAL_B_SPLINE_CURVE ((1., 0.707106781186547, 1., 0.707106781186559, 1.))
   REPRESENTATION_ITEM ('')
);
#6952 = EDGE_CURVE ('', #6937, #6935, #6951, .T.);
#6953 = ORIENTED_EDGE ('', *, *, #6952, .F.);
#6954 = EDGE_LOOP ('', (#6945, #6953));
#6955 = FACE_BOUND ('', #6954, .T.);
#6956 = CARTESIAN_POINT ('', (-175.75, 77., 3.50000000000772));
#6957 = VERTEX_POINT ('', #6956);
#6958 = CARTESIAN_POINT ('', (-177.249999999995, 76.9999999999958, 3.50000000000765));
#6959 = VERTEX_POINT ('', #6958);
#6960 = CARTESIAN_POINT ('', (-175.749999999995, 77., 3.50000000000765));
#6961 = CARTESIAN_POINT ('', (-175.749999999998, 77.7499999999998, 3.50000000000775));
#6962 = CARTESIAN_POINT ('', (-176.499999999997, 77.7499999999977, 3.50000000000775));
#6963 = CARTESIAN_POINT ('', (-177.249999999997, 77.7499999999956, 3.50000000000775));
#6964 = CARTESIAN_POINT ('', (-177.249999999995, 76.9999999999958, 3.50000000000765));
#6965 = (
   BOUNDED_CURVE ()
   B_SPLINE_CURVE (2, (#6960, #6961, #6962, #6963, #6964), .UNSPECIFIED., .F., .U.)
   B_SPLINE_CURVE_WITH_KNOTS ((3, 2, 3), (2.95069842479445E-13, 1.5707963267952, 3.14159265359009), .UNSPECIFIED.)
   CURVE ()
   GEOMETRIC_REPRESENTATION_ITEM ()
   RATIONAL_B_SPLINE_CURVE ((1., 0.70710678118657, 1., 0.70710678118651, 1.))
   REPRESENTATION_ITEM ('')
);
#6966 = EDGE_CURVE ('', #6957, #6959, #6965, .T.);
#6967 = ORIENTED_EDGE ('', *, *, #6966, .F.);
#6968 = CARTESIAN_POINT ('', (-177.249999999995, 76.9999999999958, 3.50000000000765));
#6969 = CARTESIAN_POINT ('', (-177.249999999993, 76.249999999996, 3.50000000000755));
#6970 = CARTESIAN_POINT ('', (-176.499999999993, 76.2499999999981, 3.50000000000755));
#6971 = CARTESIAN_POINT ('', (-175.749999999993, 76.2500000000002, 3.50000000000756));
#6972 = CARTESIAN_POINT ('', (-175.749999999995, 77., 3.50000000000765));
#6973 = (
   BOUNDED_CURVE ()
   B_SPLINE_CURVE (2, (#6968, #6969, #6970, #6971, #6972), .UNSPECIFIED., .F., .U.)
   B_SPLINE_CURVE_WITH_KNOTS ((3, 2, 3), (3.14159265359009, 4.712388980385, 6.28318530717988), .UNSPECIFIED.)
   CURVE ()
   GEOMETRIC_REPRESENTATION_ITEM ()
   RATIONAL_B_SPLINE_CURVE ((1., 0.70710678118657, 1., 0.707106781186511, 1.))
   REPRESENTATION_ITEM ('')
);
#6974 = EDGE_CURVE ('', #6959, #6957, #6973, .T.);
#6975 = ORIENTED_EDGE ('', *, *, #6974, .F.);
#6976 = EDGE_LOOP ('', (#6967, #6975));
#6977 = FACE_BOUND ('', #6976, .T.);
#6978 = CARTESIAN_POINT ('', (-3.92477635981933, 14.4032124826813, 3.49999999999948));
#6979 = CARTESIAN_POINT ('', (-179.499999999998, 14.4032124826813, 3.49999999999948));
#6980 = CARTESIAN_POINT ('', (-3.92477635981933, 138.999999999998, 3.50000000001578));
#6981 = CARTESIAN_POINT ('', (-179.499999999998, 138.999999999998, 3.50000000001578));
#6982 = B_SPLINE_SURFACE_WITH_KNOTS ('', 1, 1, ((#6978, #6979), (#6980, #6981)), .UNSPECIFIED., .F., .F., .U., (2, 2), (2, 2), (0.393569216435591, 0.670056902463089), (0.340651706762887, 0.73026357618036), .UNSPECIFIED.);
#6983 = ADVANCED_FACE ('', (#6845, #6867, #6889, #6911, #6933, #6955, #6977), #6982, .T.);
#6984 = CARTESIAN_POINT ('', (-177.249999999995, 76.999999999997, -5.49999999999212));
#6985 = VERTEX_POINT ('', #6984);
#6986 = CARTESIAN_POINT ('', (-177.249999999995, 76.9999999999978, 3.50000000000765));
#6987 = CARTESIAN_POINT ('', (-177.249999999995, 76.9999999999989, -5.49999999999212));
#6988 = B_SPLINE_CURVE_WITH_KNOTS ('', 1, (#6986, #6987), .UNSPECIFIED., .F., .U., (2, 2), (0., 0.325086659217945), .UNSPECIFIED.);
#6989 = EDGE_CURVE ('', #6959, #6985, #6988, .T.);
#6990 = ORIENTED_EDGE ('', *, *, #6989, .T.);
#6991 = CARTESIAN_POINT ('', (-175.75, 77.0000000000011, -5.49999999999228));
#6992 = VERTEX_POINT ('', #6991);
#6993 = CARTESIAN_POINT ('', (-175.749999999996, 77.0000000000011, -5.49999999999211));
#6994 = CARTESIAN_POINT ('', (-175.749999999998, 77.7500000000009, -5.49999999999201));
#6995 = CARTESIAN_POINT ('', (-176.499999999997, 77.7499999999989, -5.49999999999201));
#6996 = CARTESIAN_POINT ('', (-177.249999999997, 77.7499999999968, -5.49999999999202));
#6997 = CARTESIAN_POINT ('', (-177.249999999995, 76.999999999997, -5.49999999999212));
#6998 = (
   BOUNDED_CURVE ()
   B_SPLINE_CURVE (2, (#6993, #6994, #6995, #6996, #6997), .UNSPECIFIED., .F., .U.)
   B_SPLINE_CURVE_WITH_KNOTS ((3, 2, 3), (2.95069842479445E-13, 1.5707963267952, 3.14159265359009), .UNSPECIFIED.)
   CURVE ()
   GEOMETRIC_REPRESENTATION_ITEM ()
   RATIONAL_B_SPLINE_CURVE ((1., 0.707106781186503, 1., 0.707106781186483, 1.))
   REPRESENTATION_ITEM ('')
);
#6999 = EDGE_CURVE ('', #6992, #6985, #6998, .T.);
#7000 = ORIENTED_EDGE ('', *, *, #6999, .F.);
#7001 = CARTESIAN_POINT ('', (-175.749999999995, 76.999999999999, -5.49999999999211));
#7002 = CARTESIAN_POINT ('', (-175.749999999995, 76.9999999999978, 3.50000000000764));
#7003 = B_SPLINE_CURVE_WITH_KNOTS ('', 1, (#7001, #7002), .UNSPECIFIED., .F., .U., (2, 2), (0., 0.818181818181818), .UNSPECIFIED.);
#7004 = EDGE_CURVE ('', #6992, #6957, #7003, .T.);
#7005 = ORIENTED_EDGE ('', *, *, #7004, .T.);
#7006 = ORIENTED_EDGE ('', *, *, #6966, .T.);
#7007 = EDGE_LOOP ('', (#6990, #7000, #7005, #7006));
#7008 = FACE_OUTER_BOUND ('', #7007, .T.);
#7009 = CARTESIAN_POINT ('', (-177.249999999995, 76.9999999999978, 3.50000000000765));
#7010 = CARTESIAN_POINT ('', (-177.249999999995, 77.7499999999976, 3.50000000000774));
#7011 = CARTESIAN_POINT ('', (-176.499999999995, 77.7499999999976, 3.50000000000775));
#7012 = CARTESIAN_POINT ('', (-175.749999999996, 77.7499999999976, 3.50000000000775));
#7013 = CARTESIAN_POINT ('', (-175.749999999996, 76.9999999999979, 3.50000000000765));
#7014 = CARTESIAN_POINT ('', (-177.249999999995, 76.9999999999989, -5.49999999999212));
#7015 = CARTESIAN_POINT ('', (-177.249999999995, 77.7499999999987, -5.49999999999202));
#7016 = CARTESIAN_POINT ('', (-176.499999999995, 77.7499999999987, -5.49999999999202));
#7017 = CARTESIAN_POINT ('', (-175.749999999996, 77.7499999999988, -5.49999999999202));
#7018 = CARTESIAN_POINT ('', (-175.749999999996, 76.999999999999, -5.49999999999211));
#7019 = (
   BOUNDED_SURFACE ()
   B_SPLINE_SURFACE (1, 2, ((#7009, #7010, #7011, #7012, #7013), (#7014, #7015, #7016, #7017, #7018)), .UNSPECIFIED., .F., .F., .U.)
   B_SPLINE_SURFACE_WITH_KNOTS ((2, 2), (3, 2, 3), (0., 0.325086659217945), (0.0851074883649045, 0.127661232547357, 0.170214976729809), .UNSPECIFIED.)
   GEOMETRIC_REPRESENTATION_ITEM ()
   RATIONAL_B_SPLINE_SURFACE (((1., 0.707106781186547, 1., 0.707106781186547, 1.), (1., 0.707106781186547, 1., 0.707106781186547, 1.)))
   REPRESENTATION_ITEM ('')
   SURFACE ()
);
#7020 = ADVANCED_FACE ('', (#7008), #7019, .T.);
#7021 = ORIENTED_EDGE ('', *, *, #6999, .T.);
#7022 = CARTESIAN_POINT ('', (-177.249999999995, 76.999999999997, -5.49999999999212));
#7023 = CARTESIAN_POINT ('', (-177.249999999993, 76.2499999999972, -5.49999999999222));
#7024 = CARTESIAN_POINT ('', (-176.499999999993, 76.2499999999992, -5.49999999999221));
#7025 = CARTESIAN_POINT ('', (-175.749999999993, 76.2500000000013, -5.49999999999221));
#7026 = CARTESIAN_POINT ('', (-175.749999999996, 77.0000000000011, -5.49999999999211));
#7027 = (
   BOUNDED_CURVE ()
   B_SPLINE_CURVE (2, (#7022, #7023, #7024, #7025, #7026), .UNSPECIFIED., .F., .U.)
   B_SPLINE_CURVE_WITH_KNOTS ((3, 2, 3), (3.14159265359009, 4.712388980385, 6.28318530717988), .UNSPECIFIED.)
   CURVE ()
   GEOMETRIC_REPRESENTATION_ITEM ()
   RATIONAL_B_SPLINE_CURVE ((1., 0.707106781186503, 1., 0.707106781186483, 1.))
   REPRESENTATION_ITEM ('')
);
#7028 = EDGE_CURVE ('', #6985, #6992, #7027, .T.);
#7029 = ORIENTED_EDGE ('', *, *, #7028, .T.);
#7030 = EDGE_LOOP ('', (#7021, #7029));
#7031 = FACE_OUTER_BOUND ('', #7030, .T.);
#7032 = CARTESIAN_POINT ('', (-175.749999999993, 76.2499999999972, -5.49999999999221));
#7033 = CARTESIAN_POINT ('', (-177.249999999997, 76.2499999999972, -5.49999999999221));
#7034 = CARTESIAN_POINT ('', (-175.749999999993, 77.7500000000009, -5.49999999999201));
#7035 = CARTESIAN_POINT ('', (-177.249999999997, 77.7500000000009, -5.49999999999201));
#7036 = B_SPLINE_SURFACE_WITH_KNOTS ('', 1, 1, ((#7032, #7033), (#7034, #7035)), .UNSPECIFIED., .F., .F., .U., (2, 2), (2, 2), (0.310610165995024, 0.647327680846687), (0.325600644069354, 0.662318158921028), .UNSPECIFIED.);
#7037 = ADVANCED_FACE ('', (#7031), #7036, .T.);
#7038 = CARTESIAN_POINT ('', (-7.89948891361071, 52.3391538178077, -5.49999999999534));
#7039 = VERTEX_POINT ('', #7038);
#7040 = CARTESIAN_POINT ('', (-7.89948891361078, 52.3391538178079, 3.50000000000441));
#7041 = CARTESIAN_POINT ('', (-7.89948891361078, 52.3391538178091, -5.49999999999533));
#7042 = B_SPLINE_CURVE_WITH_KNOTS ('', 1, (#7040, #7041), .UNSPECIFIED., .F., .U., (2, 2), (0., 0.325086659217944), .UNSPECIFIED.);
#7043 = EDGE_CURVE ('', #6937, #7039, #7042, .T.);
#7044 = ORIENTED_EDGE ('', *, *, #7043, .T.);
#7045 = CARTESIAN_POINT ('', (-6.39948891361134, 52.3391538178106, -5.4999999999955));
#7046 = VERTEX_POINT ('', #7045);
#7047 = CARTESIAN_POINT ('', (-6.39948891361112, 52.3391538178106, -5.49999999999533));
#7048 = CARTESIAN_POINT ('', (-6.39948891361256, 53.0891538178104, -5.49999999999524));
#7049 = CARTESIAN_POINT ('', (-7.14948891361237, 53.0891538178089, -5.49999999999524));
#7050 = CARTESIAN_POINT ('', (-7.89948891361217, 53.0891538178075, -5.49999999999524));
#7051 = CARTESIAN_POINT ('', (-7.89948891361071, 52.3391538178077, -5.49999999999534));
#7052 = (
   BOUNDED_CURVE ()
   B_SPLINE_CURVE (2, (#7047, #7048, #7049, #7050, #7051), .UNSPECIFIED., .F., .U.)
   B_SPLINE_CURVE_WITH_KNOTS ((3, 2, 3), (1.9671322831966E-13, 1.57079632679509, 3.14159265358999), .UNSPECIFIED.)
   CURVE ()
   GEOMETRIC_REPRESENTATION_ITEM ()
   RATIONAL_B_SPLINE_CURVE ((1., 0.707106781186539, 1., 0.707106781186551, 1.))
   REPRESENTATION_ITEM ('')
);
#7053 = EDGE_CURVE ('', #7046, #7039, #7052, .T.);
#7054 = ORIENTED_EDGE ('', *, *, #7053, .F.);
#7055 = CARTESIAN_POINT ('', (-6.39948891361115, 52.3391538178092, -5.49999999999533));
#7056 = CARTESIAN_POINT ('', (-6.39948891361115, 52.339153817808, 3.50000000000442));
#7057 = B_SPLINE_CURVE_WITH_KNOTS ('', 1, (#7055, #7056), .UNSPECIFIED., .F., .U., (2, 2), (0., 0.818181818181818), .UNSPECIFIED.);
#7058 = EDGE_CURVE ('', #7046, #6935, #7057, .T.);
#7059 = ORIENTED_EDGE ('', *, *, #7058, .T.);
#7060 = ORIENTED_EDGE ('', *, *, #6944, .T.);
#7061 = EDGE_LOOP ('', (#7044, #7054, #7059, #7060));
#7062 = FACE_OUTER_BOUND ('', #7061, .T.);
#7063 = CARTESIAN_POINT ('', (-7.89948891361078, 52.3391538178079, 3.50000000000441));
#7064 = CARTESIAN_POINT ('', (-7.89948891361081, 53.0891538178077, 3.50000000000452));
#7065 = CARTESIAN_POINT ('', (-7.14948891361099, 53.0891538178078, 3.50000000000452));
#7066 = CARTESIAN_POINT ('', (-6.39948891361117, 53.0891538178078, 3.50000000000452));
#7067 = CARTESIAN_POINT ('', (-6.39948891361114, 52.339153817808, 3.50000000000441));
#7068 = CARTESIAN_POINT ('', (-7.89948891361078, 52.3391538178091, -5.49999999999533));
#7069 = CARTESIAN_POINT ('', (-7.89948891361081, 53.0891538178089, -5.49999999999523));
#7070 = CARTESIAN_POINT ('', (-7.14948891361099, 53.0891538178089, -5.49999999999523));
#7071 = CARTESIAN_POINT ('', (-6.39948891361117, 53.089153817809, -5.49999999999523));
#7072 = CARTESIAN_POINT ('', (-6.39948891361114, 52.3391538178092, -5.49999999999533));
#7073 = (
   BOUNDED_SURFACE ()
   B_SPLINE_SURFACE (1, 2, ((#7063, #7064, #7065, #7066, #7067), (#7068, #7069, #7070, #7071, #7072)), .UNSPECIFIED., .F., .F., .U.)
   B_SPLINE_SURFACE_WITH_KNOTS ((2, 2), (3, 2, 3), (0., 0.325086659217944), (0.0851074883649106, 0.127661232547366, 0.170214976729821), .UNSPECIFIED.)
   GEOMETRIC_REPRESENTATION_ITEM ()
   RATIONAL_B_SPLINE_SURFACE (((1., 0.707106781186547, 1., 0.707106781186547, 1.), (1., 0.707106781186547, 1., 0.707106781186547, 1.)))
   REPRESENTATION_ITEM ('')
   SURFACE ()
);
#7074 = ADVANCED_FACE ('', (#7062), #7073, .T.);
#7075 = ORIENTED_EDGE ('', *, *, #7053, .T.);
#7076 = CARTESIAN_POINT ('', (-7.89948891361071, 52.3391538178077, -5.49999999999534));
#7077 = CARTESIAN_POINT ('', (-7.89948891360927, 51.5891538178079, -5.49999999999544));
#7078 = CARTESIAN_POINT ('', (-7.14948891360947, 51.5891538178094, -5.49999999999543));
#7079 = CARTESIAN_POINT ('', (-6.39948891360967, 51.5891538178108, -5.49999999999543));
#7080 = CARTESIAN_POINT ('', (-6.39948891361112, 52.3391538178106, -5.49999999999533));
#7081 = (
   BOUNDED_CURVE ()
   B_SPLINE_CURVE (2, (#7076, #7077, #7078, #7079, #7080), .UNSPECIFIED., .F., .U.)
   B_SPLINE_CURVE_WITH_KNOTS ((3, 2, 3), (3.14159265358999, 4.71238898038489, 6.28318530717978), .UNSPECIFIED.)
   CURVE ()
   GEOMETRIC_REPRESENTATION_ITEM ()
   RATIONAL_B_SPLINE_CURVE ((1., 0.707106781186539, 1., 0.707106781186551, 1.))
   REPRESENTATION_ITEM ('')
);
#7082 = EDGE_CURVE ('', #7039, #7046, #7081, .T.);
#7083 = ORIENTED_EDGE ('', *, *, #7082, .T.);
#7084 = EDGE_LOOP ('', (#7075, #7083));
#7085 = FACE_OUTER_BOUND ('', #7084, .T.);
#7086 = CARTESIAN_POINT ('', (-6.39948891360967, 51.5891538178079, -5.49999999999543));
#7087 = CARTESIAN_POINT ('', (-7.89948891361216, 51.5891538178079, -5.49999999999543));
#7088 = CARTESIAN_POINT ('', (-6.39948891360967, 53.0891538178104, -5.49999999999524));
#7089 = CARTESIAN_POINT ('', (-7.89948891361216, 53.0891538178104, -5.49999999999524));
#7090 = B_SPLINE_SURFACE_WITH_KNOTS ('', 1, 1, ((#7086, #7087), (#7088, #7089)), .UNSPECIFIED., .F., .F., .U., (2, 2), (2, 2), (0.310610165995171, 0.647327680846552), (0.325600644069478, 0.662318158920859), .UNSPECIFIED.);
#7091 = ADVANCED_FACE ('', (#7085), #7090, .T.);
#7092 = CARTESIAN_POINT ('', (-152.999999999996, 38.4999999999983, -5.49999999999713));
#7093 = VERTEX_POINT ('', #7092);
#7094 = CARTESIAN_POINT ('', (-152.999999999996, 38.499999999998, 3.50000000000262));
#7095 = CARTESIAN_POINT ('', (-152.999999999996, 38.4999999999992, -5.49999999999714));
#7096 = B_SPLINE_CURVE_WITH_KNOTS ('', 1, (#7094, #7095), .UNSPECIFIED., .F., .U., (2, 2), (0., 0.325086659217945), .UNSPECIFIED.);
#7097 = EDGE_CURVE ('', #6915, #7093, #7096, .T.);
#7098 = ORIENTED_EDGE ('', *, *, #7097, .T.);
#7099 = CARTESIAN_POINT ('', (-151.5, 38.5000000000004, -5.49999999999731));
#7100 = VERTEX_POINT ('', #7099);
#7101 = CARTESIAN_POINT ('', (-151.499999999996, 38.5000000000004, -5.49999999999714));
#7102 = CARTESIAN_POINT ('', (-151.499999999997, 39.2500000000002, -5.49999999999705));
#7103 = CARTESIAN_POINT ('', (-152.249999999997, 39.2499999999991, -5.49999999999704));
#7104 = CARTESIAN_POINT ('', (-152.999999999997, 39.2499999999981, -5.49999999999704));
#7105 = CARTESIAN_POINT ('', (-152.999999999996, 38.4999999999983, -5.49999999999713));
#7106 = (
   BOUNDED_CURVE ()
   B_SPLINE_CURVE (2, (#7101, #7102, #7103, #7104, #7105), .UNSPECIFIED., .F., .U.)
   B_SPLINE_CURVE_WITH_KNOTS ((3, 2, 3), (1.47534921239807E-13, 1.57079632679503, 3.14159265358994), .UNSPECIFIED.)
   CURVE ()
   GEOMETRIC_REPRESENTATION_ITEM ()
   RATIONAL_B_SPLINE_CURVE ((1., 0.707106781186587, 1., 0.707106781186577, 1.))
   REPRESENTATION_ITEM ('')
);
#7107 = EDGE_CURVE ('', #7100, #7093, #7106, .T.);
#7108 = ORIENTED_EDGE ('', *, *, #7107, .F.);
#7109 = CARTESIAN_POINT ('', (-151.499999999996, 38.4999999999993, -5.49999999999714));
#7110 = CARTESIAN_POINT ('', (-151.499999999996, 38.4999999999982, 3.50000000000261));
#7111 = B_SPLINE_CURVE_WITH_KNOTS ('', 1, (#7109, #7110), .UNSPECIFIED., .F., .U., (2, 2), (0., 0.818181818181818), .UNSPECIFIED.);
#7112 = EDGE_CURVE ('', #7100, #6913, #7111, .T.);
#7113 = ORIENTED_EDGE ('', *, *, #7112, .T.);
#7114 = ORIENTED_EDGE ('', *, *, #6922, .T.);
#7115 = EDGE_LOOP ('', (#7098, #7108, #7113, #7114));
#7116 = FACE_OUTER_BOUND ('', #7115, .T.);
#7117 = CARTESIAN_POINT ('', (-152.999999999996, 38.499999999998, 3.50000000000262));
#7118 = CARTESIAN_POINT ('', (-152.999999999996, 39.2499999999978, 3.50000000000272));
#7119 = CARTESIAN_POINT ('', (-152.249999999996, 39.2499999999979, 3.50000000000272));
#7120 = CARTESIAN_POINT ('', (-151.499999999996, 39.2499999999979, 3.50000000000272));
#7121 = CARTESIAN_POINT ('', (-151.499999999996, 38.4999999999981, 3.50000000000262));
#7122 = CARTESIAN_POINT ('', (-152.999999999996, 38.4999999999992, -5.49999999999714));
#7123 = CARTESIAN_POINT ('', (-152.999999999996, 39.249999999999, -5.49999999999704));
#7124 = CARTESIAN_POINT ('', (-152.249999999996, 39.2499999999991, -5.49999999999704));
#7125 = CARTESIAN_POINT ('', (-151.499999999996, 39.2499999999992, -5.49999999999704));
#7126 = CARTESIAN_POINT ('', (-151.499999999996, 38.4999999999994, -5.49999999999714));
#7127 = (
   BOUNDED_SURFACE ()
   B_SPLINE_SURFACE (1, 2, ((#7117, #7118, #7119, #7120, #7121), (#7122, #7123, #7124, #7125, #7126)), .UNSPECIFIED., .F., .F., .U.)
   B_SPLINE_SURFACE_WITH_KNOTS ((2, 2), (3, 2, 3), (0., 0.325086659217945), (0.0851074883649099, 0.127661232547365, 0.17021497672982), .UNSPECIFIED.)
   GEOMETRIC_REPRESENTATION_ITEM ()
   RATIONAL_B_SPLINE_SURFACE (((1., 0.707106781186547, 1., 0.707106781186547, 1.), (1., 0.707106781186547, 1., 0.707106781186547, 1.)))
   REPRESENTATION_ITEM ('')
   SURFACE ()
);
#7128 = ADVANCED_FACE ('', (#7116), #7127, .T.);
#7129 = ORIENTED_EDGE ('', *, *, #7107, .T.);
#7130 = CARTESIAN_POINT ('', (-152.999999999996, 38.4999999999983, -5.49999999999713));
#7131 = CARTESIAN_POINT ('', (-152.999999999995, 37.7499999999984, -5.49999999999723));
#7132 = CARTESIAN_POINT ('', (-152.249999999995, 37.7499999999995, -5.49999999999724));
#7133 = CARTESIAN_POINT ('', (-151.499999999995, 37.7500000000006, -5.49999999999724));
#7134 = CARTESIAN_POINT ('', (-151.499999999996, 38.5000000000004, -5.49999999999714));
#7135 = (
   BOUNDED_CURVE ()
   B_SPLINE_CURVE (2, (#7130, #7131, #7132, #7133, #7134), .UNSPECIFIED., .F., .U.)
   B_SPLINE_CURVE_WITH_KNOTS ((3, 2, 3), (3.14159265358994, 4.71238898038483, 6.28318530717973), .UNSPECIFIED.)
   CURVE ()
   GEOMETRIC_REPRESENTATION_ITEM ()
   RATIONAL_B_SPLINE_CURVE ((1., 0.707106781186567, 1., 0.707106781186577, 1.))
   REPRESENTATION_ITEM ('')
);
#7136 = EDGE_CURVE ('', #7093, #7100, #7135, .T.);
#7137 = ORIENTED_EDGE ('', *, *, #7136, .T.);
#7138 = EDGE_LOOP ('', (#7129, #7137));
#7139 = FACE_OUTER_BOUND ('', #7138, .T.);
#7140 = CARTESIAN_POINT ('', (-151.499999999995, 37.7499999999985, -5.49999999999724));
#7141 = CARTESIAN_POINT ('', (-152.999999999997, 37.7499999999985, -5.49999999999724));
#7142 = CARTESIAN_POINT ('', (-151.499999999995, 39.2500000000002, -5.49999999999704));
#7143 = CARTESIAN_POINT ('', (-152.999999999997, 39.2500000000002, -5.49999999999704));
#7144 = B_SPLINE_SURFACE_WITH_KNOTS ('', 1, 1, ((#7140, #7141), (#7142, #7143)), .UNSPECIFIED., .F., .F., .U., (2, 2), (2, 2), (0.310610165995249, 0.647327680846462), (0.325600644069585, 0.662318158920789), .UNSPECIFIED.);
#7145 = ADVANCED_FACE ('', (#7139), #7144, .T.);
#7146 = CARTESIAN_POINT ('', (-95.9999999999972, 38.499999999998, -5.49999999999715));
#7147 = VERTEX_POINT ('', #7146);
#7148 = CARTESIAN_POINT ('', (-95.9999999999971, 38.4999999999979, 3.50000000000261));
#7149 = CARTESIAN_POINT ('', (-95.999999999997, 38.4999999999991, -5.49999999999715));
#7150 = B_SPLINE_CURVE_WITH_KNOTS ('', 1, (#7148, #7149), .UNSPECIFIED., .F., .U., (2, 2), (0., 0.325086659217945), .UNSPECIFIED.);
#7151 = EDGE_CURVE ('', #6893, #7147, #7150, .T.);
#7152 = ORIENTED_EDGE ('', *, *, #7151, .T.);
#7153 = CARTESIAN_POINT ('', (-94.5000000000002, 38.5000000000002, -5.49999999999731));
#7154 = VERTEX_POINT ('', #7153);
#7155 = CARTESIAN_POINT ('', (-94.4999999999976, 38.5000000000002, -5.49999999999714));
#7156 = CARTESIAN_POINT ('', (-94.4999999999987, 39.25, -5.49999999999704));
#7157 = CARTESIAN_POINT ('', (-95.2499999999985, 39.2499999999989, -5.49999999999705));
#7158 = CARTESIAN_POINT ('', (-95.9999999999983, 39.2499999999979, -5.49999999999705));
#7159 = CARTESIAN_POINT ('', (-95.9999999999972, 38.499999999998, -5.49999999999715));
#7160 = (
   BOUNDED_CURVE ()
   B_SPLINE_CURVE (2, (#7155, #7156, #7157, #7158, #7159), .UNSPECIFIED., .F., .U.)
   B_SPLINE_CURVE_WITH_KNOTS ((3, 2, 3), (1.47534921239764E-13, 1.57079632679504, 3.14159265358994), .UNSPECIFIED.)
   CURVE ()
   GEOMETRIC_REPRESENTATION_ITEM ()
   RATIONAL_B_SPLINE_CURVE ((1., 0.707106781186567, 1., 0.707106781186567, 1.))
   REPRESENTATION_ITEM ('')
);
#7161 = EDGE_CURVE ('', #7154, #7147, #7160, .T.);
#7162 = ORIENTED_EDGE ('', *, *, #7161, .F.);
#7163 = CARTESIAN_POINT ('', (-94.4999999999976, 38.4999999999992, -5.49999999999714));
#7164 = CARTESIAN_POINT ('', (-94.4999999999976, 38.499999999998, 3.50000000000261));
#7165 = B_SPLINE_CURVE_WITH_KNOTS ('', 1, (#7163, #7164), .UNSPECIFIED., .F., .U., (2, 2), (0., 0.818181818181818), .UNSPECIFIED.);
#7166 = EDGE_CURVE ('', #7154, #6891, #7165, .T.);
#7167 = ORIENTED_EDGE ('', *, *, #7166, .T.);
#7168 = ORIENTED_EDGE ('', *, *, #6900, .T.);
#7169 = EDGE_LOOP ('', (#7152, #7162, #7167, #7168));
#7170 = FACE_OUTER_BOUND ('', #7169, .T.);
#7171 = CARTESIAN_POINT ('', (-95.9999999999971, 38.4999999999979, 3.50000000000261));
#7172 = CARTESIAN_POINT ('', (-95.9999999999971, 39.2499999999977, 3.50000000000271));
#7173 = CARTESIAN_POINT ('', (-95.2499999999973, 39.2499999999978, 3.50000000000272));
#7174 = CARTESIAN_POINT ('', (-94.4999999999975, 39.2499999999978, 3.50000000000272));
#7175 = CARTESIAN_POINT ('', (-94.4999999999975, 38.499999999998, 3.50000000000263));
#7176 = CARTESIAN_POINT ('', (-95.999999999997, 38.4999999999991, -5.49999999999716));
#7177 = CARTESIAN_POINT ('', (-95.9999999999971, 39.2499999999989, -5.49999999999706));
#7178 = CARTESIAN_POINT ('', (-95.2499999999973, 39.249999999999, -5.49999999999705));
#7179 = CARTESIAN_POINT ('', (-94.4999999999975, 39.249999999999, -5.49999999999705));
#7180 = CARTESIAN_POINT ('', (-94.4999999999974, 38.4999999999992, -5.49999999999715));
#7181 = (
   BOUNDED_SURFACE ()
   B_SPLINE_SURFACE (1, 2, ((#7171, #7172, #7173, #7174, #7175), (#7176, #7177, #7178, #7179, #7180)), .UNSPECIFIED., .F., .F., .U.)
   B_SPLINE_SURFACE_WITH_KNOTS ((2, 2), (3, 2, 3), (0., 0.325086659217945), (0.0851074883649095, 0.127661232547364, 0.170214976729819), .UNSPECIFIED.)
   GEOMETRIC_REPRESENTATION_ITEM ()
   RATIONAL_B_SPLINE_SURFACE (((1., 0.707106781186547, 1., 0.707106781186547, 1.), (1., 0.707106781186547, 1., 0.707106781186547, 1.)))
   REPRESENTATION_ITEM ('')
   SURFACE ()
);
#7182 = ADVANCED_FACE ('', (#7170), #7181, .T.);
#7183 = ORIENTED_EDGE ('', *, *, #7161, .T.);
#7184 = CARTESIAN_POINT ('', (-95.9999999999972, 38.499999999998, -5.49999999999715));
#7185 = CARTESIAN_POINT ('', (-95.9999999999961, 37.7499999999982, -5.49999999999724));
#7186 = CARTESIAN_POINT ('', (-95.2499999999963, 37.7499999999993, -5.49999999999724));
#7187 = CARTESIAN_POINT ('', (-94.4999999999965, 37.7500000000004, -5.49999999999724));
#7188 = CARTESIAN_POINT ('', (-94.4999999999976, 38.5000000000002, -5.49999999999714));
#7189 = (
   BOUNDED_CURVE ()
   B_SPLINE_CURVE (2, (#7184, #7185, #7186, #7187, #7188), .UNSPECIFIED., .F., .U.)
   B_SPLINE_CURVE_WITH_KNOTS ((3, 2, 3), (3.14159265358994, 4.71238898038484, 6.28318530717973), .UNSPECIFIED.)
   CURVE ()
   GEOMETRIC_REPRESENTATION_ITEM ()
   RATIONAL_B_SPLINE_CURVE ((1., 0.707106781186567, 1., 0.707106781186567, 1.))
   REPRESENTATION_ITEM ('')
);
#7190 = EDGE_CURVE ('', #7147, #7154, #7189, .T.);
#7191 = ORIENTED_EDGE ('', *, *, #7190, .T.);
#7192 = EDGE_LOOP ('', (#7183, #7191));
#7193 = FACE_OUTER_BOUND ('', #7192, .T.);
#7194 = CARTESIAN_POINT ('', (-94.4999999999965, 37.7499999999982, -5.49999999999724));
#7195 = CARTESIAN_POINT ('', (-95.9999999999983, 37.7499999999982, -5.49999999999724));
#7196 = CARTESIAN_POINT ('', (-94.4999999999965, 39.25, -5.49999999999704));
#7197 = CARTESIAN_POINT ('', (-95.9999999999983, 39.25, -5.49999999999704));
#7198 = B_SPLINE_SURFACE_WITH_KNOTS ('', 1, 1, ((#7194, #7195), (#7196, #7197)), .UNSPECIFIED., .F., .F., .U., (2, 2), (2, 2), (0.310610165995248, 0.647327680846467), (0.325600644069566, 0.662318158920784), .UNSPECIFIED.);
#7199 = ADVANCED_FACE ('', (#7193), #7198, .T.);
#7200 = CARTESIAN_POINT ('', (-43.9999999999986, 24.6580219542979, -5.49999999999895));
#7201 = VERTEX_POINT ('', #7200);
#7202 = CARTESIAN_POINT ('', (-43.9999999999987, 24.6580219542974, 3.50000000000081));
#7203 = CARTESIAN_POINT ('', (-43.9999999999987, 24.6580219542986, -5.49999999999895));
#7204 = B_SPLINE_CURVE_WITH_KNOTS ('', 1, (#7202, #7203), .UNSPECIFIED., .F., .U., (2, 2), (0., 0.325086659217944), .UNSPECIFIED.);
#7205 = EDGE_CURVE ('', #6871, #7201, #7204, .T.);
#7206 = ORIENTED_EDGE ('', *, *, #7205, .T.);
#7207 = CARTESIAN_POINT ('', (-42.5000000000002, 24.6580219542993, -5.49999999999912));
#7208 = VERTEX_POINT ('', #7207);
#7209 = CARTESIAN_POINT ('', (-42.499999999999, 24.6580219542993, -5.49999999999895));
#7210 = CARTESIAN_POINT ('', (-42.4999999999997, 25.4080219542991, -5.49999999999885));
#7211 = CARTESIAN_POINT ('', (-43.2499999999995, 25.4080219542984, -5.49999999999885));
#7212 = CARTESIAN_POINT ('', (-43.9999999999993, 25.4080219542977, -5.49999999999886));
#7213 = CARTESIAN_POINT ('', (-43.9999999999986, 24.6580219542979, -5.49999999999895));
#7214 = (
   BOUNDED_CURVE ()
   B_SPLINE_CURVE (2, (#7209, #7210, #7211, #7212, #7213), .UNSPECIFIED., .F., .U.)
   B_SPLINE_CURVE_WITH_KNOTS ((3, 2, 3), (8.19638451332062E-14, 1.57079632679498, 3.14159265358987), .UNSPECIFIED.)
   CURVE ()
   GEOMETRIC_REPRESENTATION_ITEM ()
   RATIONAL_B_SPLINE_CURVE ((1., 0.707106781186557, 1., 0.707106781186569, 1.))
   REPRESENTATION_ITEM ('')
);
#7215 = EDGE_CURVE ('', #7208, #7201, #7214, .T.);
#7216 = ORIENTED_EDGE ('', *, *, #7215, .F.);
#7217 = CARTESIAN_POINT ('', (-42.4999999999991, 24.6580219542986, -5.49999999999895));
#7218 = CARTESIAN_POINT ('', (-42.4999999999991, 24.6580219542974, 3.5000000000008));
#7219 = B_SPLINE_CURVE_WITH_KNOTS ('', 1, (#7217, #7218), .UNSPECIFIED., .F., .U., (2, 2), (0., 0.818181818181818), .UNSPECIFIED.);
#7220 = EDGE_CURVE ('', #7208, #6869, #7219, .T.);
#7221 = ORIENTED_EDGE ('', *, *, #7220, .T.);
#7222 = ORIENTED_EDGE ('', *, *, #6878, .T.);
#7223 = EDGE_LOOP ('', (#7206, #7216, #7221, #7222));
#7224 = FACE_OUTER_BOUND ('', #7223, .T.);
#7225 = CARTESIAN_POINT ('', (-43.9999999999987, 24.6580219542974, 3.50000000000081));
#7226 = CARTESIAN_POINT ('', (-43.9999999999987, 25.4080219542972, 3.5000000000009));
#7227 = CARTESIAN_POINT ('', (-43.2499999999989, 25.4080219542972, 3.50000000000091));
#7228 = CARTESIAN_POINT ('', (-42.4999999999991, 25.4080219542971, 3.50000000000092));
#7229 = CARTESIAN_POINT ('', (-42.4999999999991, 24.6580219542973, 3.50000000000082));
#7230 = CARTESIAN_POINT ('', (-43.9999999999987, 24.6580219542986, -5.49999999999895));
#7231 = CARTESIAN_POINT ('', (-43.9999999999986, 25.4080219542984, -5.49999999999885));
#7232 = CARTESIAN_POINT ('', (-43.2499999999988, 25.4080219542984, -5.49999999999884));
#7233 = CARTESIAN_POINT ('', (-42.499999999999, 25.4080219542983, -5.49999999999884));
#7234 = CARTESIAN_POINT ('', (-42.4999999999991, 24.6580219542985, -5.49999999999894));
#7235 = (
   BOUNDED_SURFACE ()
   B_SPLINE_SURFACE (1, 2, ((#7225, #7226, #7227, #7228, #7229), (#7230, #7231, #7232, #7233, #7234)), .UNSPECIFIED., .F., .F., .U.)
   B_SPLINE_SURFACE_WITH_KNOTS ((2, 2), (3, 2, 3), (0., 0.325086659217944), (0.0851074883649085, 0.127661232547363, 0.170214976729817), .UNSPECIFIED.)
   GEOMETRIC_REPRESENTATION_ITEM ()
   RATIONAL_B_SPLINE_SURFACE (((1., 0.707106781186547, 1., 0.707106781186547, 1.), (1., 0.707106781186547, 1., 0.707106781186547, 1.)))
   REPRESENTATION_ITEM ('')
   SURFACE ()
);
#7236 = ADVANCED_FACE ('', (#7224), #7235, .T.);
#7237 = ORIENTED_EDGE ('', *, *, #7215, .T.);
#7238 = CARTESIAN_POINT ('', (-43.9999999999986, 24.6580219542979, -5.49999999999895));
#7239 = CARTESIAN_POINT ('', (-43.9999999999979, 23.9080219542981, -5.49999999999905));
#7240 = CARTESIAN_POINT ('', (-43.2499999999981, 23.9080219542988, -5.49999999999905));
#7241 = CARTESIAN_POINT ('', (-42.4999999999983, 23.9080219542995, -5.49999999999905));
#7242 = CARTESIAN_POINT ('', (-42.499999999999, 24.6580219542993, -5.49999999999895));
#7243 = (
   BOUNDED_CURVE ()
   B_SPLINE_CURVE (2, (#7238, #7239, #7240, #7241, #7242), .UNSPECIFIED., .F., .U.)
   B_SPLINE_CURVE_WITH_KNOTS ((3, 2, 3), (3.14159265358987, 4.71238898038477, 6.28318530717967), .UNSPECIFIED.)
   CURVE ()
   GEOMETRIC_REPRESENTATION_ITEM ()
   RATIONAL_B_SPLINE_CURVE ((1., 0.707106781186557, 1., 0.707106781186569, 1.))
   REPRESENTATION_ITEM ('')
);
#7244 = EDGE_CURVE ('', #7201, #7208, #7243, .T.);
#7245 = ORIENTED_EDGE ('', *, *, #7244, .T.);
#7246 = EDGE_LOOP ('', (#7237, #7245));
#7247 = FACE_OUTER_BOUND ('', #7246, .T.);
#7248 = CARTESIAN_POINT ('', (-42.4999999999983, 23.9080219542981, -5.49999999999905));
#7249 = CARTESIAN_POINT ('', (-43.9999999999993, 23.9080219542981, -5.49999999999905));
#7250 = CARTESIAN_POINT ('', (-42.4999999999983, 25.4080219542991, -5.49999999999885));
#7251 = CARTESIAN_POINT ('', (-43.9999999999993, 25.4080219542991, -5.49999999999885));
#7252 = B_SPLINE_SURFACE_WITH_KNOTS ('', 1, 1, ((#7248, #7249), (#7250, #7251)), .UNSPECIFIED., .F., .F., .U., (2, 2), (2, 2), (0.310610165995334, 0.647327680846382), (0.325600644069648, 0.662318158920698), .UNSPECIFIED.);
#7253 = ADVANCED_FACE ('', (#7247), #7252, .T.);
#7254 = CARTESIAN_POINT ('', (-9.50981331588007, 114.994745565626, -5.49999999998715));
#7255 = VERTEX_POINT ('', #7254);
#7256 = CARTESIAN_POINT ('', (-9.50981331588019, 114.994745565627, 3.50000000001259));
#7257 = CARTESIAN_POINT ('', (-9.50981331588005, 114.994745565629, -5.49999999998717));
#7258 = B_SPLINE_CURVE_WITH_KNOTS ('', 1, (#7256, #7257), .UNSPECIFIED., .F., .U., (2, 2), (0., 0.325086659217945), .UNSPECIFIED.);
#7259 = EDGE_CURVE ('', #6849, #7255, #7258, .T.);
#7260 = ORIENTED_EDGE ('', *, *, #7259, .T.);
#7261 = CARTESIAN_POINT ('', (-8.00981331588073, 114.994745565632, -5.49999999998732));
#7262 = VERTEX_POINT ('', #7261);
#7263 = CARTESIAN_POINT ('', (-8.00981331588047, 114.994745565632, -5.49999999998715));
#7264 = CARTESIAN_POINT ('', (-8.0098133158836, 115.744745565632, -5.49999999998705));
#7265 = CARTESIAN_POINT ('', (-8.7598133158834, 115.744745565628, -5.49999999998705));
#7266 = CARTESIAN_POINT ('', (-9.5098133158832, 115.744745565625, -5.49999999998705));
#7267 = CARTESIAN_POINT ('', (-9.50981331588007, 114.994745565626, -5.49999999998715));
#7268 = (
   BOUNDED_CURVE ()
   B_SPLINE_CURVE (2, (#7263, #7264, #7265, #7266, #7267), .UNSPECIFIED., .F., .U.)
   B_SPLINE_CURVE_WITH_KNOTS ((3, 2, 3), (4.58997532746002E-13, 1.57079632679535, 3.14159265359025), .UNSPECIFIED.)
   CURVE ()
   GEOMETRIC_REPRESENTATION_ITEM ()
   RATIONAL_B_SPLINE_CURVE ((1., 0.707106781186539, 1., 0.707106781186539, 1.))
   REPRESENTATION_ITEM ('')
);
#7269 = EDGE_CURVE ('', #7262, #7255, #7268, .T.);
#7270 = ORIENTED_EDGE ('', *, *, #7269, .F.);
#7271 = CARTESIAN_POINT ('', (-8.00981331588051, 114.994745565629, -5.49999999998715));
#7272 = CARTESIAN_POINT ('', (-8.00981331588051, 114.994745565628, 3.5000000000126));
#7273 = B_SPLINE_CURVE_WITH_KNOTS ('', 1, (#7271, #7272), .UNSPECIFIED., .F., .U., (2, 2), (0., 0.818181818181818), .UNSPECIFIED.);
#7274 = EDGE_CURVE ('', #7262, #6847, #7273, .T.);
#7275 = ORIENTED_EDGE ('', *, *, #7274, .T.);
#7276 = ORIENTED_EDGE ('', *, *, #6856, .T.);
#7277 = EDGE_LOOP ('', (#7260, #7270, #7275, #7276));
#7278 = FACE_OUTER_BOUND ('', #7277, .T.);
#7279 = CARTESIAN_POINT ('', (-9.50981331588019, 114.994745565627, 3.50000000001259));
#7280 = CARTESIAN_POINT ('', (-9.50981331588022, 115.744745565627, 3.50000000001269));
#7281 = CARTESIAN_POINT ('', (-8.75981331588041, 115.744745565627, 3.5000000000127));
#7282 = CARTESIAN_POINT ('', (-8.00981331588058, 115.744745565627, 3.50000000001272));
#7283 = CARTESIAN_POINT ('', (-8.00981331588054, 114.994745565627, 3.50000000001262));
#7284 = CARTESIAN_POINT ('', (-9.50981331588005, 114.994745565629, -5.49999999998717));
#7285 = CARTESIAN_POINT ('', (-9.50981331588009, 115.744745565628, -5.49999999998708));
#7286 = CARTESIAN_POINT ('', (-8.75981331588027, 115.744745565628, -5.49999999998706));
#7287 = CARTESIAN_POINT ('', (-8.00981331588045, 115.744745565628, -5.49999999998705));
#7288 = CARTESIAN_POINT ('', (-8.00981331588041, 114.994745565629, -5.49999999998715));
#7289 = (
   BOUNDED_SURFACE ()
   B_SPLINE_SURFACE (1, 2, ((#7279, #7280, #7281, #7282, #7283), (#7284, #7285, #7286, #7287, #7288)), .UNSPECIFIED., .F., .F., .U.)
   B_SPLINE_SURFACE_WITH_KNOTS ((2, 2), (3, 2, 3), (0., 0.325086659217945), (0.0851074883649109, 0.127661232547366, 0.170214976729822), .UNSPECIFIED.)
   GEOMETRIC_REPRESENTATION_ITEM ()
   RATIONAL_B_SPLINE_SURFACE (((1., 0.707106781186547, 1., 0.707106781186547, 1.), (1., 0.707106781186547, 1., 0.707106781186547, 1.)))
   REPRESENTATION_ITEM ('')
   SURFACE ()
);
#7290 = ADVANCED_FACE ('', (#7278), #7289, .T.);
#7291 = ORIENTED_EDGE ('', *, *, #7269, .T.);
#7292 = CARTESIAN_POINT ('', (-9.50981331588007, 114.994745565626, -5.49999999998715));
#7293 = CARTESIAN_POINT ('', (-9.50981331587694, 114.244745565626, -5.49999999998725));
#7294 = CARTESIAN_POINT ('', (-8.75981331587714, 114.244745565629, -5.49999999998725));
#7295 = CARTESIAN_POINT ('', (-8.00981331587734, 114.244745565632, -5.49999999998725));
#7296 = CARTESIAN_POINT ('', (-8.00981331588047, 114.994745565632, -5.49999999998715));
#7297 = (
   BOUNDED_CURVE ()
   B_SPLINE_CURVE (2, (#7292, #7293, #7294, #7295, #7296), .UNSPECIFIED., .F., .U.)
   B_SPLINE_CURVE_WITH_KNOTS ((3, 2, 3), (3.14159265359025, 4.71238898038515, 6.28318530718005), .UNSPECIFIED.)
   CURVE ()
   GEOMETRIC_REPRESENTATION_ITEM ()
   RATIONAL_B_SPLINE_CURVE ((1., 0.707106781186539, 1., 0.707106781186539, 1.))
   REPRESENTATION_ITEM ('')
);
#7298 = EDGE_CURVE ('', #7255, #7262, #7297, .T.);
#7299 = ORIENTED_EDGE ('', *, *, #7298, .T.);
#7300 = EDGE_LOOP ('', (#7291, #7299));
#7301 = FACE_OUTER_BOUND ('', #7300, .T.);
#7302 = CARTESIAN_POINT ('', (-8.00981331587734, 114.244745565626, -5.49999999998725));
#7303 = CARTESIAN_POINT ('', (-9.50981331588321, 114.244745565626, -5.49999999998725));
#7304 = CARTESIAN_POINT ('', (-8.00981331587734, 115.744745565632, -5.49999999998705));
#7305 = CARTESIAN_POINT ('', (-9.50981331588321, 115.744745565632, -5.49999999998705));
#7306 = B_SPLINE_SURFACE_WITH_KNOTS ('', 1, 1, ((#7302, #7303), (#7304, #7305)), .UNSPECIFIED., .F., .F., .U., (2, 2), (2, 2), (0.310610165994792, 0.647327680846924), (0.325600644069097, 0.662318158921233), .UNSPECIFIED.);
#7307 = ADVANCED_FACE ('', (#7301), #7306, .T.);
#7308 = ORIENTED_EDGE ('', *, *, #843, .F.);
#7309 = ORIENTED_EDGE ('', *, *, #821, .T.);
#7310 = ORIENTED_EDGE ('', *, *, #767, .F.);
#7311 = ORIENTED_EDGE ('', *, *, #733, .F.);
#7312 = CARTESIAN_POINT ('', (-179.499999999999, 98.0976880051369, -10.9999999999895));
#7313 = CARTESIAN_POINT ('', (-176.499999999995, 98.0976880051369, -10.9999999999895));
#7314 = B_SPLINE_CURVE_WITH_KNOTS ('', 1, (#7312, #7313), .UNSPECIFIED., .F., .U., (2, 2), (0., 1.), .UNSPECIFIED.);
#7315 = EDGE_CURVE ('', #975, #722, #7314, .T.);
#7316 = ORIENTED_EDGE ('', *, *, #7315, .F.);
#7317 = ORIENTED_EDGE ('', *, *, #979, .T.);
#7318 = ORIENTED_EDGE ('', *, *, #920, .F.);
#7319 = ORIENTED_EDGE ('', *, *, #893, .F.);
#7320 = EDGE_LOOP ('', (#7308, #7309, #7310, #7311, #7316, #7317, #7318, #7319));
#7321 = FACE_OUTER_BOUND ('', #7320, .T.);
#7322 = CARTESIAN_POINT ('', (-173.499999999992, 91.4507966862136, -10.4184723618956));
#7323 = CARTESIAN_POINT ('', (-179.499999999999, 91.4507966862136, -10.4184723618956));
#7324 = CARTESIAN_POINT ('', (-173.499999999992, 100.581071908059, -11.2172679386777));
#7325 = CARTESIAN_POINT ('', (-179.499999999999, 100.581071908059, -11.2172679386777));
#7326 = B_SPLINE_SURFACE_WITH_KNOTS ('', 1, 1, ((#7322, #7323), (#7324, #7325)), .UNSPECIFIED., .F., .F., .U., (2, 2), (2, 2), (0.242827750063262, 0.757172249936729), (0.268506708540122, 0.605224223390885), .UNSPECIFIED.);
#7327 = ADVANCED_FACE ('', (#7321), #7326, .T.);
#7328 = ORIENTED_EDGE ('', *, *, #7315, .T.);
#7329 = ORIENTED_EDGE ('', *, *, #726, .F.);
#7330 = CARTESIAN_POINT ('', (-176.499999999995, 114.999999999997, -10.9999999999873));
#7331 = CARTESIAN_POINT ('', (-179.499999999998, 114.999999999997, -10.9999999999873));
#7332 = B_SPLINE_CURVE_WITH_KNOTS ('', 1, (#7330, #7331), .UNSPECIFIED., .F., .U., (2, 2), (0.870129870129806, 0.94805194805195), .UNSPECIFIED.);
#7333 = EDGE_CURVE ('', #715, #982, #7332, .T.);
#7334 = ORIENTED_EDGE ('', *, *, #7333, .T.);
#7335 = ORIENTED_EDGE ('', *, *, #986, .T.);
#7336 = EDGE_LOOP ('', (#7328, #7329, #7334, #7335));
#7337 = FACE_OUTER_BOUND ('', #7336, .T.);
#7338 = CARTESIAN_POINT ('', (-176.499999999995, 98.0976880051368, -10.9999999999895));
#7339 = CARTESIAN_POINT ('', (-179.499999999999, 98.0976880051368, -10.9999999999895));
#7340 = CARTESIAN_POINT ('', (-176.499999999995, 115., -10.9999999999873));
#7341 = CARTESIAN_POINT ('', (-179.499999999999, 115., -10.9999999999873));
#7342 = B_SPLINE_SURFACE_WITH_KNOTS ('', 1, 1, ((#7338, #7339), (#7340, #7341)), .UNSPECIFIED., .F., .F., .U., (2, 2), (2, 2), (0.0719603396253252, 0.651787324679272), (-0.102913788107245, 1.28846105216796E-13), .UNSPECIFIED.);
#7343 = ADVANCED_FACE ('', (#7337), #7342, .T.);
#7344 = ORIENTED_EDGE ('', *, *, #993, .T.);
#7345 = ORIENTED_EDGE ('', *, *, #7333, .F.);
#7346 = ORIENTED_EDGE ('', *, *, #719, .T.);
#7347 = CARTESIAN_POINT ('', (-176.499999999995, 114.999999999996, 3.50000000001261));
#7348 = CARTESIAN_POINT ('', (-179.499999999995, 114.999999999996, 3.50000000001261));
#7349 = B_SPLINE_CURVE_WITH_KNOTS ('', 1, (#7347, #7348), .UNSPECIFIED., .F., .U., (2, 2), (80.9729729729727, 83.5675675675673), .UNSPECIFIED.);
#7350 = EDGE_CURVE ('', #708, #989, #7349, .T.);
#7351 = ORIENTED_EDGE ('', *, *, #7350, .T.);
#7352 = EDGE_LOOP ('', (#7344, #7345, #7346, #7351));
#7353 = FACE_OUTER_BOUND ('', #7352, .T.);
#7354 = CARTESIAN_POINT ('', (-176.499999999995, 114.999999999997, -10.9999999999876));
#7355 = CARTESIAN_POINT ('', (-179.499999999998, 114.999999999997, -10.9999999999876));
#7356 = CARTESIAN_POINT ('', (-176.499999999995, 114.999999999995, 3.5000000000121));
#7357 = CARTESIAN_POINT ('', (-179.499999999998, 114.999999999995, 3.5000000000121));
#7358 = B_SPLINE_SURFACE_WITH_KNOTS ('', 1, 1, ((#7354, #7355), (#7356, #7357)), .UNSPECIFIED., .F., .F., .U., (2, 2), (2, 2), (0.651787324679195, 1.14920396719755), (-0.102913788107246, 1.28009442195908E-13), .UNSPECIFIED.);
#7359 = ADVANCED_FACE ('', (#7353), #7358, .T.);
#7360 = CARTESIAN_POINT ('', (-172.222312665141, 133.772495927502, -14.1211412666544));
#7361 = VERTEX_POINT ('', #7360);
#7362 = CARTESIAN_POINT ('', (-172.222312665145, 133.772495927502, 3.50000000001514));
#7363 = VERTEX_POINT ('', #7362);
#7364 = CARTESIAN_POINT ('', (-172.22231266514, 133.772495927501, -14.1211412666543));
#7365 = CARTESIAN_POINT ('', (-172.22231266514, 133.772495927499, 3.50000000001511));
#7366 = B_SPLINE_CURVE_WITH_KNOTS ('', 1, (#7364, #7365), .UNSPECIFIED., .F., .U., (2, 2), (-0.783740115151805, 0.818181818181823), .UNSPECIFIED.);
#7367 = EDGE_CURVE ('', #7361, #7363, #7366, .T.);
#7368 = ORIENTED_EDGE ('', *, *, #7367, .T.);
#7369 = CARTESIAN_POINT ('', (-172.22231266514, 133.772495927499, 3.50000000001507));
#7370 = CARTESIAN_POINT ('', (-172.415826079407, 133.680423413563, 3.50000000001505));
#7371 = CARTESIAN_POINT ('', (-172.605563496471, 133.579957193033, 3.50000000001504));
#7372 = CARTESIAN_POINT ('', (-172.975223697212, 133.363445202184, 3.50000000001501));
#7373 = CARTESIAN_POINT ('', (-173.155494001279, 133.247216011105, 3.500000000015));
#7374 = CARTESIAN_POINT ('', (-173.504946489655, 133.000100860036, 3.50000000001497));
#7375 = CARTESIAN_POINT ('', (-173.674458163171, 132.86900281871, 3.50000000001495));
#7376 = CARTESIAN_POINT ('', (-174.001205754569, 132.593175324608, 3.5000000000149));
#7377 = CARTESIAN_POINT ('', (-174.15875085888, 132.448206933234, 3.50000000001489));
#7378 = CARTESIAN_POINT ('', (-174.460471756786, 132.14575885284, 3.50000000001486));
#7379 = CARTESIAN_POINT ('', (-174.604934337383, 131.988015341983, 3.50000000001483));
#7380 = CARTESIAN_POINT ('', (-174.879498241113, 131.661223404529, 3.50000000001479));
#7381 = CARTESIAN_POINT ('', (-175.009862043035, 131.491888402206, 3.50000000001477));
#7382 = CARTESIAN_POINT ('', (-175.255344822078, 131.143197039939, 3.50000000001472));
#7383 = CARTESIAN_POINT ('', (-175.370700260565, 130.96353361849, 3.5000000000147));
#7384 = CARTESIAN_POINT ('', (-175.585397091752, 130.595536525031, 3.50000000001465));
#7385 = CARTESIAN_POINT ('', (-175.684947429149, 130.406877694959, 3.50000000001463));
#7386 = CARTESIAN_POINT ('', (-175.867384304923, 130.022298349259, 3.50000000001457));
#7387 = CARTESIAN_POINT ('', (-175.950450990991, 129.826037070752, 3.50000000001455));
#7388 = CARTESIAN_POINT ('', (-176.099394519628, 129.427708370966, 3.50000000001449));
#7389 = CARTESIAN_POINT ('', (-176.165421658878, 129.225287156811, 3.50000000001446));
#7390 = CARTESIAN_POINT ('', (-176.27988709061, 128.816130313796, 3.50000000001442));
#7391 = CARTESIAN_POINT ('', (-176.328445006917, 128.609030499808, 3.50000000001439));
#7392 = CARTESIAN_POINT ('', (-176.407702433402, 128.192033344232, 3.50000000001433));
#7393 = CARTESIAN_POINT ('', (-176.43849030902, 127.981764105178, 3.5000000000143));
#7394 = CARTESIAN_POINT ('', (-176.482068997428, 127.559958965223, 3.50000000001425));
#7395 = CARTESIAN_POINT ('', (-176.494916570499, 127.348046155384, 3.50000000001422));
#7396 = CARTESIAN_POINT ('', (-176.499587941902, 127.090778974964, 3.50000000001419));
#7397 = CARTESIAN_POINT ('', (-176.499999999995, 127.045388552479, 3.50000000001419));
#7398 = CARTESIAN_POINT ('', (-176.499999999995, 126.999999999995, 3.50000000001418));
#7399 = B_SPLINE_CURVE_WITH_KNOTS ('', 3, (#7369, #7370, #7371, #7372, #7373, #7374, #7375, #7376, #7377, #7378, #7379, #7380, #7381, #7382, #7383, #7384, #7385, #7386, #7387, #7388, #7389, #7390, #7391, #7392, #7393, #7394, #7395, #7396, #7397, #7398), .UNSPECIFIED., .F., .U., (4, 2, 2, 2, 2, 2, 2, 2, 2, 2, 2, 2, 2, 2, 4), (0., 0.642902095122506, 1.28519841104029, 1.92689837848045, 2.56800905757994, 3.20853525142844, 3.84847958381225, 4.48784254380559, 5.12662249876497, 5.76481567626888, 6.40241611458499, 7.03941558024742, 7.67580345027829, 8.31156655540152, 8.44773221285145), .UNSPECIFIED.);
#7400 = EDGE_CURVE ('', #7363, #701, #7399, .T.);
#7401 = ORIENTED_EDGE ('', *, *, #7400, .T.);
#7402 = ORIENTED_EDGE ('', *, *, #705, .F.);
#7403 = CARTESIAN_POINT ('', (-176.499999999995, 126.999999999998, -13.5286246492231));
#7404 = CARTESIAN_POINT ('', (-176.499999999995, 127.064460379754, -13.5342642016983));
#7405 = CARTESIAN_POINT ('', (-176.499151309417, 127.129941525894, -13.5399930596603));
#7406 = CARTESIAN_POINT ('', (-176.495809848647, 127.258825586741, -13.5512689538936));
#7407 = CARTESIAN_POINT ('', (-176.493265638193, 127.324231569185, -13.5569912358842));
#7408 = CARTESIAN_POINT ('', (-176.486584572057, 127.452999206196, -13.5682569443516));
#7409 = CARTESIAN_POINT ('', (-176.482348273242, 127.51828685013, -13.5739688730642));
#7410 = CARTESIAN_POINT ('', (-176.472331639956, 127.646852065838, -13.5852168719624));
#7411 = CARTESIAN_POINT ('', (-176.466407755582, 127.711978305576, -13.5909146796375));
#7412 = CARTESIAN_POINT ('', (-176.453061773214, 127.840255239687, -13.6021374571641));
#7413 = CARTESIAN_POINT ('', (-176.445455875275, 127.905177143826, -13.6078173877907));
#7414 = CARTESIAN_POINT ('', (-176.428788937767, 128.033080125321, -13.6190074487028));
#7415 = CARTESIAN_POINT ('', (-176.419507664859, 128.097754921907, -13.6246657602198));
#7416 = CARTESIAN_POINT ('', (-176.399530337025, 128.22519852111, -13.635815630389));
#7417 = CARTESIAN_POINT ('', (-176.388581391251, 128.289583622818, -13.6414485968884));
#7418 = CARTESIAN_POINT ('', (-176.365306402744, 128.416482703404, -13.6525508278515));
#7419 = CARTESIAN_POINT ('', (-176.352698546104, 128.480535732737, -13.6581547417826));
#7420 = CARTESIAN_POINT ('', (-176.326140784359, 128.60680550369, -13.669201915287));
#7421 = CARTESIAN_POINT ('', (-176.311883834623, 128.670484318186, -13.6747730896622));
#7422 = CARTESIAN_POINT ('', (-176.282060336747, 128.796040385698, -13.6857578222064));
#7423 = CARTESIAN_POINT ('', (-176.266165162802, 128.859303103151, -13.6912925928074));
#7424 = CARTESIAN_POINT ('', (-176.233095106411, 128.984061522452, -13.7022075401756));
#7425 = CARTESIAN_POINT ('', (-176.215573623074, 129.046866546138, -13.7077022677606));
#7426 = CARTESIAN_POINT ('', (-176.179278316071, 129.170743873256, -13.7185401295513));
#7427 = CARTESIAN_POINT ('', (-176.160143478358, 129.23304991717, -13.7239912020629));
#7428 = CARTESIAN_POINT ('', (-176.120646347626, 129.355963260602, -13.7347447262093));
#7429 = CARTESIAN_POINT ('', (-176.099912144463, 129.417729374693, -13.7401485609822));
#7430 = CARTESIAN_POINT ('', (-176.057238723468, 129.539596446991, -13.7508105482655));
#7431 = CARTESIAN_POINT ('', (-176.03492017084, 129.600782042387, -13.7561635942337));
#7432 = CARTESIAN_POINT ('', (-175.989098086131, 129.721521211641, -13.7667269027869));
#7433 = CARTESIAN_POINT ('', (-175.96521121965, 129.782086085868, -13.7720256426896));
#7434 = CARTESIAN_POINT ('', (-175.916270176232, 129.901616427062, -13.7824831924915));
#7435 = CARTESIAN_POINT ('', (-175.890832043119, 129.961520789236, -13.7877241450774));
#7436 = CARTESIAN_POINT ('', (-175.838803808686, 130.079762135486, -13.7980689224343));
#7437 = CARTESIAN_POINT ('', (-175.811832459148, 130.138966631475, -13.8032486446631));
#7438 = CARTESIAN_POINT ('', (-175.756750847168, 130.255839625111, -13.8134737066786));
#7439 = CARTESIAN_POINT ('', (-175.728265325161, 130.314305362654, -13.8185887959183));
#7440 = CARTESIAN_POINT ('', (-175.670166176775, 130.429731506138, -13.8286872749477));
#7441 = CARTESIAN_POINT ('', (-175.640186510143, 130.487420079906, -13.8337343711674));
#7442 = CARTESIAN_POINT ('', (-175.563854293894, 130.629766764591, -13.8461880923677));
#7443 = CARTESIAN_POINT ('', (-175.516008920106, 130.714972419967, -13.8536426212814));
#7444 = CARTESIAN_POINT ('', (-175.417831231705, 130.882117741893, -13.8682659421114));
#7445 = CARTESIAN_POINT ('', (-175.366752791853, 130.965331921337, -13.8755462394573));
#7446 = CARTESIAN_POINT ('', (-175.262120975028, 131.128588474874, -13.8898293371381));
#7447 = CARTESIAN_POINT ('', (-175.207891586838, 131.209689598725, -13.8969247660742));
#7448 = CARTESIAN_POINT ('', (-175.096959476483, 131.368809122468, -13.9108459205474));
#7449 = CARTESIAN_POINT ('', (-175.03966586595, 131.447678819565, -13.917746124939));
#7450 = CARTESIAN_POINT ('', (-174.922596850424, 131.602419008883, -13.9312841372963));
#7451 = CARTESIAN_POINT ('', (-174.862330241115, 131.6789422992, -13.9379790576947));
#7452 = CARTESIAN_POINT ('', (-174.708536539721, 131.866601096045, -13.9543970750295));
#7453 = CARTESIAN_POINT ('', (-174.612626130228, 131.976909975064, -13.9640478514299));
#7454 = CARTESIAN_POINT ('', (-174.291424059942, 132.325275946426, -13.9945259246822));
#7455 = CARTESIAN_POINT ('', (-174.05306757348, 132.551967946973, -14.0143589048421));
#7456 = CARTESIAN_POINT ('', (-173.688680814883, 132.855557789707, -14.0409195744429));
#7457 = CARTESIAN_POINT ('', (-173.574405938502, 132.945258977875, -14.0487674115123));
#7458 = CARTESIAN_POINT ('', (-173.378815961518, 133.089780914293, -14.0614114425797));
#7459 = CARTESIAN_POINT ('', (-173.299831780538, 133.145804269255, -14.0663128510316));
#7460 = CARTESIAN_POINT ('', (-173.138965790004, 133.255272118039, -14.0758900468208));
#7461 = CARTESIAN_POINT ('', (-173.057931577114, 133.308142433972, -14.0805156001019));
#7462 = CARTESIAN_POINT ('', (-172.892881486085, 133.411313986574, -14.089541941353));
#7463 = CARTESIAN_POINT ('', (-172.809923737186, 133.460956345064, -14.0938850849515));
#7464 = CARTESIAN_POINT ('', (-172.640936810779, 133.557671735302, -14.1023465851858));
#7465 = CARTESIAN_POINT ('', (-172.556184885443, 133.604016268671, -14.106401206472));
#7466 = CARTESIAN_POINT ('', (-172.387875247296, 133.69184973846, -14.1140856393567));
#7467 = CARTESIAN_POINT ('', (-172.305826878627, 133.732760369043, -14.1176648557503));
#7468 = CARTESIAN_POINT ('', (-172.22231266514, 133.772495927501, -14.1211412666543));
#7469 = B_SPLINE_CURVE_WITH_KNOTS ('', 3, (#7403, #7404, #7405, #7406, #7407, #7408, #7409, #7410, #7411, #7412, #7413, #7414, #7415, #7416, #7417, #7418, #7419, #7420, #7421, #7422, #7423, #7424, #7425, #7426, #7427, #7428, #7429, #7430, #7431, #7432, #7433, #7434, #7435, #7436, #7437, #7438, #7439, #7440, #7441, #7442, #7443, #7444, #7445, #7446, #7447, #7448, #7449, #7450, #7451, #7452, #7453, #7454, #7455, #7456, #7457, #7458, #7459, #7460, #7461, #7462, #7463, #7464, #7465, #7466, #7467, #7468), .UNSPECIFIED., .F., .U., (4, 2, 2, 2, 2, 2, 2, 2, 2, 2, 2, 2, 2, 2, 2, 2, 2, 2, 2, 2, 2, 2, 2, 2, 2, 2, 2, 2, 2, 2, 2, 2, 4), (0., 0.194119823804584, 0.388258561556324, 0.582415992416901, 0.776591905482861, 0.970786099724426, 1.16499838393155, 1.35922857666396, 1.55347650620254, 1.74774201049976, 1.94202493712686, 2.13632514321526, 2.33064249539136, 2.52497686970166, 2.71932815152833, 2.91369623549309, 3.10808102534863, 3.30248243385717, 3.49690038265553, 3.69133480210638, 3.98290298496277, 4.27452630400213, 4.5662045675078, 4.85793764291563, 5.1497254542704, 5.58748606573183, 6.57419967171872, 7.01256492130346, 7.30475911934599, 7.59700926900802, 7.88931569476277, 8.18167875249659, 8.459330719964), .UNSPECIFIED.);
#7470 = EDGE_CURVE ('', #699, #7361, #7469, .T.);
#7471 = ORIENTED_EDGE ('', *, *, #7470, .T.);
#7472 = EDGE_LOOP ('', (#7368, #7401, #7402, #7471));
#7473 = FACE_OUTER_BOUND ('', #7472, .T.);
#7474 = CARTESIAN_POINT ('', (-172.22231266514, 133.772495927499, 3.50000000001515));
#7475 = CARTESIAN_POINT ('', (-172.22231266514, 133.772495927501, -14.1211412666543));
#7476 = CARTESIAN_POINT ('', (-176.499999999995, 131.737198125302, 3.50000000001489));
#7477 = CARTESIAN_POINT ('', (-176.499999999995, 131.737198125304, -14.1211412666546));
#7478 = CARTESIAN_POINT ('', (-176.499999999995, 126.999999999995, 3.50000000001429));
#7479 = CARTESIAN_POINT ('', (-176.499999999995, 126.999999999998, -14.1211412666552));
#7480 = (
   BOUNDED_SURFACE ()
   B_SPLINE_SURFACE (2, 1, ((#7474, #7475), (#7476, #7477), (#7478, #7479)), .UNSPECIFIED., .F., .F., .U.)
   B_SPLINE_SURFACE_WITH_KNOTS ((3, 3), (2, 2), (1.40086188550434, 1.70214976729854), (-0.636488660665466, 0.), .UNSPECIFIED.)
   GEOMETRIC_REPRESENTATION_ITEM ()
   RATIONAL_B_SPLINE_SURFACE (((0.878901077399403, 0.878901077399403), (0.792626526329131, 0.792626526329131), (1., 1.)))
   REPRESENTATION_ITEM ('')
   SURFACE ()
);
#7481 = ADVANCED_FACE ('', (#7473), #7480, .T.);
#7482 = ORIENTED_EDGE ('', *, *, #7470, .F.);
#7483 = ORIENTED_EDGE ('', *, *, #751, .F.);
#7484 = ORIENTED_EDGE ('', *, *, #667, .F.);
#7485 = ORIENTED_EDGE ('', *, *, #637, .T.);
#7486 = ORIENTED_EDGE ('', *, *, #592, .T.);
#7487 = ORIENTED_EDGE ('', *, *, #496, .F.);
#7488 = ORIENTED_EDGE ('', *, *, #451, .F.);
#7489 = CARTESIAN_POINT ('', (-172.22231266514, 133.772495927501, -14.1211412666543));
#7490 = CARTESIAN_POINT ('', (-172.209767283371, 133.813565348079, -14.1247343753725));
#7491 = CARTESIAN_POINT ('', (-172.196159814628, 133.855324330603, -14.1283878129437));
#7492 = CARTESIAN_POINT ('', (-172.168035683378, 133.93649108825, -14.1354889840929));
#7493 = CARTESIAN_POINT ('', (-172.15290273184, 133.977680386676, -14.1390925807638));
#7494 = CARTESIAN_POINT ('', (-172.121779888685, 134.05777158513, -14.1460996526767));
#7495 = CARTESIAN_POINT ('', (-172.105144745152, 134.098336551178, -14.1496486273422));
#7496 = CARTESIAN_POINT ('', (-172.07106441535, 134.17724191563, -14.1565519522231));
#7497 = CARTESIAN_POINT ('', (-172.052952300767, 134.217128760199, -14.1600415989467));
#7498 = CARTESIAN_POINT ('', (-172.015959727183, 134.294739560785, -14.1668316641652));
#7499 = CARTESIAN_POINT ('', (-171.996397767965, 134.333895422483, -14.1702573581744));
#7500 = CARTESIAN_POINT ('', (-171.956542159818, 134.410104616394, -14.176924798698));
#7501 = CARTESIAN_POINT ('', (-171.935559360632, 134.448477629911, -14.1802820023661));
#7502 = CARTESIAN_POINT ('', (-171.892893837515, 134.52318000267, -14.1868176131209));
#7503 = CARTESIAN_POINT ('', (-171.870521051472, 134.560719366914, -14.1901018819283));
#7504 = CARTESIAN_POINT ('', (-171.82510258254, 134.633811672688, -14.1964966300745));
#7505 = CARTESIAN_POINT ('', (-171.801372478712, 134.670467718599, -14.1997036185413));
#7506 = CARTESIAN_POINT ('', (-171.753261816961, 134.741848819389, -14.2059486556505));
#7507 = CARTESIAN_POINT ('', (-171.728208845155, 134.777573077307, -14.2090741232311));
#7508 = CARTESIAN_POINT ('', (-171.677470456674, 134.847144080848, -14.2151607973511));
#7509 = CARTESIAN_POINT ('', (-171.651130809414, 134.881889347333, -14.2182006142797));
#7510 = CARTESIAN_POINT ('', (-171.597832797545, 134.949553743516, -14.22412048187));
#7511 = CARTESIAN_POINT ('', (-171.570244369191, 134.983274147468, -14.2270706349454));
#7512 = CARTESIAN_POINT ('', (-171.514458393495, 135.04893794308, -14.2328154726655));
#7513 = CARTESIAN_POINT ('', (-171.485660736465, 135.081589011025, -14.2356720709627));
#7514 = CARTESIAN_POINT ('', (-171.427461926441, 135.145160862589, -14.2412338872939));
#7515 = CARTESIAN_POINT ('', (-171.39749620449, 135.176699582962, -14.2439931677887));
#7516 = CARTESIAN_POINT ('', (-171.336963067968, 135.238090927439, -14.249364214469));
#7517 = CARTESIAN_POINT ('', (-171.305872006512, 135.268475813705, -14.2520225475598));
#7518 = CARTESIAN_POINT ('', (-171.243086332681, 135.327600996804, -14.2571953308099));
#7519 = CARTESIAN_POINT ('', (-171.210914166142, 135.356792149236, -14.2597492257229));
#7520 = CARTESIAN_POINT ('', (-171.129736741336, 135.427750301289, -14.2659572596123));
#7521 = CARTESIAN_POINT ('', (-171.07940339135, 135.469336661828, -14.2695955947167));
#7522 = CARTESIAN_POINT ('', (-170.977372942538, 135.54896720896, -14.2765623648611));
#7523 = CARTESIAN_POINT ('', (-170.924896287744, 135.587625122117, -14.279944494018));
#7524 = CARTESIAN_POINT ('', (-170.818535370409, 135.661505559312, -14.2864081947289));
#7525 = CARTESIAN_POINT ('', (-170.764085464166, 135.697126074351, -14.2895245859837));
#7526 = CARTESIAN_POINT ('', (-170.626101020286, 135.782012278898, -14.2969511665713));
#7527 = CARTESIAN_POINT ('', (-170.540962777363, 135.829614650367, -14.3011158344318));
#7528 = CARTESIAN_POINT ('', (-170.367302561481, 135.91741344758, -14.3087972338591));
#7529 = CARTESIAN_POINT ('', (-170.27885684125, 135.957594954987, -14.3123126602406));
#7530 = CARTESIAN_POINT ('', (-170.128447196022, 136.018498651995, -14.3176410432956));
#7531 = CARTESIAN_POINT ('', (-170.067910411, 136.041075695591, -14.3196162786662));
#7532 = CARTESIAN_POINT ('', (-169.945020122654, 136.083057862875, -14.3232892423738));
#7533 = CARTESIAN_POINT ('', (-169.883435509178, 136.10220474008, -14.3249643770711));
#7534 = CARTESIAN_POINT ('', (-169.758340376097, 136.137319278754, -14.3280365011301));
#7535 = CARTESIAN_POINT ('', (-169.69590376317, 136.152989858106, -14.3294074991742));
#7536 = CARTESIAN_POINT ('', (-169.59018257119, 136.176425112883, -14.331457818294));
#7537 = CARTESIAN_POINT ('', (-169.548066077277, 136.184946495421, -14.3322033426637));
#7538 = CARTESIAN_POINT ('', (-169.46286421818, 136.200549477271, -14.3335684266928));
#7539 = CARTESIAN_POINT ('', (-169.420496500566, 136.207500509292, -14.3341765631944));
#7540 = CARTESIAN_POINT ('', (-169.334756500929, 136.219942482386, -14.3352650947921));
#7541 = CARTESIAN_POINT ('', (-169.292196693274, 136.225316377319, -14.3357352496776));
#7542 = CARTESIAN_POINT ('', (-169.206036631755, 136.234579231905, -14.3365456444458));
#7543 = CARTESIAN_POINT ('', (-169.163344050914, 136.238371464883, -14.3368774218408));
#7544 = CARTESIAN_POINT ('', (-169.076882606766, 136.244441565987, -14.3374084868739));
#7545 = CARTESIAN_POINT ('', (-169.034116662833, 136.246649880586, -14.3376016893668));
#7546 = CARTESIAN_POINT ('', (-168.947472937201, 136.249518088892, -14.3378526250782));
#7547 = CARTESIAN_POINT ('', (-168.904693043299, 136.25014249993, -14.3379072539654));
#7548 = CARTESIAN_POINT ('', (-168.817986379493, 136.249804184585, -14.3378776552081));
#7549 = CARTESIAN_POINT ('', (-168.77525186153, 136.248846976993, -14.3377939103951));
#7550 = CARTESIAN_POINT ('', (-168.688601664747, 136.245302020246, -14.337483766867));
#7551 = CARTESIAN_POINT ('', (-168.645971671342, 136.242767744031, -14.337262046428));
#7552 = CARTESIAN_POINT ('', (-168.559497228323, 136.236020537667, -14.3366717423607));
#7553 = CARTESIAN_POINT ('', (-168.517030641107, 136.231915999008, -14.336312641759));
#7554 = CARTESIAN_POINT ('', (-168.430850940203, 136.221975432587, -14.3354429548882));
#7555 = CARTESIAN_POINT ('', (-168.388606284702, 136.216309681101, -14.3349472658628));
#7556 = CARTESIAN_POINT ('', (-168.302839836843, 136.203189122023, -14.3337993656843));
#7557 = CARTESIAN_POINT ('', (-168.260875194118, 136.195973434285, -14.3331680748077));
#7558 = CARTESIAN_POINT ('', (-168.175639855154, 136.179690699763, -14.3317435201258));
#7559 = CARTESIAN_POINT ('', (-168.134012774397, 136.170938559144, -14.33097780704));
#7560 = CARTESIAN_POINT ('', (-168.049425569287, 136.151515880205, -14.3292785428176));
#7561 = CARTESIAN_POINT ('', (-168.008192981544, 136.141242953114, -14.328379778156));
#7562 = CARTESIAN_POINT ('', (-167.938378787984, 136.122473244627, -14.3267376414457));
#7563 = CARTESIAN_POINT ('', (-167.910974479526, 136.114742158639, -14.3260612590649));
#7564 = CARTESIAN_POINT ('', (-167.870963742244, 136.102920466664, -14.3250269950334));
#7565 = CARTESIAN_POINT ('', (-167.858763487353, 136.099242870471, -14.3247052470575));
#7566 = CARTESIAN_POINT ('', (-167.805330144516, 136.08281593585, -14.3232680765017));
#7567 = CARTESIAN_POINT ('', (-167.763461854986, 136.06908696807, -14.322066947459));
#7568 = CARTESIAN_POINT ('', (-167.682108158414, 136.040724106152, -14.3195855185761));
#7569 = CARTESIAN_POINT ('', (-167.640823945703, 136.025464121665, -14.3182504429278));
#7570 = CARTESIAN_POINT ('', (-167.560572640543, 135.994092660775, -14.3155057957417));
#7571 = CARTESIAN_POINT ('', (-167.519927944139, 135.97732642081, -14.3140389398148));
#7572 = CARTESIAN_POINT ('', (-167.440890692166, 135.942990340883, -14.3110349220713));
#7573 = CARTESIAN_POINT ('', (-167.400939915672, 135.924744602798, -14.3094386268313));
#7574 = CARTESIAN_POINT ('', (-167.323226525516, 135.887492027306, -14.3061794487885));
#7575 = CARTESIAN_POINT ('', (-167.28402296171, 135.867795499737, -14.3044562259155));
#7576 = CARTESIAN_POINT ('', (-167.20774123438, 135.827678610142, -14.3009464528599));
#7577 = CARTESIAN_POINT ('', (-167.169336992838, 135.806561905127, -14.2990989805601));
#7578 = CARTESIAN_POINT ('', (-167.094592571827, 135.763636849441, -14.2953435248064));
#7579 = CARTESIAN_POINT ('', (-167.057038509234, 135.741132431735, -14.2933746433778));
#7580 = CARTESIAN_POINT ('', (-166.983934735452, 135.695459227495, -14.2893787557799));
#7581 = CARTESIAN_POINT ('', (-166.947280388686, 135.671601361295, -14.2872914629516));
#7582 = CARTESIAN_POINT ('', (-166.875918160432, 135.623243793273, -14.283060723954));
#7583 = CARTESIAN_POINT ('', (-166.840211682503, 135.598068486564, -14.2808581700161));
#7584 = CARTESIAN_POINT ('', (-166.770689320678, 135.547093999549, -14.2763984802732));
#7585 = CARTESIAN_POINT ('', (-166.735977419567, 135.520638946278, -14.2740839630191));
#7586 = CARTESIAN_POINT ('', (-166.668390538274, 135.467118533262, -14.2694015336129));
#7587 = CARTESIAN_POINT ('', (-166.634718418708, 135.439423053562, -14.2669784931083));
#7588 = CARTESIAN_POINT ('', (-166.569159801395, 135.383431139672, -14.2620798353939));
#7589 = CARTESIAN_POINT ('', (-166.536571109571, 135.354536118316, -14.2595518485928));
#7590 = CARTESIAN_POINT ('', (-166.473130590809, 135.296150440844, -14.2544437637017));
#7591 = CARTESIAN_POINT ('', (-166.441667362072, 135.266098264132, -14.2518145389251));
#7592 = CARTESIAN_POINT ('', (-166.380431715053, 135.205399748984, -14.2465041069569));
#7593 = CARTESIAN_POINT ('', (-166.350134324499, 135.174234240239, -14.2437774782487));
#7594 = CARTESIAN_POINT ('', (-166.291187154315, 135.11130687517, -14.2382720471796));
#7595 = CARTESIAN_POINT ('', (-166.262094270305, 135.079073229009, -14.2354519685564));
#7596 = CARTESIAN_POINT ('', (-166.191383076034, 134.997750126225, -14.2283371189801));
#7597 = CARTESIAN_POINT ('', (-166.149964186504, 134.947352612652, -14.2239279078725));
#7598 = CARTESIAN_POINT ('', (-166.070667569615, 134.845209189377, -14.2149915162823));
#7599 = CARTESIAN_POINT ('', (-166.032193399673, 134.792701856584, -14.2103977199109));
#7600 = CARTESIAN_POINT ('', (-165.958675696213, 134.68629440252, -14.2010882739656));
#7601 = CARTESIAN_POINT ('', (-165.923249895324, 134.631848336718, -14.1963248604344));
#7602 = CARTESIAN_POINT ('', (-165.873982667885, 134.551326978659, -14.1892801544326));
#7603 = CARTESIAN_POINT ('', (-165.858775146242, 134.525745306244, -14.1870420481022));
#7604 = CARTESIAN_POINT ('', (-165.84391108675, 134.499999999998, -14.1847896256666));
#7605 = B_SPLINE_CURVE_WITH_KNOTS ('', 3, (#7489, #7490, #7491, #7492, #7493, #7494, #7495, #7496, #7497, #7498, #7499, #7500, #7501, #7502, #7503, #7504, #7505, #7506, #7507, #7508, #7509, #7510, #7511, #7512, #7513, #7514, #7515, #7516, #7517, #7518, #7519, #7520, #7521, #7522, #7523, #7524, #7525, #7526, #7527, #7528, #7529, #7530, #7531, #7532, #7533, #7534, #7535, #7536, #7537, #7538, #7539, #7540, #7541, #7542, #7543, #7544, #7545, #7546, #7547, #7548, #7549, #7550, #7551, #7552, #7553, #7554, #7555, #7556, #7557, #7558, #7559, #7560, #7561, #7562, #7563, #7564, #7565, #7566, #7567, #7568, #7569, #7570, #7571, #7572, #7573, #7574, #7575, #7576, #7577, #7578, #7579, #7580, #7581, #7582, #7583, #7584, #7585, #7586, #7587, #7588, #7589, #7590, #7591, #7592, #7593, #7594, #7595, #7596, #7597, #7598, #7599, #7600, #7601, #7602, #7603, #7604), .UNSPECIFIED., .F., .U., (4, 2, 2, 2, 2, 2, 2, 2, 2, 2, 2, 2, 2, 2, 2, 2, 2, 2, 2, 2, 2, 2, 2, 2, 2, 2, 2, 2, 2, 2, 2, 2, 2, 2, 2, 2, 2, 2, 2, 2, 2, 2, 2, 2, 2, 2, 2, 2, 2, 2, 2, 2, 2, 2, 2, 2, 2, 4), (0., 0.129278571563377, 0.258582527318977, 0.3879114666742, 0.517265019609346, 0.646642846066733, 0.776044635312255, 0.905470105256582, 1.03491900172571, 1.16439109767373, 1.2938861923331, 1.423404110302, 1.55294470056938, 1.6825078354831, 1.81209340966713, 1.94170133889844, 2.13608470573872, 2.33054314692472, 2.52507659314638, 2.81706627810152, 3.10931073236131, 3.30414575844913, 3.49905698829967, 3.69404491187035, 3.8239776996696, 3.95393346417003, 4.08391233799237, 4.21391446490401, 4.34394000062577, 4.473989113822, 4.6040619872676, 4.73415881918312, 4.86427982472744, 4.99442523763717, 5.12459531199904, 5.25479032414359, 5.38501057464617, 5.47172621727354, 5.51021093730475, 5.63948582475857, 5.76878645884916, 5.89811251061538, 6.02746366959928, 6.15683964233445, 6.28624015106572, 6.41566493269924, 6.54511373797634, 6.67458633086615, 6.80408248816708, 6.93360199930605, 7.06314466632276, 7.19271030402283, 7.32229874028446, 7.45190981649913, 7.64630070036399, 7.84076688942737, 8.03530787648659, 8.12474785740199), .UNSPECIFIED.);
#7606 = EDGE_CURVE ('', #7361, #440, #7605, .T.);
#7607 = ORIENTED_EDGE ('', *, *, #7606, .F.);
#7608 = EDGE_LOOP ('', (#7482, #7483, #7484, #7485, #7486, #7487, #7488, #7607));
#7609 = FACE_OUTER_BOUND ('', #7608, .T.);
#7610 = CARTESIAN_POINT ('', (-154.261575970042, 112.025615293966, -12.2185357441712));
#7611 = CARTESIAN_POINT ('', (-176.499999999995, 112.025615293966, -12.2185357441712));
#7612 = CARTESIAN_POINT ('', (-154.261575970042, 136.25014249993, -14.3379072539654));
#7613 = CARTESIAN_POINT ('', (-176.499999999995, 136.25014249993, -14.3379072539654));
#7614 = B_SPLINE_SURFACE_WITH_KNOTS ('', 1, 1, ((#7610, #7611), (#7612, #7613)), .UNSPECIFIED., .F., .F., .U., (2, 2), (2, 2), (0.229962963142851, 0.639361979964096), (0.245825125886009, 0.620228469564141), .UNSPECIFIED.);
#7615 = ADVANCED_FACE ('', (#7609), #7614, .T.);
#7616 = ORIENTED_EDGE ('', *, *, #444, .T.);
#7617 = CARTESIAN_POINT ('', (-165.84391108675, 134.499999999996, 3.50000000001516));
#7618 = CARTESIAN_POINT ('', (-165.915044662602, 134.623206967496, 3.50000000001518));
#7619 = CARTESIAN_POINT ('', (-165.993850173169, 134.742289039727, 3.50000000001519));
#7620 = CARTESIAN_POINT ('', (-166.164894183625, 134.969344895137, 3.50000000001523));
#7621 = CARTESIAN_POINT ('', (-166.257423403423, 135.077758161959, 3.50000000001524));
#7622 = CARTESIAN_POINT ('', (-166.454421320678, 135.281973464883, 3.50000000001526));
#7623 = CARTESIAN_POINT ('', (-166.559229997709, 135.378174283822, 3.50000000001527));
#7624 = CARTESIAN_POINT ('', (-166.779129469802, 135.556660385434, 3.5000000000153));
#7625 = CARTESIAN_POINT ('', (-166.894603719676, 135.639298595056, 3.50000000001531));
#7626 = CARTESIAN_POINT ('', (-167.134038973748, 135.789571438009, 3.50000000001533));
#7627 = CARTESIAN_POINT ('', (-167.258420622097, 135.857508799123, 3.50000000001535));
#7628 = CARTESIAN_POINT ('', (-167.513765036245, 135.977522520622, 3.50000000001535));
#7629 = CARTESIAN_POINT ('', (-167.645178955135, 136.029847930206, 3.50000000001536));
#7630 = CARTESIAN_POINT ('', (-167.796797823733, 136.079839379509, 3.50000000001537));
#7631 = CARTESIAN_POINT ('', (-167.814618557478, 136.085557138259, 3.50000000001536));
#7632 = CARTESIAN_POINT ('', (-167.850370916452, 136.096712768491, 3.50000000001538));
#7633 = CARTESIAN_POINT ('', (-167.868303806306, 136.102150636119, 3.50000000001536));
#7634 = CARTESIAN_POINT ('', (-168.024556912327, 136.148165040679, 3.50000000001537));
#7635 = CARTESIAN_POINT ('', (-168.16562360576, 136.18038834833, 3.50000000001539));
#7636 = CARTESIAN_POINT ('', (-168.449798569734, 136.227052079307, 3.50000000001539));
#7637 = CARTESIAN_POINT ('', (-168.593439968882, 136.241620163676, 3.50000000001538));
#7638 = CARTESIAN_POINT ('', (-168.880577427635, 136.252937270048, 3.50000000001539));
#7639 = CARTESIAN_POINT ('', (-169.024614839367, 136.249745137211, 3.50000000001539));
#7640 = CARTESIAN_POINT ('', (-169.310379909417, 136.225767835134, 3.50000000001538));
#7641 = CARTESIAN_POINT ('', (-169.452648580779, 136.20497320198, 3.50000000001538));
#7642 = CARTESIAN_POINT ('', (-169.732765290492, 136.146273917773, 3.50000000001539));
#7643 = CARTESIAN_POINT ('', (-169.871145706824, 136.108292951619, 3.50000000001537));
#7644 = CARTESIAN_POINT ('', (-170.141458734756, 136.015952002682, 3.50000000001535));
#7645 = CARTESIAN_POINT ('', (-170.273907152909, 135.961451227748, 3.50000000001535));
#7646 = CARTESIAN_POINT ('', (-170.53044155874, 135.837037005035, 3.50000000001534));
#7647 = CARTESIAN_POINT ('', (-170.655019298038, 135.766921530877, 3.50000000001533));
#7648 = CARTESIAN_POINT ('', (-170.894037325513, 135.612463542434, 3.50000000001531));
#7649 = CARTESIAN_POINT ('', (-171.008938370236, 135.527861819028, 3.50000000001529));
#7650 = CARTESIAN_POINT ('', (-171.226992466953, 135.345817050482, 3.50000000001527));
#7651 = CARTESIAN_POINT ('', (-171.330568968943, 135.24806240173, 3.50000000001526));
#7652 = CARTESIAN_POINT ('', (-171.524550241113, 135.041275540015, 3.50000000001523));
#7653 = CARTESIAN_POINT ('', (-171.615335550006, 134.931884770978, 3.50000000001522));
#7654 = CARTESIAN_POINT ('', (-171.782516952003, 134.703542919865, 3.50000000001518));
#7655 = CARTESIAN_POINT ('', (-171.85924584365, 134.584192331953, 3.50000000001517));
#7656 = CARTESIAN_POINT ('', (-171.997319491871, 134.337774920417, 3.50000000001514));
#7657 = CARTESIAN_POINT ('', (-172.05894531251, 134.210274102411, 3.50000000001512));
#7658 = CARTESIAN_POINT ('', (-172.153873193752, 133.979153838239, 3.50000000001509));
#7659 = CARTESIAN_POINT ('', (-172.190539547818, 133.876510579453, 3.50000000001508));
#7660 = CARTESIAN_POINT ('', (-172.22231266514, 133.772495927499, 3.50000000001507));
#7661 = B_SPLINE_CURVE_WITH_KNOTS ('', 3, (#7617, #7618, #7619, #7620, #7621, #7622, #7623, #7624, #7625, #7626, #7627, #7628, #7629, #7630, #7631, #7632, #7633, #7634, #7635, #7636, #7637, #7638, #7639, #7640, #7641, #7642, #7643, #7644, #7645, #7646, #7647, #7648, #7649, #7650, #7651, #7652, #7653, #7654, #7655, #7656, #7657, #7658, #7659, #7660), .UNSPECIFIED., .F., .U., (4, 2, 2, 2, 2, 2, 2, 2, 2, 2, 2, 2, 2, 2, 2, 2, 2, 2, 2, 2, 2, 4), (0., 0.42680145511312, 0.852815182145512, 1.27804091857676, 1.70247252287675, 2.12609782350498, 2.54889828374579, 2.60504128245004, 2.66125536328714, 3.0937039750256, 3.52519762145227, 3.95578516264221, 4.385505285304, 4.81438797724437, 5.24245560783406, 5.66972370179588, 6.09620146514252, 6.52189210161272, 6.94679294239314, 7.37089539918677, 7.79418473924452, 8.12046254917054), .UNSPECIFIED.);
#7662 = EDGE_CURVE ('', #433, #7363, #7661, .T.);
#7663 = ORIENTED_EDGE ('', *, *, #7662, .T.);
#7664 = ORIENTED_EDGE ('', *, *, #7367, .F.);
#7665 = ORIENTED_EDGE ('', *, *, #7606, .T.);
#7666 = EDGE_LOOP ('', (#7616, #7663, #7664, #7665));
#7667 = FACE_OUTER_BOUND ('', #7666, .T.);
#7668 = CARTESIAN_POINT ('', (-165.84391108675, 134.499999999995, 3.50000000001527));
#7669 = CARTESIAN_POINT ('', (-165.84391108675, 134.499999999998, -14.3379072539657));
#7670 = CARTESIAN_POINT ('', (-166.533497532778, 135.694398760726, 3.50000000001543));
#7671 = CARTESIAN_POINT ('', (-166.533497532778, 135.694398760728, -14.3379072539655));
#7672 = CARTESIAN_POINT ('', (-167.852504072492, 136.09731266514, 3.5000000000155));
#7673 = CARTESIAN_POINT ('', (-167.852504072492, 136.097312665142, -14.3379072539654));
#7674 = CARTESIAN_POINT ('', (-171.199816737637, 137.119808592643, 3.50000000001566));
#7675 = CARTESIAN_POINT ('', (-171.199816737637, 137.119808592646, -14.3379072539653));
#7676 = CARTESIAN_POINT ('', (-172.22231266514, 133.772495927499, 3.50000000001522));
#7677 = CARTESIAN_POINT ('', (-172.22231266514, 133.772495927501, -14.3379072539657));
#7678 = (
   BOUNDED_SURFACE ()
   B_SPLINE_SURFACE (2, 1, ((#7668, #7669), (#7670, #7671), (#7672, #7673), (#7674, #7675), (#7676, #7677)), .UNSPECIFIED., .F., .F., .U.)
   B_SPLINE_SURFACE_WITH_KNOTS ((3, 2, 3), (2, 2), (0.500615706332002, 0.595752418554489, 0.794336558072653), (-0.644318408515151, 0.), .UNSPECIFIED.)
   GEOMETRIC_REPRESENTATION_ITEM ()
   RATIONAL_B_SPLINE_SURFACE (((0.853809878556345, 0.853809878556345), (0.859682158213723, 0.859682158213723), (1., 1.), (0.707106781186547, 0.707106781186547), (1., 1.)))
   REPRESENTATION_ITEM ('')
   SURFACE ()
);
#7679 = ADVANCED_FACE ('', (#7667), #7678, .T.);
#7680 = ORIENTED_EDGE ('', *, *, #6158, .F.);
#7681 = ORIENTED_EDGE ('', *, *, #6079, .F.);
#7682 = ORIENTED_EDGE ('', *, *, #2578, .F.);
#7683 = ORIENTED_EDGE ('', *, *, #2598, .F.);
#7684 = ORIENTED_EDGE ('', *, *, #2642, .F.);
#7685 = ORIENTED_EDGE ('', *, *, #2722, .F.);
#7686 = ORIENTED_EDGE ('', *, *, #2759, .T.);
#7687 = ORIENTED_EDGE ('', *, *, #2790, .T.);
#7688 = ORIENTED_EDGE ('', *, *, #2866, .F.);
#7689 = ORIENTED_EDGE ('', *, *, #1000, .F.);
#7690 = ORIENTED_EDGE ('', *, *, #7350, .F.);
#7691 = ORIENTED_EDGE ('', *, *, #712, .F.);
#7692 = ORIENTED_EDGE ('', *, *, #7400, .F.);
#7693 = ORIENTED_EDGE ('', *, *, #7662, .F.);
#7694 = ORIENTED_EDGE ('', *, *, #437, .F.);
#7695 = ORIENTED_EDGE ('', *, *, #346, .F.);
#7696 = ORIENTED_EDGE ('', *, *, #234, .F.);
#7697 = ORIENTED_EDGE ('', *, *, #200, .F.);
#7698 = ORIENTED_EDGE ('', *, *, #164, .T.);
#7699 = ORIENTED_EDGE ('', *, *, #124, .F.);
#7700 = CARTESIAN_POINT ('', (-46.4641016151365, 134.499999999996, 3.50000000001516));
#7701 = CARTESIAN_POINT ('', (-134.535931317608, 134.499999999995, 3.50000000001516));
#7702 = B_SPLINE_CURVE_WITH_KNOTS ('', 1, (#7700, #7701), .UNSPECIFIED., .F., .U., (2, 2), (0.00482966724830975, 0.921347984657223), .UNSPECIFIED.);
#7703 = EDGE_CURVE ('', #6259, #114, #7702, .T.);
#7704 = ORIENTED_EDGE ('', *, *, #7703, .F.);
#7705 = ORIENTED_EDGE ('', *, *, #6278, .F.);
#7706 = ORIENTED_EDGE ('', *, *, #6218, .F.);
#7707 = EDGE_LOOP ('', (#7680, #7681, #7682, #7683, #7684, #7685, #7686, #7687, #7688, #7689, #7690, #7691, #7692, #7693, #7694, #7695, #7696, #7697, #7698, #7699, #7704, #7705, #7706));
#7708 = FACE_OUTER_BOUND ('', #7707, .T.);
#7709 = CARTESIAN_POINT ('', (-42.2500000000002, 134.499999999999, 3.50000000001523));
#7710 = VERTEX_POINT ('', #7709);
#7711 = CARTESIAN_POINT ('', (-43.7499999999986, 134.499999999992, 3.50000000001516));
#7712 = VERTEX_POINT ('', #7711);
#7713 = CARTESIAN_POINT ('', (-42.249999999999, 134.499999999999, 3.50000000001516));
#7714 = CARTESIAN_POINT ('', (-42.2500000000025, 135.249999999999, 3.50000000001526));
#7715 = CARTESIAN_POINT ('', (-43.0000000000023, 135.249999999995, 3.50000000001526));
#7716 = CARTESIAN_POINT ('', (-43.7500000000021, 135.249999999992, 3.50000000001526));
#7717 = CARTESIAN_POINT ('', (-43.7499999999986, 134.499999999992, 3.50000000001516));
#7718 = (
   BOUNDED_CURVE ()
   B_SPLINE_CURVE (2, (#7713, #7714, #7715, #7716, #7717), .UNSPECIFIED., .F., .U.)
   B_SPLINE_CURVE_WITH_KNOTS ((3, 2, 3), (5.24568608852487E-13, 1.57079632679542, 3.14159265359032), .UNSPECIFIED.)
   CURVE ()
   GEOMETRIC_REPRESENTATION_ITEM ()
   RATIONAL_B_SPLINE_CURVE ((1., 0.707106781186552, 1., 0.707106781186576, 1.))
   REPRESENTATION_ITEM ('')
);
#7719 = EDGE_CURVE ('', #7710, #7712, #7718, .T.);
#7720 = ORIENTED_EDGE ('', *, *, #7719, .F.);
#7721 = CARTESIAN_POINT ('', (-43.7499999999986, 134.499999999992, 3.50000000001516));
#7722 = CARTESIAN_POINT ('', (-43.7499999999951, 133.749999999992, 3.50000000001506));
#7723 = CARTESIAN_POINT ('', (-42.9999999999953, 133.749999999996, 3.50000000001506));
#7724 = CARTESIAN_POINT ('', (-42.2499999999955, 133.749999999999, 3.50000000001506));
#7725 = CARTESIAN_POINT ('', (-42.249999999999, 134.499999999999, 3.50000000001516));
#7726 = (
   BOUNDED_CURVE ()
   B_SPLINE_CURVE (2, (#7721, #7722, #7723, #7724, #7725), .UNSPECIFIED., .F., .U.)
   B_SPLINE_CURVE_WITH_KNOTS ((3, 2, 3), (3.14159265359032, 4.71238898038521, 6.28318530718011), .UNSPECIFIED.)
   CURVE ()
   GEOMETRIC_REPRESENTATION_ITEM ()
   RATIONAL_B_SPLINE_CURVE ((1., 0.707106781186552, 1., 0.707106781186576, 1.))
   REPRESENTATION_ITEM ('')
);
#7727 = EDGE_CURVE ('', #7712, #7710, #7726, .T.);
#7728 = ORIENTED_EDGE ('', *, *, #7727, .F.);
#7729 = EDGE_LOOP ('', (#7720, #7728));
#7730 = FACE_BOUND ('', #7729, .T.);
#7731 = CARTESIAN_POINT ('', (-137.25, 134.500228111649, 3.50000000001507));
#7732 = VERTEX_POINT ('', #7731);
#7733 = CARTESIAN_POINT ('', (-138.749999999998, 134.500228111645, 3.50000000001503));
#7734 = VERTEX_POINT ('', #7733);
#7735 = CARTESIAN_POINT ('', (-137.249999999998, 134.500228111649, 3.50000000001503));
#7736 = CARTESIAN_POINT ('', (-137.25, 135.250228111649, 3.50000000001513));
#7737 = CARTESIAN_POINT ('', (-138., 135.250228111647, 3.50000000001513));
#7738 = CARTESIAN_POINT ('', (-138.75, 135.250228111645, 3.50000000001513));
#7739 = CARTESIAN_POINT ('', (-138.749999999998, 134.500228111645, 3.50000000001503));
#7740 = (
   BOUNDED_CURVE ()
   B_SPLINE_CURVE (2, (#7735, #7736, #7737, #7738, #7739), .UNSPECIFIED., .F., .U.)
   B_SPLINE_CURVE_WITH_KNOTS ((3, 2, 3), (5.24568608852539E-13, 1.57079632679542, 3.14159265359032), .UNSPECIFIED.)
   CURVE ()
   GEOMETRIC_REPRESENTATION_ITEM ()
   RATIONAL_B_SPLINE_CURVE ((1., 0.707106781186553, 1., 0.707106781186553, 1.))
   REPRESENTATION_ITEM ('')
);
#7741 = EDGE_CURVE ('', #7732, #7734, #7740, .T.);
#7742 = ORIENTED_EDGE ('', *, *, #7741, .F.);
#7743 = CARTESIAN_POINT ('', (-138.749999999998, 134.500228111645, 3.50000000001503));
#7744 = CARTESIAN_POINT ('', (-138.749999999995, 133.750228111645, 3.50000000001493));
#7745 = CARTESIAN_POINT ('', (-137.999999999996, 133.750228111647, 3.50000000001493));
#7746 = CARTESIAN_POINT ('', (-137.249999999996, 133.750228111649, 3.50000000001493));
#7747 = CARTESIAN_POINT ('', (-137.249999999998, 134.500228111649, 3.50000000001503));
#7748 = (
   BOUNDED_CURVE ()
   B_SPLINE_CURVE (2, (#7743, #7744, #7745, #7746, #7747), .UNSPECIFIED., .F., .U.)
   B_SPLINE_CURVE_WITH_KNOTS ((3, 2, 3), (3.14159265359032, 4.71238898038521, 6.28318530718011), .UNSPECIFIED.)
   CURVE ()
   GEOMETRIC_REPRESENTATION_ITEM ()
   RATIONAL_B_SPLINE_CURVE ((1., 0.707106781186553, 1., 0.707106781186553, 1.))
   REPRESENTATION_ITEM ('')
);
#7749 = EDGE_CURVE ('', #7734, #7732, #7748, .T.);
#7750 = ORIENTED_EDGE ('', *, *, #7749, .F.);
#7751 = EDGE_LOOP ('', (#7742, #7750));
#7752 = FACE_BOUND ('', #7751, .T.);
#7753 = CARTESIAN_POINT ('', (-24.4999999999993, 114.999999999995, 3.50000000001278));
#7754 = CARTESIAN_POINT ('', (-179.499999999999, 114.999999999995, 3.50000000001278));
#7755 = CARTESIAN_POINT ('', (-24.4999999999993, 138.999999999998, 3.50000000001595));
#7756 = CARTESIAN_POINT ('', (-179.499999999999, 138.999999999998, 3.50000000001595));
#7757 = B_SPLINE_SURFACE_WITH_KNOTS ('', 1, 1, ((#7753, #7754), (#7755, #7756)), .UNSPECIFIED., .F., .F., .U., (2, 2), (2, 2), (0.616599650531623, 0.669681952748283), (0.386689502693274, 0.729512704509156), .UNSPECIFIED.);
#7758 = ADVANCED_FACE ('', (#7708, #7730, #7752), #7757, .T.);
#7759 = CARTESIAN_POINT ('', (-138.749999999998, 134.500228111646, -5.4999999999846));
#7760 = VERTEX_POINT ('', #7759);
#7761 = CARTESIAN_POINT ('', (-138.749999999998, 134.500228111647, 3.50000000001516));
#7762 = CARTESIAN_POINT ('', (-138.749999999998, 134.500228111648, -5.4999999999846));
#7763 = B_SPLINE_CURVE_WITH_KNOTS ('', 1, (#7761, #7762), .UNSPECIFIED., .F., .U., (2, 2), (-0.325086659217945, 0.), .UNSPECIFIED.);
#7764 = EDGE_CURVE ('', #7734, #7760, #7763, .T.);
#7765 = ORIENTED_EDGE ('', *, *, #7764, .T.);
#7766 = CARTESIAN_POINT ('', (-137.25, 134.50022811165, -5.4999999999847));
#7767 = VERTEX_POINT ('', #7766);
#7768 = CARTESIAN_POINT ('', (-137.249999999998, 134.50022811165, -5.4999999999846));
#7769 = CARTESIAN_POINT ('', (-137.25, 135.25022811165, -5.49999999998451));
#7770 = CARTESIAN_POINT ('', (-138., 135.250228111648, -5.4999999999845));
#7771 = CARTESIAN_POINT ('', (-138.75, 135.250228111646, -5.49999999998451));
#7772 = CARTESIAN_POINT ('', (-138.749999999998, 134.500228111646, -5.4999999999846));
#7773 = (
   BOUNDED_CURVE ()
   B_SPLINE_CURVE (2, (#7768, #7769, #7770, #7771, #7772), .UNSPECIFIED., .F., .U.)
   B_SPLINE_CURVE_WITH_KNOTS ((3, 2, 3), (4.58997532746027E-13, 1.57079632679536, 3.14159265359025), .UNSPECIFIED.)
   CURVE ()
   GEOMETRIC_REPRESENTATION_ITEM ()
   RATIONAL_B_SPLINE_CURVE ((1., 0.707106781186573, 1., 0.707106781186573, 1.))
   REPRESENTATION_ITEM ('')
);
#7774 = EDGE_CURVE ('', #7767, #7760, #7773, .T.);
#7775 = ORIENTED_EDGE ('', *, *, #7774, .F.);
#7776 = CARTESIAN_POINT ('', (-137.249999999998, 134.500228111647, 3.50000000001516));
#7777 = CARTESIAN_POINT ('', (-137.249999999998, 134.500228111648, -5.4999999999846));
#7778 = B_SPLINE_CURVE_WITH_KNOTS ('', 1, (#7776, #7777), .UNSPECIFIED., .F., .U., (2, 2), (0., 1.), .UNSPECIFIED.);
#7779 = EDGE_CURVE ('', #7732, #7767, #7778, .T.);
#7780 = ORIENTED_EDGE ('', *, *, #7779, .F.);
#7781 = ORIENTED_EDGE ('', *, *, #7741, .T.);
#7782 = EDGE_LOOP ('', (#7765, #7775, #7780, #7781));
#7783 = FACE_OUTER_BOUND ('', #7782, .T.);
#7784 = CARTESIAN_POINT ('', (-137.249999999998, 134.500228111647, 3.50000000001517));
#7785 = CARTESIAN_POINT ('', (-137.249999999998, 134.500228111648, -5.49999999998459));
#7786 = CARTESIAN_POINT ('', (-137.249999999998, 135.250228111647, 3.50000000001526));
#7787 = CARTESIAN_POINT ('', (-137.249999999998, 135.250228111648, -5.4999999999845));
#7788 = CARTESIAN_POINT ('', (-137.999999999998, 135.250228111647, 3.50000000001525));
#7789 = CARTESIAN_POINT ('', (-137.999999999998, 135.250228111648, -5.49999999998451));
#7790 = CARTESIAN_POINT ('', (-138.749999999998, 135.250228111647, 3.50000000001525));
#7791 = CARTESIAN_POINT ('', (-138.749999999998, 135.250228111648, -5.49999999998452));
#7792 = CARTESIAN_POINT ('', (-138.749999999998, 134.500228111647, 3.50000000001516));
#7793 = CARTESIAN_POINT ('', (-138.749999999998, 134.500228111648, -5.4999999999846));
#7794 = (
   BOUNDED_SURFACE ()
   B_SPLINE_SURFACE (2, 1, ((#7784, #7785), (#7786, #7787), (#7788, #7789), (#7790, #7791), (#7792, #7793)), .UNSPECIFIED., .F., .F., .U.)
   B_SPLINE_SURFACE_WITH_KNOTS ((3, 2, 3), (2, 2), (0., 0.0425537441824538, 0.0851074883649076), (-0.325086659217945, 0.), .UNSPECIFIED.)
   GEOMETRIC_REPRESENTATION_ITEM ()
   RATIONAL_B_SPLINE_SURFACE (((1., 1.), (0.707106781186547, 0.707106781186547), (1., 1.), (0.707106781186547, 0.707106781186547), (1., 1.)))
   REPRESENTATION_ITEM ('')
   SURFACE ()
);
#7795 = ADVANCED_FACE ('', (#7783), #7794, .T.);
#7796 = ORIENTED_EDGE ('', *, *, #7774, .T.);
#7797 = CARTESIAN_POINT ('', (-138.749999999998, 134.500228111646, -5.4999999999846));
#7798 = CARTESIAN_POINT ('', (-138.749999999995, 133.750228111646, -5.4999999999847));
#7799 = CARTESIAN_POINT ('', (-137.999999999996, 133.750228111648, -5.4999999999847));
#7800 = CARTESIAN_POINT ('', (-137.249999999996, 133.750228111651, -5.4999999999847));
#7801 = CARTESIAN_POINT ('', (-137.249999999998, 134.50022811165, -5.4999999999846));
#7802 = (
   BOUNDED_CURVE ()
   B_SPLINE_CURVE (2, (#7797, #7798, #7799, #7800, #7801), .UNSPECIFIED., .F., .U.)
   B_SPLINE_CURVE_WITH_KNOTS ((3, 2, 3), (3.14159265359025, 4.71238898038515, 6.28318530718005), .UNSPECIFIED.)
   CURVE ()
   GEOMETRIC_REPRESENTATION_ITEM ()
   RATIONAL_B_SPLINE_CURVE ((1., 0.707106781186573, 1., 0.707106781186573, 1.))
   REPRESENTATION_ITEM ('')
);
#7803 = EDGE_CURVE ('', #7760, #7767, #7802, .T.);
#7804 = ORIENTED_EDGE ('', *, *, #7803, .T.);
#7805 = EDGE_LOOP ('', (#7796, #7804));
#7806 = FACE_OUTER_BOUND ('', #7805, .T.);
#7807 = CARTESIAN_POINT ('', (-137.249999999996, 133.750228111646, -5.4999999999847));
#7808 = CARTESIAN_POINT ('', (-138.75, 133.750228111646, -5.4999999999847));
#7809 = CARTESIAN_POINT ('', (-137.249999999996, 135.25022811165, -5.4999999999845));
#7810 = CARTESIAN_POINT ('', (-138.75, 135.25022811165, -5.4999999999845));
#7811 = B_SPLINE_SURFACE_WITH_KNOTS ('', 1, 1, ((#7807, #7808), (#7809, #7810)), .UNSPECIFIED., .F., .F., .U., (2, 2), (2, 2), (0.310610165995027, 0.647327680846714), (0.325600644069355, 0.662318158921043), .UNSPECIFIED.);
#7812 = ADVANCED_FACE ('', (#7806), #7811, .T.);
#7813 = CARTESIAN_POINT ('', (-43.7499999999986, 134.499999999993, -5.49999999998461));
#7814 = VERTEX_POINT ('', #7813);
#7815 = CARTESIAN_POINT ('', (-43.7499999999986, 134.499999999995, 3.50000000001515));
#7816 = CARTESIAN_POINT ('', (-43.7499999999986, 134.499999999997, -5.49999999998461));
#7817 = B_SPLINE_CURVE_WITH_KNOTS ('', 1, (#7815, #7816), .UNSPECIFIED., .F., .U., (2, 2), (0., 0.325086659217945), .UNSPECIFIED.);
#7818 = EDGE_CURVE ('', #7712, #7814, #7817, .T.);
#7819 = ORIENTED_EDGE ('', *, *, #7818, .T.);
#7820 = CARTESIAN_POINT ('', (-42.2500000000002, 134.5, -5.49999999998478));
#7821 = VERTEX_POINT ('', #7820);
#7822 = CARTESIAN_POINT ('', (-42.249999999999, 134.5, -5.49999999998459));
#7823 = CARTESIAN_POINT ('', (-42.2500000000027, 135.25, -5.49999999998449));
#7824 = CARTESIAN_POINT ('', (-43.0000000000025, 135.249999999997, -5.4999999999845));
#7825 = CARTESIAN_POINT ('', (-43.7500000000023, 135.249999999993, -5.49999999998451));
#7826 = CARTESIAN_POINT ('', (-43.7499999999986, 134.499999999993, -5.49999999998461));
#7827 = (
   BOUNDED_CURVE ()
   B_SPLINE_CURVE (2, (#7822, #7823, #7824, #7825, #7826), .UNSPECIFIED., .F., .U.)
   B_SPLINE_CURVE_WITH_KNOTS ((3, 2, 3), (5.90139684959052E-13, 1.57079632679548, 3.14159265359038), .UNSPECIFIED.)
   CURVE ()
   GEOMETRIC_REPRESENTATION_ITEM ()
   RATIONAL_B_SPLINE_CURVE ((1., 0.707106781186541, 1., 0.707106781186576, 1.))
   REPRESENTATION_ITEM ('')
);
#7828 = EDGE_CURVE ('', #7821, #7814, #7827, .T.);
#7829 = ORIENTED_EDGE ('', *, *, #7828, .F.);
#7830 = CARTESIAN_POINT ('', (-42.249999999999, 134.499999999997, -5.4999999999846));
#7831 = CARTESIAN_POINT ('', (-42.249999999999, 134.499999999996, 3.50000000001515));
#7832 = B_SPLINE_CURVE_WITH_KNOTS ('', 1, (#7830, #7831), .UNSPECIFIED., .F., .U., (2, 2), (0., 0.818181818181818), .UNSPECIFIED.);
#7833 = EDGE_CURVE ('', #7821, #7710, #7832, .T.);
#7834 = ORIENTED_EDGE ('', *, *, #7833, .T.);
#7835 = ORIENTED_EDGE ('', *, *, #7719, .T.);
#7836 = EDGE_LOOP ('', (#7819, #7829, #7834, #7835));
#7837 = FACE_OUTER_BOUND ('', #7836, .T.);
#7838 = CARTESIAN_POINT ('', (-43.7499999999986, 134.499999999995, 3.50000000001515));
#7839 = CARTESIAN_POINT ('', (-43.7499999999987, 135.249999999995, 3.50000000001525));
#7840 = CARTESIAN_POINT ('', (-42.9999999999989, 135.249999999995, 3.50000000001525));
#7841 = CARTESIAN_POINT ('', (-42.2499999999991, 135.249999999995, 3.50000000001526));
#7842 = CARTESIAN_POINT ('', (-42.249999999999, 134.499999999996, 3.50000000001516));
#7843 = CARTESIAN_POINT ('', (-43.7499999999986, 134.499999999997, -5.49999999998461));
#7844 = CARTESIAN_POINT ('', (-43.7499999999986, 135.249999999996, -5.49999999998451));
#7845 = CARTESIAN_POINT ('', (-42.9999999999988, 135.249999999997, -5.49999999998451));
#7846 = CARTESIAN_POINT ('', (-42.249999999999, 135.249999999997, -5.4999999999845));
#7847 = CARTESIAN_POINT ('', (-42.2499999999989, 134.499999999997, -5.4999999999846));
#7848 = (
   BOUNDED_SURFACE ()
   B_SPLINE_SURFACE (1, 2, ((#7838, #7839, #7840, #7841, #7842), (#7843, #7844, #7845, #7846, #7847)), .UNSPECIFIED., .F., .F., .U.)
   B_SPLINE_SURFACE_WITH_KNOTS ((2, 2), (3, 2, 3), (0., 0.325086659217945), (0.0851074883649107, 0.127661232547366, 0.170214976729821), .UNSPECIFIED.)
   GEOMETRIC_REPRESENTATION_ITEM ()
   RATIONAL_B_SPLINE_SURFACE (((1., 0.707106781186547, 1., 0.707106781186547, 1.), (1., 0.707106781186547, 1., 0.707106781186547, 1.)))
   REPRESENTATION_ITEM ('')
   SURFACE ()
);
#7849 = ADVANCED_FACE ('', (#7837), #7848, .T.);
#7850 = ORIENTED_EDGE ('', *, *, #7828, .T.);
#7851 = CARTESIAN_POINT ('', (-43.7499999999986, 134.499999999993, -5.49999999998461));
#7852 = CARTESIAN_POINT ('', (-43.7499999999949, 133.749999999993, -5.49999999998471));
#7853 = CARTESIAN_POINT ('', (-42.9999999999951, 133.749999999997, -5.4999999999847));
#7854 = CARTESIAN_POINT ('', (-42.2499999999953, 133.750000000001, -5.49999999998469));
#7855 = CARTESIAN_POINT ('', (-42.249999999999, 134.5, -5.49999999998459));
#7856 = (
   BOUNDED_CURVE ()
   B_SPLINE_CURVE (2, (#7851, #7852, #7853, #7854, #7855), .UNSPECIFIED., .F., .U.)
   B_SPLINE_CURVE_WITH_KNOTS ((3, 2, 3), (3.14159265359038, 4.71238898038528, 6.28318530718018), .UNSPECIFIED.)
   CURVE ()
   GEOMETRIC_REPRESENTATION_ITEM ()
   RATIONAL_B_SPLINE_CURVE ((1., 0.707106781186541, 1., 0.707106781186576, 1.))
   REPRESENTATION_ITEM ('')
);
#7857 = EDGE_CURVE ('', #7814, #7821, #7856, .T.);
#7858 = ORIENTED_EDGE ('', *, *, #7857, .T.);
#7859 = EDGE_LOOP ('', (#7850, #7858));
#7860 = FACE_OUTER_BOUND ('', #7859, .T.);
#7861 = CARTESIAN_POINT ('', (-42.2499999999953, 133.749999999993, -5.4999999999847));
#7862 = CARTESIAN_POINT ('', (-43.7500000000023, 133.749999999993, -5.4999999999847));
#7863 = CARTESIAN_POINT ('', (-42.2499999999953, 135.25, -5.4999999999845));
#7864 = CARTESIAN_POINT ('', (-43.7500000000023, 135.25, -5.4999999999845));
#7865 = B_SPLINE_SURFACE_WITH_KNOTS ('', 1, 1, ((#7861, #7862), (#7863, #7864)), .UNSPECIFIED., .F., .F., .U., (2, 2), (2, 2), (0.310610165994669, 0.64732768084705), (0.325600644068983, 0.662318158921366), .UNSPECIFIED.);
#7866 = ADVANCED_FACE ('', (#7860), #7865, .T.);
#7867 = ORIENTED_EDGE ('', *, *, #118, .F.);
#7868 = CARTESIAN_POINT ('', (-46.4641016151365, 134.499999999998, -16.1924293007559));
#7869 = CARTESIAN_POINT ('', (-134.535931317608, 134.499999999998, -16.1924293007559));
#7870 = B_SPLINE_CURVE_WITH_KNOTS ('', 1, (#7868, #7869), .UNSPECIFIED., .F., .U., (2, 2), (-4.7633063088062, -1.55601083808929), .UNSPECIFIED.);
#7871 = EDGE_CURVE ('', #6261, #106, #7870, .T.);
#7872 = ORIENTED_EDGE ('', *, *, #7871, .F.);
#7873 = ORIENTED_EDGE ('', *, *, #6265, .F.);
#7874 = ORIENTED_EDGE ('', *, *, #7703, .T.);
#7875 = EDGE_LOOP ('', (#7867, #7872, #7873, #7874));
#7876 = FACE_OUTER_BOUND ('', #7875, .T.);
#7877 = CARTESIAN_POINT ('', (-134.535931317608, 134.499999999998, -16.1924293007559));
#7878 = CARTESIAN_POINT ('', (-134.535931317608, 134.499999999995, 3.50000000001517));
#7879 = CARTESIAN_POINT ('', (-46.4641016151361, 134.499999999998, -16.1924293007559));
#7880 = CARTESIAN_POINT ('', (-46.4641016151361, 134.499999999995, 3.50000000001517));
#7881 = B_SPLINE_SURFACE_WITH_KNOTS ('', 1, 1, ((#7877, #7878), (#7879, #7880)), .UNSPECIFIED., .F., .F., .U., (2, 2), (2, 2), (0.935117589432312, 4.94907804842234), (-0.487318005868995, 0.410183872107013), .UNSPECIFIED.);
#7882 = ADVANCED_FACE ('', (#7876), #7881, .T.);
#7883 = ORIENTED_EDGE ('', *, *, #2014, .T.);
#7884 = ORIENTED_EDGE ('', *, *, #6387, .T.);
#7885 = ORIENTED_EDGE ('', *, *, #6445, .T.);
#7886 = ORIENTED_EDGE ('', *, *, #6471, .T.);
#7887 = ORIENTED_EDGE ('', *, *, #6499, .T.);
#7888 = ORIENTED_EDGE ('', *, *, #6525, .T.);
#7889 = ORIENTED_EDGE ('', *, *, #6593, .T.);
#7890 = ORIENTED_EDGE ('', *, *, #1094, .T.);
#7891 = ORIENTED_EDGE ('', *, *, #1074, .T.);
#7892 = ORIENTED_EDGE ('', *, *, #950, .T.);
#7893 = ORIENTED_EDGE ('', *, *, #6740, .T.);
#7894 = ORIENTED_EDGE ('', *, *, #6357, .T.);
#7895 = ORIENTED_EDGE ('', *, *, #2097, .T.);
#7896 = ORIENTED_EDGE ('', *, *, #2053, .F.);
#7897 = EDGE_LOOP ('', (#7883, #7884, #7885, #7886, #7887, #7888, #7889, #7890, #7891, #7892, #7893, #7894, #7895, #7896));
#7898 = FACE_OUTER_BOUND ('', #7897, .T.);
#7899 = CARTESIAN_POINT ('', (-10.9991099289623, 126.585222092002, -15.4999759594792));
#7900 = VERTEX_POINT ('', #7899);
#7901 = CARTESIAN_POINT ('', (-21.9991083954528, 126.585222091949, -15.4999759594745));
#7902 = VERTEX_POINT ('', #7901);
#7903 = CARTESIAN_POINT ('', (-10.9991099289622, 126.585222092001, -15.4999759594791));
#7904 = CARTESIAN_POINT ('', (-10.9990653212817, 125.99883606285, -15.4486738294785));
#7905 = CARTESIAN_POINT ('', (-11.0960527450627, 125.405040987271, -15.3967234919079));
#7906 = CARTESIAN_POINT ('', (-11.4664560706043, 124.300707823104, -15.3001068592877));
#7907 = CARTESIAN_POINT ('', (-11.741833401931, 123.775515101327, -15.2541584499659));
#7908 = CARTESIAN_POINT ('', (-12.4306631105984, 122.854347259671, -15.1735667066165));
#7909 = CARTESIAN_POINT ('', (-12.8505490656298, 122.445772165441, -15.1378210176724));
#7910 = CARTESIAN_POINT ('', (-13.7797373313104, 121.789442594397, -15.0803996206692));
#7911 = CARTESIAN_POINT ('', (-14.2987801067875, 121.532135565037, -15.0578881725548));
#7912 = CARTESIAN_POINT ('', (-15.1961360265286, 121.249025525811, -15.0331192535922));
#7913 = CARTESIAN_POINT ('', (-15.5672995256063, 121.172440827699, -15.0264189607078));
#7914 = CARTESIAN_POINT ('', (-16.1069488702311, 121.117554053044, -15.021616990148));
#7915 = CARTESIAN_POINT ('', (-16.2743827988769, 121.108173527873, -15.0207963005376));
#7916 = CARTESIAN_POINT ('', (-16.6112048427876, 121.104697992495, -15.0204922305924));
#7917 = CARTESIAN_POINT ('', (-16.7809485363784, 121.110752172533, -15.0210219027126));
#7918 = CARTESIAN_POINT ('', (-17.1194581471068, 121.138471958126, -15.0234470697074));
#7919 = CARTESIAN_POINT ('', (-17.2885792196275, 121.160242694954, -15.0253517623764));
#7920 = CARTESIAN_POINT ('', (-17.6235366655833, 121.219201544189, -15.030509993299));
#7921 = CARTESIAN_POINT ('', (-17.7897342187007, 121.256447773079, -15.033768616086));
#7922 = CARTESIAN_POINT ('', (-18.1174097338935, 121.345965378332, -15.0416003917316));
#7923 = CARTESIAN_POINT ('', (-18.2792438571963, 121.398314850947, -15.046180377127));
#7924 = CARTESIAN_POINT ('', (-18.5968363572598, 121.517506855464, -15.0566083263051));
#7925 = CARTESIAN_POINT ('', (-18.752940118391, 121.584461502271, -15.0624660988711));
#7926 = CARTESIAN_POINT ('', (-19.0577713731614, 121.732216329619, -15.0753929712453));
#7927 = CARTESIAN_POINT ('', (-19.2068329931197, 121.81315591218, -15.0824742671499));
#7928 = CARTESIAN_POINT ('', (-19.4963533252544, 121.988114545847, -15.0977811641817));
#7929 = CARTESIAN_POINT ('', (-19.6371287759988, 122.082305476092, -15.1060218027851));
#7930 = CARTESIAN_POINT ('', (-19.908929012444, 122.282892799951, -15.1235709196697));
#7931 = CARTESIAN_POINT ('', (-20.0402508597393, 122.389491124383, -15.1328970646084));
#7932 = CARTESIAN_POINT ('', (-20.2920771268821, 122.613927961404, -15.1525327435253));
#7933 = CARTESIAN_POINT ('', (-20.4128617749293, 122.731989600235, -15.1628617985203));
#7934 = CARTESIAN_POINT ('', (-20.6426495059525, 122.978292299442, -15.1844104924967));
#7935 = CARTESIAN_POINT ('', (-20.7519072268811, 123.106782864166, -15.1956519602801));
#7936 = CARTESIAN_POINT ('', (-20.9577823113046, 123.372800153268, -15.2189254573784));
#7937 = CARTESIAN_POINT ('', (-21.0546275415419, 123.510599601764, -15.2309813469619));
#7938 = CARTESIAN_POINT ('', (-21.2349215563215, 123.794026811291, -15.2557780147302));
#7939 = CARTESIAN_POINT ('', (-21.3185764711795, 123.939942880866, -15.2685440166443));
#7940 = CARTESIAN_POINT ('', (-21.4718566208831, 124.238330761642, -15.2946495735457));
#7941 = CARTESIAN_POINT ('', (-21.5416571634966, 124.39110877018, -15.3080159173289));
#7942 = CARTESIAN_POINT ('', (-21.6667171027698, 124.70189892016, -15.3352065321875));
#7943 = CARTESIAN_POINT ('', (-21.7221212403624, 124.860231607809, -15.3490588474224));
#7944 = CARTESIAN_POINT ('', (-21.8179971676139, 125.180773383068, -15.377102618944));
#7945 = CARTESIAN_POINT ('', (-21.8585876793291, 125.343312510142, -15.3913229499424));
#7946 = CARTESIAN_POINT ('', (-21.9245751790396, 125.670880819132, -15.4199814635093));
#7947 = CARTESIAN_POINT ('', (-21.9500578678022, 125.836248517258, -15.4344492624087));
#7948 = CARTESIAN_POINT ('', (-21.9856979019463, 126.168030061285, -15.4634763862782));
#7949 = CARTESIAN_POINT ('', (-21.9959281683251, 126.334787022214, -15.4780657299235));
#7950 = CARTESIAN_POINT ('', (-21.998898340866, 126.529392630193, -15.4950915144802));
#7951 = CARTESIAN_POINT ('', (-21.9991103004623, 126.557305722432, -15.497533593615));
#7952 = CARTESIAN_POINT ('', (-21.9991083954528, 126.585222091949, -15.4999759594745));
#7953 = B_SPLINE_CURVE_WITH_KNOTS ('', 3, (#7903, #7904, #7905, #7906, #7907, #7908, #7909, #7910, #7911, #7912, #7913, #7914, #7915, #7916, #7917, #7918, #7919, #7920, #7921, #7922, #7923, #7924, #7925, #7926, #7927, #7928, #7929, #7930, #7931, #7932, #7933, #7934, #7935, #7936, #7937, #7938, #7939, #7940, #7941, #7942, #7943, #7944, #7945, #7946, #7947, #7948, #7949, #7950, #7951, #7952), .UNSPECIFIED., .F., .U., (4, 2, 2, 2, 2, 2, 2, 2, 2, 2, 2, 2, 2, 2, 2, 2, 2, 2, 2, 2, 2, 2, 2, 2, 4), (0., 1.76587779062823, 3.50638934129653, 5.22503726978817, 6.92356785604549, 8.04888428461759, 8.55093176401611, 9.059404620692, 9.56988574753762, 10.0798423672769, 10.5892060281915, 11.0979898268584, 11.6062046428768, 12.1138646349905, 12.6209792635442, 13.1275535925583, 13.6335926668718, 14.1390982714477, 14.6440708241709, 15.1485063584428, 15.6524003920424, 16.1557456974797, 16.6585265859923, 17.1605969353262, 17.2446412311725), .UNSPECIFIED.);
#7954 = EDGE_CURVE ('', #7900, #7902, #7953, .T.);
#7955 = ORIENTED_EDGE ('', *, *, #7954, .F.);
#7956 = CARTESIAN_POINT ('', (-21.9991083954528, 126.585222091949, -15.4999759594745));
#7957 = CARTESIAN_POINT ('', (-21.9990987857093, 126.72604509209, -15.5122963755506));
#7958 = CARTESIAN_POINT ('', (-21.9936470545864, 126.86695148772, -15.5246240877865));
#7959 = CARTESIAN_POINT ('', (-21.9696557229209, 127.176346577462, -15.5516926506895));
#7960 = CARTESIAN_POINT ('', (-21.948635328897, 127.344951891195, -15.5664437042513));
#7961 = CARTESIAN_POINT ('', (-21.8910953766674, 127.678953626222, -15.5956650696642));
#7962 = CARTESIAN_POINT ('', (-21.8545231113016, 127.844710717167, -15.6101669360208));
#7963 = CARTESIAN_POINT ('', (-21.7662696197288, 128.171595891147, -15.6387656830187));
#7964 = CARTESIAN_POINT ('', (-21.7145129024291, 128.333079531602, -15.6528936709035));
#7965 = CARTESIAN_POINT ('', (-21.5964192256893, 128.65006407909, -15.6806262253215));
#7966 = CARTESIAN_POINT ('', (-21.5299718960173, 128.805909814238, -15.6942609604058));
#7967 = CARTESIAN_POINT ('', (-21.383141693882, 129.110320569869, -15.7208934505788));
#7968 = CARTESIAN_POINT ('', (-21.3026198342133, 129.259218875191, -15.7339203643127));
#7969 = CARTESIAN_POINT ('', (-21.1284026471808, 129.548507648939, -15.7592298525009));
#7970 = CARTESIAN_POINT ('', (-21.034537176767, 129.689215084479, -15.7715401579844));
#7971 = CARTESIAN_POINT ('', (-20.83450519942, 129.960975157005, -15.7953160835295));
#7972 = CARTESIAN_POINT ('', (-20.7281373906529, 130.092324706498, -15.8068076800693));
#7973 = CARTESIAN_POINT ('', (-20.5040647875087, 130.34430152223, -15.8288527949172));
#7974 = CARTESIAN_POINT ('', (-20.3861371890907, 130.46520898253, -15.8394308270291));
#7975 = CARTESIAN_POINT ('', (-20.1400043901398, 130.695334741505, -15.8595642221247));
#7976 = CARTESIAN_POINT ('', (-20.0115507787951, 130.804808866937, -15.8691419670494));
#7977 = CARTESIAN_POINT ('', (-19.7455102638455, 131.011207718597, -15.8871995267344));
#7978 = CARTESIAN_POINT ('', (-19.6076506591702, 131.108360753464, -15.8956993159124));
#7979 = CARTESIAN_POINT ('', (-19.3240071857356, 131.289358296964, -15.9115345490947));
#7980 = CARTESIAN_POINT ('', (-19.1779347657006, 131.373409477945, -15.9188880745865));
#7981 = CARTESIAN_POINT ('', (-18.87913959836, 131.527565230629, -15.9323749553636));
#7982 = CARTESIAN_POINT ('', (-18.7261107109057, 131.597846745913, -15.9385237912064));
#7983 = CARTESIAN_POINT ('', (-18.4147278364908, 131.723948577446, -15.9495562719153));
#7984 = CARTESIAN_POINT ('', (-18.2560525253729, 131.779914143004, -15.9544526244494));
#7985 = CARTESIAN_POINT ('', (-17.9347373542606, 131.876986628694, -15.9629453664876));
#7986 = CARTESIAN_POINT ('', (-17.7717668048896, 131.918213745789, -15.9665522718633));
#7987 = CARTESIAN_POINT ('', (-17.4432510571917, 131.985543194445, -15.9724428353421));
#7988 = CARTESIAN_POINT ('', (-17.2773662173168, 132.011731106992, -15.9747339808114));
#7989 = CARTESIAN_POINT ('', (-16.9444731796878, 132.048847624516, -15.9779812553243));
#7990 = CARTESIAN_POINT ('', (-16.7771204652373, 132.059846569218, -15.9789435382964));
#7991 = CARTESIAN_POINT ('', (-16.4406492501766, 132.066570054752, -15.9795317670601));
#7992 = CARTESIAN_POINT ('', (-16.2711749505825, 132.062177055056, -15.9791474293878));
#7993 = CARTESIAN_POINT ('', (-15.9326703820066, 132.037792550003, -15.97701406163));
#7994 = CARTESIAN_POINT ('', (-15.7632856775146, 132.01768166463, -15.9752545871464));
#7995 = CARTESIAN_POINT ('', (-15.4276855217646, 131.961994230689, -15.9703825679757));
#7996 = CARTESIAN_POINT ('', (-15.2611068204223, 131.926373544917, -15.9672661617836));
#7997 = CARTESIAN_POINT ('', (-14.9325232299928, 131.840054790072, -15.959714249285));
#7998 = CARTESIAN_POINT ('', (-14.7701607472074, 131.789284249513, -15.955272402545));
#7999 = CARTESIAN_POINT ('', (-14.4513714270303, 131.673186947688, -15.9451152047694));
#8000 = CARTESIAN_POINT ('', (-14.2945977475625, 131.607752331706, -15.9393904176689));
#8001 = CARTESIAN_POINT ('', (-13.9882904605154, 131.462965153697, -15.9267231809691));
#8002 = CARTESIAN_POINT ('', (-13.8384223932591, 131.383473974761, -15.9197686039619));
#8003 = CARTESIAN_POINT ('', (-13.5471637644267, 131.211325305997, -15.904707547004));
#8004 = CARTESIAN_POINT ('', (-13.4054536687066, 131.118500518975, -15.8965864304454));
#8005 = CARTESIAN_POINT ('', (-13.1316665242015, 130.920547817524, -15.8792678131541));
#8006 = CARTESIAN_POINT ('', (-12.9992902059265, 130.815221142724, -15.8700529231422));
#8007 = CARTESIAN_POINT ('', (-12.7452458202774, 130.593221294693, -15.8506304531351));
#8008 = CARTESIAN_POINT ('', (-12.6232961224328, 130.47632660897, -15.8404034933079));
#8009 = CARTESIAN_POINT ('', (-12.3910822742528, 130.232240414234, -15.8190487183454));
#8010 = CARTESIAN_POINT ('', (-12.2805592586868, 130.104803350693, -15.8078994199726));
#8011 = CARTESIAN_POINT ('', (-12.0720679150782, 129.840768197693, -15.7847993373127));
#8012 = CARTESIAN_POINT ('', (-11.9738687012111, 129.703899849208, -15.7728249084248));
#8013 = CARTESIAN_POINT ('', (-11.7907916953566, 129.422203981155, -15.7481797134081));
#8014 = CARTESIAN_POINT ('', (-11.7057058298404, 129.277089426933, -15.7354838350011));
#8015 = CARTESIAN_POINT ('', (-11.5495035646501, 128.980166512737, -15.7095064460679));
#8016 = CARTESIAN_POINT ('', (-11.4782072600919, 128.82805435819, -15.6961983569605));
#8017 = CARTESIAN_POINT ('', (-11.3501068883037, 128.518454397988, -15.6691118702148));
#8018 = CARTESIAN_POINT ('', (-11.2931552712266, 128.360647240365, -15.6553055328996));
#8019 = CARTESIAN_POINT ('', (-11.1941495286544, 128.041010374737, -15.6273409307122));
#8020 = CARTESIAN_POINT ('', (-11.1519741181017, 127.878851498214, -15.6131538673263));
#8021 = CARTESIAN_POINT ('', (-11.0827934819498, 127.551894963536, -15.5845488770764));
#8022 = CARTESIAN_POINT ('', (-11.0556986769931, 127.386759418836, -15.57010138897));
#8023 = CARTESIAN_POINT ('', (-11.0168287525021, 127.055244330826, -15.5410975769813));
#8024 = CARTESIAN_POINT ('', (-11.00498895304, 126.888522063076, -15.5265112685959));
#8025 = CARTESIAN_POINT ('', (-10.999675503861, 126.67627319012, -15.5079418983661));
#8026 = CARTESIAN_POINT ('', (-10.9991064658696, 126.630745846319, -15.5039587719031));
#8027 = CARTESIAN_POINT ('', (-10.9991099289622, 126.585222092001, -15.4999759594791));
#8028 = B_SPLINE_CURVE_WITH_KNOTS ('', 3, (#7956, #7957, #7958, #7959, #7960, #7961, #7962, #7963, #7964, #7965, #7966, #7967, #7968, #7969, #7970, #7971, #7972, #7973, #7974, #7975, #7976, #7977, #7978, #7979, #7980, #7981, #7982, #7983, #7984, #7985, #7986, #7987, #7988, #7989, #7990, #7991, #7992, #7993, #7994, #7995, #7996, #7997, #7998, #7999, #8000, #8001, #8002, #8003, #8004, #8005, #8006, #8007, #8008, #8009, #8010, #8011, #8012, #8013, #8014, #8015, #8016, #8017, #8018, #8019, #8020, #8021, #8022, #8023, #8024, #8025, #8026, #8027), .UNSPECIFIED., .F., .U., (4, 2, 2, 2, 2, 2, 2, 2, 2, 2, 2, 2, 2, 2, 2, 2, 2, 2, 2, 2, 2, 2, 2, 2, 2, 2, 2, 2, 2, 2, 2, 2, 2, 2, 2, 4), (17.2446412311725, 17.6685992920121, 18.1791477928621, 18.6891369148867, 19.1985320955938, 19.7073459944259, 20.2155909697102, 20.7232799182581, 21.2304232773108, 21.7370261922901, 22.243093588593, 22.7486274245978, 23.2536282829326, 23.758092627853, 24.2620151820092, 24.7653898531004, 25.2682035087746, 25.7703045741093, 26.2778202026329, 26.7884698281926, 27.2984918553608, 27.8079188031195, 28.3167626667608, 28.8250379992308, 29.3327559227269, 29.8399278765648, 30.3465593714871, 30.8526550429073, 31.3582170931443, 31.8632460779431, 32.3677391108575, 32.8716902585312, 33.3750955210512, 33.877942231491, 34.3802269112003, 34.5173198545868), .UNSPECIFIED.);
#8029 = EDGE_CURVE ('', #7902, #7900, #8028, .T.);
#8030 = ORIENTED_EDGE ('', *, *, #8029, .F.);
#8031 = EDGE_LOOP ('', (#7955, #8030));
#8032 = FACE_BOUND ('', #8031, .T.);
#8033 = CARTESIAN_POINT ('', (-163.500000000003, 45.8934515465693, -8.44036079692854));
#8034 = VERTEX_POINT ('', #8033);
#8035 = CARTESIAN_POINT ('', (-174.499998466492, 45.893451546517, -8.44036079692392));
#8036 = VERTEX_POINT ('', #8035);
#8037 = CARTESIAN_POINT ('', (-163.500000000002, 45.8934515465689, -8.44036079692847));
#8038 = CARTESIAN_POINT ('', (-163.499955392321, 45.3070655174188, -8.38905866692792));
#8039 = CARTESIAN_POINT ('', (-163.596942816102, 44.7132704418395, -8.33710832935728));
#8040 = CARTESIAN_POINT ('', (-163.967346141644, 43.6089372776722, -8.24049169673706));
#8041 = CARTESIAN_POINT ('', (-164.242723472971, 43.0837445558952, -8.19454328741531));
#8042 = CARTESIAN_POINT ('', (-164.931553181638, 42.1625767142391, -8.11395154406588));
#8043 = CARTESIAN_POINT ('', (-165.351439136669, 41.7540016200098, -8.07820585512182));
#8044 = CARTESIAN_POINT ('', (-166.28062740235, 41.0976720489649, -8.02078445811864));
#8045 = CARTESIAN_POINT ('', (-166.799670177827, 40.8403650196051, -7.99827301000416));
#8046 = CARTESIAN_POINT ('', (-167.697026097568, 40.5572549803799, -7.9735040910416));
#8047 = CARTESIAN_POINT ('', (-168.068189596646, 40.4806702822673, -7.96680379815721));
#8048 = CARTESIAN_POINT ('', (-168.607838941271, 40.425783507612, -7.96200182759738));
#8049 = CARTESIAN_POINT ('', (-168.775272869916, 40.4164029824411, -7.961181137987));
#8050 = CARTESIAN_POINT ('', (-169.112094913827, 40.4129274470635, -7.96087706804178));
#8051 = CARTESIAN_POINT ('', (-169.281838607418, 40.4189816271012, -7.96140674016202));
#8052 = CARTESIAN_POINT ('', (-169.620348218146, 40.4467014126947, -7.96383190715682));
#8053 = CARTESIAN_POINT ('', (-169.789469290667, 40.468472149522, -7.96573659982581));
#8054 = CARTESIAN_POINT ('', (-170.124426736623, 40.5274309987569, -7.97089483074839));
#8055 = CARTESIAN_POINT ('', (-170.29062428974, 40.5646772276472, -7.97415345353538));
#8056 = CARTESIAN_POINT ('', (-170.618299804933, 40.6541948329005, -7.98198522918103));
#8057 = CARTESIAN_POINT ('', (-170.780133928236, 40.7065443055154, -7.98656521457638));
#8058 = CARTESIAN_POINT ('', (-171.097726428299, 40.8257363100321, -7.99699316375451));
#8059 = CARTESIAN_POINT ('', (-171.253830189431, 40.8926909568389, -8.00285093632048));
#8060 = CARTESIAN_POINT ('', (-171.558661444201, 41.0404457841876, -8.01577780869471));
#8061 = CARTESIAN_POINT ('', (-171.707723064159, 41.1213853667482, -8.02285910459927));
#8062 = CARTESIAN_POINT ('', (-171.997243396294, 41.2963440004155, -8.03816600163112));
#8063 = CARTESIAN_POINT ('', (-172.138018847038, 41.3905349306607, -8.04640664023452));
#8064 = CARTESIAN_POINT ('', (-172.409819083484, 41.5911222545193, -8.06395575711913));
#8065 = CARTESIAN_POINT ('', (-172.541140930779, 41.6977205789512, -8.07328190205777));
#8066 = CARTESIAN_POINT ('', (-172.792967197922, 41.9221574159723, -8.0929175809747));
#8067 = CARTESIAN_POINT ('', (-172.913751845969, 42.0402190548032, -8.10324663596968));
#8068 = CARTESIAN_POINT ('', (-173.143539576992, 42.2865217540104, -8.12479532994612));
#8069 = CARTESIAN_POINT ('', (-173.252797297921, 42.4150123187346, -8.13603679772952));
#8070 = CARTESIAN_POINT ('', (-173.458672382344, 42.681029607836, -8.15931029482775));
#8071 = CARTESIAN_POINT ('', (-173.555517612581, 42.8188290563325, -8.17136618441131));
#8072 = CARTESIAN_POINT ('', (-173.735811627361, 43.1022562658589, -8.19616285217961));
#8073 = CARTESIAN_POINT ('', (-173.819466542219, 43.2481723354345, -8.20892885409373));
#8074 = CARTESIAN_POINT ('', (-173.972746691923, 43.5465602162099, -8.23503441099506));
#8075 = CARTESIAN_POINT ('', (-174.042547234536, 43.6993382247487, -8.24840075477825));
#8076 = CARTESIAN_POINT ('', (-174.167607173809, 44.010128374728, -8.27559136963693));
#8077 = CARTESIAN_POINT ('', (-174.223011311402, 44.1684610623774, -8.28944368487183));
#8078 = CARTESIAN_POINT ('', (-174.318887238653, 44.4890028376365, -8.31748745639343));
#8079 = CARTESIAN_POINT ('', (-174.359477750369, 44.6515419647104, -8.33170778739177));
#8080 = CARTESIAN_POINT ('', (-174.425465250079, 44.9791102737003, -8.36036630095871));
#8081 = CARTESIAN_POINT ('', (-174.450947938842, 45.1444779718261, -8.37483409985808));
#8082 = CARTESIAN_POINT ('', (-174.486587972986, 45.4762595158538, -8.40386122372758));
#8083 = CARTESIAN_POINT ('', (-174.496818239365, 45.6430164767825, -8.41845056737286));
#8084 = CARTESIAN_POINT ('', (-174.499788411906, 45.8376220847617, -8.43547635192959));
#8085 = CARTESIAN_POINT ('', (-174.500000371502, 45.8655351770005, -8.43791843106443));
#8086 = CARTESIAN_POINT ('', (-174.499998466492, 45.893451546517, -8.44036079692392));
#8087 = B_SPLINE_CURVE_WITH_KNOTS ('', 3, (#8037, #8038, #8039, #8040, #8041, #8042, #8043, #8044, #8045, #8046, #8047, #8048, #8049, #8050, #8051, #8052, #8053, #8054, #8055, #8056, #8057, #8058, #8059, #8060, #8061, #8062, #8063, #8064, #8065, #8066, #8067, #8068, #8069, #8070, #8071, #8072, #8073, #8074, #8075, #8076, #8077, #8078, #8079, #8080, #8081, #8082, #8083, #8084, #8085, #8086), .UNSPECIFIED., .F., .U., (4, 2, 2, 2, 2, 2, 2, 2, 2, 2, 2, 2, 2, 2, 2, 2, 2, 2, 2, 2, 2, 2, 2, 2, 4), (0., 1.76587779062823, 3.50638934129653, 5.22503726978817, 6.92356785604549, 8.04888428461759, 8.55093176401611, 9.059404620692, 9.56988574753762, 10.0798423672769, 10.5892060281915, 11.0979898268584, 11.6062046428768, 12.1138646349905, 12.6209792635442, 13.1275535925583, 13.6335926668718, 14.1390982714477, 14.6440708241709, 15.1485063584428, 15.6524003920424, 16.1557456974797, 16.6585265859923, 17.1605969353262, 17.2446412311726), .UNSPECIFIED.);
#8088 = EDGE_CURVE ('', #8034, #8036, #8087, .T.);
#8089 = ORIENTED_EDGE ('', *, *, #8088, .F.);
#8090 = CARTESIAN_POINT ('', (-174.499998466492, 45.893451546517, -8.44036079692392));
#8091 = CARTESIAN_POINT ('', (-174.499988856749, 46.0342745466588, -8.45268121300003));
#8092 = CARTESIAN_POINT ('', (-174.494537125626, 46.1751809422886, -8.46500892523591));
#8093 = CARTESIAN_POINT ('', (-174.47054579396, 46.4845760320303, -8.49207748813886));
#8094 = CARTESIAN_POINT ('', (-174.449525399937, 46.6531813457637, -8.50682854170074));
#8095 = CARTESIAN_POINT ('', (-174.391985447707, 46.9871830807908, -8.53604990711356));
#8096 = CARTESIAN_POINT ('', (-174.355413182341, 47.152940171735, -8.5505517734702));
#8097 = CARTESIAN_POINT ('', (-174.267159690768, 47.4798253457154, -8.57915052046815));
#8098 = CARTESIAN_POINT ('', (-174.215402973469, 47.6413089861707, -8.59327850835286));
#8099 = CARTESIAN_POINT ('', (-174.097309296729, 47.9582935336581, -8.62101106277086));
#8100 = CARTESIAN_POINT ('', (-174.030861967057, 48.1141392688069, -8.63464579785522));
#8101 = CARTESIAN_POINT ('', (-173.884031764922, 48.4185500244374, -8.66127828802822));
#8102 = CARTESIAN_POINT ('', (-173.803509905253, 48.5674483297599, -8.67430520176214));
#8103 = CARTESIAN_POINT ('', (-173.62929271822, 48.8567371035069, -8.69961468995028));
#8104 = CARTESIAN_POINT ('', (-173.535427247807, 48.997444539047, -8.71192499543383));
#8105 = CARTESIAN_POINT ('', (-173.33539527046, 49.2692046115738, -8.73570092097888));
#8106 = CARTESIAN_POINT ('', (-173.229027461692, 49.4005541610662, -8.74719251751868));
#8107 = CARTESIAN_POINT ('', (-173.004954858548, 49.6525309767981, -8.76923763236656));
#8108 = CARTESIAN_POINT ('', (-172.88702726013, 49.7734384370981, -8.7798156644785));
#8109 = CARTESIAN_POINT ('', (-172.640894461179, 50.0035641960732, -8.7999490595741));
#8110 = CARTESIAN_POINT ('', (-172.512440849835, 50.1130383215056, -8.80952680449883));
#8111 = CARTESIAN_POINT ('', (-172.246400334885, 50.3194371731655, -8.82758436418382));
#8112 = CARTESIAN_POINT ('', (-172.10854073021, 50.4165902080326, -8.83608415336181));
#8113 = CARTESIAN_POINT ('', (-171.824897256775, 50.5975877515322, -8.85191938654405));
#8114 = CARTESIAN_POINT ('', (-171.67882483674, 50.6816389325136, -8.85927291203588));
#8115 = CARTESIAN_POINT ('', (-171.3800296694, 50.8357946851976, -8.87275979281302));
#8116 = CARTESIAN_POINT ('', (-171.227000781945, 50.9060762004814, -8.87890862865576));
#8117 = CARTESIAN_POINT ('', (-170.91561790753, 51.0321780320142, -8.88994110936472));
#8118 = CARTESIAN_POINT ('', (-170.756942596412, 51.0881435975719, -8.89483746189883));
#8119 = CARTESIAN_POINT ('', (-170.4356274253, 51.1852160832622, -8.903330203937));
#8120 = CARTESIAN_POINT ('', (-170.272656875929, 51.2264432003572, -8.90693710931267));
#8121 = CARTESIAN_POINT ('', (-169.944141128231, 51.2937726490132, -8.91282767279151));
#8122 = CARTESIAN_POINT ('', (-169.778256288356, 51.3199605615605, -8.9151188182608));
#8123 = CARTESIAN_POINT ('', (-169.445363250727, 51.3570770790847, -8.91836609277373));
#8124 = CARTESIAN_POINT ('', (-169.278010536277, 51.3680760237859, -8.91932837574583));
#8125 = CARTESIAN_POINT ('', (-168.941539321216, 51.3747995093205, -8.91991660450949));
#8126 = CARTESIAN_POINT ('', (-168.772065021622, 51.3704065096246, -8.91953226683722));
#8127 = CARTESIAN_POINT ('', (-168.433560453046, 51.3460220045713, -8.91739889907937));
#8128 = CARTESIAN_POINT ('', (-168.264175748554, 51.3259111191984, -8.91563942459577));
#8129 = CARTESIAN_POINT ('', (-167.928575592804, 51.2702236852574, -8.9107674054251));
#8130 = CARTESIAN_POINT ('', (-167.761996891462, 51.2346029994851, -8.90765099923301));
#8131 = CARTESIAN_POINT ('', (-167.433413301032, 51.14828424464, -8.9000990867344));
#8132 = CARTESIAN_POINT ('', (-167.271050818247, 51.0975137040812, -8.89565723999442));
#8133 = CARTESIAN_POINT ('', (-166.95226149807, 50.9814164022564, -8.88550004221882));
#8134 = CARTESIAN_POINT ('', (-166.795487818602, 50.9159817862747, -8.87977525511826));
#8135 = CARTESIAN_POINT ('', (-166.489180531555, 50.7711946082649, -8.86710801841851));
#8136 = CARTESIAN_POINT ('', (-166.339312464299, 50.6917034293291, -8.86015344141133));
#8137 = CARTESIAN_POINT ('', (-166.048053835466, 50.5195547605653, -8.84509238445343));
#8138 = CARTESIAN_POINT ('', (-165.906343739746, 50.4267299735432, -8.8369712678948));
#8139 = CARTESIAN_POINT ('', (-165.632556595241, 50.2287772720924, -8.81965265060355));
#8140 = CARTESIAN_POINT ('', (-165.500180276966, 50.123450597292, -8.81043776059165));
#8141 = CARTESIAN_POINT ('', (-165.246135891317, 49.9014507492617, -8.79101529058454));
#8142 = CARTESIAN_POINT ('', (-165.124186193472, 49.784556063538, -8.78078833075731));
#8143 = CARTESIAN_POINT ('', (-164.891972345292, 49.5404698688022, -8.75943355579477));
#8144 = CARTESIAN_POINT ('', (-164.781449329726, 49.4130328052619, -8.74828425742198));
#8145 = CARTESIAN_POINT ('', (-164.572957986118, 49.1489976522611, -8.72518417476211));
#8146 = CARTESIAN_POINT ('', (-164.474758772251, 49.0121293037764, -8.7132097458742));
#8147 = CARTESIAN_POINT ('', (-164.291681766396, 48.7304334357232, -8.68856455085748));
#8148 = CARTESIAN_POINT ('', (-164.20659590088, 48.5853188815016, -8.67586867245049));
#8149 = CARTESIAN_POINT ('', (-164.05039363569, 48.2883959673059, -8.64989128351732));
#8150 = CARTESIAN_POINT ('', (-163.979097331131, 48.1362838127583, -8.63658319440992));
#8151 = CARTESIAN_POINT ('', (-163.850996959343, 47.8266838525563, -8.60949670766421));
#8152 = CARTESIAN_POINT ('', (-163.794045342266, 47.6688766949335, -8.59569037034898));
#8153 = CARTESIAN_POINT ('', (-163.695039599694, 47.3492398293051, -8.56772576816158));
#8154 = CARTESIAN_POINT ('', (-163.652864189141, 47.187080952782, -8.55353870477573));
#8155 = CARTESIAN_POINT ('', (-163.583683552989, 46.8601244181044, -8.52493371452576));
#8156 = CARTESIAN_POINT ('', (-163.556588748033, 46.6949888734048, -8.51048622641938));
#8157 = CARTESIAN_POINT ('', (-163.517718823542, 46.3634737853947, -8.48148241443074));
#8158 = CARTESIAN_POINT ('', (-163.505879024079, 46.1967515176442, -8.46689610604525));
#8159 = CARTESIAN_POINT ('', (-163.500565574901, 45.9845026446882, -8.44832673581548));
#8160 = CARTESIAN_POINT ('', (-163.499996536909, 45.9389753008873, -8.44434360935246));
#8161 = CARTESIAN_POINT ('', (-163.500000000002, 45.8934515465689, -8.44036079692847));
#8162 = B_SPLINE_CURVE_WITH_KNOTS ('', 3, (#8090, #8091, #8092, #8093, #8094, #8095, #8096, #8097, #8098, #8099, #8100, #8101, #8102, #8103, #8104, #8105, #8106, #8107, #8108, #8109, #8110, #8111, #8112, #8113, #8114, #8115, #8116, #8117, #8118, #8119, #8120, #8121, #8122, #8123, #8124, #8125, #8126, #8127, #8128, #8129, #8130, #8131, #8132, #8133, #8134, #8135, #8136, #8137, #8138, #8139, #8140, #8141, #8142, #8143, #8144, #8145, #8146, #8147, #8148, #8149, #8150, #8151, #8152, #8153, #8154, #8155, #8156, #8157, #8158, #8159, #8160, #8161), .UNSPECIFIED., .F., .U., (4, 2, 2, 2, 2, 2, 2, 2, 2, 2, 2, 2, 2, 2, 2, 2, 2, 2, 2, 2, 2, 2, 2, 2, 2, 2, 2, 2, 2, 2, 2, 2, 2, 2, 2, 4), (17.2446412311726, 17.6685992920121, 18.1791477928621, 18.6891369148867, 19.1985320955938, 19.7073459944259, 20.2155909697102, 20.7232799182581, 21.2304232773108, 21.7370261922901, 22.243093588593, 22.7486274245978, 23.2536282829326, 23.758092627853, 24.2620151820092, 24.7653898531004, 25.2682035087746, 25.7703045741093, 26.2778202026329, 26.7884698281926, 27.2984918553608, 27.8079188031195, 28.3167626667608, 28.8250379992308, 29.3327559227269, 29.8399278765648, 30.3465593714871, 30.8526550429073, 31.3582170931443, 31.8632460779431, 32.3677391108575, 32.8716902585312, 33.3750955210512, 33.877942231491, 34.3802269112003, 34.5173198545868), .UNSPECIFIED.);
#8163 = EDGE_CURVE ('', #8036, #8034, #8162, .T.);
#8164 = ORIENTED_EDGE ('', *, *, #8163, .F.);
#8165 = EDGE_LOOP ('', (#8089, #8164));
#8166 = FACE_BOUND ('', #8165, .T.);
#8167 = CARTESIAN_POINT ('', (-163.500000000003, 126.585222092002, -15.4999759594792));
#8168 = VERTEX_POINT ('', #8167);
#8169 = CARTESIAN_POINT ('', (-174.499998466492, 126.585222091949, -15.4999759594746));
#8170 = VERTEX_POINT ('', #8169);
#8171 = CARTESIAN_POINT ('', (-163.500000000001, 126.585222092001, -15.4999759594791));
#8172 = CARTESIAN_POINT ('', (-163.499955392321, 125.998836062851, -15.4486738294786));
#8173 = CARTESIAN_POINT ('', (-163.596942816102, 125.405040987272, -15.3967234919079));
#8174 = CARTESIAN_POINT ('', (-163.967346141643, 124.300707823104, -15.3001068592877));
#8175 = CARTESIAN_POINT ('', (-164.24272347297, 123.775515101327, -15.254158449966));
#8176 = CARTESIAN_POINT ('', (-164.931553181638, 122.854347259671, -15.1735667066165));
#8177 = CARTESIAN_POINT ('', (-165.351439136669, 122.445772165442, -15.1378210176725));
#8178 = CARTESIAN_POINT ('', (-166.280627402349, 121.789442594397, -15.0803996206693));
#8179 = CARTESIAN_POINT ('', (-166.799670177826, 121.532135565037, -15.0578881725548));
#8180 = CARTESIAN_POINT ('', (-167.697026097568, 121.249025525812, -15.0331192535922));
#8181 = CARTESIAN_POINT ('', (-168.068189596645, 121.172440827699, -15.0264189607079));
#8182 = CARTESIAN_POINT ('', (-168.60783894127, 121.117554053044, -15.021616990148));
#8183 = CARTESIAN_POINT ('', (-168.775272869916, 121.108173527873, -15.0207963005376));
#8184 = CARTESIAN_POINT ('', (-169.112094913827, 121.104697992496, -15.0204922305924));
#8185 = CARTESIAN_POINT ('', (-169.281838607417, 121.110752172533, -15.0210219027127));
#8186 = CARTESIAN_POINT ('', (-169.620348218146, 121.138471958127, -15.0234470697075));
#8187 = CARTESIAN_POINT ('', (-169.789469290667, 121.160242694954, -15.0253517623765));
#8188 = CARTESIAN_POINT ('', (-170.124426736622, 121.219201544189, -15.030509993299));
#8189 = CARTESIAN_POINT ('', (-170.29062428974, 121.256447773079, -15.033768616086));
#8190 = CARTESIAN_POINT ('', (-170.618299804933, 121.345965378333, -15.0416003917317));
#8191 = CARTESIAN_POINT ('', (-170.780133928235, 121.398314850948, -15.046180377127));
#8192 = CARTESIAN_POINT ('', (-171.097726428299, 121.517506855464, -15.0566083263052));
#8193 = CARTESIAN_POINT ('', (-171.25383018943, 121.584461502271, -15.0624660988711));
#8194 = CARTESIAN_POINT ('', (-171.5586614442, 121.73221632962, -15.0753929712453));
#8195 = CARTESIAN_POINT ('', (-171.707723064159, 121.81315591218, -15.0824742671499));
#8196 = CARTESIAN_POINT ('', (-171.997243396293, 121.988114545848, -15.0977811641818));
#8197 = CARTESIAN_POINT ('', (-172.138018847038, 122.082305476093, -15.1060218027852));
#8198 = CARTESIAN_POINT ('', (-172.409819083483, 122.282892799951, -15.1235709196698));
#8199 = CARTESIAN_POINT ('', (-172.541140930778, 122.389491124383, -15.1328970646084));
#8200 = CARTESIAN_POINT ('', (-172.792967197921, 122.613927961404, -15.1525327435253));
#8201 = CARTESIAN_POINT ('', (-172.913751845968, 122.731989600235, -15.1628617985203));
#8202 = CARTESIAN_POINT ('', (-173.143539576992, 122.978292299443, -15.1844104924968));
#8203 = CARTESIAN_POINT ('', (-173.25279729792, 123.106782864167, -15.1956519602802));
#8204 = CARTESIAN_POINT ('', (-173.458672382344, 123.372800153268, -15.2189254573784));
#8205 = CARTESIAN_POINT ('', (-173.555517612581, 123.510599601765, -15.230981346962));
#8206 = CARTESIAN_POINT ('', (-173.735811627361, 123.794026811291, -15.2557780147303));
#8207 = CARTESIAN_POINT ('', (-173.819466542219, 123.939942880867, -15.2685440166444));
#8208 = CARTESIAN_POINT ('', (-173.972746691922, 124.238330761642, -15.2946495735457));
#8209 = CARTESIAN_POINT ('', (-174.042547234536, 124.391108770181, -15.3080159173289));
#8210 = CARTESIAN_POINT ('', (-174.167607173809, 124.70189892016, -15.3352065321876));
#8211 = CARTESIAN_POINT ('', (-174.223011311401, 124.86023160781, -15.3490588474225));
#8212 = CARTESIAN_POINT ('', (-174.318887238653, 125.180773383069, -15.3771026189441));
#8213 = CARTESIAN_POINT ('', (-174.359477750368, 125.343312510143, -15.3913229499424));
#8214 = CARTESIAN_POINT ('', (-174.425465250079, 125.670880819132, -15.4199814635094));
#8215 = CARTESIAN_POINT ('', (-174.450947938841, 125.836248517258, -15.4344492624087));
#8216 = CARTESIAN_POINT ('', (-174.486587972985, 126.168030061286, -15.4634763862782));
#8217 = CARTESIAN_POINT ('', (-174.496818239364, 126.334787022215, -15.4780657299235));
#8218 = CARTESIAN_POINT ('', (-174.499788411905, 126.529392630194, -15.4950915144802));
#8219 = CARTESIAN_POINT ('', (-174.500000371501, 126.557305722433, -15.4975335936151));
#8220 = CARTESIAN_POINT ('', (-174.499998466492, 126.585222091949, -15.4999759594746));
#8221 = B_SPLINE_CURVE_WITH_KNOTS ('', 3, (#8171, #8172, #8173, #8174, #8175, #8176, #8177, #8178, #8179, #8180, #8181, #8182, #8183, #8184, #8185, #8186, #8187, #8188, #8189, #8190, #8191, #8192, #8193, #8194, #8195, #8196, #8197, #8198, #8199, #8200, #8201, #8202, #8203, #8204, #8205, #8206, #8207, #8208, #8209, #8210, #8211, #8212, #8213, #8214, #8215, #8216, #8217, #8218, #8219, #8220), .UNSPECIFIED., .F., .U., (4, 2, 2, 2, 2, 2, 2, 2, 2, 2, 2, 2, 2, 2, 2, 2, 2, 2, 2, 2, 2, 2, 2, 2, 4), (0., 1.76587779062823, 3.50638934129653, 5.22503726978817, 6.92356785604549, 8.04888428461759, 8.55093176401611, 9.059404620692, 9.56988574753762, 10.0798423672769, 10.5892060281915, 11.0979898268584, 11.6062046428768, 12.1138646349905, 12.6209792635442, 13.1275535925583, 13.6335926668718, 14.1390982714477, 14.6440708241709, 15.1485063584428, 15.6524003920424, 16.1557456974797, 16.6585265859923, 17.1605969353262, 17.2446412311726), .UNSPECIFIED.);
#8222 = EDGE_CURVE ('', #8168, #8170, #8221, .T.);
#8223 = ORIENTED_EDGE ('', *, *, #8222, .F.);
#8224 = CARTESIAN_POINT ('', (-174.499998466492, 126.585222091949, -15.4999759594746));
#8225 = CARTESIAN_POINT ('', (-174.499988856748, 126.726045092091, -15.5122963755507));
#8226 = CARTESIAN_POINT ('', (-174.494537125625, 126.866951487721, -15.5246240877866));
#8227 = CARTESIAN_POINT ('', (-174.47054579396, 127.176346577462, -15.5516926506895));
#8228 = CARTESIAN_POINT ('', (-174.449525399936, 127.344951891196, -15.5664437042514));
#8229 = CARTESIAN_POINT ('', (-174.391985447707, 127.678953626223, -15.5956650696642));
#8230 = CARTESIAN_POINT ('', (-174.355413182341, 127.844710717167, -15.6101669360208));
#8231 = CARTESIAN_POINT ('', (-174.267159690768, 128.171595891148, -15.6387656830188));
#8232 = CARTESIAN_POINT ('', (-174.215402973468, 128.333079531603, -15.6528936709035));
#8233 = CARTESIAN_POINT ('', (-174.097309296728, 128.65006407909, -15.6806262253215));
#8234 = CARTESIAN_POINT ('', (-174.030861967056, 128.805909814239, -15.6942609604059));
#8235 = CARTESIAN_POINT ('', (-173.884031764921, 129.110320569869, -15.7208934505789));
#8236 = CARTESIAN_POINT ('', (-173.803509905252, 129.259218875192, -15.7339203643128));
#8237 = CARTESIAN_POINT ('', (-173.62929271822, 129.548507648939, -15.7592298525009));
#8238 = CARTESIAN_POINT ('', (-173.535427247806, 129.689215084479, -15.7715401579845));
#8239 = CARTESIAN_POINT ('', (-173.335395270459, 129.960975157006, -15.7953160835295));
#8240 = CARTESIAN_POINT ('', (-173.229027461692, 130.092324706498, -15.8068076800693));
#8241 = CARTESIAN_POINT ('', (-173.004954858548, 130.34430152223, -15.8288527949172));
#8242 = CARTESIAN_POINT ('', (-172.88702726013, 130.46520898253, -15.8394308270291));
#8243 = CARTESIAN_POINT ('', (-172.640894461179, 130.695334741505, -15.8595642221247));
#8244 = CARTESIAN_POINT ('', (-172.512440849834, 130.804808866938, -15.8691419670495));
#8245 = CARTESIAN_POINT ('', (-172.246400334885, 131.011207718598, -15.8871995267345));
#8246 = CARTESIAN_POINT ('', (-172.108540730209, 131.108360753465, -15.8956993159125));
#8247 = CARTESIAN_POINT ('', (-171.824897256775, 131.289358296964, -15.9115345490947));
#8248 = CARTESIAN_POINT ('', (-171.67882483674, 131.373409477946, -15.9188880745865));
#8249 = CARTESIAN_POINT ('', (-171.380029669399, 131.52756523063, -15.9323749553637));
#8250 = CARTESIAN_POINT ('', (-171.227000781945, 131.597846745914, -15.9385237912064));
#8251 = CARTESIAN_POINT ('', (-170.91561790753, 131.723948577446, -15.9495562719154));
#8252 = CARTESIAN_POINT ('', (-170.756942596412, 131.779914143004, -15.9544526244495));
#8253 = CARTESIAN_POINT ('', (-170.4356274253, 131.876986628694, -15.9629453664876));
#8254 = CARTESIAN_POINT ('', (-170.272656875929, 131.918213745789, -15.9665522718633));
#8255 = CARTESIAN_POINT ('', (-169.944141128231, 131.985543194445, -15.9724428353422));
#8256 = CARTESIAN_POINT ('', (-169.778256288356, 132.011731106993, -15.9747339808115));
#8257 = CARTESIAN_POINT ('', (-169.445363250727, 132.048847624517, -15.9779812553244));
#8258 = CARTESIAN_POINT ('', (-169.278010536276, 132.059846569218, -15.9789435382965));
#8259 = CARTESIAN_POINT ('', (-168.941539321216, 132.066570054753, -15.9795317670601));
#8260 = CARTESIAN_POINT ('', (-168.772065021622, 132.062177055057, -15.9791474293879));
#8261 = CARTESIAN_POINT ('', (-168.433560453046, 132.037792550003, -15.97701406163));
#8262 = CARTESIAN_POINT ('', (-168.264175748554, 132.01768166463, -15.9752545871464));
#8263 = CARTESIAN_POINT ('', (-167.928575592804, 131.96199423069, -15.9703825679757));
#8264 = CARTESIAN_POINT ('', (-167.761996891461, 131.926373544917, -15.9672661617837));
#8265 = CARTESIAN_POINT ('', (-167.433413301032, 131.840054790072, -15.959714249285));
#8266 = CARTESIAN_POINT ('', (-167.271050818246, 131.789284249513, -15.9552724025451));
#8267 = CARTESIAN_POINT ('', (-166.952261498069, 131.673186947688, -15.9451152047695));
#8268 = CARTESIAN_POINT ('', (-166.795487818602, 131.607752331707, -15.9393904176689));
#8269 = CARTESIAN_POINT ('', (-166.489180531555, 131.462965153697, -15.9267231809692));
#8270 = CARTESIAN_POINT ('', (-166.339312464298, 131.383473974761, -15.919768603962));
#8271 = CARTESIAN_POINT ('', (-166.048053835466, 131.211325305997, -15.9047075470041));
#8272 = CARTESIAN_POINT ('', (-165.906343739746, 131.118500518975, -15.8965864304455));
#8273 = CARTESIAN_POINT ('', (-165.632556595241, 130.920547817525, -15.8792678131542));
#8274 = CARTESIAN_POINT ('', (-165.500180276966, 130.815221142724, -15.8700529231423));
#8275 = CARTESIAN_POINT ('', (-165.246135891317, 130.593221294694, -15.8506304531352));
#8276 = CARTESIAN_POINT ('', (-165.124186193472, 130.47632660897, -15.8404034933079));
#8277 = CARTESIAN_POINT ('', (-164.891972345292, 130.232240414234, -15.8190487183454));
#8278 = CARTESIAN_POINT ('', (-164.781449329726, 130.104803350694, -15.8078994199726));
#8279 = CARTESIAN_POINT ('', (-164.572957986117, 129.840768197693, -15.7847993373128));
#8280 = CARTESIAN_POINT ('', (-164.47475877225, 129.703899849208, -15.7728249084248));
#8281 = CARTESIAN_POINT ('', (-164.291681766396, 129.422203981155, -15.7481797134081));
#8282 = CARTESIAN_POINT ('', (-164.206595900879, 129.277089426934, -15.7354838350011));
#8283 = CARTESIAN_POINT ('', (-164.050393635689, 128.980166512738, -15.709506446068));
#8284 = CARTESIAN_POINT ('', (-163.979097331131, 128.82805435819, -15.6961983569606));
#8285 = CARTESIAN_POINT ('', (-163.850996959343, 128.518454397988, -15.6691118702148));
#8286 = CARTESIAN_POINT ('', (-163.794045342266, 128.360647240366, -15.6553055328996));
#8287 = CARTESIAN_POINT ('', (-163.695039599694, 128.041010374737, -15.6273409307122));
#8288 = CARTESIAN_POINT ('', (-163.652864189141, 127.878851498214, -15.6131538673264));
#8289 = CARTESIAN_POINT ('', (-163.583683552989, 127.551894963537, -15.5845488770764));
#8290 = CARTESIAN_POINT ('', (-163.556588748032, 127.386759418837, -15.57010138897));
#8291 = CARTESIAN_POINT ('', (-163.517718823541, 127.055244330827, -15.5410975769814));
#8292 = CARTESIAN_POINT ('', (-163.505879024079, 126.888522063076, -15.5265112685959));
#8293 = CARTESIAN_POINT ('', (-163.5005655749, 126.67627319012, -15.5079418983661));
#8294 = CARTESIAN_POINT ('', (-163.499996536909, 126.630745846319, -15.5039587719031));
#8295 = CARTESIAN_POINT ('', (-163.500000000001, 126.585222092001, -15.4999759594791));
#8296 = B_SPLINE_CURVE_WITH_KNOTS ('', 3, (#8224, #8225, #8226, #8227, #8228, #8229, #8230, #8231, #8232, #8233, #8234, #8235, #8236, #8237, #8238, #8239, #8240, #8241, #8242, #8243, #8244, #8245, #8246, #8247, #8248, #8249, #8250, #8251, #8252, #8253, #8254, #8255, #8256, #8257, #8258, #8259, #8260, #8261, #8262, #8263, #8264, #8265, #8266, #8267, #8268, #8269, #8270, #8271, #8272, #8273, #8274, #8275, #8276, #8277, #8278, #8279, #8280, #8281, #8282, #8283, #8284, #8285, #8286, #8287, #8288, #8289, #8290, #8291, #8292, #8293, #8294, #8295), .UNSPECIFIED., .F., .U., (4, 2, 2, 2, 2, 2, 2, 2, 2, 2, 2, 2, 2, 2, 2, 2, 2, 2, 2, 2, 2, 2, 2, 2, 2, 2, 2, 2, 2, 2, 2, 2, 2, 2, 2, 4), (17.2446412311726, 17.6685992920121, 18.1791477928621, 18.6891369148867, 19.1985320955938, 19.7073459944259, 20.2155909697102, 20.7232799182581, 21.2304232773108, 21.7370261922901, 22.243093588593, 22.7486274245978, 23.2536282829326, 23.758092627853, 24.2620151820092, 24.7653898531004, 25.2682035087746, 25.7703045741093, 26.2778202026329, 26.7884698281926, 27.2984918553608, 27.8079188031195, 28.3167626667608, 28.8250379992308, 29.3327559227269, 29.8399278765648, 30.3465593714871, 30.8526550429073, 31.3582170931443, 31.8632460779431, 32.3677391108575, 32.8716902585312, 33.3750955210512, 33.877942231491, 34.3802269112003, 34.5173198545868), .UNSPECIFIED.);
#8297 = EDGE_CURVE ('', #8170, #8168, #8296, .T.);
#8298 = ORIENTED_EDGE ('', *, *, #8297, .F.);
#8299 = EDGE_LOOP ('', (#8223, #8298));
#8300 = FACE_BOUND ('', #8299, .T.);
#8301 = CARTESIAN_POINT ('', (-23.6076951545894, 24.2740469533679, -6.54890798284574));
#8302 = VERTEX_POINT ('', #8301);
#8303 = CARTESIAN_POINT ('', (-34.6076936210798, 24.2740469533157, -6.54890798284113));
#8304 = VERTEX_POINT ('', #8303);
#8305 = CARTESIAN_POINT ('', (-23.6076951545892, 24.2740469533677, -6.54890798284567));
#8306 = CARTESIAN_POINT ('', (-23.6076505469087, 23.6876609242175, -6.49760585284513));
#8307 = CARTESIAN_POINT ('', (-23.7046379706897, 23.0938658486382, -6.44565551527449));
#8308 = CARTESIAN_POINT ('', (-24.0750412962313, 21.9895326844709, -6.34903888265427));
#8309 = CARTESIAN_POINT ('', (-24.350418627558, 21.4643399626939, -6.30309047333252));
#8310 = CARTESIAN_POINT ('', (-25.0392483362255, 20.5431721210379, -6.22249872998308));
#8311 = CARTESIAN_POINT ('', (-25.4591342912569, 20.1345970268085, -6.18675304103903));
#8312 = CARTESIAN_POINT ('', (-26.3883225569374, 19.4782674557636, -6.12933164403585));
#8313 = CARTESIAN_POINT ('', (-26.9073653324145, 19.2209604264038, -6.10682019592137));
#8314 = CARTESIAN_POINT ('', (-27.8047212521557, 18.9378503871786, -6.08205127695881));
#8315 = CARTESIAN_POINT ('', (-28.1758847512333, 18.861265689066, -6.07535098407441));
#8316 = CARTESIAN_POINT ('', (-28.7155340958581, 18.8063789144108, -6.07054901351458));
#8317 = CARTESIAN_POINT ('', (-28.8829680245039, 18.7969983892398, -6.06972832390421));
#8318 = CARTESIAN_POINT ('', (-29.2197900684146, 18.7935228538622, -6.06942425395898));
#8319 = CARTESIAN_POINT ('', (-29.3895337620054, 18.7995770338999, -6.06995392607923));
#8320 = CARTESIAN_POINT ('', (-29.7280433727339, 18.8272968194934, -6.07237909307403));
#8321 = CARTESIAN_POINT ('', (-29.8971644452545, 18.8490675563207, -6.07428378574302));
#8322 = CARTESIAN_POINT ('', (-30.2321218912103, 18.9080264055556, -6.0794420166656));
#8323 = CARTESIAN_POINT ('', (-30.3983194443278, 18.9452726344459, -6.08270063945259));
#8324 = CARTESIAN_POINT ('', (-30.7259949595205, 19.0347902396992, -6.09053241509823));
#8325 = CARTESIAN_POINT ('', (-30.8878290828234, 19.0871397123141, -6.09511240049359));
#8326 = CARTESIAN_POINT ('', (-31.2054215828869, 19.2063317168308, -6.10554034967172));
#8327 = CARTESIAN_POINT ('', (-31.3615253440181, 19.2732863636376, -6.11139812223768));
#8328 = CARTESIAN_POINT ('', (-31.6663565987884, 19.4210411909864, -6.12432499461191));
#8329 = CARTESIAN_POINT ('', (-31.8154182187467, 19.5019807735469, -6.13140629051647));
#8330 = CARTESIAN_POINT ('', (-32.1049385508814, 19.6769394072142, -6.14671318754832));
#8331 = CARTESIAN_POINT ('', (-32.2457140016259, 19.7711303374594, -6.15495382615173));
#8332 = CARTESIAN_POINT ('', (-32.5175142380711, 19.971717661318, -6.17250294303633));
#8333 = CARTESIAN_POINT ('', (-32.6488360853663, 20.07831598575, -6.18182908797498));
#8334 = CARTESIAN_POINT ('', (-32.9006623525091, 20.3027528227711, -6.20146476689191));
#8335 = CARTESIAN_POINT ('', (-33.0214470005564, 20.4208144616019, -6.21179382188689));
#8336 = CARTESIAN_POINT ('', (-33.2512347315795, 20.6671171608092, -6.23334251586333));
#8337 = CARTESIAN_POINT ('', (-33.3604924525082, 20.7956077255334, -6.24458398364672));
#8338 = CARTESIAN_POINT ('', (-33.5663675369316, 21.0616250146347, -6.26785748074496));
#8339 = CARTESIAN_POINT ('', (-33.663212767169, 21.1994244631313, -6.27991337032851));
#8340 = CARTESIAN_POINT ('', (-33.8435067819485, 21.4828516726576, -6.30471003809682));
#8341 = CARTESIAN_POINT ('', (-33.9271616968066, 21.6287677422332, -6.31747604001093));
#8342 = CARTESIAN_POINT ('', (-34.0804418465101, 21.9271556230087, -6.34358159691227));
#8343 = CARTESIAN_POINT ('', (-34.1502423891236, 22.0799336315474, -6.35694794069546));
#8344 = CARTESIAN_POINT ('', (-34.2753023283968, 22.3907237815267, -6.38413855555413));
#8345 = CARTESIAN_POINT ('', (-34.3307064659894, 22.5490564691762, -6.39799087078903));
#8346 = CARTESIAN_POINT ('', (-34.4265823932409, 22.8695982444353, -6.42603464231064));
#8347 = CARTESIAN_POINT ('', (-34.4671729049561, 23.0321373715091, -6.44025497330898));
#8348 = CARTESIAN_POINT ('', (-34.5331604046667, 23.359705680499, -6.46891348687592));
#8349 = CARTESIAN_POINT ('', (-34.5586430934292, 23.5250733786248, -6.48338128577528));
#8350 = CARTESIAN_POINT ('', (-34.5942831275733, 23.8568549226525, -6.51240840964479));
#8351 = CARTESIAN_POINT ('', (-34.6045133939522, 24.0236118835813, -6.52699775329007));
#8352 = CARTESIAN_POINT ('', (-34.607483566493, 24.2182174915604, -6.54402353784679));
#8353 = CARTESIAN_POINT ('', (-34.6076955260893, 24.2461305837992, -6.54646561698164));
#8354 = CARTESIAN_POINT ('', (-34.6076936210798, 24.2740469533157, -6.54890798284113));
#8355 = B_SPLINE_CURVE_WITH_KNOTS ('', 3, (#8305, #8306, #8307, #8308, #8309, #8310, #8311, #8312, #8313, #8314, #8315, #8316, #8317, #8318, #8319, #8320, #8321, #8322, #8323, #8324, #8325, #8326, #8327, #8328, #8329, #8330, #8331, #8332, #8333, #8334, #8335, #8336, #8337, #8338, #8339, #8340, #8341, #8342, #8343, #8344, #8345, #8346, #8347, #8348, #8349, #8350, #8351, #8352, #8353, #8354), .UNSPECIFIED., .F., .U., (4, 2, 2, 2, 2, 2, 2, 2, 2, 2, 2, 2, 2, 2, 2, 2, 2, 2, 2, 2, 2, 2, 2, 2, 4), (0., 1.76587779062823, 3.50638934129653, 5.22503726978817, 6.92356785604549, 8.04888428461759, 8.55093176401611, 9.059404620692, 9.56988574753762, 10.0798423672769, 10.5892060281915, 11.0979898268584, 11.6062046428768, 12.1138646349905, 12.6209792635442, 13.1275535925583, 13.6335926668718, 14.1390982714477, 14.6440708241709, 15.1485063584428, 15.6524003920424, 16.1557456974797, 16.6585265859923, 17.1605969353262, 17.2446412311726), .UNSPECIFIED.);
#8356 = EDGE_CURVE ('', #8302, #8304, #8355, .T.);
#8357 = ORIENTED_EDGE ('', *, *, #8356, .F.);
#8358 = CARTESIAN_POINT ('', (-34.6076936210798, 24.2740469533157, -6.54890798284113));
#8359 = CARTESIAN_POINT ('', (-34.6076840113363, 24.4148699534576, -6.56122839891723));
#8360 = CARTESIAN_POINT ('', (-34.6022322802134, 24.5557763490874, -6.57355611115312));
#8361 = CARTESIAN_POINT ('', (-34.5782409485479, 24.865171438829, -6.60062467405607));
#8362 = CARTESIAN_POINT ('', (-34.5572205545241, 25.0337767525624, -6.61537572761795));
#8363 = CARTESIAN_POINT ('', (-34.4996806022944, 25.3677784875895, -6.64459709303077));
#8364 = CARTESIAN_POINT ('', (-34.4631083369286, 25.5335355785337, -6.6590989593874));
#8365 = CARTESIAN_POINT ('', (-34.3748548453558, 25.8604207525141, -6.68769770638535));
#8366 = CARTESIAN_POINT ('', (-34.3230981280562, 26.0219043929695, -6.70182569427007));
#8367 = CARTESIAN_POINT ('', (-34.2050044513164, 26.3388889404568, -6.72955824868806));
#8368 = CARTESIAN_POINT ('', (-34.1385571216443, 26.4947346756056, -6.74319298377243));
#8369 = CARTESIAN_POINT ('', (-33.9917269195091, 26.7991454312361, -6.76982547394542));
#8370 = CARTESIAN_POINT ('', (-33.9112050598404, 26.9480437365586, -6.78285238767934));
#8371 = CARTESIAN_POINT ('', (-33.7369878728079, 27.2373325103056, -6.80816187586749));
#8372 = CARTESIAN_POINT ('', (-33.6431224023941, 27.3780399458457, -6.82047218135104));
#8373 = CARTESIAN_POINT ('', (-33.443090425047, 27.6498000183726, -6.84424810689609));
#8374 = CARTESIAN_POINT ('', (-33.3367226162799, 27.7811495678649, -6.85573970343589));
#8375 = CARTESIAN_POINT ('', (-33.1126500131358, 28.0331263835969, -6.87778481828376));
#8376 = CARTESIAN_POINT ('', (-32.9947224147177, 28.1540338438968, -6.88836285039571));
#8377 = CARTESIAN_POINT ('', (-32.7485896157668, 28.384159602872, -6.9084962454913));
#8378 = CARTESIAN_POINT ('', (-32.6201360044222, 28.4936337283043, -6.91807399041604));
#8379 = CARTESIAN_POINT ('', (-32.3540954894725, 28.7000325799642, -6.93613155010102));
#8380 = CARTESIAN_POINT ('', (-32.2162358847972, 28.7971856148313, -6.94463133927902));
#8381 = CARTESIAN_POINT ('', (-31.9325924113626, 28.9781831583309, -6.96046657246126));
#8382 = CARTESIAN_POINT ('', (-31.7865199913276, 29.0622343393123, -6.96782009795309));
#8383 = CARTESIAN_POINT ('', (-31.487724823987, 29.2163900919964, -6.98130697873022));
#8384 = CARTESIAN_POINT ('', (-31.3346959365328, 29.2866716072801, -6.98745581457297));
#8385 = CARTESIAN_POINT ('', (-31.0233130621178, 29.4127734388129, -6.99848829528193));
#8386 = CARTESIAN_POINT ('', (-30.8646377509999, 29.4687390043706, -7.00338464781604));
#8387 = CARTESIAN_POINT ('', (-30.5433225798876, 29.5658114900609, -7.01187738985421));
#8388 = CARTESIAN_POINT ('', (-30.3803520305166, 29.6070386071559, -7.01548429522987));
#8389 = CARTESIAN_POINT ('', (-30.0518362828187, 29.6743680558119, -7.02137485870872));
#8390 = CARTESIAN_POINT ('', (-29.8859514429438, 29.7005559683592, -7.02366600417801));
#8391 = CARTESIAN_POINT ('', (-29.5530584053149, 29.7376724858834, -7.02691327869094));
#8392 = CARTESIAN_POINT ('', (-29.3857056908643, 29.7486714305846, -7.02787556166303));
#8393 = CARTESIAN_POINT ('', (-29.0492344758036, 29.7553949161193, -7.0284637904267));
#8394 = CARTESIAN_POINT ('', (-28.8797601762095, 29.7510019164233, -7.02807945275443));
#8395 = CARTESIAN_POINT ('', (-28.5412556076337, 29.72661741137, -7.02594608499657));
#8396 = CARTESIAN_POINT ('', (-28.3718709031416, 29.7065065259971, -7.02418661051298));
#8397 = CARTESIAN_POINT ('', (-28.0362707473916, 29.6508190920561, -7.01931459134231));
#8398 = CARTESIAN_POINT ('', (-27.8696920460493, 29.6151984062839, -7.01619818515021));
#8399 = CARTESIAN_POINT ('', (-27.5411084556199, 29.5288796514387, -7.0086462726516));
#8400 = CARTESIAN_POINT ('', (-27.3787459728344, 29.4781091108799, -7.00420442591163));
#8401 = CARTESIAN_POINT ('', (-27.0599566526574, 29.3620118090551, -6.99404722813603));
#8402 = CARTESIAN_POINT ('', (-26.9031829731896, 29.2965771930734, -6.98832244103546));
#8403 = CARTESIAN_POINT ('', (-26.5968756861425, 29.1517900150636, -6.97565520433572));
#8404 = CARTESIAN_POINT ('', (-26.4470076188861, 29.0722988361279, -6.96870062732854));
#8405 = CARTESIAN_POINT ('', (-26.1557489900537, 28.9001501673641, -6.95363957037064));
#8406 = CARTESIAN_POINT ('', (-26.0140388943336, 28.8073253803419, -6.94551845381201));
#8407 = CARTESIAN_POINT ('', (-25.7402517498285, 28.6093726788911, -6.92819983652076));
#8408 = CARTESIAN_POINT ('', (-25.6078754315535, 28.5040460040908, -6.91898494650886));
#8409 = CARTESIAN_POINT ('', (-25.3538310459045, 28.2820461560604, -6.89956247650175));
#8410 = CARTESIAN_POINT ('', (-25.2318813480599, 28.1651514703367, -6.88933551667451));
#8411 = CARTESIAN_POINT ('', (-24.9996674998799, 27.9210652756009, -6.86798074171198));
#8412 = CARTESIAN_POINT ('', (-24.8891444843138, 27.7936282120606, -6.85683144333918));
#8413 = CARTESIAN_POINT ('', (-24.6806531407052, 27.5295930590599, -6.83373136067932));
#8414 = CARTESIAN_POINT ('', (-24.5824539268381, 27.3927247105751, -6.8217569317914));
#8415 = CARTESIAN_POINT ('', (-24.3993769209836, 27.1110288425219, -6.79711173677469));
#8416 = CARTESIAN_POINT ('', (-24.3142910554674, 26.9659142883003, -6.7844158583677));
#8417 = CARTESIAN_POINT ('', (-24.1580887902772, 26.6689913741046, -6.75843846943453));
#8418 = CARTESIAN_POINT ('', (-24.0867924857189, 26.516879219557, -6.74513038032713));
#8419 = CARTESIAN_POINT ('', (-23.9586921139308, 26.207279259355, -6.71804389358141));
#8420 = CARTESIAN_POINT ('', (-23.9017404968537, 26.0494721017322, -6.70423755626619));
#8421 = CARTESIAN_POINT ('', (-23.8027347542815, 25.7298352361038, -6.67627295407879));
#8422 = CARTESIAN_POINT ('', (-23.7605593437287, 25.5676763595807, -6.66208589069293));
#8423 = CARTESIAN_POINT ('', (-23.6913787075768, 25.2407198249031, -6.63348090044297));
#8424 = CARTESIAN_POINT ('', (-23.6642839026201, 25.0755842802035, -6.61903341233659));
#8425 = CARTESIAN_POINT ('', (-23.6254139781291, 24.7440691921934, -6.59002960034795));
#8426 = CARTESIAN_POINT ('', (-23.613574178667, 24.5773469244429, -6.57544329196246));
#8427 = CARTESIAN_POINT ('', (-23.6082607294881, 24.365098051487, -6.55687392173269));
#8428 = CARTESIAN_POINT ('', (-23.6076916914967, 24.3195707076861, -6.55289079526967));
#8429 = CARTESIAN_POINT ('', (-23.6076951545892, 24.2740469533677, -6.54890798284567));
#8430 = B_SPLINE_CURVE_WITH_KNOTS ('', 3, (#8358, #8359, #8360, #8361, #8362, #8363, #8364, #8365, #8366, #8367, #8368, #8369, #8370, #8371, #8372, #8373, #8374, #8375, #8376, #8377, #8378, #8379, #8380, #8381, #8382, #8383, #8384, #8385, #8386, #8387, #8388, #8389, #8390, #8391, #8392, #8393, #8394, #8395, #8396, #8397, #8398, #8399, #8400, #8401, #8402, #8403, #8404, #8405, #8406, #8407, #8408, #8409, #8410, #8411, #8412, #8413, #8414, #8415, #8416, #8417, #8418, #8419, #8420, #8421, #8422, #8423, #8424, #8425, #8426, #8427, #8428, #8429), .UNSPECIFIED., .F., .U., (4, 2, 2, 2, 2, 2, 2, 2, 2, 2, 2, 2, 2, 2, 2, 2, 2, 2, 2, 2, 2, 2, 2, 2, 2, 2, 2, 2, 2, 2, 2, 2, 2, 2, 2, 4), (17.2446412311726, 17.6685992920121, 18.1791477928621, 18.6891369148867, 19.1985320955938, 19.7073459944259, 20.2155909697102, 20.7232799182581, 21.2304232773108, 21.7370261922901, 22.243093588593, 22.7486274245978, 23.2536282829326, 23.758092627853, 24.2620151820092, 24.7653898531004, 25.2682035087746, 25.7703045741093, 26.2778202026329, 26.7884698281926, 27.2984918553608, 27.8079188031195, 28.3167626667608, 28.8250379992308, 29.3327559227269, 29.8399278765648, 30.3465593714871, 30.8526550429073, 31.3582170931443, 31.8632460779431, 32.3677391108575, 32.8716902585312, 33.3750955210512, 33.877942231491, 34.3802269112003, 34.5173198545868), .UNSPECIFIED.);
#8431 = EDGE_CURVE ('', #8304, #8302, #8430, .T.);
#8432 = ORIENTED_EDGE ('', *, *, #8431, .F.);
#8433 = EDGE_LOOP ('', (#8357, #8432));
#8434 = FACE_BOUND ('', #8433, .T.);
#8435 = ORIENTED_EDGE ('', *, *, #5477, .T.);
#8436 = ORIENTED_EDGE ('', *, *, #5439, .T.);
#8437 = ORIENTED_EDGE ('', *, *, #5247, .T.);
#8438 = ORIENTED_EDGE ('', *, *, #5204, .F.);
#8439 = ORIENTED_EDGE ('', *, *, #5159, .F.);
#8440 = ORIENTED_EDGE ('', *, *, #5114, .F.);
#8441 = ORIENTED_EDGE ('', *, *, #5026, .F.);
#8442 = ORIENTED_EDGE ('', *, *, #4964, .T.);
#8443 = ORIENTED_EDGE ('', *, *, #4903, .T.);
#8444 = ORIENTED_EDGE ('', *, *, #4818, .T.);
#8445 = ORIENTED_EDGE ('', *, *, #4684, .T.);
#8446 = ORIENTED_EDGE ('', *, *, #4655, .T.);
#8447 = ORIENTED_EDGE ('', *, *, #4620, .T.);
#8448 = ORIENTED_EDGE ('', *, *, #4541, .T.);
#8449 = ORIENTED_EDGE ('', *, *, #4503, .T.);
#8450 = ORIENTED_EDGE ('', *, *, #4474, .T.);
#8451 = ORIENTED_EDGE ('', *, *, #4436, .T.);
#8452 = ORIENTED_EDGE ('', *, *, #4407, .T.);
#8453 = ORIENTED_EDGE ('', *, *, #4369, .T.);
#8454 = ORIENTED_EDGE ('', *, *, #4352, .T.);
#8455 = ORIENTED_EDGE ('', *, *, #5596, .F.);
#8456 = ORIENTED_EDGE ('', *, *, #5627, .F.);
#8457 = ORIENTED_EDGE ('', *, *, #5651, .F.);
#8458 = ORIENTED_EDGE ('', *, *, #5688, .F.);
#8459 = ORIENTED_EDGE ('', *, *, #3790, .T.);
#8460 = ORIENTED_EDGE ('', *, *, #3745, .T.);
#8461 = ORIENTED_EDGE ('', *, *, #3709, .T.);
#8462 = ORIENTED_EDGE ('', *, *, #3632, .T.);
#8463 = ORIENTED_EDGE ('', *, *, #3594, .T.);
#8464 = ORIENTED_EDGE ('', *, *, #3552, .T.);
#8465 = ORIENTED_EDGE ('', *, *, #5847, .F.);
#8466 = ORIENTED_EDGE ('', *, *, #5889, .F.);
#8467 = ORIENTED_EDGE ('', *, *, #5906, .F.);
#8468 = ORIENTED_EDGE ('', *, *, #5997, .F.);
#8469 = ORIENTED_EDGE ('', *, *, #2529, .T.);
#8470 = ORIENTED_EDGE ('', *, *, #6072, .T.);
#8471 = ORIENTED_EDGE ('', *, *, #6118, .T.);
#8472 = ORIENTED_EDGE ('', *, *, #6200, .T.);
#8473 = ORIENTED_EDGE ('', *, *, #6271, .T.);
#8474 = ORIENTED_EDGE ('', *, *, #7871, .T.);
#8475 = ORIENTED_EDGE ('', *, *, #111, .T.);
#8476 = ORIENTED_EDGE ('', *, *, #155, .T.);
#8477 = ORIENTED_EDGE ('', *, *, #193, .T.);
#8478 = ORIENTED_EDGE ('', *, *, #228, .T.);
#8479 = ORIENTED_EDGE ('', *, *, #302, .T.);
#8480 = ORIENTED_EDGE ('', *, *, #464, .T.);
#8481 = ORIENTED_EDGE ('', *, *, #524, .F.);
#8482 = ORIENTED_EDGE ('', *, *, #605, .F.);
#8483 = ORIENTED_EDGE ('', *, *, #626, .F.);
#8484 = ORIENTED_EDGE ('', *, *, #682, .F.);
#8485 = ORIENTED_EDGE ('', *, *, #745, .T.);
#8486 = ORIENTED_EDGE ('', *, *, #780, .F.);
#8487 = ORIENTED_EDGE ('', *, *, #812, .F.);
#8488 = ORIENTED_EDGE ('', *, *, #856, .F.);
#8489 = ORIENTED_EDGE ('', *, *, #885, .T.);
#8490 = ORIENTED_EDGE ('', *, *, #6761, .T.);
#8491 = EDGE_LOOP ('', (#8435, #8436, #8437, #8438, #8439, #8440, #8441, #8442, #8443, #8444, #8445, #8446, #8447, #8448, #8449, #8450, #8451, #8452, #8453, #8454, #8455, #8456, #8457, #8458, #8459, #8460, #8461, #8462, #8463, #8464, #8465, #8466, #8467, #8468, #8469, #8470, #8471, #8472, #8473, #8474, #8475, #8476, #8477, #8478, #8479, #8480, #8481, #8482, #8483, #8484, #8485, #8486, #8487, #8488, #8489, #8490));
#8492 = FACE_BOUND ('', #8491, .T.);
#8493 = CARTESIAN_POINT ('', (-3.89968830498219, 11.7725079692869, -5.45516504511529));
#8494 = CARTESIAN_POINT ('', (-3.89968830498219, 141.312405034419, -16.788437512614));
#8495 = CARTESIAN_POINT ('', (-179.499999999999, 11.7725079692869, -5.45516504511518));
#8496 = CARTESIAN_POINT ('', (-179.499999999999, 141.312405034419, -16.7884375126139));
#8497 = B_SPLINE_SURFACE_WITH_KNOTS ('', 1, 1, ((#8493, #8494), (#8495, #8496)), .UNSPECIFIED., .F., .F., .U., (2, 2), (2, 2), (-9.2493925367579, 0.605224223390857), (-4.23594560708702, 3.06154893176395), .UNSPECIFIED.);
#8498 = ADVANCED_FACE ('', (#7898, #8032, #8166, #8300, #8434, #8492), #8497, .T.);
#8499 = CARTESIAN_POINT ('', (-34.1076951545866, 24.317624824741, -6.05081063380232));
#8500 = VERTEX_POINT ('', #8499);
#8501 = CARTESIAN_POINT ('', (-34.1076951545866, 24.3176248247412, -6.05081063380234));
#8502 = CARTESIAN_POINT ('', (-34.6076951545847, 24.2740469533676, -6.54890798284635));
#8503 = B_SPLINE_CURVE_WITH_KNOTS ('', 1, (#8501, #8502), .UNSPECIFIED., .F., .U., (2, 2), (0., 0.249999999999066), .UNSPECIFIED.);
#8504 = EDGE_CURVE ('', #8500, #8304, #8503, .T.);
#8505 = ORIENTED_EDGE ('', *, *, #8504, .T.);
#8506 = ORIENTED_EDGE ('', *, *, #8431, .T.);
#8507 = CARTESIAN_POINT ('', (-24.1076951545869, 24.3176248247414, -6.0508106338024));
#8508 = VERTEX_POINT ('', #8507);
#8509 = CARTESIAN_POINT ('', (-24.1076951545867, 24.3176248247412, -6.05081063380234));
#8510 = CARTESIAN_POINT ('', (-23.6076951545892, 24.2740469533677, -6.54890798284567));
#8511 = B_SPLINE_CURVE_WITH_KNOTS ('', 1, (#8509, #8510), .UNSPECIFIED., .F., .U., (2, 2), (0., 0.249999999998725), .UNSPECIFIED.);
#8512 = EDGE_CURVE ('', #8508, #8302, #8511, .T.);
#8513 = ORIENTED_EDGE ('', *, *, #8512, .F.);
#8514 = CARTESIAN_POINT ('', (-24.1076951545866, 24.3176248247414, -6.05081063380236));
#8515 = CARTESIAN_POINT ('', (-24.1076951545869, 29.2985983152002, -6.48658934754005));
#8516 = CARTESIAN_POINT ('', (-29.1076951545868, 29.2985983151999, -6.48658934754003));
#8517 = CARTESIAN_POINT ('', (-34.1076951545868, 29.2985983151997, -6.48658934754001));
#8518 = CARTESIAN_POINT ('', (-34.1076951545866, 24.317624824741, -6.05081063380232));
#8519 = (
   BOUNDED_CURVE ()
   B_SPLINE_CURVE (2, (#8514, #8515, #8516, #8517, #8518), .UNSPECIFIED., .F., .U.)
   B_SPLINE_CURVE_WITH_KNOTS ((3, 2, 3), (1.35663314227752E-14, 1.57079632679491, 3.14159265358981), .UNSPECIFIED.)
   CURVE ()
   GEOMETRIC_REPRESENTATION_ITEM ()
   RATIONAL_B_SPLINE_CURVE ((1., 0.707106781186551, 1., 0.707106781186548, 1.))
   REPRESENTATION_ITEM ('')
);
#8520 = EDGE_CURVE ('', #8508, #8500, #8519, .T.);
#8521 = ORIENTED_EDGE ('', *, *, #8520, .T.);
#8522 = EDGE_LOOP ('', (#8505, #8506, #8513, #8521));
#8523 = FACE_OUTER_BOUND ('', #8522, .T.);
#8524 = CARTESIAN_POINT ('', (-24.1076951545867, 24.3176248247412, -6.05081063380234));
#8525 = CARTESIAN_POINT ('', (-23.6076951545885, 24.2740469533676, -6.54890798284635));
#8526 = CARTESIAN_POINT ('', (-24.1076802713435, 24.5132710843552, -6.06792746357979));
#8527 = CARTESIAN_POINT ('', (-23.6076787830211, 24.4892578389429, -6.56773649560154));
#8528 = CARTESIAN_POINT ('', (-24.1251044055076, 24.8140510962933, -6.09424230483953));
#8529 = CARTESIAN_POINT ('', (-23.6268453306016, 24.8201158520747, -6.59668282098725));
#8530 = CARTESIAN_POINT ('', (-24.1877309180787, 25.2235694716357, -6.1300705201875));
#8531 = CARTESIAN_POINT ('', (-23.6957344944297, 25.2705860649512, -6.63609385787));
#8532 = CARTESIAN_POINT ('', (-24.2553251690578, 25.5331592136224, -6.15715611295521));
#8533 = CARTESIAN_POINT ('', (-23.7700881705067, 25.6111347811364, -6.66588800991447));
#8534 = CARTESIAN_POINT ('', (-24.3442766585201, 25.8432487172018, -6.18428542919675));
#8535 = CARTESIAN_POINT ('', (-23.8679348089153, 25.9522332350736, -6.69573025778015));
#8536 = CARTESIAN_POINT ('', (-24.4550758867182, 26.1517323395554, -6.21127424903607));
#8537 = CARTESIAN_POINT ('', (-23.9898139599331, 26.2915652196625, -6.72541795960339));
#8538 = CARTESIAN_POINT ('', (-24.5879416902542, 26.4563908148589, -6.23792841187218));
#8539 = CARTESIAN_POINT ('', (-24.1359663438226, 26.6266895424962, -6.7547375387231));
#8540 = CARTESIAN_POINT ('', (-24.742794464628, 26.7549332306774, -6.26404748883791));
#8541 = CARTESIAN_POINT ('', (-24.3063043956338, 26.9550861998965, -6.7834685233854));
#8542 = CARTESIAN_POINT ('', (-24.9192388056722, 27.045046966471, -6.28942915185297));
#8543 = CARTESIAN_POINT ('', (-24.5003931707823, 27.2742113092694, -6.81138835270195));
#8544 = CARTESIAN_POINT ('', (-25.1165559036435, 27.3244515038768, -6.31387388141365));
#8545 = CARTESIAN_POINT ('', (-24.7174419785507, 27.5815563004157, -6.83827755521869));
#8546 = CARTESIAN_POINT ('', (-25.3337071813338, 27.5909543112117, -6.33718985585325));
#8547 = CARTESIAN_POINT ('', (-24.9563083840099, 27.874709388484, -6.86392512710225));
#8548 = CARTESIAN_POINT ('', (-25.5693495573661, 27.84250594874, -6.35919777242832));
#8549 = CARTESIAN_POINT ('', (-25.2155149976454, 28.1514161897649, -6.88813383533482));
#8550 = CARTESIAN_POINT ('', (-25.8218620811253, 28.0772516343585, -6.37973535873154));
#8551 = CARTESIAN_POINT ('', (-25.4932787737804, 28.4096364439452, -6.91072518026835));
#8552 = CARTESIAN_POINT ('', (-26.0893828864907, 28.2935765858422, -6.39866133962413));
#8553 = CARTESIAN_POINT ('', (-25.7875516596822, 28.6475938905771, -6.93154375925019));
#8554 = CARTESIAN_POINT ('', (-26.3698547015901, 28.4901428328556, -6.41585865786961));
#8555 = CARTESIAN_POINT ('', (-26.0960706562914, 28.8638167622918, -6.95046080932022));
#8556 = CARTESIAN_POINT ('', (-26.6610766331148, 28.6659157492613, -6.43123679540998));
#8557 = CARTESIAN_POINT ('', (-26.4164147809686, 29.0571669703381, -6.96737676061462));
#8558 = CARTESIAN_POINT ('', (-26.9607594011445, 28.8201792645087, -6.44473310418977));
#8559 = CARTESIAN_POINT ('', (-26.746065825801, 29.2268568371102, -6.98222270027238));
#8560 = CARTESIAN_POINT ('', (-27.266581739207, 28.9525394644743, -6.45631312118877));
#8561 = CARTESIAN_POINT ('', (-27.0824703976697, 29.3724530570723, -6.99496071897127));
#8562 = CARTESIAN_POINT ('', (-27.5762432826914, 29.0629171020251, -6.46596991318123));
#8563 = CARTESIAN_POINT ('', (-27.4230980955025, 29.4938684583781, -7.00558319016297));
#8564 = CARTESIAN_POINT ('', (-27.8875189056864, 29.1515299778205, -6.47372253525575));
#8565 = CARTESIAN_POINT ('', (-27.7655012807968, 29.5913426217531, -7.01411107444494));
#8566 = CARTESIAN_POINT ('', (-28.1982851548317, 29.2188674839774, -6.47961380367457));
#8567 = CARTESIAN_POINT ('', (-28.1073441548566, 29.6654138785255, -7.02059146970564));
#8568 = CARTESIAN_POINT ('', (-28.4552307175904, 29.2578586418042, -6.48302508796216));
#8569 = CARTESIAN_POINT ('', (-28.389984273891, 29.708304152135, -7.02434388242199));
#8570 = CARTESIAN_POINT ('', (-28.6586058352451, 29.2792446267358, -6.48489611920201));
#8571 = CARTESIAN_POINT ('', (-28.6136969033111, 29.7318287355598, -7.02640201678583));
#8572 = CARTESIAN_POINT ('', (-28.8605179917238, 29.2942721756546, -6.48621085937298));
#8573 = CARTESIAN_POINT ('', (-28.8358002754376, 29.7483590393704, -7.02784823097389));
#8574 = CARTESIAN_POINT ('', (-29.1076951545867, 29.3014824082302, -6.48684167298473));
#8575 = CARTESIAN_POINT ('', (-29.1076951545866, 29.7562902952036, -7.02854212594682));
#8576 = CARTESIAN_POINT ('', (-29.3548723174494, 29.2942721756546, -6.48621085937299));
#8577 = CARTESIAN_POINT ('', (-29.3795900337356, 29.7483590393705, -7.0278482309739));
#8578 = CARTESIAN_POINT ('', (-29.5567844739282, 29.2792446267359, -6.48489611920202));
#8579 = CARTESIAN_POINT ('', (-29.6016934058621, 29.7318287355599, -7.02640201678583));
#8580 = CARTESIAN_POINT ('', (-29.7601595915828, 29.257858641804, -6.48302508796214));
#8581 = CARTESIAN_POINT ('', (-29.8254060352822, 29.7083041521349, -7.02434388242198));
#8582 = CARTESIAN_POINT ('', (-30.0171051543415, 29.2188674839774, -6.47961380367457));
#8583 = CARTESIAN_POINT ('', (-30.1080461543167, 29.6654138785256, -7.02059146970565));
#8584 = CARTESIAN_POINT ('', (-30.3278714034869, 29.1515299778207, -6.47372253525576));
#8585 = CARTESIAN_POINT ('', (-30.4498890283764, 29.5913426217532, -7.01411107444495));
#8586 = CARTESIAN_POINT ('', (-30.6391470264818, 29.062917102025, -6.46596991318121));
#8587 = CARTESIAN_POINT ('', (-30.7922922136707, 29.493868458378, -7.00558319016296));
#8588 = CARTESIAN_POINT ('', (-30.9488085699663, 28.9525394644744, -6.45631312118878));
#8589 = CARTESIAN_POINT ('', (-31.1329199115036, 29.3724530570723, -6.99496071897128));
#8590 = CARTESIAN_POINT ('', (-31.2546309080288, 28.8201792645087, -6.44473310418977));
#8591 = CARTESIAN_POINT ('', (-31.4693244833722, 29.2268568371102, -6.98222270027238));
#8592 = CARTESIAN_POINT ('', (-31.5543136760584, 28.6659157492612, -6.43123679540997));
#8593 = CARTESIAN_POINT ('', (-31.7989755282047, 29.0571669703379, -6.96737676061461));
#8594 = CARTESIAN_POINT ('', (-31.8455356075833, 28.4901428328562, -6.41585865786967));
#8595 = CARTESIAN_POINT ('', (-32.1193196528819, 28.8638167622925, -6.95046080932028));
#8596 = CARTESIAN_POINT ('', (-32.1260074226824, 28.2935765858397, -6.39866133962391));
#8597 = CARTESIAN_POINT ('', (-32.4278386494909, 28.6475938905744, -6.93154375924995));
#8598 = CARTESIAN_POINT ('', (-32.3935282280487, 28.0772516343676, -6.37973535873234));
#8599 = CARTESIAN_POINT ('', (-32.7221115353936, 28.4096364439553, -6.91072518026923));
#8600 = CARTESIAN_POINT ('', (-32.6460407518045, 27.8425059487059, -6.35919777242535));
#8601 = CARTESIAN_POINT ('', (-32.9998753115249, 28.1514161897275, -6.88813383533154));
#8602 = CARTESIAN_POINT ('', (-32.8816831278494, 27.5909543113386, -6.33718985586435));
#8603 = CARTESIAN_POINT ('', (-33.2590819251743, 27.8747093886236, -6.86392512711446));
#8604 = CARTESIAN_POINT ('', (-33.0988344054926, 27.3244515034035, -6.31387388137223));
#8605 = CARTESIAN_POINT ('', (-33.4979483305817, 27.581556299895, -6.83827755517314));
#8606 = CARTESIAN_POINT ('', (-33.2961515036393, 27.0450469682376, -6.28942915200752));
#8607 = CARTESIAN_POINT ('', (-33.714997138543, 27.2742113112126, -6.81138835287196));
#8608 = CARTESIAN_POINT ('', (-33.4725958440294, 26.7549332240844, -6.2640474882611));
#8609 = CARTESIAN_POINT ('', (-33.909085912972, 26.9550861926443, -6.78346852275091));
#8610 = CARTESIAN_POINT ('', (-33.6274486208441, 26.4563908394639, -6.23792841402484));
#8611 = CARTESIAN_POINT ('', (-34.0794239674681, 26.6266895695618, -6.75473754109103));
#8612 = CARTESIAN_POINT ('', (-33.7603144152708, 26.1517322477281, -6.21127424100222));
#8613 = CARTESIAN_POINT ('', (-34.2255763413375, 26.2915651186525, -6.72541795076616));
#8614 = CARTESIAN_POINT ('', (-33.8711136774654, 25.8432490599059, -6.18428545917948));
#8615 = CARTESIAN_POINT ('', (-34.3474555297515, 25.9522336120482, -6.69573029076115));
#8616 = CARTESIAN_POINT ('', (-33.9600650400506, 25.533157934633, -6.15715600105814));
#8617 = CARTESIAN_POINT ('', (-34.4453020285952, 25.6111333742481, -6.66588788682769));
#8618 = CARTESIAN_POINT ('', (-34.0276597645415, 25.2235742448886, -6.13007093779302));
#8619 = CARTESIAN_POINT ('', (-34.5196562255352, 25.2705913155294, -6.63609431723607));
#8620 = CARTESIAN_POINT ('', (-34.0667998622568, 24.9676064375702, -6.1076766564251));
#8621 = CARTESIAN_POINT ('', (-34.5627103330219, 24.9890267274793, -6.61146060773136));
#8622 = CARTESIAN_POINT ('', (-34.0882675381767, 24.7650052236389, -6.08995134698954));
#8623 = CARTESIAN_POINT ('', (-34.5863247765338, 24.7661653921549, -6.59196276735226));
#8624 = CARTESIAN_POINT ('', (-34.103352489891, 24.5638614038745, -6.07235354302188));
#8625 = CARTESIAN_POINT ('', (-34.6029182234195, 24.5449071904141, -6.57260518298784));
#8626 = CARTESIAN_POINT ('', (-34.1076951545866, 24.4161194563945, -6.05942779749016));
#8627 = CARTESIAN_POINT ('', (-34.6076951545847, 24.3823910481862, -6.55838686290295));
#8628 = CARTESIAN_POINT ('', (-34.1076951545866, 24.3176248247412, -6.05081063380234));
#8629 = CARTESIAN_POINT ('', (-34.6076951545847, 24.2740469533676, -6.54890798284635));
#8630 = B_SPLINE_SURFACE_WITH_KNOTS ('', 3, 1, ((#8524, #8525), (#8526, #8527), (#8528, #8529), (#8530, #8531), (#8532, #8533), (#8534, #8535), (#8536, #8537), (#8538, #8539), (#8540, #8541), (#8542, #8543), (#8544, #8545), (#8546, #8547), (#8548, #8549), (#8550, #8551), (#8552, #8553), (#8554, #8555), (#8556, #8557), (#8558, #8559), (#8560, #8561), (#8562, #8563), (#8564, #8565), (#8566, #8567), (#8568, #8569), (#8570, #8571), (#8572, #8573), (#8574, #8575), (#8576, #8577), (#8578, #8579), (#8580, #8581), (#8582, #8583), (#8584, #8585), (#8586, #8587), (#8588, #8589), (#8590, #8591), (#8592, #8593), (#8594, #8595), (#8596, #8597), (#8598, #8599), (#8600, #8601), (#8602, #8603), (#8604, #8605), (#8606, #8607), (#8608, #8609), (#8610, #8611), (#8612, #8613), (#8614, #8615), (#8616, #8617), (#8618, #8619), (#8620, #8621), (#8622, #8623), (#8624, #8625), (#8626, #8627), (#8628, #8629)), .UNSPECIFIED., .F., .F., .U., (4, 1, 1, 1, 1, 1, 1, 1, 1, 1, 1, 1, 1, 1, 1, 1, 1, 1, 1, 1, 1, 1, 1, 1, 1, 1, 1, 1, 1, 1, 1, 1, 1, 1, 1, 1, 1, 1, 1, 1, 1, 1, 1, 1, 1, 1, 1, 1, 1, 1, 4), (2, 2), (0., 0.0208333333333335, 0.0312499999999993, 0.0416666666666661, 0.0520833333333332, 0.0625000000000005, 0.0729166666666669, 0.0833333333333328, 0.0937500000000007, 0.104166666666667, 0.114583333333333, 0.125, 0.135416666666667, 0.145833333333334, 0.15625, 0.166666666666666, 0.177083333333333, 0.1875, 0.197916666666667, 0.208333333333334, 0.21875, 0.229166666666667, 0.234374999999999, 0.239583333333333, 0.25, 0.260416666666667, 0.265625, 0.270833333333333, 0.281249999999999, 0.291666666666667, 0.302083333333334, 0.3125, 0.322916666666667, 0.333333333333333, 0.343750000000001, 0.354166666666667, 0.364583333333334, 0.375, 0.385416666666667, 0.395833333333334, 0.40625, 0.416666666666668, 0.427083333333333, 0.4375, 0.447916666666666, 0.458333333333333, 0.468750000000001, 0.479166666666666, 0.484375, 0.489583333333332, 0.5), (0., 0.249999999999066), .UNSPECIFIED.);
#8631 = ADVANCED_FACE ('', (#8523), #8630, .T.);
#8632 = ORIENTED_EDGE ('', *, *, #8520, .F.);
#8633 = CARTESIAN_POINT ('', (-34.1076951545866, 24.317624824741, -6.05081063380232));
#8634 = CARTESIAN_POINT ('', (-34.1076951545864, 19.3366513342822, -5.61503192006462));
#8635 = CARTESIAN_POINT ('', (-29.1076951545864, 19.3366513342824, -5.61503192006465));
#8636 = CARTESIAN_POINT ('', (-24.1076951545864, 19.3366513342826, -5.61503192006467));
#8637 = CARTESIAN_POINT ('', (-24.1076951545866, 24.3176248247414, -6.05081063380236));
#8638 = (
   BOUNDED_CURVE ()
   B_SPLINE_CURVE (2, (#8633, #8634, #8635, #8636, #8637), .UNSPECIFIED., .F., .U.)
   B_SPLINE_CURVE_WITH_KNOTS ((3, 2, 3), (3.14159265358981, 4.7123889803847, 6.2831853071796), .UNSPECIFIED.)
   CURVE ()
   GEOMETRIC_REPRESENTATION_ITEM ()
   RATIONAL_B_SPLINE_CURVE ((1., 0.707106781186545, 1., 0.707106781186544, 1.))
   REPRESENTATION_ITEM ('')
);
#8639 = EDGE_CURVE ('', #8500, #8508, #8638, .T.);
#8640 = ORIENTED_EDGE ('', *, *, #8639, .F.);
#8641 = EDGE_LOOP ('', (#8632, #8640));
#8642 = FACE_OUTER_BOUND ('', #8641, .T.);
#8643 = CARTESIAN_POINT ('', (-24.1076951545864, 19.3366513342822, -5.61503192006463));
#8644 = CARTESIAN_POINT ('', (-24.1076951545864, 29.2985983152002, -6.48658934754005));
#8645 = CARTESIAN_POINT ('', (-34.1076951545868, 19.3366513342822, -5.61503192006463));
#8646 = CARTESIAN_POINT ('', (-34.1076951545868, 29.2985983152002, -6.48658934754005));
#8647 = B_SPLINE_SURFACE_WITH_KNOTS ('', 1, 1, ((#8643, #8644), (#8645, #8646)), .UNSPECIFIED., .F., .F., .U., (2, 2), (2, 2), (0.325600644069802, 0.662318158920555), (0.310610165995484, 0.647327680846237), .UNSPECIFIED.);
#8648 = ADVANCED_FACE ('', (#8642), #8647, .T.);
#8649 = CARTESIAN_POINT ('', (-173.999999999999, 126.628799963374, -15.0018786104357));
#8650 = VERTEX_POINT ('', #8649);
#8651 = CARTESIAN_POINT ('', (-173.999999999999, 126.628799963375, -15.0018786104358));
#8652 = CARTESIAN_POINT ('', (-174.500000000063, 126.585222091995, -15.4999759595463));
#8653 = B_SPLINE_CURVE_WITH_KNOTS ('', 1, (#8651, #8652), .UNSPECIFIED., .F., .U., (2, 2), (0., 0.250000000032464), .UNSPECIFIED.);
#8654 = EDGE_CURVE ('', #8650, #8170, #8653, .T.);
#8655 = ORIENTED_EDGE ('', *, *, #8654, .T.);
#8656 = ORIENTED_EDGE ('', *, *, #8297, .T.);
#8657 = CARTESIAN_POINT ('', (-164., 126.628799963376, -15.0018786104359));
#8658 = VERTEX_POINT ('', #8657);
#8659 = CARTESIAN_POINT ('', (-163.999999999999, 126.628799963375, -15.0018786104358));
#8660 = CARTESIAN_POINT ('', (-163.500000000001, 126.585222092001, -15.4999759594791));
#8661 = B_SPLINE_CURVE_WITH_KNOTS ('', 1, (#8659, #8660), .UNSPECIFIED., .F., .U., (2, 2), (0., 0.249999999998725), .UNSPECIFIED.);
#8662 = EDGE_CURVE ('', #8658, #8168, #8661, .T.);
#8663 = ORIENTED_EDGE ('', *, *, #8662, .F.);
#8664 = CARTESIAN_POINT ('', (-163.999999999999, 126.628799963376, -15.0018786104359));
#8665 = CARTESIAN_POINT ('', (-164., 131.609773453834, -15.4376573241736));
#8666 = CARTESIAN_POINT ('', (-169., 131.609773453833, -15.4376573241735));
#8667 = CARTESIAN_POINT ('', (-174., 131.609773453832, -15.4376573241734));
#8668 = CARTESIAN_POINT ('', (-173.999999999999, 126.628799963374, -15.0018786104357));
#8669 = (
   BOUNDED_CURVE ()
   B_SPLINE_CURVE (2, (#8664, #8665, #8666, #8667, #8668), .UNSPECIFIED., .F., .U.)
   B_SPLINE_CURVE_WITH_KNOTS ((3, 2, 3), (7.40493132205326E-14, 1.57079632679497, 3.14159265358987), .UNSPECIFIED.)
   CURVE ()
   GEOMETRIC_REPRESENTATION_ITEM ()
   RATIONAL_B_SPLINE_CURVE ((1., 0.707106781186552, 1., 0.707106781186551, 1.))
   REPRESENTATION_ITEM ('')
);
#8670 = EDGE_CURVE ('', #8658, #8650, #8669, .T.);
#8671 = ORIENTED_EDGE ('', *, *, #8670, .T.);
#8672 = EDGE_LOOP ('', (#8655, #8656, #8663, #8671));
#8673 = FACE_OUTER_BOUND ('', #8672, .T.);
#8674 = CARTESIAN_POINT ('', (-163.999999999999, 126.628799963375, -15.0018786104358));
#8675 = CARTESIAN_POINT ('', (-163.499999999934, 126.585222091995, -15.4999759595463));
#8676 = CARTESIAN_POINT ('', (-163.999985116756, 126.824446222989, -15.0189954402132));
#8677 = CARTESIAN_POINT ('', (-163.499983628366, 126.800432977573, -15.5188044723018));
#8678 = CARTESIAN_POINT ('', (-164.01740925092, 127.125226234927, -15.045310281473));
#8679 = CARTESIAN_POINT ('', (-163.519150175947, 127.131290990709, -15.5477507976878));
#8680 = CARTESIAN_POINT ('', (-164.080035763491, 127.534744610269, -15.0811384968209));
#8681 = CARTESIAN_POINT ('', (-163.588039339776, 127.581761203591, -15.587161834571));
#8682 = CARTESIAN_POINT ('', (-164.14763001447, 127.844334352256, -15.1082240895886));
#8683 = CARTESIAN_POINT ('', (-163.662393015854, 127.92230991978, -15.6169559866159));
#8684 = CARTESIAN_POINT ('', (-164.236581503932, 128.154423855835, -15.1353534058302));
#8685 = CARTESIAN_POINT ('', (-163.760239654264, 128.263408373722, -15.6467982344819));
#8686 = CARTESIAN_POINT ('', (-164.34738073213, 128.462907478189, -15.1623422256695));
#8687 = CARTESIAN_POINT ('', (-163.882118805283, 128.602740358315, -15.6764859363055));
#8688 = CARTESIAN_POINT ('', (-164.480246535666, 128.767565953492, -15.1889963885056));
#8689 = CARTESIAN_POINT ('', (-164.028271189174, 128.937864681152, -15.7058055154256));
#8690 = CARTESIAN_POINT ('', (-164.63509931004, 129.066108369311, -15.2151154654713));
#8691 = CARTESIAN_POINT ('', (-164.198609240988, 129.266261338557, -15.7345365000882));
#8692 = CARTESIAN_POINT ('', (-164.811543651084, 129.356222105104, -15.2404971284864));
#8693 = CARTESIAN_POINT ('', (-164.392698016138, 129.585386447933, -15.7624563294051));
#8694 = CARTESIAN_POINT ('', (-165.008860749056, 129.63562664251, -15.2649418580471));
#8695 = CARTESIAN_POINT ('', (-164.609746823909, 129.892731439083, -15.7893455319222));
#8696 = CARTESIAN_POINT ('', (-165.226012026746, 129.902129449845, -15.2882578324867));
#8697 = CARTESIAN_POINT ('', (-164.848613229372, 130.185884527155, -15.8149931038061));
#8698 = CARTESIAN_POINT ('', (-165.461654402778, 130.153681087373, -15.3102657490618));
#8699 = CARTESIAN_POINT ('', (-165.10781984301, 130.46259132844, -15.8392018120389));
#8700 = CARTESIAN_POINT ('', (-165.714166926537, 130.388426772992, -15.330803335365));
#8701 = CARTESIAN_POINT ('', (-165.385583619149, 130.720811582623, -15.8617931569727));
#8702 = CARTESIAN_POINT ('', (-165.981687731903, 130.604751724476, -15.3497293162576));
#8703 = CARTESIAN_POINT ('', (-165.679856505054, 130.958769029258, -15.8826117359548));
#8704 = CARTESIAN_POINT ('', (-166.262159547002, 130.801317971489, -15.366926634503));
#8705 = CARTESIAN_POINT ('', (-165.988375501667, 131.174991900975, -15.9015287860251));
#8706 = CARTESIAN_POINT ('', (-166.553381478527, 130.977090887895, -15.3823047720434));
#8707 = CARTESIAN_POINT ('', (-166.308719626348, 131.368342109024, -15.9184447373197));
#8708 = CARTESIAN_POINT ('', (-166.853064246556, 131.131354403142, -15.3958010808232));
#8709 = CARTESIAN_POINT ('', (-166.638370671184, 131.538031975798, -15.9332906769776));
#8710 = CARTESIAN_POINT ('', (-167.158886584619, 131.263714603108, -15.4073810978222));
#8711 = CARTESIAN_POINT ('', (-166.974775243057, 131.683628195762, -15.9460286956767));
#8712 = CARTESIAN_POINT ('', (-167.468548128103, 131.374092240659, -15.4170378898147));
#8713 = CARTESIAN_POINT ('', (-167.315402940894, 131.805043597069, -15.9566511668685));
#8714 = CARTESIAN_POINT ('', (-167.779823751098, 131.462705116454, -15.4247905118892));
#8715 = CARTESIAN_POINT ('', (-167.657806126193, 131.902517760445, -15.9651790511506));
#8716 = CARTESIAN_POINT ('', (-168.090590000244, 131.530042622611, -15.430681780308));
#8717 = CARTESIAN_POINT ('', (-167.999649000257, 131.976589017219, -15.9716594464113));
#8718 = CARTESIAN_POINT ('', (-168.347535563002, 131.569033780438, -15.4340930645956));
#8719 = CARTESIAN_POINT ('', (-168.282289119294, 132.019479290829, -15.9754118591277));
#8720 = CARTESIAN_POINT ('', (-168.550910680657, 131.590419765369, -15.4359640958354));
#8721 = CARTESIAN_POINT ('', (-168.506001748717, 132.043003874254, -15.9774699934916));
#8722 = CARTESIAN_POINT ('', (-168.752822837136, 131.605447314288, -15.4372788360064));
#8723 = CARTESIAN_POINT ('', (-168.728105120846, 132.059534178064, -15.9789162076797));
#8724 = CARTESIAN_POINT ('', (-168.999999999999, 131.612657546864, -15.4379096496182));
#8725 = CARTESIAN_POINT ('', (-168.999999999999, 132.067465433898, -15.9796101026526));
#8726 = CARTESIAN_POINT ('', (-169.247177162861, 131.605447314288, -15.4372788360064));
#8727 = CARTESIAN_POINT ('', (-169.271894879151, 132.059534178065, -15.9789162076797));
#8728 = CARTESIAN_POINT ('', (-169.44908931934, 131.590419765369, -15.4359640958354));
#8729 = CARTESIAN_POINT ('', (-169.49399825128, 132.043003874254, -15.9774699934916));
#8730 = CARTESIAN_POINT ('', (-169.652464436995, 131.569033780437, -15.4340930645956));
#8731 = CARTESIAN_POINT ('', (-169.717710880703, 132.019479290828, -15.9754118591277));
#8732 = CARTESIAN_POINT ('', (-169.909409999754, 131.530042622611, -15.430681780308));
#8733 = CARTESIAN_POINT ('', (-170.000350999741, 131.976589017219, -15.9716594464114));
#8734 = CARTESIAN_POINT ('', (-170.220176248899, 131.462705116454, -15.4247905118892));
#8735 = CARTESIAN_POINT ('', (-170.342193873805, 131.902517760445, -15.9651790511506));
#8736 = CARTESIAN_POINT ('', (-170.531451871894, 131.374092240658, -15.4170378898146));
#8737 = CARTESIAN_POINT ('', (-170.684597059103, 131.805043597069, -15.9566511668685));
#8738 = CARTESIAN_POINT ('', (-170.841113415378, 131.263714603108, -15.4073810978222));
#8739 = CARTESIAN_POINT ('', (-171.02522475694, 131.683628195762, -15.9460286956767));
#8740 = CARTESIAN_POINT ('', (-171.146935753441, 131.131354403142, -15.3958010808232));
#8741 = CARTESIAN_POINT ('', (-171.361629328813, 131.538031975798, -15.9332906769776));
#8742 = CARTESIAN_POINT ('', (-171.44661852147, 130.977090887895, -15.3823047720434));
#8743 = CARTESIAN_POINT ('', (-171.691280373649, 131.368342109024, -15.9184447373197));
#8744 = CARTESIAN_POINT ('', (-171.737840452995, 130.80131797149, -15.3669266345031));
#8745 = CARTESIAN_POINT ('', (-172.011624498331, 131.174991900976, -15.9015287860251));
#8746 = CARTESIAN_POINT ('', (-172.018312268094, 130.604751724473, -15.3497293162573));
#8747 = CARTESIAN_POINT ('', (-172.320143494943, 130.958769029255, -15.8826117359546));
#8748 = CARTESIAN_POINT ('', (-172.285833073461, 130.388426773001, -15.3308033353658));
#8749 = CARTESIAN_POINT ('', (-172.61441638085, 130.720811582633, -15.8617931569736));
#8750 = CARTESIAN_POINT ('', (-172.538345597216, 130.153681087339, -15.3102657490588));
#8751 = CARTESIAN_POINT ('', (-172.892180156984, 130.462591328402, -15.8392018120356));
#8752 = CARTESIAN_POINT ('', (-172.773987973262, 129.902129449972, -15.2882578324978));
#8753 = CARTESIAN_POINT ('', (-173.151386770637, 130.185884527295, -15.8149931038183));
#8754 = CARTESIAN_POINT ('', (-172.991139250905, 129.635626642037, -15.2649418580057));
#8755 = CARTESIAN_POINT ('', (-173.390253176047, 129.892731438563, -15.7893455318766));
#8756 = CARTESIAN_POINT ('', (-173.188456349051, 129.356222106871, -15.240497128641));
#8757 = CARTESIAN_POINT ('', (-173.607301984011, 129.585386449877, -15.7624563295751));
#8758 = CARTESIAN_POINT ('', (-173.364900689441, 129.066108362718, -15.2151154648945));
#8759 = CARTESIAN_POINT ('', (-173.801390758442, 129.266261331304, -15.7345364994537));
#8760 = CARTESIAN_POINT ('', (-173.519753466256, 128.767565978097, -15.1889963906583));
#8761 = CARTESIAN_POINT ('', (-173.971728812941, 128.937864708218, -15.7058055177935));
#8762 = CARTESIAN_POINT ('', (-173.652619260683, 128.462907386362, -15.1623422176357));
#8763 = CARTESIAN_POINT ('', (-174.117881186812, 128.602740257305, -15.6764859274683));
#8764 = CARTESIAN_POINT ('', (-173.763418522877, 128.154424198539, -15.1353534358129));
#8765 = CARTESIAN_POINT ('', (-174.239760375227, 128.263408750696, -15.6467982674629));
#8766 = CARTESIAN_POINT ('', (-173.852369885463, 127.844333073266, -15.1082239776916));
#8767 = CARTESIAN_POINT ('', (-174.337606874072, 127.922308512892, -15.6169558635291));
#8768 = CARTESIAN_POINT ('', (-173.919964609954, 127.534749383522, -15.0811389144265));
#8769 = CARTESIAN_POINT ('', (-174.411961071013, 127.581766454169, -15.5871622939371));
#8770 = CARTESIAN_POINT ('', (-173.959104707669, 127.278781576204, -15.0587446330585));
#8771 = CARTESIAN_POINT ('', (-174.4550151785, 127.300201866116, -15.5625285844321));
#8772 = CARTESIAN_POINT ('', (-173.980572383589, 127.076180362272, -15.041019323623));
#8773 = CARTESIAN_POINT ('', (-174.478629622012, 127.077340530788, -15.5430307440528));
#8774 = CARTESIAN_POINT ('', (-173.995657335303, 126.875036542508, -15.0234215196553));
#8775 = CARTESIAN_POINT ('', (-174.495223068898, 126.856082329045, -15.5236731596881));
#8776 = CARTESIAN_POINT ('', (-173.999999999999, 126.727294595028, -15.0104957741236));
#8777 = CARTESIAN_POINT ('', (-174.500000000063, 126.693566186815, -15.509454839603));
#8778 = CARTESIAN_POINT ('', (-173.999999999999, 126.628799963375, -15.0018786104358));
#8779 = CARTESIAN_POINT ('', (-174.500000000063, 126.585222091995, -15.4999759595463));
#8780 = B_SPLINE_SURFACE_WITH_KNOTS ('', 3, 1, ((#8674, #8675), (#8676, #8677), (#8678, #8679), (#8680, #8681), (#8682, #8683), (#8684, #8685), (#8686, #8687), (#8688, #8689), (#8690, #8691), (#8692, #8693), (#8694, #8695), (#8696, #8697), (#8698, #8699), (#8700, #8701), (#8702, #8703), (#8704, #8705), (#8706, #8707), (#8708, #8709), (#8710, #8711), (#8712, #8713), (#8714, #8715), (#8716, #8717), (#8718, #8719), (#8720, #8721), (#8722, #8723), (#8724, #8725), (#8726, #8727), (#8728, #8729), (#8730, #8731), (#8732, #8733), (#8734, #8735), (#8736, #8737), (#8738, #8739), (#8740, #8741), (#8742, #8743), (#8744, #8745), (#8746, #8747), (#8748, #8749), (#8750, #8751), (#8752, #8753), (#8754, #8755), (#8756, #8757), (#8758, #8759), (#8760, #8761), (#8762, #8763), (#8764, #8765), (#8766, #8767), (#8768, #8769), (#8770, #8771), (#8772, #8773), (#8774, #8775), (#8776, #8777), (#8778, #8779)), .UNSPECIFIED., .F., .F., .U., (4, 1, 1, 1, 1, 1, 1, 1, 1, 1, 1, 1, 1, 1, 1, 1, 1, 1, 1, 1, 1, 1, 1, 1, 1, 1, 1, 1, 1, 1, 1, 1, 1, 1, 1, 1, 1, 1, 1, 1, 1, 1, 1, 1, 1, 1, 1, 1, 1, 1, 4), (2, 2), (0., 0.0208333333333335, 0.0312499999999993, 0.0416666666666661, 0.0520833333333332, 0.0625000000000005, 0.0729166666666669, 0.0833333333333328, 0.0937500000000007, 0.104166666666667, 0.114583333333333, 0.125, 0.135416666666667, 0.145833333333334, 0.15625, 0.166666666666666, 0.177083333333333, 0.1875, 0.197916666666667, 0.208333333333334, 0.21875, 0.229166666666667, 0.234374999999999, 0.239583333333333, 0.25, 0.260416666666667, 0.265625, 0.270833333333333, 0.281249999999999, 0.291666666666667, 0.302083333333334, 0.3125, 0.322916666666667, 0.333333333333333, 0.343750000000001, 0.354166666666667, 0.364583333333334, 0.375, 0.385416666666667, 0.395833333333334, 0.40625, 0.416666666666668, 0.427083333333333, 0.4375, 0.447916666666666, 0.458333333333333, 0.468750000000001, 0.479166666666666, 0.484375, 0.489583333333332, 0.5), (0., 0.250000000032464), .UNSPECIFIED.);
#8781 = ADVANCED_FACE ('', (#8673), #8780, .T.);
#8782 = ORIENTED_EDGE ('', *, *, #8670, .F.);
#8783 = CARTESIAN_POINT ('', (-173.999999999999, 126.628799963374, -15.0018786104357));
#8784 = CARTESIAN_POINT ('', (-173.999999999998, 121.647826472915, -14.566099896698));
#8785 = CARTESIAN_POINT ('', (-168.999999999998, 121.647826472916, -14.5660998966981));
#8786 = CARTESIAN_POINT ('', (-163.999999999998, 121.647826472917, -14.5660998966982));
#8787 = CARTESIAN_POINT ('', (-163.999999999999, 126.628799963376, -15.0018786104359));
#8788 = (
   BOUNDED_CURVE ()
   B_SPLINE_CURVE (2, (#8783, #8784, #8785, #8786, #8787), .UNSPECIFIED., .F., .U.)
   B_SPLINE_CURVE_WITH_KNOTS ((3, 2, 3), (3.14159265358987, 4.71238898038477, 6.28318530717966), .UNSPECIFIED.)
   CURVE ()
   GEOMETRIC_REPRESENTATION_ITEM ()
   RATIONAL_B_SPLINE_CURVE ((1., 0.707106781186552, 1., 0.707106781186543, 1.))
   REPRESENTATION_ITEM ('')
);
#8789 = EDGE_CURVE ('', #8650, #8658, #8788, .T.);
#8790 = ORIENTED_EDGE ('', *, *, #8789, .F.);
#8791 = EDGE_LOOP ('', (#8782, #8790));
#8792 = FACE_OUTER_BOUND ('', #8791, .T.);
#8793 = CARTESIAN_POINT ('', (-163.999999999998, 121.647826472915, -14.566099896698));
#8794 = CARTESIAN_POINT ('', (-163.999999999998, 131.609773453834, -15.4376573241736));
#8795 = CARTESIAN_POINT ('', (-174., 121.647826472915, -14.566099896698));
#8796 = CARTESIAN_POINT ('', (-174., 131.609773453834, -15.4376573241736));
#8797 = B_SPLINE_SURFACE_WITH_KNOTS ('', 1, 1, ((#8793, #8794), (#8795, #8796)), .UNSPECIFIED., .F., .F., .U., (2, 2), (2, 2), (0.325600644069773, 0.662318158920583), (0.310610165995457, 0.647327680846267), .UNSPECIFIED.);
#8798 = ADVANCED_FACE ('', (#8792), #8797, .T.);
#8799 = CARTESIAN_POINT ('', (-173.999999999999, 45.9370294179421, -7.94226344788509));
#8800 = VERTEX_POINT ('', #8799);
#8801 = CARTESIAN_POINT ('', (-173.999999999999, 45.9370294179425, -7.94226344788513));
#8802 = CARTESIAN_POINT ('', (-174.500000000064, 45.893451546563, -8.44036079699568));
#8803 = B_SPLINE_CURVE_WITH_KNOTS ('', 1, (#8801, #8802), .UNSPECIFIED., .F., .U., (2, 2), (0., 0.25000000003246), .UNSPECIFIED.);
#8804 = EDGE_CURVE ('', #8800, #8036, #8803, .T.);
#8805 = ORIENTED_EDGE ('', *, *, #8804, .T.);
#8806 = ORIENTED_EDGE ('', *, *, #8163, .T.);
#8807 = CARTESIAN_POINT ('', (-164.000000000001, 45.9370294179429, -7.9422634478852));
#8808 = VERTEX_POINT ('', #8807);
#8809 = CARTESIAN_POINT ('', (-163.999999999999, 45.9370294179425, -7.94226344788513));
#8810 = CARTESIAN_POINT ('', (-163.500000000002, 45.8934515465689, -8.44036079692847));
#8811 = B_SPLINE_CURVE_WITH_KNOTS ('', 1, (#8809, #8810), .UNSPECIFIED., .F., .U., (2, 2), (0., 0.249999999998725), .UNSPECIFIED.);
#8812 = EDGE_CURVE ('', #8808, #8034, #8811, .T.);
#8813 = ORIENTED_EDGE ('', *, *, #8812, .F.);
#8814 = CARTESIAN_POINT ('', (-163.999999999999, 45.9370294179429, -7.94226344788517));
#8815 = CARTESIAN_POINT ('', (-164., 50.9180029084016, -8.37804216162286));
#8816 = CARTESIAN_POINT ('', (-168.999999999999, 50.9180029084012, -8.37804216162282));
#8817 = CARTESIAN_POINT ('', (-173.999999999999, 50.9180029084008, -8.37804216162278));
#8818 = CARTESIAN_POINT ('', (-173.999999999999, 45.9370294179421, -7.94226344788509));
#8819 = (
   BOUNDED_CURVE ()
   B_SPLINE_CURVE (2, (#8814, #8815, #8816, #8817, #8818), .UNSPECIFIED., .F., .U.)
   B_SPLINE_CURVE_WITH_KNOTS ((3, 2, 3), (2.83842306391577E-14, 1.57079632679493, 3.14159265358982), .UNSPECIFIED.)
   CURVE ()
   GEOMETRIC_REPRESENTATION_ITEM ()
   RATIONAL_B_SPLINE_CURVE ((1., 0.707106781186546, 1., 0.707106781186552, 1.))
   REPRESENTATION_ITEM ('')
);
#8820 = EDGE_CURVE ('', #8808, #8800, #8819, .T.);
#8821 = ORIENTED_EDGE ('', *, *, #8820, .T.);
#8822 = EDGE_LOOP ('', (#8805, #8806, #8813, #8821));
#8823 = FACE_OUTER_BOUND ('', #8822, .T.);
#8824 = CARTESIAN_POINT ('', (-163.999999999999, 45.9370294179425, -7.94226344788513));
#8825 = CARTESIAN_POINT ('', (-163.499999999934, 45.8934515465631, -8.44036079699568));
#8826 = CARTESIAN_POINT ('', (-163.999985116756, 46.1326756775565, -7.95938027766258));
#8827 = CARTESIAN_POINT ('', (-163.499983628367, 46.108662432141, -8.4591893097511));
#8828 = CARTESIAN_POINT ('', (-164.01740925092, 46.4334556894946, -7.98569511892232));
#8829 = CARTESIAN_POINT ('', (-163.519150175948, 46.4395204452768, -8.48813563513715));
#8830 = CARTESIAN_POINT ('', (-164.080035763491, 46.842974064837, -8.02152333427029));
#8831 = CARTESIAN_POINT ('', (-163.588039339776, 46.8899906581588, -8.52754667202038));
#8832 = CARTESIAN_POINT ('', (-164.14763001447, 47.1525638068237, -8.048608927038));
#8833 = CARTESIAN_POINT ('', (-163.662393015854, 47.2305393743481, -8.55734082406522));
#8834 = CARTESIAN_POINT ('', (-164.236581503933, 47.462653310403, -8.07573824327954));
#8835 = CARTESIAN_POINT ('', (-163.760239654264, 47.5716378282895, -8.58718307193126));
#8836 = CARTESIAN_POINT ('', (-164.347380732131, 47.7711369327567, -8.10272706311886));
#8837 = CARTESIAN_POINT ('', (-163.882118805283, 47.9109698128824, -8.61687077375486));
#8838 = CARTESIAN_POINT ('', (-164.480246535667, 48.0757954080601, -8.12938122595497));
#8839 = CARTESIAN_POINT ('', (-164.028271189175, 48.2460941357203, -8.64619035287493));
#8840 = CARTESIAN_POINT ('', (-164.635099310041, 48.3743378238787, -8.1555003029207));
#8841 = CARTESIAN_POINT ('', (-164.198609240988, 48.5744907931245, -8.67492133753757));
#8842 = CARTESIAN_POINT ('', (-164.811543651085, 48.6644515596723, -8.18088196593576));
#8843 = CARTESIAN_POINT ('', (-164.392698016139, 48.8936159025013, -8.70284116685447));
#8844 = CARTESIAN_POINT ('', (-165.008860749056, 48.9438560970781, -8.20532669549644));
#8845 = CARTESIAN_POINT ('', (-164.60974682391, 49.2009608936513, -8.72973036937153));
#8846 = CARTESIAN_POINT ('', (-165.226012026746, 49.210358904413, -8.22864266993605));
#8847 = CARTESIAN_POINT ('', (-164.848613229372, 49.4941139817231, -8.7553779412554));
#8848 = CARTESIAN_POINT ('', (-165.461654402779, 49.4619105419412, -8.25065058651112));
#8849 = CARTESIAN_POINT ('', (-165.107819843011, 49.7708207830075, -8.77958664948826));
#8850 = CARTESIAN_POINT ('', (-165.714166926538, 49.6966562275598, -8.27118817281433));
#8851 = CARTESIAN_POINT ('', (-165.385583619149, 50.0290410371909, -8.80217799442207));
#8852 = CARTESIAN_POINT ('', (-165.981687731903, 49.9129811790434, -8.29011415370692));
#8853 = CARTESIAN_POINT ('', (-165.679856505054, 50.2669984838257, -8.82299657340416));
#8854 = CARTESIAN_POINT ('', (-166.262159547003, 50.1095474260568, -8.30731147195241));
#8855 = CARTESIAN_POINT ('', (-165.988375501667, 50.483221355543, -8.84191362347442));
#8856 = CARTESIAN_POINT ('', (-166.553381478527, 50.2853203424626, -8.32268960949277));
#8857 = CARTESIAN_POINT ('', (-166.308719626348, 50.6765715635916, -8.85882957476903));
#8858 = CARTESIAN_POINT ('', (-166.853064246557, 50.43958385771, -8.33618591827257));
#8859 = CARTESIAN_POINT ('', (-166.638370671185, 50.8462614303658, -8.87367551442697));
#8860 = CARTESIAN_POINT ('', (-167.158886584619, 50.5719440576756, -8.34776593527156));
#8861 = CARTESIAN_POINT ('', (-166.974775243058, 50.9918576503296, -8.88641353312602));
#8862 = CARTESIAN_POINT ('', (-167.468548128104, 50.6823216952264, -8.35742272726402));
#8863 = CARTESIAN_POINT ('', (-167.315402940895, 51.113273051637, -8.89703600431785));
#8864 = CARTESIAN_POINT ('', (-167.779823751099, 50.7709345710218, -8.36517534933854));
#8865 = CARTESIAN_POINT ('', (-167.657806126193, 51.2107472150131, -8.90556388859992));
#8866 = CARTESIAN_POINT ('', (-168.090590000244, 50.8382720771786, -8.37106661775736));
#8867 = CARTESIAN_POINT ('', (-167.999649000257, 51.2848184717865, -8.91204428386069));
#8868 = CARTESIAN_POINT ('', (-168.347535563003, 50.8772632350055, -8.37447790204495));
#8869 = CARTESIAN_POINT ('', (-168.282289119295, 51.3277087453965, -8.91579669657709));
#8870 = CARTESIAN_POINT ('', (-168.550910680658, 50.8986492199371, -8.3763489332848));
#8871 = CARTESIAN_POINT ('', (-168.506001748718, 51.3512333288216, -8.91785483094095));
#8872 = CARTESIAN_POINT ('', (-168.752822837136, 50.9136767688559, -8.37766367345577));
#8873 = CARTESIAN_POINT ('', (-168.728105120847, 51.3677636326324, -8.91930104512904));
#8874 = CARTESIAN_POINT ('', (-168.999999999999, 50.9208870014314, -8.37829448706752));
#8875 = CARTESIAN_POINT ('', (-168.999999999999, 51.3756948884656, -8.91999494010197));
#8876 = CARTESIAN_POINT ('', (-169.247177162862, 50.9136767688559, -8.37766367345577));
#8877 = CARTESIAN_POINT ('', (-169.271894879151, 51.3677636326324, -8.91930104512904));
#8878 = CARTESIAN_POINT ('', (-169.449089319341, 50.8986492199372, -8.37634893328481));
#8879 = CARTESIAN_POINT ('', (-169.493998251281, 51.3512333288216, -8.91785483094096));
#8880 = CARTESIAN_POINT ('', (-169.652464436995, 50.8772632350053, -8.37447790204494));
#8881 = CARTESIAN_POINT ('', (-169.717710880703, 51.3277087453963, -8.91579669657708));
#8882 = CARTESIAN_POINT ('', (-169.909409999754, 50.8382720771787, -8.37106661775736));
#8883 = CARTESIAN_POINT ('', (-170.000350999741, 51.2848184717865, -8.9120442838607));
#8884 = CARTESIAN_POINT ('', (-170.220176248899, 50.7709345710219, -8.36517534933855));
#8885 = CARTESIAN_POINT ('', (-170.342193873805, 51.2107472150132, -8.90556388859993));
#8886 = CARTESIAN_POINT ('', (-170.531451871894, 50.6823216952262, -8.35742272726401));
#8887 = CARTESIAN_POINT ('', (-170.684597059104, 51.1132730516368, -8.89703600431783));
#8888 = CARTESIAN_POINT ('', (-170.841113415379, 50.5719440576757, -8.34776593527157));
#8889 = CARTESIAN_POINT ('', (-171.025224756941, 50.9918576503297, -8.88641353312602));
#8890 = CARTESIAN_POINT ('', (-171.146935753441, 50.43958385771, -8.33618591827257));
#8891 = CARTESIAN_POINT ('', (-171.361629328813, 50.8462614303658, -8.87367551442697));
#8892 = CARTESIAN_POINT ('', (-171.446618521471, 50.2853203424625, -8.32268960949277));
#8893 = CARTESIAN_POINT ('', (-171.69128037365, 50.6765715635915, -8.85882957476901));
#8894 = CARTESIAN_POINT ('', (-171.737840452996, 50.1095474260575, -8.30731147195246));
#8895 = CARTESIAN_POINT ('', (-172.011624498331, 50.4832213555437, -8.84191362347448));
#8896 = CARTESIAN_POINT ('', (-172.018312268095, 49.9129811790409, -8.2901141537067));
#8897 = CARTESIAN_POINT ('', (-172.320143494944, 50.266998483823, -8.82299657340392));
#8898 = CARTESIAN_POINT ('', (-172.285833073461, 49.6966562275689, -8.27118817281513));
#8899 = CARTESIAN_POINT ('', (-172.61441638085, 50.029041037201, -8.80217799442295));
#8900 = CARTESIAN_POINT ('', (-172.538345597217, 49.4619105419072, -8.25065058650814));
#8901 = CARTESIAN_POINT ('', (-172.892180156985, 49.77082078297, -8.77958664948499));
#8902 = CARTESIAN_POINT ('', (-172.773987973262, 49.2103589045399, -8.22864266994715));
#8903 = CARTESIAN_POINT ('', (-173.151386770637, 49.4941139818627, -8.75537794126761));
#8904 = CARTESIAN_POINT ('', (-172.991139250905, 48.9438560966048, -8.20532669545503));
#8905 = CARTESIAN_POINT ('', (-173.390253176048, 49.2009608931306, -8.72973036932598));
#8906 = CARTESIAN_POINT ('', (-173.188456349052, 48.6644515614389, -8.18088196609032));
#8907 = CARTESIAN_POINT ('', (-173.607301984011, 48.8936159044445, -8.70284116702448));
#8908 = CARTESIAN_POINT ('', (-173.364900689442, 48.3743378172857, -8.15550030234389));
#8909 = CARTESIAN_POINT ('', (-173.801390758443, 48.5744907858723, -8.67492133690308));
#8910 = CARTESIAN_POINT ('', (-173.519753466256, 48.0757954326652, -8.12938122810763));
#8911 = CARTESIAN_POINT ('', (-173.971728812941, 48.2460941627858, -8.64619035524286));
#8912 = CARTESIAN_POINT ('', (-173.652619260683, 47.7711368409294, -8.10272705508501));
#8913 = CARTESIAN_POINT ('', (-174.117881186812, 47.9109697118725, -8.61687076491763));
#8914 = CARTESIAN_POINT ('', (-173.763418522878, 47.4626536531072, -8.07573827326227));
#8915 = CARTESIAN_POINT ('', (-174.239760375228, 47.571638205264, -8.58718310491226));
#8916 = CARTESIAN_POINT ('', (-173.852369885463, 47.1525625278343, -8.04860881514093));
#8917 = CARTESIAN_POINT ('', (-174.337606874073, 47.2305379674598, -8.55734070097844));
#8918 = CARTESIAN_POINT ('', (-173.919964609954, 46.8429788380899, -8.02152375187581));
#8919 = CARTESIAN_POINT ('', (-174.411961071013, 46.889995908737, -8.52754713138645));
#8920 = CARTESIAN_POINT ('', (-173.959104707669, 46.5870110307715, -7.99912947050789));
#8921 = CARTESIAN_POINT ('', (-174.455015178501, 46.6084313206834, -8.50291342188145));
#8922 = CARTESIAN_POINT ('', (-173.980572383589, 46.3844098168401, -7.98140416107233));
#8923 = CARTESIAN_POINT ('', (-174.478629622013, 46.3855699853563, -8.48341558150211));
#8924 = CARTESIAN_POINT ('', (-173.995657335303, 46.1832659970758, -7.96380635710467));
#8925 = CARTESIAN_POINT ('', (-174.495223068899, 46.1643117836129, -8.46405799713745));
#8926 = CARTESIAN_POINT ('', (-173.999999999999, 46.0355240495958, -7.95088061157295));
#8927 = CARTESIAN_POINT ('', (-174.500000000064, 46.001795641383, -8.44983967705239));
#8928 = CARTESIAN_POINT ('', (-173.999999999999, 45.9370294179425, -7.94226344788513));
#8929 = CARTESIAN_POINT ('', (-174.500000000064, 45.893451546563, -8.44036079699568));
#8930 = B_SPLINE_SURFACE_WITH_KNOTS ('', 3, 1, ((#8824, #8825), (#8826, #8827), (#8828, #8829), (#8830, #8831), (#8832, #8833), (#8834, #8835), (#8836, #8837), (#8838, #8839), (#8840, #8841), (#8842, #8843), (#8844, #8845), (#8846, #8847), (#8848, #8849), (#8850, #8851), (#8852, #8853), (#8854, #8855), (#8856, #8857), (#8858, #8859), (#8860, #8861), (#8862, #8863), (#8864, #8865), (#8866, #8867), (#8868, #8869), (#8870, #8871), (#8872, #8873), (#8874, #8875), (#8876, #8877), (#8878, #8879), (#8880, #8881), (#8882, #8883), (#8884, #8885), (#8886, #8887), (#8888, #8889), (#8890, #8891), (#8892, #8893), (#8894, #8895), (#8896, #8897), (#8898, #8899), (#8900, #8901), (#8902, #8903), (#8904, #8905), (#8906, #8907), (#8908, #8909), (#8910, #8911), (#8912, #8913), (#8914, #8915), (#8916, #8917), (#8918, #8919), (#8920, #8921), (#8922, #8923), (#8924, #8925), (#8926, #8927), (#8928, #8929)), .UNSPECIFIED., .F., .F., .U., (4, 1, 1, 1, 1, 1, 1, 1, 1, 1, 1, 1, 1, 1, 1, 1, 1, 1, 1, 1, 1, 1, 1, 1, 1, 1, 1, 1, 1, 1, 1, 1, 1, 1, 1, 1, 1, 1, 1, 1, 1, 1, 1, 1, 1, 1, 1, 1, 1, 1, 4), (2, 2), (0., 0.0208333333333335, 0.0312499999999993, 0.0416666666666661, 0.0520833333333332, 0.0625000000000005, 0.0729166666666669, 0.0833333333333328, 0.0937500000000007, 0.104166666666667, 0.114583333333333, 0.125, 0.135416666666667, 0.145833333333334, 0.15625, 0.166666666666666, 0.177083333333333, 0.1875, 0.197916666666667, 0.208333333333334, 0.21875, 0.229166666666667, 0.234374999999999, 0.239583333333333, 0.25, 0.260416666666667, 0.265625, 0.270833333333333, 0.281249999999999, 0.291666666666667, 0.302083333333334, 0.3125, 0.322916666666667, 0.333333333333333, 0.343750000000001, 0.354166666666667, 0.364583333333334, 0.375, 0.385416666666667, 0.395833333333334, 0.40625, 0.416666666666668, 0.427083333333333, 0.4375, 0.447916666666666, 0.458333333333333, 0.468750000000001, 0.479166666666666, 0.484375, 0.489583333333332, 0.5), (0., 0.25000000003246), .UNSPECIFIED.);
#8931 = ADVANCED_FACE ('', (#8823), #8930, .T.);
#8932 = ORIENTED_EDGE ('', *, *, #8820, .F.);
#8933 = CARTESIAN_POINT ('', (-173.999999999999, 45.9370294179421, -7.94226344788509));
#8934 = CARTESIAN_POINT ('', (-173.999999999999, 40.9560559274833, -7.5064847341474));
#8935 = CARTESIAN_POINT ('', (-168.999999999999, 40.9560559274837, -7.50648473414744));
#8936 = CARTESIAN_POINT ('', (-163.999999999999, 40.9560559274841, -7.50648473414748));
#8937 = CARTESIAN_POINT ('', (-163.999999999999, 45.9370294179429, -7.94226344788517));
#8938 = (
   BOUNDED_CURVE ()
   B_SPLINE_CURVE (2, (#8933, #8934, #8935, #8936, #8937), .UNSPECIFIED., .F., .U.)
   B_SPLINE_CURVE_WITH_KNOTS ((3, 2, 3), (3.14159265358982, 4.71238898038472, 6.28318530717961), .UNSPECIFIED.)
   CURVE ()
   GEOMETRIC_REPRESENTATION_ITEM ()
   RATIONAL_B_SPLINE_CURVE ((1., 0.707106781186547, 1., 0.70710678118655, 1.))
   REPRESENTATION_ITEM ('')
);
#8939 = EDGE_CURVE ('', #8800, #8808, #8938, .T.);
#8940 = ORIENTED_EDGE ('', *, *, #8939, .F.);
#8941 = EDGE_LOOP ('', (#8932, #8940));
#8942 = FACE_OUTER_BOUND ('', #8941, .T.);
#8943 = CARTESIAN_POINT ('', (-163.999999999999, 40.9560559274833, -7.5064847341474));
#8944 = CARTESIAN_POINT ('', (-163.999999999999, 50.9180029084016, -8.37804216162286));
#8945 = CARTESIAN_POINT ('', (-173.999999999999, 40.9560559274833, -7.5064847341474));
#8946 = CARTESIAN_POINT ('', (-173.999999999999, 50.9180029084016, -8.37804216162286));
#8947 = B_SPLINE_SURFACE_WITH_KNOTS ('', 1, 1, ((#8943, #8944), (#8945, #8946)), .UNSPECIFIED., .F., .F., .U., (2, 2), (2, 2), (0.325600644069797, 0.662318158920562), (0.310610165995478, 0.647327680846243), .UNSPECIFIED.);
#8948 = ADVANCED_FACE ('', (#8942), #8947, .T.);
#8949 = CARTESIAN_POINT ('', (-21.4991099289596, 126.628799963373, -15.0018786104356));
#8950 = VERTEX_POINT ('', #8949);
#8951 = CARTESIAN_POINT ('', (-21.4991099289595, 126.628799963374, -15.0018786104357));
#8952 = CARTESIAN_POINT ('', (-21.9991099290245, 126.585222091995, -15.4999759595463));
#8953 = B_SPLINE_CURVE_WITH_KNOTS ('', 1, (#8951, #8952), .UNSPECIFIED., .F., .U., (2, 2), (0., 0.250000000032463), .UNSPECIFIED.);
#8954 = EDGE_CURVE ('', #8950, #7902, #8953, .T.);
#8955 = ORIENTED_EDGE ('', *, *, #8954, .T.);
#8956 = ORIENTED_EDGE ('', *, *, #8029, .T.);
#8957 = CARTESIAN_POINT ('', (-11.4991099289597, 126.628799963375, -15.0018786104359));
#8958 = VERTEX_POINT ('', #8957);
#8959 = CARTESIAN_POINT ('', (-11.4991099289596, 126.628799963374, -15.0018786104357));
#8960 = CARTESIAN_POINT ('', (-10.9991099289622, 126.585222092001, -15.4999759594791));
#8961 = B_SPLINE_CURVE_WITH_KNOTS ('', 1, (#8959, #8960), .UNSPECIFIED., .F., .U., (2, 2), (0., 0.249999999998725), .UNSPECIFIED.);
#8962 = EDGE_CURVE ('', #8958, #7900, #8961, .T.);
#8963 = ORIENTED_EDGE ('', *, *, #8962, .F.);
#8964 = CARTESIAN_POINT ('', (-11.4991099289596, 126.628799963375, -15.0018786104358));
#8965 = CARTESIAN_POINT ('', (-11.4991099289607, 131.609773453834, -15.4376573241735));
#8966 = CARTESIAN_POINT ('', (-16.4991099289606, 131.609773453833, -15.4376573241734));
#8967 = CARTESIAN_POINT ('', (-21.4991099289606, 131.609773453832, -15.4376573241733));
#8968 = CARTESIAN_POINT ('', (-21.4991099289596, 126.628799963373, -15.0018786104356));
#8969 = (
   BOUNDED_CURVE ()
   B_SPLINE_CURVE (2, (#8964, #8965, #8966, #8967, #8968), .UNSPECIFIED., .F., .U.)
   B_SPLINE_CURVE_WITH_KNOTS ((3, 2, 3), (7.40493132205322E-14, 1.57079632679497, 3.14159265358987), .UNSPECIFIED.)
   CURVE ()
   GEOMETRIC_REPRESENTATION_ITEM ()
   RATIONAL_B_SPLINE_CURVE ((1., 0.707106781186548, 1., 0.707106781186549, 1.))
   REPRESENTATION_ITEM ('')
);
#8970 = EDGE_CURVE ('', #8958, #8950, #8969, .T.);
#8971 = ORIENTED_EDGE ('', *, *, #8970, .T.);
#8972 = EDGE_LOOP ('', (#8955, #8956, #8963, #8971));
#8973 = FACE_OUTER_BOUND ('', #8972, .T.);
#8974 = CARTESIAN_POINT ('', (-11.4991099289596, 126.628799963374, -15.0018786104357));
#8975 = CARTESIAN_POINT ('', (-10.9991099288947, 126.585222091995, -15.4999759595463));
#8976 = CARTESIAN_POINT ('', (-11.4990950457165, 126.824446222988, -15.0189954402132));
#8977 = CARTESIAN_POINT ('', (-10.9990935573272, 126.800432977573, -15.5188044723017));
#8978 = CARTESIAN_POINT ('', (-11.5165191798806, 127.125226234926, -15.0453102814729));
#8979 = CARTESIAN_POINT ('', (-11.018260104908, 127.131290990708, -15.5477507976878));
#8980 = CARTESIAN_POINT ('', (-11.5791456924516, 127.534744610269, -15.0811384968209));
#8981 = CARTESIAN_POINT ('', (-11.0871492687369, 127.58176120359, -15.587161834571));
#8982 = CARTESIAN_POINT ('', (-11.6467399434308, 127.844334352255, -15.1082240895886));
#8983 = CARTESIAN_POINT ('', (-11.1615029448149, 127.92230991978, -15.6169559866158));
#8984 = CARTESIAN_POINT ('', (-11.7356914328931, 128.154423855835, -15.1353534058301));
#8985 = CARTESIAN_POINT ('', (-11.2593495832246, 128.263408373721, -15.6467982344819));
#8986 = CARTESIAN_POINT ('', (-11.8464906610911, 128.462907478188, -15.1623422256695));
#8987 = CARTESIAN_POINT ('', (-11.3812287342439, 128.602740358314, -15.6764859363055));
#8988 = CARTESIAN_POINT ('', (-11.9793564646271, 128.767565953492, -15.1889963885056));
#8989 = CARTESIAN_POINT ('', (-11.5273811181352, 128.937864681152, -15.7058055154255));
#8990 = CARTESIAN_POINT ('', (-12.134209239001, 129.06610836931, -15.2151154654713));
#8991 = CARTESIAN_POINT ('', (-11.6977191699485, 129.266261338556, -15.7345365000882));
#8992 = CARTESIAN_POINT ('', (-12.3106535800451, 129.356222105104, -15.2404971284864));
#8993 = CARTESIAN_POINT ('', (-11.8918079450993, 129.585386447933, -15.7624563294051));
#8994 = CARTESIAN_POINT ('', (-12.5079706780165, 129.63562664251, -15.264941858047));
#8995 = CARTESIAN_POINT ('', (-12.1088567528704, 129.892731439083, -15.7893455319221));
#8996 = CARTESIAN_POINT ('', (-12.7251219557068, 129.902129449845, -15.2882578324866));
#8997 = CARTESIAN_POINT ('', (-12.3477231583325, 130.185884527155, -15.814993103806));
#8998 = CARTESIAN_POINT ('', (-12.9607643317391, 130.153681087373, -15.3102657490617));
#8999 = CARTESIAN_POINT ('', (-12.6069297719711, 130.462591328439, -15.8392018120389));
#9000 = CARTESIAN_POINT ('', (-13.2132768554983, 130.388426772991, -15.3308033353649));
#9001 = CARTESIAN_POINT ('', (-12.8846935481094, 130.720811582623, -15.8617931569727));
#9002 = CARTESIAN_POINT ('', (-13.4807976608636, 130.604751724475, -15.3497293162575));
#9003 = CARTESIAN_POINT ('', (-13.1789664340148, 130.958769029257, -15.8826117359548));
#9004 = CARTESIAN_POINT ('', (-13.761269475963, 130.801317971488, -15.366926634503));
#9005 = CARTESIAN_POINT ('', (-13.4874854306278, 131.174991900975, -15.901528786025));
#9006 = CARTESIAN_POINT ('', (-14.0524914074878, 130.977090887894, -15.3823047720434));
#9007 = CARTESIAN_POINT ('', (-13.8078295553089, 131.368342109023, -15.9184447373196));
#9008 = CARTESIAN_POINT ('', (-14.3521741755174, 131.131354403142, -15.3958010808232));
#9009 = CARTESIAN_POINT ('', (-14.1374806001453, 131.538031975797, -15.9332906769776));
#9010 = CARTESIAN_POINT ('', (-14.6579965135799, 131.263714603107, -15.4073810978222));
#9011 = CARTESIAN_POINT ('', (-14.473885172018, 131.683628195761, -15.9460286956766));
#9012 = CARTESIAN_POINT ('', (-14.9676580570644, 131.374092240658, -15.4170378898146));
#9013 = CARTESIAN_POINT ('', (-14.814512869855, 131.805043597069, -15.9566511668685));
#9014 = CARTESIAN_POINT ('', (-15.2789336800594, 131.462705116453, -15.4247905118891));
#9015 = CARTESIAN_POINT ('', (-15.1569160551535, 131.902517760445, -15.9651790511505));
#9016 = CARTESIAN_POINT ('', (-15.5896999292047, 131.53004262261, -15.430681780308));
#9017 = CARTESIAN_POINT ('', (-15.4987589292174, 131.976589017218, -15.9716594464113));
#9018 = CARTESIAN_POINT ('', (-15.8466454919634, 131.569033780437, -15.4340930645955));
#9019 = CARTESIAN_POINT ('', (-15.7813990482553, 132.019479290828, -15.9754118591277));
#9020 = CARTESIAN_POINT ('', (-16.050020609618, 131.590419765369, -15.4359640958354));
#9021 = CARTESIAN_POINT ('', (-16.0051116776781, 132.043003874253, -15.9774699934916));
#9022 = CARTESIAN_POINT ('', (-16.2519327660968, 131.605447314287, -15.4372788360064));
#9023 = CARTESIAN_POINT ('', (-16.2272150498073, 132.059534178064, -15.9789162076796));
#9024 = CARTESIAN_POINT ('', (-16.4991099289596, 131.612657546863, -15.4379096496181));
#9025 = CARTESIAN_POINT ('', (-16.4991099289596, 132.067465433897, -15.9796101026526));
#9026 = CARTESIAN_POINT ('', (-16.7462870918224, 131.605447314287, -15.4372788360064));
#9027 = CARTESIAN_POINT ('', (-16.7710048081118, 132.059534178064, -15.9789162076796));
#9028 = CARTESIAN_POINT ('', (-16.9481992483011, 131.590419765369, -15.4359640958354));
#9029 = CARTESIAN_POINT ('', (-16.9931081802411, 132.043003874253, -15.9774699934916));
#9030 = CARTESIAN_POINT ('', (-17.1515743659558, 131.569033780437, -15.4340930645955));
#9031 = CARTESIAN_POINT ('', (-17.2168208096639, 132.019479290828, -15.9754118591277));
#9032 = CARTESIAN_POINT ('', (-17.4085199287145, 131.53004262261, -15.430681780308));
#9033 = CARTESIAN_POINT ('', (-17.4994609287018, 131.976589017218, -15.9716594464113));
#9034 = CARTESIAN_POINT ('', (-17.7192861778598, 131.462705116454, -15.4247905118891));
#9035 = CARTESIAN_POINT ('', (-17.8413038027657, 131.902517760445, -15.9651790511505));
#9036 = CARTESIAN_POINT ('', (-18.0305618008548, 131.374092240658, -15.4170378898146));
#9037 = CARTESIAN_POINT ('', (-18.1837069880641, 131.805043597068, -15.9566511668684));
#9038 = CARTESIAN_POINT ('', (-18.3402233443393, 131.263714603107, -15.4073810978222));
#9039 = CARTESIAN_POINT ('', (-18.5243346859012, 131.683628195761, -15.9460286956766));
#9040 = CARTESIAN_POINT ('', (-18.6460456824018, 131.131354403142, -15.3958010808232));
#9041 = CARTESIAN_POINT ('', (-18.8607392577739, 131.538031975797, -15.9332906769776));
#9042 = CARTESIAN_POINT ('', (-18.9457284504314, 130.977090887894, -15.3823047720434));
#9043 = CARTESIAN_POINT ('', (-19.1903903026103, 131.368342109023, -15.9184447373196));
#9044 = CARTESIAN_POINT ('', (-19.2369503819563, 130.801317971489, -15.3669266345031));
#9045 = CARTESIAN_POINT ('', (-19.5107344272915, 131.174991900975, -15.9015287860251));
#9046 = CARTESIAN_POINT ('', (-19.5174221970554, 130.604751724473, -15.3497293162573));
#9047 = CARTESIAN_POINT ('', (-19.8192534239041, 130.958769029255, -15.8826117359545));
#9048 = CARTESIAN_POINT ('', (-19.7849430024216, 130.388426773001, -15.3308033353657));
#9049 = CARTESIAN_POINT ('', (-20.1135263098105, 130.720811582633, -15.8617931569736));
#9050 = CARTESIAN_POINT ('', (-20.0374555261774, 130.153681087339, -15.3102657490587));
#9051 = CARTESIAN_POINT ('', (-20.3912900859452, 130.462591328402, -15.8392018120356));
#9052 = CARTESIAN_POINT ('', (-20.2730979022224, 129.902129449971, -15.2882578324977));
#9053 = CARTESIAN_POINT ('', (-20.6504966995977, 130.185884527294, -15.8149931038182));
#9054 = CARTESIAN_POINT ('', (-20.4902491798656, 129.635626642036, -15.2649418580056));
#9055 = CARTESIAN_POINT ('', (-20.889363105008, 129.892731438562, -15.7893455318766));
#9056 = CARTESIAN_POINT ('', (-20.6875662780123, 129.35622210687, -15.2404971286409));
#9057 = CARTESIAN_POINT ('', (-21.1064119129719, 129.585386449876, -15.7624563295751));
#9058 = CARTESIAN_POINT ('', (-20.8640106184024, 129.066108362717, -15.2151154648945));
#9059 = CARTESIAN_POINT ('', (-21.3005006874033, 129.266261331304, -15.7345364994537));
#9060 = CARTESIAN_POINT ('', (-21.0188633952171, 128.767565978097, -15.1889963906582));
#9061 = CARTESIAN_POINT ('', (-21.4708387419015, 128.937864708217, -15.7058055177935));
#9062 = CARTESIAN_POINT ('', (-21.1517291896438, 128.462907386361, -15.1623422176356));
#9063 = CARTESIAN_POINT ('', (-21.6169911157726, 128.602740257304, -15.6764859274682));
#9064 = CARTESIAN_POINT ('', (-21.2625284518383, 128.154424198539, -15.1353534358129));
#9065 = CARTESIAN_POINT ('', (-21.7388703041881, 128.263408750696, -15.6467982674629));
#9066 = CARTESIAN_POINT ('', (-21.3514798144236, 127.844333073266, -15.1082239776915));
#9067 = CARTESIAN_POINT ('', (-21.836716803033, 127.922308512891, -15.616955863529));
#9068 = CARTESIAN_POINT ('', (-21.4190745389145, 127.534749383522, -15.0811389144264));
#9069 = CARTESIAN_POINT ('', (-21.9110709999739, 127.581766454169, -15.5871622939371));
#9070 = CARTESIAN_POINT ('', (-21.4582146366298, 127.278781576203, -15.0587446330585));
#9071 = CARTESIAN_POINT ('', (-21.9541251074612, 127.300201866115, -15.5625285844321));
#9072 = CARTESIAN_POINT ('', (-21.4796823125496, 127.076180362272, -15.0410193236229));
#9073 = CARTESIAN_POINT ('', (-21.9777395509733, 127.077340530788, -15.5430307440527));
#9074 = CARTESIAN_POINT ('', (-21.4947672642639, 126.875036542507, -15.0234215196553));
#9075 = CARTESIAN_POINT ('', (-21.9943329978592, 126.856082329044, -15.5236731596881));
#9076 = CARTESIAN_POINT ('', (-21.4991099289595, 126.727294595027, -15.0104957741235));
#9077 = CARTESIAN_POINT ('', (-21.9991099290244, 126.693566186815, -15.509454839603));
#9078 = CARTESIAN_POINT ('', (-21.4991099289595, 126.628799963374, -15.0018786104357));
#9079 = CARTESIAN_POINT ('', (-21.9991099290245, 126.585222091995, -15.4999759595463));
#9080 = B_SPLINE_SURFACE_WITH_KNOTS ('', 3, 1, ((#8974, #8975), (#8976, #8977), (#8978, #8979), (#8980, #8981), (#8982, #8983), (#8984, #8985), (#8986, #8987), (#8988, #8989), (#8990, #8991), (#8992, #8993), (#8994, #8995), (#8996, #8997), (#8998, #8999), (#9000, #9001), (#9002, #9003), (#9004, #9005), (#9006, #9007), (#9008, #9009), (#9010, #9011), (#9012, #9013), (#9014, #9015), (#9016, #9017), (#9018, #9019), (#9020, #9021), (#9022, #9023), (#9024, #9025), (#9026, #9027), (#9028, #9029), (#9030, #9031), (#9032, #9033), (#9034, #9035), (#9036, #9037), (#9038, #9039), (#9040, #9041), (#9042, #9043), (#9044, #9045), (#9046, #9047), (#9048, #9049), (#9050, #9051), (#9052, #9053), (#9054, #9055), (#9056, #9057), (#9058, #9059), (#9060, #9061), (#9062, #9063), (#9064, #9065), (#9066, #9067), (#9068, #9069), (#9070, #9071), (#9072, #9073), (#9074, #9075), (#9076, #9077), (#9078, #9079)), .UNSPECIFIED., .F., .F., .U., (4, 1, 1, 1, 1, 1, 1, 1, 1, 1, 1, 1, 1, 1, 1, 1, 1, 1, 1, 1, 1, 1, 1, 1, 1, 1, 1, 1, 1, 1, 1, 1, 1, 1, 1, 1, 1, 1, 1, 1, 1, 1, 1, 1, 1, 1, 1, 1, 1, 1, 4), (2, 2), (0., 0.0208333333333335, 0.0312499999999993, 0.0416666666666661, 0.0520833333333332, 0.0625000000000005, 0.0729166666666669, 0.0833333333333328, 0.0937500000000007, 0.104166666666667, 0.114583333333333, 0.125, 0.135416666666667, 0.145833333333334, 0.15625, 0.166666666666666, 0.177083333333333, 0.1875, 0.197916666666667, 0.208333333333334, 0.21875, 0.229166666666667, 0.234374999999999, 0.239583333333333, 0.25, 0.260416666666667, 0.265625, 0.270833333333333, 0.281249999999999, 0.291666666666667, 0.302083333333334, 0.3125, 0.322916666666667, 0.333333333333333, 0.343750000000001, 0.354166666666667, 0.364583333333334, 0.375, 0.385416666666667, 0.395833333333334, 0.40625, 0.416666666666668, 0.427083333333333, 0.4375, 0.447916666666666, 0.458333333333333, 0.468750000000001, 0.479166666666666, 0.484375, 0.489583333333332, 0.5), (0., 0.250000000032463), .UNSPECIFIED.);
#9081 = ADVANCED_FACE ('', (#8973), #9080, .T.);
#9082 = ORIENTED_EDGE ('', *, *, #8970, .F.);
#9083 = CARTESIAN_POINT ('', (-21.4991099289596, 126.628799963373, -15.0018786104356));
#9084 = CARTESIAN_POINT ('', (-21.4991099289585, 121.647826472914, -14.5660998966979));
#9085 = CARTESIAN_POINT ('', (-16.4991099289586, 121.647826472915, -14.566099896698));
#9086 = CARTESIAN_POINT ('', (-11.4991099289586, 121.647826472916, -14.5660998966981));
#9087 = CARTESIAN_POINT ('', (-11.4991099289596, 126.628799963375, -15.0018786104358));
#9088 = (
   BOUNDED_CURVE ()
   B_SPLINE_CURVE (2, (#9083, #9084, #9085, #9086, #9087), .UNSPECIFIED., .F., .U.)
   B_SPLINE_CURVE_WITH_KNOTS ((3, 2, 3), (3.14159265358987, 4.71238898038476, 6.28318530717966), .UNSPECIFIED.)
   CURVE ()
   GEOMETRIC_REPRESENTATION_ITEM ()
   RATIONAL_B_SPLINE_CURVE ((1., 0.707106781186546, 1., 0.70710678118655, 1.))
   REPRESENTATION_ITEM ('')
);
#9089 = EDGE_CURVE ('', #8950, #8958, #9088, .T.);
#9090 = ORIENTED_EDGE ('', *, *, #9089, .F.);
#9091 = EDGE_LOOP ('', (#9082, #9090));
#9092 = FACE_OUTER_BOUND ('', #9091, .T.);
#9093 = CARTESIAN_POINT ('', (-11.4991099289586, 121.647826472914, -14.566099896698));
#9094 = CARTESIAN_POINT ('', (-11.4991099289586, 131.609773453834, -15.4376573241735));
#9095 = CARTESIAN_POINT ('', (-21.4991099289606, 121.647826472914, -14.566099896698));
#9096 = CARTESIAN_POINT ('', (-21.4991099289606, 131.609773453834, -15.4376573241735));
#9097 = B_SPLINE_SURFACE_WITH_KNOTS ('', 1, 1, ((#9093, #9094), (#9095, #9096)), .UNSPECIFIED., .F., .F., .U., (2, 2), (2, 2), (0.325600644069776, 0.662318158920583), (0.310610165995458, 0.647327680846265), .UNSPECIFIED.);
#9098 = ADVANCED_FACE ('', (#9092), #9097, .T.);
#9099 = ORIENTED_EDGE ('', *, *, #6989, .F.);
#9100 = ORIENTED_EDGE ('', *, *, #6974, .T.);
#9101 = ORIENTED_EDGE ('', *, *, #7004, .F.);
#9102 = ORIENTED_EDGE ('', *, *, #7028, .F.);
#9103 = EDGE_LOOP ('', (#9099, #9100, #9101, #9102));
#9104 = FACE_OUTER_BOUND ('', #9103, .T.);
#9105 = CARTESIAN_POINT ('', (-175.749999999996, 76.9999999999979, 3.50000000000765));
#9106 = CARTESIAN_POINT ('', (-175.749999999996, 76.2499999999981, 3.50000000000756));
#9107 = CARTESIAN_POINT ('', (-176.499999999995, 76.2499999999981, 3.50000000000756));
#9108 = CARTESIAN_POINT ('', (-177.249999999995, 76.249999999998, 3.50000000000755));
#9109 = CARTESIAN_POINT ('', (-177.249999999995, 76.9999999999978, 3.50000000000765));
#9110 = CARTESIAN_POINT ('', (-175.749999999996, 76.999999999999, -5.49999999999211));
#9111 = CARTESIAN_POINT ('', (-175.749999999996, 76.2499999999992, -5.49999999999221));
#9112 = CARTESIAN_POINT ('', (-176.499999999995, 76.2499999999992, -5.49999999999221));
#9113 = CARTESIAN_POINT ('', (-177.249999999995, 76.2499999999992, -5.49999999999222));
#9114 = CARTESIAN_POINT ('', (-177.249999999995, 76.9999999999989, -5.49999999999212));
#9115 = (
   BOUNDED_SURFACE ()
   B_SPLINE_SURFACE (1, 2, ((#9105, #9106, #9107, #9108, #9109), (#9110, #9111, #9112, #9113, #9114)), .UNSPECIFIED., .F., .F., .U.)
   B_SPLINE_SURFACE_WITH_KNOTS ((2, 2), (3, 2, 3), (0., 0.325086659217945), (0., 0.0425537441824523, 0.0851074883649045), .UNSPECIFIED.)
   GEOMETRIC_REPRESENTATION_ITEM ()
   RATIONAL_B_SPLINE_SURFACE (((1., 0.707106781186547, 1., 0.707106781186547, 1.), (1., 0.707106781186547, 1., 0.707106781186547, 1.)))
   REPRESENTATION_ITEM ('')
   SURFACE ()
);
#9116 = ADVANCED_FACE ('', (#9104), #9115, .T.);
#9117 = ORIENTED_EDGE ('', *, *, #7043, .F.);
#9118 = ORIENTED_EDGE ('', *, *, #6952, .T.);
#9119 = ORIENTED_EDGE ('', *, *, #7058, .F.);
#9120 = ORIENTED_EDGE ('', *, *, #7082, .F.);
#9121 = EDGE_LOOP ('', (#9117, #9118, #9119, #9120));
#9122 = FACE_OUTER_BOUND ('', #9121, .T.);
#9123 = CARTESIAN_POINT ('', (-6.39948891361114, 52.339153817808, 3.50000000000441));
#9124 = CARTESIAN_POINT ('', (-6.39948891361111, 51.5891538178081, 3.50000000000431));
#9125 = CARTESIAN_POINT ('', (-7.14948891361093, 51.5891538178081, 3.50000000000431));
#9126 = CARTESIAN_POINT ('', (-7.89948891361075, 51.5891538178081, 3.50000000000431));
#9127 = CARTESIAN_POINT ('', (-7.89948891361078, 52.3391538178079, 3.50000000000441));
#9128 = CARTESIAN_POINT ('', (-6.39948891361114, 52.3391538178092, -5.49999999999533));
#9129 = CARTESIAN_POINT ('', (-6.39948891361111, 51.5891538178093, -5.49999999999543));
#9130 = CARTESIAN_POINT ('', (-7.14948891361093, 51.5891538178093, -5.49999999999543));
#9131 = CARTESIAN_POINT ('', (-7.89948891361075, 51.5891538178093, -5.49999999999543));
#9132 = CARTESIAN_POINT ('', (-7.89948891361078, 52.3391538178091, -5.49999999999533));
#9133 = (
   BOUNDED_SURFACE ()
   B_SPLINE_SURFACE (1, 2, ((#9123, #9124, #9125, #9126, #9127), (#9128, #9129, #9130, #9131, #9132)), .UNSPECIFIED., .F., .F., .U.)
   B_SPLINE_SURFACE_WITH_KNOTS ((2, 2), (3, 2, 3), (0., 0.325086659217944), (0., 0.0425537441824553, 0.0851074883649106), .UNSPECIFIED.)
   GEOMETRIC_REPRESENTATION_ITEM ()
   RATIONAL_B_SPLINE_SURFACE (((1., 0.707106781186547, 1., 0.707106781186547, 1.), (1., 0.707106781186547, 1., 0.707106781186547, 1.)))
   REPRESENTATION_ITEM ('')
   SURFACE ()
);
#9134 = ADVANCED_FACE ('', (#9122), #9133, .T.);
#9135 = ORIENTED_EDGE ('', *, *, #7097, .F.);
#9136 = ORIENTED_EDGE ('', *, *, #6930, .T.);
#9137 = ORIENTED_EDGE ('', *, *, #7112, .F.);
#9138 = ORIENTED_EDGE ('', *, *, #7136, .F.);
#9139 = EDGE_LOOP ('', (#9135, #9136, #9137, #9138));
#9140 = FACE_OUTER_BOUND ('', #9139, .T.);
#9141 = CARTESIAN_POINT ('', (-151.499999999996, 38.4999999999981, 3.50000000000262));
#9142 = CARTESIAN_POINT ('', (-151.499999999996, 37.7499999999983, 3.50000000000252));
#9143 = CARTESIAN_POINT ('', (-152.249999999996, 37.7499999999983, 3.50000000000252));
#9144 = CARTESIAN_POINT ('', (-152.999999999996, 37.7499999999982, 3.50000000000252));
#9145 = CARTESIAN_POINT ('', (-152.999999999996, 38.499999999998, 3.50000000000262));
#9146 = CARTESIAN_POINT ('', (-151.499999999996, 38.4999999999994, -5.49999999999714));
#9147 = CARTESIAN_POINT ('', (-151.499999999996, 37.7499999999995, -5.49999999999724));
#9148 = CARTESIAN_POINT ('', (-152.249999999996, 37.7499999999995, -5.49999999999724));
#9149 = CARTESIAN_POINT ('', (-152.999999999996, 37.7499999999994, -5.49999999999724));
#9150 = CARTESIAN_POINT ('', (-152.999999999996, 38.4999999999992, -5.49999999999714));
#9151 = (
   BOUNDED_SURFACE ()
   B_SPLINE_SURFACE (1, 2, ((#9141, #9142, #9143, #9144, #9145), (#9146, #9147, #9148, #9149, #9150)), .UNSPECIFIED., .F., .F., .U.)
   B_SPLINE_SURFACE_WITH_KNOTS ((2, 2), (3, 2, 3), (0., 0.325086659217945), (0., 0.042553744182455, 0.0851074883649099), .UNSPECIFIED.)
   GEOMETRIC_REPRESENTATION_ITEM ()
   RATIONAL_B_SPLINE_SURFACE (((1., 0.707106781186547, 1., 0.707106781186547, 1.), (1., 0.707106781186547, 1., 0.707106781186547, 1.)))
   REPRESENTATION_ITEM ('')
   SURFACE ()
);
#9152 = ADVANCED_FACE ('', (#9140), #9151, .T.);
#9153 = ORIENTED_EDGE ('', *, *, #7151, .F.);
#9154 = ORIENTED_EDGE ('', *, *, #6908, .T.);
#9155 = ORIENTED_EDGE ('', *, *, #7166, .F.);
#9156 = ORIENTED_EDGE ('', *, *, #7190, .F.);
#9157 = EDGE_LOOP ('', (#9153, #9154, #9155, #9156));
#9158 = FACE_OUTER_BOUND ('', #9157, .T.);
#9159 = CARTESIAN_POINT ('', (-94.4999999999975, 38.499999999998, 3.50000000000263));
#9160 = CARTESIAN_POINT ('', (-94.4999999999974, 37.7499999999982, 3.50000000000253));
#9161 = CARTESIAN_POINT ('', (-95.2499999999972, 37.7499999999982, 3.50000000000252));
#9162 = CARTESIAN_POINT ('', (-95.9999999999971, 37.7499999999981, 3.50000000000252));
#9163 = CARTESIAN_POINT ('', (-95.9999999999971, 38.4999999999979, 3.50000000000261));
#9164 = CARTESIAN_POINT ('', (-94.4999999999974, 38.4999999999992, -5.49999999999715));
#9165 = CARTESIAN_POINT ('', (-94.4999999999974, 37.7499999999994, -5.49999999999724));
#9166 = CARTESIAN_POINT ('', (-95.2499999999972, 37.7499999999993, -5.49999999999725));
#9167 = CARTESIAN_POINT ('', (-95.999999999997, 37.7499999999993, -5.49999999999725));
#9168 = CARTESIAN_POINT ('', (-95.999999999997, 38.4999999999991, -5.49999999999716));
#9169 = (
   BOUNDED_SURFACE ()
   B_SPLINE_SURFACE (1, 2, ((#9159, #9160, #9161, #9162, #9163), (#9164, #9165, #9166, #9167, #9168)), .UNSPECIFIED., .F., .F., .U.)
   B_SPLINE_SURFACE_WITH_KNOTS ((2, 2), (3, 2, 3), (0., 0.325086659217945), (0., 0.0425537441824548, 0.0851074883649095), .UNSPECIFIED.)
   GEOMETRIC_REPRESENTATION_ITEM ()
   RATIONAL_B_SPLINE_SURFACE (((1., 0.707106781186547, 1., 0.707106781186547, 1.), (1., 0.707106781186547, 1., 0.707106781186547, 1.)))
   REPRESENTATION_ITEM ('')
   SURFACE ()
);
#9170 = ADVANCED_FACE ('', (#9158), #9169, .T.);
#9171 = ORIENTED_EDGE ('', *, *, #7205, .F.);
#9172 = ORIENTED_EDGE ('', *, *, #6886, .T.);
#9173 = ORIENTED_EDGE ('', *, *, #7220, .F.);
#9174 = ORIENTED_EDGE ('', *, *, #7244, .F.);
#9175 = EDGE_LOOP ('', (#9171, #9172, #9173, #9174));
#9176 = FACE_OUTER_BOUND ('', #9175, .T.);
#9177 = CARTESIAN_POINT ('', (-42.4999999999991, 24.6580219542973, 3.50000000000082));
#9178 = CARTESIAN_POINT ('', (-42.4999999999992, 23.9080219542975, 3.50000000000072));
#9179 = CARTESIAN_POINT ('', (-43.249999999999, 23.9080219542976, 3.50000000000071));
#9180 = CARTESIAN_POINT ('', (-43.9999999999988, 23.9080219542976, 3.50000000000071));
#9181 = CARTESIAN_POINT ('', (-43.9999999999987, 24.6580219542974, 3.50000000000081));
#9182 = CARTESIAN_POINT ('', (-42.4999999999991, 24.6580219542985, -5.49999999999894));
#9183 = CARTESIAN_POINT ('', (-42.4999999999991, 23.9080219542987, -5.49999999999904));
#9184 = CARTESIAN_POINT ('', (-43.2499999999989, 23.9080219542988, -5.49999999999904));
#9185 = CARTESIAN_POINT ('', (-43.9999999999987, 23.9080219542988, -5.49999999999905));
#9186 = CARTESIAN_POINT ('', (-43.9999999999987, 24.6580219542986, -5.49999999999895));
#9187 = (
   BOUNDED_SURFACE ()
   B_SPLINE_SURFACE (1, 2, ((#9177, #9178, #9179, #9180, #9181), (#9182, #9183, #9184, #9185, #9186)), .UNSPECIFIED., .F., .F., .U.)
   B_SPLINE_SURFACE_WITH_KNOTS ((2, 2), (3, 2, 3), (0., 0.325086659217944), (0., 0.0425537441824543, 0.0851074883649085), .UNSPECIFIED.)
   GEOMETRIC_REPRESENTATION_ITEM ()
   RATIONAL_B_SPLINE_SURFACE (((1., 0.707106781186547, 1., 0.707106781186547, 1.), (1., 0.707106781186547, 1., 0.707106781186547, 1.)))
   REPRESENTATION_ITEM ('')
   SURFACE ()
);
#9188 = ADVANCED_FACE ('', (#9176), #9187, .T.);
#9189 = ORIENTED_EDGE ('', *, *, #7259, .F.);
#9190 = ORIENTED_EDGE ('', *, *, #6864, .T.);
#9191 = ORIENTED_EDGE ('', *, *, #7274, .F.);
#9192 = ORIENTED_EDGE ('', *, *, #7298, .F.);
#9193 = EDGE_LOOP ('', (#9189, #9190, #9191, #9192));
#9194 = FACE_OUTER_BOUND ('', #9193, .T.);
#9195 = CARTESIAN_POINT ('', (-8.00981331588054, 114.994745565627, 3.50000000001262));
#9196 = CARTESIAN_POINT ('', (-8.00981331588049, 114.244745565628, 3.50000000001252));
#9197 = CARTESIAN_POINT ('', (-8.75981331588032, 114.244745565628, 3.50000000001251));
#9198 = CARTESIAN_POINT ('', (-9.50981331588014, 114.244745565628, 3.50000000001249));
#9199 = CARTESIAN_POINT ('', (-9.50981331588019, 114.994745565627, 3.50000000001259));
#9200 = CARTESIAN_POINT ('', (-8.00981331588041, 114.994745565629, -5.49999999998715));
#9201 = CARTESIAN_POINT ('', (-8.00981331588036, 114.244745565629, -5.49999999998725));
#9202 = CARTESIAN_POINT ('', (-8.75981331588019, 114.244745565629, -5.49999999998726));
#9203 = CARTESIAN_POINT ('', (-9.50981331588001, 114.244745565629, -5.49999999998727));
#9204 = CARTESIAN_POINT ('', (-9.50981331588005, 114.994745565629, -5.49999999998717));
#9205 = (
   BOUNDED_SURFACE ()
   B_SPLINE_SURFACE (1, 2, ((#9195, #9196, #9197, #9198, #9199), (#9200, #9201, #9202, #9203, #9204)), .UNSPECIFIED., .F., .F., .U.)
   B_SPLINE_SURFACE_WITH_KNOTS ((2, 2), (3, 2, 3), (0., 0.325086659217945), (0., 0.0425537441824555, 0.0851074883649109), .UNSPECIFIED.)
   GEOMETRIC_REPRESENTATION_ITEM ()
   RATIONAL_B_SPLINE_SURFACE (((1., 0.707106781186547, 1., 0.707106781186547, 1.), (1., 0.707106781186547, 1., 0.707106781186547, 1.)))
   REPRESENTATION_ITEM ('')
   SURFACE ()
);
#9206 = ADVANCED_FACE ('', (#9194), #9205, .T.);
#9207 = ORIENTED_EDGE ('', *, *, #7764, .F.);
#9208 = ORIENTED_EDGE ('', *, *, #7749, .T.);
#9209 = ORIENTED_EDGE ('', *, *, #7779, .T.);
#9210 = ORIENTED_EDGE ('', *, *, #7803, .F.);
#9211 = EDGE_LOOP ('', (#9207, #9208, #9209, #9210));
#9212 = FACE_OUTER_BOUND ('', #9211, .T.);
#9213 = CARTESIAN_POINT ('', (-138.749999999998, 134.500228111647, 3.50000000001516));
#9214 = CARTESIAN_POINT ('', (-138.749999999998, 134.500228111648, -5.4999999999846));
#9215 = CARTESIAN_POINT ('', (-138.749999999998, 133.750228111647, 3.50000000001507));
#9216 = CARTESIAN_POINT ('', (-138.749999999997, 133.750228111648, -5.49999999998469));
#9217 = CARTESIAN_POINT ('', (-137.999999999998, 133.750228111647, 3.50000000001508));
#9218 = CARTESIAN_POINT ('', (-137.999999999998, 133.750228111648, -5.49999999998468));
#9219 = CARTESIAN_POINT ('', (-137.249999999998, 133.750228111647, 3.50000000001509));
#9220 = CARTESIAN_POINT ('', (-137.249999999998, 133.750228111648, -5.49999999998468));
#9221 = CARTESIAN_POINT ('', (-137.249999999998, 134.500228111647, 3.50000000001517));
#9222 = CARTESIAN_POINT ('', (-137.249999999998, 134.500228111648, -5.49999999998459));
#9223 = (
   BOUNDED_SURFACE ()
   B_SPLINE_SURFACE (2, 1, ((#9213, #9214), (#9215, #9216), (#9217, #9218), (#9219, #9220), (#9221, #9222)), .UNSPECIFIED., .F., .F., .U.)
   B_SPLINE_SURFACE_WITH_KNOTS ((3, 2, 3), (2, 2), (0.0851074883649076, 0.127661232547361, 0.170214976729815), (-0.325086659217945, 0.), .UNSPECIFIED.)
   GEOMETRIC_REPRESENTATION_ITEM ()
   RATIONAL_B_SPLINE_SURFACE (((1., 1.), (0.707106781186547, 0.707106781186547), (1., 1.), (0.707106781186547, 0.707106781186547), (1., 1.)))
   REPRESENTATION_ITEM ('')
   SURFACE ()
);
#9224 = ADVANCED_FACE ('', (#9212), #9223, .T.);
#9225 = ORIENTED_EDGE ('', *, *, #7818, .F.);
#9226 = ORIENTED_EDGE ('', *, *, #7727, .T.);
#9227 = ORIENTED_EDGE ('', *, *, #7833, .F.);
#9228 = ORIENTED_EDGE ('', *, *, #7857, .F.);
#9229 = EDGE_LOOP ('', (#9225, #9226, #9227, #9228));
#9230 = FACE_OUTER_BOUND ('', #9229, .T.);
#9231 = CARTESIAN_POINT ('', (-42.249999999999, 134.499999999996, 3.50000000001516));
#9232 = CARTESIAN_POINT ('', (-42.2499999999989, 133.749999999996, 3.50000000001506));
#9233 = CARTESIAN_POINT ('', (-42.9999999999988, 133.749999999996, 3.50000000001505));
#9234 = CARTESIAN_POINT ('', (-43.7499999999986, 133.749999999996, 3.50000000001504));
#9235 = CARTESIAN_POINT ('', (-43.7499999999986, 134.499999999995, 3.50000000001515));
#9236 = CARTESIAN_POINT ('', (-42.2499999999989, 134.499999999997, -5.4999999999846));
#9237 = CARTESIAN_POINT ('', (-42.2499999999989, 133.749999999997, -5.4999999999847));
#9238 = CARTESIAN_POINT ('', (-42.9999999999987, 133.749999999997, -5.49999999998471));
#9239 = CARTESIAN_POINT ('', (-43.7499999999985, 133.749999999997, -5.49999999998472));
#9240 = CARTESIAN_POINT ('', (-43.7499999999986, 134.499999999997, -5.49999999998461));
#9241 = (
   BOUNDED_SURFACE ()
   B_SPLINE_SURFACE (1, 2, ((#9231, #9232, #9233, #9234, #9235), (#9236, #9237, #9238, #9239, #9240)), .UNSPECIFIED., .F., .F., .U.)
   B_SPLINE_SURFACE_WITH_KNOTS ((2, 2), (3, 2, 3), (0., 0.325086659217945), (0., 0.0425537441824554, 0.0851074883649107), .UNSPECIFIED.)
   GEOMETRIC_REPRESENTATION_ITEM ()
   RATIONAL_B_SPLINE_SURFACE (((1., 0.707106781186547, 1., 0.707106781186547, 1.), (1., 0.707106781186547, 1., 0.707106781186547, 1.)))
   REPRESENTATION_ITEM ('')
   SURFACE ()
);
#9242 = ADVANCED_FACE ('', (#9230), #9241, .T.);
#9243 = ORIENTED_EDGE ('', *, *, #8504, .F.);
#9244 = ORIENTED_EDGE ('', *, *, #8639, .T.);
#9245 = ORIENTED_EDGE ('', *, *, #8512, .T.);
#9246 = ORIENTED_EDGE ('', *, *, #8356, .T.);
#9247 = EDGE_LOOP ('', (#9243, #9244, #9245, #9246));
#9248 = FACE_OUTER_BOUND ('', #9247, .T.);
#9249 = CARTESIAN_POINT ('', (-34.1076951545866, 24.3176248247412, -6.05081063380234));
#9250 = CARTESIAN_POINT ('', (-34.6076951545847, 24.2740469533676, -6.54890798284635));
#9251 = CARTESIAN_POINT ('', (-34.1076951545866, 24.2191301930878, -6.04219347011452));
#9252 = CARTESIAN_POINT ('', (-34.6076951545847, 24.165702858549, -6.53942910278976));
#9253 = CARTESIAN_POINT ('', (-34.103352489891, 24.0713882456079, -6.0292677245828));
#9254 = CARTESIAN_POINT ('', (-34.6029182234196, 24.0031867163211, -6.52521078270487));
#9255 = CARTESIAN_POINT ('', (-34.0882675381767, 23.8702444258435, -6.01166992061514));
#9256 = CARTESIAN_POINT ('', (-34.5863247765338, 23.7819285145803, -6.50585319834045));
#9257 = CARTESIAN_POINT ('', (-34.0667998622568, 23.6676432119121, -5.99394461117958));
#9258 = CARTESIAN_POINT ('', (-34.5627103330219, 23.5590671792558, -6.48635535796133));
#9259 = CARTESIAN_POINT ('', (-34.0276597645416, 23.4116754045937, -5.97155032981166));
#9260 = CARTESIAN_POINT ('', (-34.5196562255352, 23.2775025912057, -6.46172164845664));
#9261 = CARTESIAN_POINT ('', (-33.9600650400507, 23.1020917148493, -5.94446526654654));
#9262 = CARTESIAN_POINT ('', (-34.4453020285953, 22.936960532487, -6.43192807886501));
#9263 = CARTESIAN_POINT ('', (-33.8711136774654, 22.7920005895765, -5.91733580842521));
#9264 = CARTESIAN_POINT ('', (-34.3474555297515, 22.595860294687, -6.40208567493156));
#9265 = CARTESIAN_POINT ('', (-33.7603144152708, 22.4835174017543, -5.89034702660247));
#9266 = CARTESIAN_POINT ('', (-34.2255763413374, 22.2565287880827, -6.37239801492655));
#9267 = CARTESIAN_POINT ('', (-33.627448620844, 22.1788588100185, -5.86369285357984));
#9268 = CARTESIAN_POINT ('', (-34.0794239674681, 21.9214043371734, -6.34307842460167));
#9269 = CARTESIAN_POINT ('', (-33.4725958440295, 21.880316425398, -5.83757377934358));
#9270 = CARTESIAN_POINT ('', (-33.9090859129721, 21.5930077140909, -6.3143474429418));
#9271 = CARTESIAN_POINT ('', (-33.2961515036393, 21.5902026812448, -5.81219211559716));
#9272 = CARTESIAN_POINT ('', (-33.7149971385429, 21.2738825955226, -6.28642761282075));
#9273 = CARTESIAN_POINT ('', (-33.0988344054927, 21.3107981460789, -5.78774738623244));
#9274 = CARTESIAN_POINT ('', (-33.4979483305818, 20.9665376068401, -6.25953841051956));
#9275 = CARTESIAN_POINT ('', (-32.8816831278494, 21.0442953381438, -5.76443141174033));
#9276 = CARTESIAN_POINT ('', (-33.2590819251743, 20.6733845181116, -6.23389083857825));
#9277 = CARTESIAN_POINT ('', (-32.6460407518045, 20.7927437007765, -5.74242349517933));
#9278 = CARTESIAN_POINT ('', (-32.9998753115249, 20.3966777170077, -6.20968213036116));
#9279 = CARTESIAN_POINT ('', (-32.3935282280487, 20.5579980151148, -5.72188590887235));
#9280 = CARTESIAN_POINT ('', (-32.7221115353937, 20.1384574627799, -6.18709078542348));
#9281 = CARTESIAN_POINT ('', (-32.1260074226824, 20.3416730636427, -5.70295992798077));
#9282 = CARTESIAN_POINT ('', (-32.4278386494908, 19.9005000161607, -6.16627220644275));
#9283 = CARTESIAN_POINT ('', (-31.8455356075833, 20.1451068166262, -5.68576260973501));
#9284 = CARTESIAN_POINT ('', (-32.1193196528819, 19.6842771444426, -6.14735515637243));
#9285 = CARTESIAN_POINT ('', (-31.5543136760584, 19.9693339002213, -5.67038447219471));
#9286 = CARTESIAN_POINT ('', (-31.7989755282047, 19.4909269363973, -6.1304392050781));
#9287 = CARTESIAN_POINT ('', (-31.2546309080288, 19.8150703849736, -5.6568881634149));
#9288 = CARTESIAN_POINT ('', (-31.4693244833722, 19.3212370696249, -6.11559326542032));
#9289 = CARTESIAN_POINT ('', (-30.9488085699663, 19.682710185008, -5.64530814641591));
#9290 = CARTESIAN_POINT ('', (-31.1329199115036, 19.1756408496629, -6.10285524672143));
#9291 = CARTESIAN_POINT ('', (-30.6391470264818, 19.5723325474573, -5.63565135442346));
#9292 = CARTESIAN_POINT ('', (-30.7922922136707, 19.0542254483571, -6.09223277552973));
#9293 = CARTESIAN_POINT ('', (-30.3278714034868, 19.4837196716619, -5.62789873234894));
#9294 = CARTESIAN_POINT ('', (-30.4498890283763, 18.9567512849821, -6.08370489124776));
#9295 = CARTESIAN_POINT ('', (-30.0171051543415, 19.416382165505, -5.62200746393011));
#9296 = CARTESIAN_POINT ('', (-30.1080461543167, 18.8826800282096, -6.07722449598706));
#9297 = CARTESIAN_POINT ('', (-29.7601595915829, 19.3773910076784, -5.61859617964253));
#9298 = CARTESIAN_POINT ('', (-29.8254060352822, 18.8397897546003, -6.07347208327073));
#9299 = CARTESIAN_POINT ('', (-29.5567844739282, 19.3560050227466, -5.61672514840267));
#9300 = CARTESIAN_POINT ('', (-29.6016934058621, 18.8162651711754, -6.07141394890688));
#9301 = CARTESIAN_POINT ('', (-29.3548723174494, 19.3409774738278, -5.6154104082317));
#9302 = CARTESIAN_POINT ('', (-29.3795900337356, 18.7997348673648, -6.06996773471881));
#9303 = CARTESIAN_POINT ('', (-29.1076951545866, 19.3337672412522, -5.61477959461995));
#9304 = CARTESIAN_POINT ('', (-29.1076951545866, 18.7918036115316, -6.06927383974588));
#9305 = CARTESIAN_POINT ('', (-28.8605179917238, 19.3409774738278, -5.6154104082317));
#9306 = CARTESIAN_POINT ('', (-28.8358002754376, 18.7997348673647, -6.06996773471881));
#9307 = CARTESIAN_POINT ('', (-28.6586058352451, 19.3560050227466, -5.61672514840267));
#9308 = CARTESIAN_POINT ('', (-28.6136969033111, 18.8162651711753, -6.07141394890687));
#9309 = CARTESIAN_POINT ('', (-28.4552307175904, 19.3773910076783, -5.61859617964253));
#9310 = CARTESIAN_POINT ('', (-28.389984273891, 18.8397897546003, -6.07347208327072));
#9311 = CARTESIAN_POINT ('', (-28.1982851548318, 19.416382165505, -5.62200746393011));
#9312 = CARTESIAN_POINT ('', (-28.1073441548566, 18.8826800282096, -6.07722449598706));
#9313 = CARTESIAN_POINT ('', (-27.8875189056864, 19.4837196716619, -5.62789873234894));
#9314 = CARTESIAN_POINT ('', (-27.7655012807968, 18.9567512849821, -6.08370489124776));
#9315 = CARTESIAN_POINT ('', (-27.5762432826914, 19.5723325474573, -5.63565135442346));
#9316 = CARTESIAN_POINT ('', (-27.4230980955025, 19.0542254483571, -6.09223277552974));
#9317 = CARTESIAN_POINT ('', (-27.2665817392069, 19.6827101850081, -5.64530814641591));
#9318 = CARTESIAN_POINT ('', (-27.0824703976696, 19.1756408496629, -6.10285524672143));
#9319 = CARTESIAN_POINT ('', (-26.9607594011445, 19.8150703849737, -5.65688816341491));
#9320 = CARTESIAN_POINT ('', (-26.746065825801, 19.321237069625, -6.11559326542032));
#9321 = CARTESIAN_POINT ('', (-26.6610766331148, 19.9693339002211, -5.67038447219469));
#9322 = CARTESIAN_POINT ('', (-26.4164147809686, 19.4909269363971, -6.13043920507808));
#9323 = CARTESIAN_POINT ('', (-26.36985470159, 20.1451068166268, -5.68576260973507));
#9324 = CARTESIAN_POINT ('', (-26.0960706562914, 19.6842771444433, -6.14735515637249));
#9325 = CARTESIAN_POINT ('', (-26.0893828864906, 20.3416730636402, -5.70295992798055));
#9326 = CARTESIAN_POINT ('', (-25.7875516596821, 19.900500016158, -6.16627220644252));
#9327 = CARTESIAN_POINT ('', (-25.8218620811253, 20.5579980151239, -5.72188590887314));
#9328 = CARTESIAN_POINT ('', (-25.4932787737804, 20.1384574627899, -6.18709078542436));
#9329 = CARTESIAN_POINT ('', (-25.5693495573661, 20.7927437007425, -5.74242349517636));
#9330 = CARTESIAN_POINT ('', (-25.2155149976454, 20.3966777169703, -6.20968213035789));
#9331 = CARTESIAN_POINT ('', (-25.3337071813338, 21.0442953382706, -5.76443141175142));
#9332 = CARTESIAN_POINT ('', (-24.9563083840099, 20.6733845182512, -6.23389083859045));
#9333 = CARTESIAN_POINT ('', (-25.1165559036435, 21.3107981456055, -5.78774738619103));
#9334 = CARTESIAN_POINT ('', (-24.7174419785507, 20.9665376063195, -6.25953841047401));
#9335 = CARTESIAN_POINT ('', (-24.9192388056722, 21.5902026830114, -5.81219211575171));
#9336 = CARTESIAN_POINT ('', (-24.5003931707824, 21.2738825974658, -6.28642761299075));
#9337 = CARTESIAN_POINT ('', (-24.742794464628, 21.880316418805, -5.83757377876678));
#9338 = CARTESIAN_POINT ('', (-24.3063043956338, 21.5930077068387, -6.31434744230731));
#9339 = CARTESIAN_POINT ('', (-24.5879416902542, 22.1788588346235, -5.8636928557325));
#9340 = CARTESIAN_POINT ('', (-24.1359663438226, 21.9214043642389, -6.3430784269696));
#9341 = CARTESIAN_POINT ('', (-24.4550758867181, 22.483517309927, -5.89034701856862));
#9342 = CARTESIAN_POINT ('', (-23.989813959933, 22.2565286870727, -6.37239800608932));
#9343 = CARTESIAN_POINT ('', (-24.3442766585201, 22.7920009322806, -5.91733583840793));
#9344 = CARTESIAN_POINT ('', (-23.8679348089152, 22.5958606716615, -6.40208570791255));
#9345 = CARTESIAN_POINT ('', (-24.2553251690578, 23.1020904358601, -5.94446515464948));
#9346 = CARTESIAN_POINT ('', (-23.7700881705067, 22.9369591255988, -6.43192795577824));
#9347 = CARTESIAN_POINT ('', (-24.1877309180786, 23.4116801778467, -5.97155074741718));
#9348 = CARTESIAN_POINT ('', (-23.6957344944297, 23.2775078417839, -6.46172210782271));
#9349 = CARTESIAN_POINT ('', (-24.1251044055077, 23.821198553189, -6.00737896276515));
#9350 = CARTESIAN_POINT ('', (-23.6268453306016, 23.7279780546604, -6.50113314470546));
#9351 = CARTESIAN_POINT ('', (-24.1076802713435, 24.1219785651272, -6.03369380402489));
#9352 = CARTESIAN_POINT ('', (-23.6076787830211, 24.0588360677923, -6.53007947009116));
#9353 = CARTESIAN_POINT ('', (-24.1076951545867, 24.3176248247412, -6.05081063380234));
#9354 = CARTESIAN_POINT ('', (-23.6076951545885, 24.2740469533676, -6.54890798284635));
#9355 = B_SPLINE_SURFACE_WITH_KNOTS ('', 3, 1, ((#9249, #9250), (#9251, #9252), (#9253, #9254), (#9255, #9256), (#9257, #9258), (#9259, #9260), (#9261, #9262), (#9263, #9264), (#9265, #9266), (#9267, #9268), (#9269, #9270), (#9271, #9272), (#9273, #9274), (#9275, #9276), (#9277, #9278), (#9279, #9280), (#9281, #9282), (#9283, #9284), (#9285, #9286), (#9287, #9288), (#9289, #9290), (#9291, #9292), (#9293, #9294), (#9295, #9296), (#9297, #9298), (#9299, #9300), (#9301, #9302), (#9303, #9304), (#9305, #9306), (#9307, #9308), (#9309, #9310), (#9311, #9312), (#9313, #9314), (#9315, #9316), (#9317, #9318), (#9319, #9320), (#9321, #9322), (#9323, #9324), (#9325, #9326), (#9327, #9328), (#9329, #9330), (#9331, #9332), (#9333, #9334), (#9335, #9336), (#9337, #9338), (#9339, #9340), (#9341, #9342), (#9343, #9344), (#9345, #9346), (#9347, #9348), (#9349, #9350), (#9351, #9352), (#9353, #9354)), .UNSPECIFIED., .F., .F., .U., (4, 1, 1, 1, 1, 1, 1, 1, 1, 1, 1, 1, 1, 1, 1, 1, 1, 1, 1, 1, 1, 1, 1, 1, 1, 1, 1, 1, 1, 1, 1, 1, 1, 1, 1, 1, 1, 1, 1, 1, 1, 1, 1, 1, 1, 1, 1, 1, 1, 1, 4), (2, 2), (0.5, 0.510416666666668, 0.515625, 0.520833333333332, 0.53125, 0.541666666666666, 0.552083333333333, 0.5625, 0.572916666666667, 0.583333333333333, 0.59375, 0.604166666666666, 0.614583333333333, 0.625, 0.635416666666666, 0.645833333333334, 0.656249999999999, 0.666666666666667, 0.677083333333333, 0.687499999999999, 0.697916666666667, 0.708333333333334, 0.718750000000001, 0.729166666666666, 0.734375, 0.739583333333334, 0.75, 0.760416666666668, 0.765625000000001, 0.770833333333332, 0.78125, 0.791666666666666, 0.802083333333333, 0.8125, 0.822916666666667, 0.833333333333333, 0.84375, 0.854166666666666, 0.864583333333333, 0.875, 0.885416666666666, 0.895833333333333, 0.90625, 0.916666666666667, 0.927083333333333, 0.9375, 0.947916666666667, 0.958333333333333, 0.96875, 0.979166666666667, 1.), (0., 0.249999999999066), .UNSPECIFIED.);
#9356 = ADVANCED_FACE ('', (#9248), #9355, .T.);
#9357 = ORIENTED_EDGE ('', *, *, #8654, .F.);
#9358 = ORIENTED_EDGE ('', *, *, #8789, .T.);
#9359 = ORIENTED_EDGE ('', *, *, #8662, .T.);
#9360 = ORIENTED_EDGE ('', *, *, #8222, .T.);
#9361 = EDGE_LOOP ('', (#9357, #9358, #9359, #9360));
#9362 = FACE_OUTER_BOUND ('', #9361, .T.);
#9363 = CARTESIAN_POINT ('', (-173.999999999999, 126.628799963375, -15.0018786104358));
#9364 = CARTESIAN_POINT ('', (-174.500000000063, 126.585222091995, -15.4999759595463));
#9365 = CARTESIAN_POINT ('', (-173.999999999999, 126.530305331721, -14.993261446748));
#9366 = CARTESIAN_POINT ('', (-174.500000000063, 126.476877997175, -15.4904970794896));
#9367 = CARTESIAN_POINT ('', (-173.995657335303, 126.382563384241, -14.9803357012162));
#9368 = CARTESIAN_POINT ('', (-174.495223068898, 126.314361854945, -15.4762787594046));
#9369 = CARTESIAN_POINT ('', (-173.980572383589, 126.181419564477, -14.9627378972486));
#9370 = CARTESIAN_POINT ('', (-174.478629622012, 126.093103653202, -15.4569211750399));
#9371 = CARTESIAN_POINT ('', (-173.959104707669, 125.978818350546, -14.945012587813));
#9372 = CARTESIAN_POINT ('', (-174.4550151785, 125.870242317875, -15.4374233346606));
#9373 = CARTESIAN_POINT ('', (-173.919964609954, 125.722850543227, -14.9226183064451));
#9374 = CARTESIAN_POINT ('', (-174.411961071013, 125.588677729821, -15.4127896251556));
#9375 = CARTESIAN_POINT ('', (-173.852369885463, 125.413266853483, -14.89553324318));
#9376 = CARTESIAN_POINT ('', (-174.337606874072, 125.248135671098, -15.3829960555636));
#9377 = CARTESIAN_POINT ('', (-173.763418522877, 125.10317572821, -14.8684037850586));
#9378 = CARTESIAN_POINT ('', (-174.239760375227, 124.907035433294, -15.3531536516298));
#9379 = CARTESIAN_POINT ('', (-173.652619260683, 124.794692540388, -14.8414150032359));
#9380 = CARTESIAN_POINT ('', (-174.117881186812, 124.567703926686, -15.3234659916244));
#9381 = CARTESIAN_POINT ('', (-173.519753466256, 124.490033948652, -14.8147608302133));
#9382 = CARTESIAN_POINT ('', (-173.971728812941, 124.232579475772, -15.2941464012991));
#9383 = CARTESIAN_POINT ('', (-173.364900689441, 124.191491564031, -14.788641755977));
#9384 = CARTESIAN_POINT ('', (-173.801390758442, 123.904182852686, -15.2654154196389));
#9385 = CARTESIAN_POINT ('', (-173.188456349051, 123.901377819878, -14.7632600922306));
#9386 = CARTESIAN_POINT ('', (-173.607301984011, 123.585057734114, -15.2374955895175));
#9387 = CARTESIAN_POINT ('', (-172.991139250905, 123.621973284712, -14.7388153628659));
#9388 = CARTESIAN_POINT ('', (-173.390253176047, 123.277712745428, -15.210606387216));
#9389 = CARTESIAN_POINT ('', (-172.773987973262, 123.355470476777, -14.7154993883738));
#9390 = CARTESIAN_POINT ('', (-173.151386770637, 122.984559656696, -15.1849588152744));
#9391 = CARTESIAN_POINT ('', (-172.538345597217, 123.10391883941, -14.6934914718128));
#9392 = CARTESIAN_POINT ('', (-172.892180156984, 122.707852855588, -15.160750107057));
#9393 = CARTESIAN_POINT ('', (-172.285833073461, 122.869173153748, -14.6729538855058));
#9394 = CARTESIAN_POINT ('', (-172.61441638085, 122.449632601357, -15.1381587621191));
#9395 = CARTESIAN_POINT ('', (-172.018312268094, 122.652848202276, -14.6540279046142));
#9396 = CARTESIAN_POINT ('', (-172.320143494943, 122.211675154735, -15.1173401831381));
#9397 = CARTESIAN_POINT ('', (-171.737840452995, 122.45628195526, -14.6368305863684));
#9398 = CARTESIAN_POINT ('', (-172.011624498331, 121.995452283014, -15.0984231330675));
#9399 = CARTESIAN_POINT ('', (-171.44661852147, 122.280509038855, -14.6214524488281));
#9400 = CARTESIAN_POINT ('', (-171.691280373649, 121.802102074967, -15.081507181773));
#9401 = CARTESIAN_POINT ('', (-171.146935753441, 122.126245523607, -14.6079561400483));
#9402 = CARTESIAN_POINT ('', (-171.361629328813, 121.632412208192, -15.066661242115));
#9403 = CARTESIAN_POINT ('', (-170.841113415378, 121.993885323641, -14.5963761230493));
#9404 = CARTESIAN_POINT ('', (-171.02522475694, 121.486815988229, -15.053923223416));
#9405 = CARTESIAN_POINT ('', (-170.531451871894, 121.883507686091, -14.5867193310569));
#9406 = CARTESIAN_POINT ('', (-170.684597059103, 121.365400586921, -15.0433007522242));
#9407 = CARTESIAN_POINT ('', (-170.220176248899, 121.794894810295, -14.5789667089824));
#9408 = CARTESIAN_POINT ('', (-170.342193873805, 121.267926423545, -15.0347728679421));
#9409 = CARTESIAN_POINT ('', (-169.909409999754, 121.727557304138, -14.5730754405635));
#9410 = CARTESIAN_POINT ('', (-170.000350999741, 121.193855166772, -15.0282924726813));
#9411 = CARTESIAN_POINT ('', (-169.652464436995, 121.688566146312, -14.569664156276));
#9412 = CARTESIAN_POINT ('', (-169.717710880703, 121.150964893162, -15.0245400599649));
#9413 = CARTESIAN_POINT ('', (-169.44908931934, 121.66718016138, -14.5677931250361));
#9414 = CARTESIAN_POINT ('', (-169.49399825128, 121.127440309737, -15.0224819256011));
#9415 = CARTESIAN_POINT ('', (-169.247177162861, 121.652152612461, -14.5664783848651));
#9416 = CARTESIAN_POINT ('', (-169.271894879151, 121.110910005926, -15.021035711413));
#9417 = CARTESIAN_POINT ('', (-168.999999999999, 121.644942379886, -14.5658475712534));
#9418 = CARTESIAN_POINT ('', (-168.999999999999, 121.102978750093, -15.02034181644));
#9419 = CARTESIAN_POINT ('', (-168.752822837136, 121.652152612461, -14.5664783848651));
#9420 = CARTESIAN_POINT ('', (-168.728105120846, 121.110910005926, -15.021035711413));
#9421 = CARTESIAN_POINT ('', (-168.550910680657, 121.66718016138, -14.5677931250361));
#9422 = CARTESIAN_POINT ('', (-168.506001748717, 121.127440309737, -15.0224819256011));
#9423 = CARTESIAN_POINT ('', (-168.347535563002, 121.688566146312, -14.569664156276));
#9424 = CARTESIAN_POINT ('', (-168.282289119294, 121.150964893162, -15.0245400599649));
#9425 = CARTESIAN_POINT ('', (-168.090590000244, 121.727557304138, -14.5730754405635));
#9426 = CARTESIAN_POINT ('', (-167.999649000257, 121.193855166772, -15.0282924726813));
#9427 = CARTESIAN_POINT ('', (-167.779823751098, 121.794894810295, -14.5789667089824));
#9428 = CARTESIAN_POINT ('', (-167.657806126193, 121.267926423545, -15.0347728679421));
#9429 = CARTESIAN_POINT ('', (-167.468548128103, 121.883507686091, -14.5867193310569));
#9430 = CARTESIAN_POINT ('', (-167.315402940894, 121.365400586921, -15.0433007522242));
#9431 = CARTESIAN_POINT ('', (-167.158886584619, 121.993885323641, -14.5963761230493));
#9432 = CARTESIAN_POINT ('', (-166.974775243057, 121.486815988229, -15.053923223416));
#9433 = CARTESIAN_POINT ('', (-166.853064246556, 122.126245523607, -14.6079561400483));
#9434 = CARTESIAN_POINT ('', (-166.638370671184, 121.632412208192, -15.066661242115));
#9435 = CARTESIAN_POINT ('', (-166.553381478527, 122.280509038855, -14.6214524488281));
#9436 = CARTESIAN_POINT ('', (-166.308719626348, 121.802102074967, -15.081507181773));
#9437 = CARTESIAN_POINT ('', (-166.262159547002, 122.45628195526, -14.6368305863685));
#9438 = CARTESIAN_POINT ('', (-165.988375501667, 121.995452283015, -15.0984231330676));
#9439 = CARTESIAN_POINT ('', (-165.981687731903, 122.652848202274, -14.654027904614));
#9440 = CARTESIAN_POINT ('', (-165.679856505054, 122.211675154732, -15.1173401831378));
#9441 = CARTESIAN_POINT ('', (-165.714166926537, 122.869173153757, -14.6729538855066));
#9442 = CARTESIAN_POINT ('', (-165.385583619149, 122.449632601367, -15.1381587621199));
#9443 = CARTESIAN_POINT ('', (-165.461654402778, 123.103918839376, -14.6934914718098));
#9444 = CARTESIAN_POINT ('', (-165.10781984301, 122.707852855551, -15.1607501070537));
#9445 = CARTESIAN_POINT ('', (-165.226012026746, 123.355470476904, -14.7154993883849));
#9446 = CARTESIAN_POINT ('', (-164.848613229372, 122.984559656835, -15.1849588152866));
#9447 = CARTESIAN_POINT ('', (-165.008860749056, 123.621973284239, -14.7388153628245));
#9448 = CARTESIAN_POINT ('', (-164.609746823909, 123.277712744907, -15.2106063871705));
#9449 = CARTESIAN_POINT ('', (-164.811543651084, 123.901377821645, -14.7632600923851));
#9450 = CARTESIAN_POINT ('', (-164.392698016138, 123.585057736057, -15.2374955896875));
#9451 = CARTESIAN_POINT ('', (-164.63509931004, 124.191491557438, -14.7886417554002));
#9452 = CARTESIAN_POINT ('', (-164.198609240988, 123.904182845434, -15.2654154190044));
#9453 = CARTESIAN_POINT ('', (-164.480246535666, 124.490033973257, -14.8147608323659));
#9454 = CARTESIAN_POINT ('', (-164.028271189174, 124.232579502838, -15.2941464036671));
#9455 = CARTESIAN_POINT ('', (-164.34738073213, 124.79469244856, -14.8414149952021));
#9456 = CARTESIAN_POINT ('', (-163.882118805283, 124.567703825676, -15.3234659827872));
#9457 = CARTESIAN_POINT ('', (-164.236581503932, 125.103176070914, -14.8684038150414));
#9458 = CARTESIAN_POINT ('', (-163.760239654264, 124.907035810269, -15.3531536846107));
#9459 = CARTESIAN_POINT ('', (-164.14763001447, 125.413265574494, -14.8955331312829));
#9460 = CARTESIAN_POINT ('', (-163.662393015854, 125.24813426421, -15.3829959324768));
#9461 = CARTESIAN_POINT ('', (-164.080035763491, 125.72285531648, -14.9226187240506));
#9462 = CARTESIAN_POINT ('', (-163.588039339776, 125.588682980399, -15.4127900845216));
#9463 = CARTESIAN_POINT ('', (-164.01740925092, 126.132373691822, -14.9584469393986));
#9464 = CARTESIAN_POINT ('', (-163.519150175947, 126.039153193281, -15.4522011214049));
#9465 = CARTESIAN_POINT ('', (-163.999985116756, 126.433153703761, -14.9847617806583));
#9466 = CARTESIAN_POINT ('', (-163.499983628366, 126.370011206417, -15.4811474467909));
#9467 = CARTESIAN_POINT ('', (-163.999999999999, 126.628799963375, -15.0018786104358));
#9468 = CARTESIAN_POINT ('', (-163.499999999934, 126.585222091995, -15.4999759595463));
#9469 = B_SPLINE_SURFACE_WITH_KNOTS ('', 3, 1, ((#9363, #9364), (#9365, #9366), (#9367, #9368), (#9369, #9370), (#9371, #9372), (#9373, #9374), (#9375, #9376), (#9377, #9378), (#9379, #9380), (#9381, #9382), (#9383, #9384), (#9385, #9386), (#9387, #9388), (#9389, #9390), (#9391, #9392), (#9393, #9394), (#9395, #9396), (#9397, #9398), (#9399, #9400), (#9401, #9402), (#9403, #9404), (#9405, #9406), (#9407, #9408), (#9409, #9410), (#9411, #9412), (#9413, #9414), (#9415, #9416), (#9417, #9418), (#9419, #9420), (#9421, #9422), (#9423, #9424), (#9425, #9426), (#9427, #9428), (#9429, #9430), (#9431, #9432), (#9433, #9434), (#9435, #9436), (#9437, #9438), (#9439, #9440), (#9441, #9442), (#9443, #9444), (#9445, #9446), (#9447, #9448), (#9449, #9450), (#9451, #9452), (#9453, #9454), (#9455, #9456), (#9457, #9458), (#9459, #9460), (#9461, #9462), (#9463, #9464), (#9465, #9466), (#9467, #9468)), .UNSPECIFIED., .F., .F., .U., (4, 1, 1, 1, 1, 1, 1, 1, 1, 1, 1, 1, 1, 1, 1, 1, 1, 1, 1, 1, 1, 1, 1, 1, 1, 1, 1, 1, 1, 1, 1, 1, 1, 1, 1, 1, 1, 1, 1, 1, 1, 1, 1, 1, 1, 1, 1, 1, 1, 1, 4), (2, 2), (0.5, 0.510416666666668, 0.515625, 0.520833333333332, 0.53125, 0.541666666666666, 0.552083333333333, 0.5625, 0.572916666666667, 0.583333333333333, 0.59375, 0.604166666666666, 0.614583333333333, 0.625, 0.635416666666666, 0.645833333333334, 0.656249999999999, 0.666666666666667, 0.677083333333333, 0.687499999999999, 0.697916666666667, 0.708333333333334, 0.718750000000001, 0.729166666666666, 0.734375, 0.739583333333334, 0.75, 0.760416666666668, 0.765625000000001, 0.770833333333332, 0.78125, 0.791666666666666, 0.802083333333333, 0.8125, 0.822916666666667, 0.833333333333333, 0.84375, 0.854166666666666, 0.864583333333333, 0.875, 0.885416666666666, 0.895833333333333, 0.90625, 0.916666666666667, 0.927083333333333, 0.9375, 0.947916666666667, 0.958333333333333, 0.96875, 0.979166666666667, 1.), (0., 0.250000000032464), .UNSPECIFIED.);
#9470 = ADVANCED_FACE ('', (#9362), #9469, .T.);
#9471 = ORIENTED_EDGE ('', *, *, #8804, .F.);
#9472 = ORIENTED_EDGE ('', *, *, #8939, .T.);
#9473 = ORIENTED_EDGE ('', *, *, #8812, .T.);
#9474 = ORIENTED_EDGE ('', *, *, #8088, .T.);
#9475 = EDGE_LOOP ('', (#9471, #9472, #9473, #9474));
#9476 = FACE_OUTER_BOUND ('', #9475, .T.);
#9477 = CARTESIAN_POINT ('', (-173.999999999999, 45.9370294179425, -7.94226344788513));
#9478 = CARTESIAN_POINT ('', (-174.500000000064, 45.893451546563, -8.44036079699568));
#9479 = CARTESIAN_POINT ('', (-173.999999999999, 45.8385347862891, -7.93364628419732));
#9480 = CARTESIAN_POINT ('', (-174.500000000064, 45.7851074517431, -8.43088191693897));
#9481 = CARTESIAN_POINT ('', (-173.995657335304, 45.6907928388092, -7.92072053866559));
#9482 = CARTESIAN_POINT ('', (-174.495223068899, 45.6225913095133, -8.41666359685391));
#9483 = CARTESIAN_POINT ('', (-173.980572383589, 45.4896490190448, -7.90312273469794));
#9484 = CARTESIAN_POINT ('', (-174.478629622013, 45.4013331077698, -8.39730601248925));
#9485 = CARTESIAN_POINT ('', (-173.959104707669, 45.2870478051134, -7.88539742526237));
#9486 = CARTESIAN_POINT ('', (-174.455015178501, 45.1784717724426, -8.3778081721099));
#9487 = CARTESIAN_POINT ('', (-173.919964609954, 45.031079997795, -7.86300314389445));
#9488 = CARTESIAN_POINT ('', (-174.411961071013, 44.8969071843891, -8.3531744626049));
#9489 = CARTESIAN_POINT ('', (-173.852369885463, 44.7214963080506, -7.83591808062933));
#9490 = CARTESIAN_POINT ('', (-174.337606874073, 44.5563651256662, -8.32338089301292));
#9491 = CARTESIAN_POINT ('', (-173.763418522878, 44.4114051827778, -7.808788622508));
#9492 = CARTESIAN_POINT ('', (-174.239760375228, 44.2152648878621, -8.2935384890791));
#9493 = CARTESIAN_POINT ('', (-173.652619260683, 44.1029219949556, -7.78179984068526));
#9494 = CARTESIAN_POINT ('', (-174.117881186812, 43.8759333812537, -8.26385082907374));
#9495 = CARTESIAN_POINT ('', (-173.519753466256, 43.7982634032197, -7.75514566766263));
#9496 = CARTESIAN_POINT ('', (-173.971728812941, 43.5408089303403, -8.2345312387485));
#9497 = CARTESIAN_POINT ('', (-173.364900689442, 43.4997210185992, -7.72902659342638));
#9498 = CARTESIAN_POINT ('', (-173.801390758443, 43.2124123072538, -8.20580025708828));
#9499 = CARTESIAN_POINT ('', (-173.188456349052, 43.2096072744461, -7.70364492967995));
#9500 = CARTESIAN_POINT ('', (-173.607301984011, 42.8932871886816, -8.17788042696688));
#9501 = CARTESIAN_POINT ('', (-172.991139250905, 42.9302027392801, -7.67920020031523));
#9502 = CARTESIAN_POINT ('', (-173.390253176048, 42.5859421999954, -8.15099122466538));
#9503 = CARTESIAN_POINT ('', (-172.773987973262, 42.663699931345, -7.65588422582312));
#9504 = CARTESIAN_POINT ('', (-173.151386770637, 42.2927891112634, -8.12534365272375));
#9505 = CARTESIAN_POINT ('', (-172.538345597217, 42.4121482939777, -7.63387630926212));
#9506 = CARTESIAN_POINT ('', (-172.892180156985, 42.0160823101561, -8.10113494450637));
#9507 = CARTESIAN_POINT ('', (-172.285833073461, 42.1774026083161, -7.61333872295514));
#9508 = CARTESIAN_POINT ('', (-172.61441638085, 41.7578620559252, -8.07854359956842));
#9509 = CARTESIAN_POINT ('', (-172.018312268095, 41.9610776568439, -7.59441274206356));
#9510 = CARTESIAN_POINT ('', (-172.320143494944, 41.5199046093031, -8.05772502058743));
#9511 = CARTESIAN_POINT ('', (-171.737840452996, 41.7645114098275, -7.5772154238178));
#9512 = CARTESIAN_POINT ('', (-172.011624498331, 41.3036817375824, -8.03880797051688));
#9513 = CARTESIAN_POINT ('', (-171.446618521471, 41.5887384934225, -7.5618372862775));
#9514 = CARTESIAN_POINT ('', (-171.69128037365, 41.1103315295347, -8.02189201922235));
#9515 = CARTESIAN_POINT ('', (-171.146935753441, 41.4344749781749, -7.54834097749769));
#9516 = CARTESIAN_POINT ('', (-171.361629328813, 40.9406416627602, -8.00704607956438));
#9517 = CARTESIAN_POINT ('', (-170.841113415379, 41.3021147782093, -7.5367609604987));
#9518 = CARTESIAN_POINT ('', (-171.025224756941, 40.7950454427964, -7.99430806086534));
#9519 = CARTESIAN_POINT ('', (-170.531451871894, 41.1917371406586, -7.52710416850625));
#9520 = CARTESIAN_POINT ('', (-170.684597059104, 40.6736300414891, -7.98368558967352));
#9521 = CARTESIAN_POINT ('', (-170.220176248899, 41.1031242648631, -7.51935154643173));
#9522 = CARTESIAN_POINT ('', (-170.342193873805, 40.576155878113, -7.97515770539144));
#9523 = CARTESIAN_POINT ('', (-169.909409999754, 41.0357867587063, -7.5134602780129));
#9524 = CARTESIAN_POINT ('', (-170.000350999741, 40.5020846213396, -7.96867731013066));
#9525 = CARTESIAN_POINT ('', (-169.652464436995, 40.9967956008796, -7.51004899372532));
#9526 = CARTESIAN_POINT ('', (-169.717710880703, 40.4591943477297, -7.96492489741428));
#9527 = CARTESIAN_POINT ('', (-169.449089319341, 40.9754096159479, -7.50817796248546));
#9528 = CARTESIAN_POINT ('', (-169.493998251281, 40.4356697643045, -7.96286676305041));
#9529 = CARTESIAN_POINT ('', (-169.247177162862, 40.9603820670291, -7.50686322231449));
#9530 = CARTESIAN_POINT ('', (-169.271894879151, 40.4191394604937, -7.96142054886232));
#9531 = CARTESIAN_POINT ('', (-168.999999999999, 40.9531718344535, -7.50623240870274));
#9532 = CARTESIAN_POINT ('', (-168.999999999999, 40.4112082046604, -7.96072665388939));
#9533 = CARTESIAN_POINT ('', (-168.752822837136, 40.9603820670291, -7.50686322231449));
#9534 = CARTESIAN_POINT ('', (-168.728105120847, 40.4191394604937, -7.96142054886232));
#9535 = CARTESIAN_POINT ('', (-168.550910680658, 40.9754096159478, -7.50817796248546));
#9536 = CARTESIAN_POINT ('', (-168.506001748718, 40.4356697643045, -7.9628667630504));
#9537 = CARTESIAN_POINT ('', (-168.347535563003, 40.9967956008796, -7.51004899372532));
#9538 = CARTESIAN_POINT ('', (-168.282289119295, 40.4591943477297, -7.96492489741427));
#9539 = CARTESIAN_POINT ('', (-168.090590000244, 41.0357867587063, -7.5134602780129));
#9540 = CARTESIAN_POINT ('', (-167.999649000257, 40.5020846213396, -7.96867731013066));
#9541 = CARTESIAN_POINT ('', (-167.779823751099, 41.1031242648631, -7.51935154643173));
#9542 = CARTESIAN_POINT ('', (-167.657806126193, 40.576155878113, -7.97515770539144));
#9543 = CARTESIAN_POINT ('', (-167.468548128104, 41.1917371406586, -7.52710416850625));
#9544 = CARTESIAN_POINT ('', (-167.315402940895, 40.6736300414892, -7.98368558967352));
#9545 = CARTESIAN_POINT ('', (-167.158886584619, 41.3021147782094, -7.5367609604987));
#9546 = CARTESIAN_POINT ('', (-166.974775243058, 40.7950454427964, -7.99430806086534));
#9547 = CARTESIAN_POINT ('', (-166.853064246557, 41.434474978175, -7.5483409774977));
#9548 = CARTESIAN_POINT ('', (-166.638370671185, 40.9406416627603, -8.00704607956439));
#9549 = CARTESIAN_POINT ('', (-166.553381478527, 41.5887384934223, -7.56183728627749));
#9550 = CARTESIAN_POINT ('', (-166.308719626348, 41.1103315295344, -8.02189201922233));
#9551 = CARTESIAN_POINT ('', (-166.262159547003, 41.7645114098281, -7.57721542381786));
#9552 = CARTESIAN_POINT ('', (-165.988375501667, 41.3036817375831, -8.03880797051694));
#9553 = CARTESIAN_POINT ('', (-165.981687731903, 41.9610776568415, -7.59441274206334));
#9554 = CARTESIAN_POINT ('', (-165.679856505054, 41.5199046093003, -8.0577250205872));
#9555 = CARTESIAN_POINT ('', (-165.714166926538, 42.1774026083252, -7.61333872295594));
#9556 = CARTESIAN_POINT ('', (-165.385583619149, 41.7578620559352, -8.07854359956929));
#9557 = CARTESIAN_POINT ('', (-165.461654402779, 42.4121482939438, -7.63387630925915));
#9558 = CARTESIAN_POINT ('', (-165.107819843011, 42.0160823101187, -8.1011349445031));
#9559 = CARTESIAN_POINT ('', (-165.226012026746, 42.6636999314719, -7.65588422583421));
#9560 = CARTESIAN_POINT ('', (-164.848613229372, 42.2927891114029, -8.12534365273595));
#9561 = CARTESIAN_POINT ('', (-165.008860749056, 42.9302027388068, -7.67920020027382));
#9562 = CARTESIAN_POINT ('', (-164.60974682391, 42.5859421994748, -8.15099122461982));
#9563 = CARTESIAN_POINT ('', (-164.811543651085, 43.2096072762127, -7.70364492983451));
#9564 = CARTESIAN_POINT ('', (-164.392698016139, 42.8932871906248, -8.17788042713689));
#9565 = CARTESIAN_POINT ('', (-164.635099310041, 43.4997210120063, -7.72902659284957));
#9566 = CARTESIAN_POINT ('', (-164.198609240988, 43.2124123000016, -8.20580025645379));
#9567 = CARTESIAN_POINT ('', (-164.480246535667, 43.7982634278248, -7.7551456698153));
#9568 = CARTESIAN_POINT ('', (-164.028271189175, 43.5408089574058, -8.23453124111643));
#9569 = CARTESIAN_POINT ('', (-164.347380732131, 44.1029219031283, -7.78179983265141));
#9570 = CARTESIAN_POINT ('', (-163.882118805283, 43.8759332802437, -8.2638508202365));
#9571 = CARTESIAN_POINT ('', (-164.236581503933, 44.4114055254819, -7.80878865249072));
#9572 = CARTESIAN_POINT ('', (-163.760239654264, 44.2152652648366, -8.29353852206009));
#9573 = CARTESIAN_POINT ('', (-164.14763001447, 44.7214950290613, -7.83591796873227));
#9574 = CARTESIAN_POINT ('', (-163.662393015854, 44.556363718778, -8.32338076992615));
#9575 = CARTESIAN_POINT ('', (-164.080035763491, 45.0310847710479, -7.86300356149997));
#9576 = CARTESIAN_POINT ('', (-163.588039339776, 44.8969124349673, -8.35317492197098));
#9577 = CARTESIAN_POINT ('', (-164.01740925092, 45.4406031463903, -7.89883177684794));
#9578 = CARTESIAN_POINT ('', (-163.519150175948, 45.3473826478493, -8.3925859588542));
#9579 = CARTESIAN_POINT ('', (-163.999985116756, 45.7413831583285, -7.92514661810768));
#9580 = CARTESIAN_POINT ('', (-163.499983628367, 45.6782406609851, -8.42153228424026));
#9581 = CARTESIAN_POINT ('', (-163.999999999999, 45.9370294179425, -7.94226344788513));
#9582 = CARTESIAN_POINT ('', (-163.499999999934, 45.8934515465631, -8.44036079699568));
#9583 = B_SPLINE_SURFACE_WITH_KNOTS ('', 3, 1, ((#9477, #9478), (#9479, #9480), (#9481, #9482), (#9483, #9484), (#9485, #9486), (#9487, #9488), (#9489, #9490), (#9491, #9492), (#9493, #9494), (#9495, #9496), (#9497, #9498), (#9499, #9500), (#9501, #9502), (#9503, #9504), (#9505, #9506), (#9507, #9508), (#9509, #9510), (#9511, #9512), (#9513, #9514), (#9515, #9516), (#9517, #9518), (#9519, #9520), (#9521, #9522), (#9523, #9524), (#9525, #9526), (#9527, #9528), (#9529, #9530), (#9531, #9532), (#9533, #9534), (#9535, #9536), (#9537, #9538), (#9539, #9540), (#9541, #9542), (#9543, #9544), (#9545, #9546), (#9547, #9548), (#9549, #9550), (#9551, #9552), (#9553, #9554), (#9555, #9556), (#9557, #9558), (#9559, #9560), (#9561, #9562), (#9563, #9564), (#9565, #9566), (#9567, #9568), (#9569, #9570), (#9571, #9572), (#9573, #9574), (#9575, #9576), (#9577, #9578), (#9579, #9580), (#9581, #9582)), .UNSPECIFIED., .F., .F., .U., (4, 1, 1, 1, 1, 1, 1, 1, 1, 1, 1, 1, 1, 1, 1, 1, 1, 1, 1, 1, 1, 1, 1, 1, 1, 1, 1, 1, 1, 1, 1, 1, 1, 1, 1, 1, 1, 1, 1, 1, 1, 1, 1, 1, 1, 1, 1, 1, 1, 1, 4), (2, 2), (0.5, 0.510416666666668, 0.515625, 0.520833333333332, 0.53125, 0.541666666666666, 0.552083333333333, 0.5625, 0.572916666666667, 0.583333333333333, 0.59375, 0.604166666666666, 0.614583333333333, 0.625, 0.635416666666666, 0.645833333333334, 0.656249999999999, 0.666666666666667, 0.677083333333333, 0.687499999999999, 0.697916666666667, 0.708333333333334, 0.718750000000001, 0.729166666666666, 0.734375, 0.739583333333334, 0.75, 0.760416666666668, 0.765625000000001, 0.770833333333332, 0.78125, 0.791666666666666, 0.802083333333333, 0.8125, 0.822916666666667, 0.833333333333333, 0.84375, 0.854166666666666, 0.864583333333333, 0.875, 0.885416666666666, 0.895833333333333, 0.90625, 0.916666666666667, 0.927083333333333, 0.9375, 0.947916666666667, 0.958333333333333, 0.96875, 0.979166666666667, 1.), (0., 0.25000000003246), .UNSPECIFIED.);
#9584 = ADVANCED_FACE ('', (#9476), #9583, .T.);
#9585 = ORIENTED_EDGE ('', *, *, #8954, .F.);
#9586 = ORIENTED_EDGE ('', *, *, #9089, .T.);
#9587 = ORIENTED_EDGE ('', *, *, #8962, .T.);
#9588 = ORIENTED_EDGE ('', *, *, #7954, .T.);
#9589 = EDGE_LOOP ('', (#9585, #9586, #9587, #9588));
#9590 = FACE_OUTER_BOUND ('', #9589, .T.);
#9591 = CARTESIAN_POINT ('', (-21.4991099289595, 126.628799963374, -15.0018786104357));
#9592 = CARTESIAN_POINT ('', (-21.9991099290245, 126.585222091995, -15.4999759595463));
#9593 = CARTESIAN_POINT ('', (-21.4991099289595, 126.530305331721, -14.9932614467479));
#9594 = CARTESIAN_POINT ('', (-21.9991099290245, 126.476877997175, -15.4904970794896));
#9595 = CARTESIAN_POINT ('', (-21.494767264264, 126.382563384241, -14.9803357012162));
#9596 = CARTESIAN_POINT ('', (-21.9943329978593, 126.314361854945, -15.4762787594045));
#9597 = CARTESIAN_POINT ('', (-21.4796823125496, 126.181419564476, -14.9627378972485));
#9598 = CARTESIAN_POINT ('', (-21.9777395509733, 126.093103653201, -15.4569211750399));
#9599 = CARTESIAN_POINT ('', (-21.4582146366297, 125.978818350545, -14.945012587813));
#9600 = CARTESIAN_POINT ('', (-21.9541251074611, 125.870242317874, -15.4374233346605));
#9601 = CARTESIAN_POINT ('', (-21.4190745389145, 125.722850543227, -14.9226183064451));
#9602 = CARTESIAN_POINT ('', (-21.9110709999739, 125.588677729821, -15.4127896251555));
#9603 = CARTESIAN_POINT ('', (-21.3514798144237, 125.413266853482, -14.8955332431799));
#9604 = CARTESIAN_POINT ('', (-21.8367168030331, 125.248135671098, -15.3829960555635));
#9605 = CARTESIAN_POINT ('', (-21.2625284518384, 125.103175728209, -14.8684037850586));
#9606 = CARTESIAN_POINT ('', (-21.7388703041881, 124.907035433294, -15.3531536516297));
#9607 = CARTESIAN_POINT ('', (-21.1517291896437, 124.794692540387, -14.8414150032359));
#9608 = CARTESIAN_POINT ('', (-21.6169911157726, 124.567703926685, -15.3234659916243));
#9609 = CARTESIAN_POINT ('', (-21.018863395217, 124.490033948651, -14.8147608302132));
#9610 = CARTESIAN_POINT ('', (-21.4708387419015, 124.232579475772, -15.2941464012991));
#9611 = CARTESIAN_POINT ('', (-20.8640106184024, 124.191491564031, -14.788641755977));
#9612 = CARTESIAN_POINT ('', (-21.3005006874034, 123.904182852685, -15.2654154196389));
#9613 = CARTESIAN_POINT ('', (-20.6875662780122, 123.901377819878, -14.7632600922306));
#9614 = CARTESIAN_POINT ('', (-21.1064119129719, 123.585057734113, -15.2374955895175));
#9615 = CARTESIAN_POINT ('', (-20.4902491798656, 123.621973284712, -14.7388153628658));
#9616 = CARTESIAN_POINT ('', (-20.8893631050081, 123.277712745427, -15.210606387216));
#9617 = CARTESIAN_POINT ('', (-20.2730979022224, 123.355470476777, -14.7154993883737));
#9618 = CARTESIAN_POINT ('', (-20.6504966995977, 122.984559656695, -15.1849588152744));
#9619 = CARTESIAN_POINT ('', (-20.0374555261775, 123.103918839409, -14.6934914718127));
#9620 = CARTESIAN_POINT ('', (-20.3912900859452, 122.707852855588, -15.160750107057));
#9621 = CARTESIAN_POINT ('', (-19.7849430024217, 122.869173153748, -14.6729538855057));
#9622 = CARTESIAN_POINT ('', (-20.1135263098105, 122.449632601357, -15.138158762119));
#9623 = CARTESIAN_POINT ('', (-19.5174221970553, 122.652848202276, -14.6540279046142));
#9624 = CARTESIAN_POINT ('', (-19.8192534239041, 122.211675154735, -15.117340183138));
#9625 = CARTESIAN_POINT ('', (-19.2369503819563, 122.456281955259, -14.6368305863684));
#9626 = CARTESIAN_POINT ('', (-19.5107344272915, 121.995452283014, -15.0984231330675));
#9627 = CARTESIAN_POINT ('', (-18.9457284504314, 122.280509038854, -14.6214524488281));
#9628 = CARTESIAN_POINT ('', (-19.1903903026103, 121.802102074966, -15.081507181773));
#9629 = CARTESIAN_POINT ('', (-18.6460456824017, 122.126245523607, -14.6079561400483));
#9630 = CARTESIAN_POINT ('', (-18.8607392577738, 121.632412208192, -15.066661242115));
#9631 = CARTESIAN_POINT ('', (-18.3402233443393, 121.993885323641, -14.5963761230493));
#9632 = CARTESIAN_POINT ('', (-18.5243346859012, 121.486815988228, -15.0539232234159));
#9633 = CARTESIAN_POINT ('', (-18.0305618008548, 121.88350768609, -14.5867193310568));
#9634 = CARTESIAN_POINT ('', (-18.1837069880642, 121.365400586921, -15.0433007522241));
#9635 = CARTESIAN_POINT ('', (-17.7192861778597, 121.794894810295, -14.5789667089823));
#9636 = CARTESIAN_POINT ('', (-17.8413038027656, 121.267926423545, -15.034772867942));
#9637 = CARTESIAN_POINT ('', (-17.4085199287145, 121.727557304138, -14.5730754405635));
#9638 = CARTESIAN_POINT ('', (-17.4994609287018, 121.193855166771, -15.0282924726813));
#9639 = CARTESIAN_POINT ('', (-17.1515743659558, 121.688566146311, -14.5696641562759));
#9640 = CARTESIAN_POINT ('', (-17.2168208096639, 121.150964893161, -15.0245400599649));
#9641 = CARTESIAN_POINT ('', (-16.9481992483011, 121.66718016138, -14.5677931250361));
#9642 = CARTESIAN_POINT ('', (-16.9931081802411, 121.127440309736, -15.022481925601));
#9643 = CARTESIAN_POINT ('', (-16.7462870918224, 121.652152612461, -14.5664783848651));
#9644 = CARTESIAN_POINT ('', (-16.7710048081119, 121.110910005925, -15.0210357114129));
#9645 = CARTESIAN_POINT ('', (-16.4991099289596, 121.644942379885, -14.5658475712533));
#9646 = CARTESIAN_POINT ('', (-16.4991099289596, 121.102978750092, -15.02034181644));
#9647 = CARTESIAN_POINT ('', (-16.2519327660968, 121.652152612461, -14.5664783848651));
#9648 = CARTESIAN_POINT ('', (-16.2272150498073, 121.110910005925, -15.0210357114129));
#9649 = CARTESIAN_POINT ('', (-16.050020609618, 121.667180161379, -14.5677931250361));
#9650 = CARTESIAN_POINT ('', (-16.0051116776781, 121.127440309736, -15.022481925601));
#9651 = CARTESIAN_POINT ('', (-15.8466454919634, 121.688566146311, -14.5696641562759));
#9652 = CARTESIAN_POINT ('', (-15.7813990482552, 121.150964893161, -15.0245400599649));
#9653 = CARTESIAN_POINT ('', (-15.5896999292047, 121.727557304138, -14.5730754405635));
#9654 = CARTESIAN_POINT ('', (-15.4987589292174, 121.193855166771, -15.0282924726813));
#9655 = CARTESIAN_POINT ('', (-15.2789336800594, 121.794894810295, -14.5789667089823));
#9656 = CARTESIAN_POINT ('', (-15.1569160551535, 121.267926423545, -15.034772867942));
#9657 = CARTESIAN_POINT ('', (-14.9676580570644, 121.88350768609, -14.5867193310568));
#9658 = CARTESIAN_POINT ('', (-14.814512869855, 121.365400586921, -15.0433007522241));
#9659 = CARTESIAN_POINT ('', (-14.6579965135799, 121.993885323641, -14.5963761230493));
#9660 = CARTESIAN_POINT ('', (-14.473885172018, 121.486815988228, -15.0539232234159));
#9661 = CARTESIAN_POINT ('', (-14.3521741755174, 122.126245523607, -14.6079561400483));
#9662 = CARTESIAN_POINT ('', (-14.1374806001453, 121.632412208192, -15.066661242115));
#9663 = CARTESIAN_POINT ('', (-14.0524914074878, 122.280509038854, -14.6214524488281));
#9664 = CARTESIAN_POINT ('', (-13.8078295553089, 121.802102074966, -15.0815071817729));
#9665 = CARTESIAN_POINT ('', (-13.761269475963, 122.45628195526, -14.6368305863685));
#9666 = CARTESIAN_POINT ('', (-13.4874854306278, 121.995452283015, -15.0984231330675));
#9667 = CARTESIAN_POINT ('', (-13.4807976608636, 122.652848202273, -14.6540279046139));
#9668 = CARTESIAN_POINT ('', (-13.1789664340148, 122.211675154732, -15.1173401831378));
#9669 = CARTESIAN_POINT ('', (-13.2132768554983, 122.869173153757, -14.6729538855065));
#9670 = CARTESIAN_POINT ('', (-12.8846935481094, 122.449632601367, -15.1381587621199));
#9671 = CARTESIAN_POINT ('', (-12.9607643317391, 123.103918839375, -14.6934914718098));
#9672 = CARTESIAN_POINT ('', (-12.6069297719711, 122.70785285555, -15.1607501070537));
#9673 = CARTESIAN_POINT ('', (-12.7251219557068, 123.355470476903, -14.7154993883848));
#9674 = CARTESIAN_POINT ('', (-12.3477231583325, 122.984559656835, -15.1849588152866));
#9675 = CARTESIAN_POINT ('', (-12.5079706780165, 123.621973284238, -14.7388153628244));
#9676 = CARTESIAN_POINT ('', (-12.1088567528703, 123.277712744906, -15.2106063871704));
#9677 = CARTESIAN_POINT ('', (-12.3106535800452, 123.901377821644, -14.7632600923851));
#9678 = CARTESIAN_POINT ('', (-11.8918079450994, 123.585057736056, -15.2374955896875));
#9679 = CARTESIAN_POINT ('', (-12.134209239001, 124.191491557438, -14.7886417554002));
#9680 = CARTESIAN_POINT ('', (-11.6977191699484, 123.904182845433, -15.2654154190044));
#9681 = CARTESIAN_POINT ('', (-11.9793564646271, 124.490033973256, -14.8147608323659));
#9682 = CARTESIAN_POINT ('', (-11.5273811181352, 124.232579502837, -15.294146403667));
#9683 = CARTESIAN_POINT ('', (-11.8464906610911, 124.79469244856, -14.841414995202));
#9684 = CARTESIAN_POINT ('', (-11.3812287342438, 124.567703825675, -15.3234659827871));
#9685 = CARTESIAN_POINT ('', (-11.7356914328931, 125.103176070914, -14.8684038150413));
#9686 = CARTESIAN_POINT ('', (-11.2593495832246, 124.907035810268, -15.3531536846107));
#9687 = CARTESIAN_POINT ('', (-11.6467399434308, 125.413265574493, -14.8955331312829));
#9688 = CARTESIAN_POINT ('', (-11.1615029448149, 125.24813426421, -15.3829959324768));
#9689 = CARTESIAN_POINT ('', (-11.5791456924516, 125.72285531648, -14.9226187240506));
#9690 = CARTESIAN_POINT ('', (-11.0871492687369, 125.588682980399, -15.4127900845216));
#9691 = CARTESIAN_POINT ('', (-11.5165191798807, 126.132373691822, -14.9584469393985));
#9692 = CARTESIAN_POINT ('', (-11.0182601049081, 126.039153193281, -15.4522011214048));
#9693 = CARTESIAN_POINT ('', (-11.4990950457165, 126.43315370376, -14.9847617806583));
#9694 = CARTESIAN_POINT ('', (-10.9990935573273, 126.370011206417, -15.4811474467909));
#9695 = CARTESIAN_POINT ('', (-11.4991099289596, 126.628799963374, -15.0018786104357));
#9696 = CARTESIAN_POINT ('', (-10.9991099288947, 126.585222091995, -15.4999759595463));
#9697 = B_SPLINE_SURFACE_WITH_KNOTS ('', 3, 1, ((#9591, #9592), (#9593, #9594), (#9595, #9596), (#9597, #9598), (#9599, #9600), (#9601, #9602), (#9603, #9604), (#9605, #9606), (#9607, #9608), (#9609, #9610), (#9611, #9612), (#9613, #9614), (#9615, #9616), (#9617, #9618), (#9619, #9620), (#9621, #9622), (#9623, #9624), (#9625, #9626), (#9627, #9628), (#9629, #9630), (#9631, #9632), (#9633, #9634), (#9635, #9636), (#9637, #9638), (#9639, #9640), (#9641, #9642), (#9643, #9644), (#9645, #9646), (#9647, #9648), (#9649, #9650), (#9651, #9652), (#9653, #9654), (#9655, #9656), (#9657, #9658), (#9659, #9660), (#9661, #9662), (#9663, #9664), (#9665, #9666), (#9667, #9668), (#9669, #9670), (#9671, #9672), (#9673, #9674), (#9675, #9676), (#9677, #9678), (#9679, #9680), (#9681, #9682), (#9683, #9684), (#9685, #9686), (#9687, #9688), (#9689, #9690), (#9691, #9692), (#9693, #9694), (#9695, #9696)), .UNSPECIFIED., .F., .F., .U., (4, 1, 1, 1, 1, 1, 1, 1, 1, 1, 1, 1, 1, 1, 1, 1, 1, 1, 1, 1, 1, 1, 1, 1, 1, 1, 1, 1, 1, 1, 1, 1, 1, 1, 1, 1, 1, 1, 1, 1, 1, 1, 1, 1, 1, 1, 1, 1, 1, 1, 4), (2, 2), (0.5, 0.510416666666668, 0.515625, 0.520833333333332, 0.53125, 0.541666666666666, 0.552083333333333, 0.5625, 0.572916666666667, 0.583333333333333, 0.59375, 0.604166666666666, 0.614583333333333, 0.625, 0.635416666666666, 0.645833333333334, 0.656249999999999, 0.666666666666667, 0.677083333333333, 0.687499999999999, 0.697916666666667, 0.708333333333334, 0.718750000000001, 0.729166666666666, 0.734375, 0.739583333333334, 0.75, 0.760416666666668, 0.765625000000001, 0.770833333333332, 0.78125, 0.791666666666666, 0.802083333333333, 0.8125, 0.822916666666667, 0.833333333333333, 0.84375, 0.854166666666666, 0.864583333333333, 0.875, 0.885416666666666, 0.895833333333333, 0.90625, 0.916666666666667, 0.927083333333333, 0.9375, 0.947916666666667, 0.958333333333333, 0.96875, 0.979166666666667, 1.), (0., 0.250000000032463), .UNSPECIFIED.);
#9698 = ADVANCED_FACE ('', (#9590), #9697, .T.);
#9699 = CLOSED_SHELL ('', (#139, #179, #215, #243, #431, #474, #585, #617, #657, #697, #760, #796, #836, #872, #914, #942, #1016, #1085, #1119, #1165, #1271, #1318, #1424, #1471, #1564, #1611, #1689, #1728, #1760, #1788, #1820, #1848, #1880, #1908, #1940, #1968, #2002, #2039, #2069, #2164, #2239, #2273, #2309, #2423, #2454, #2493, #2521, #2592, #2620, #2659, #2746, #2774, #2808, #2881, #2948, #2968, #2997, #3159, #3187, #3252, #3332, #3479, #3544, #3586, #3622, #3701, #3737, #3776, #3819, #4167, #4195, #4224, #4296, #4325, #4361, #4400, #4428, #4467, #4495, #4531, #4612, #4648, #4676, #4712, #4895, #4936, #4979, #5107, #5139, #5179, #5219, #5261, #5431, #5467, #5548, #5567, #5583, #5612, #5636, #5666, #5777, #5833, #5869, #5899, #5936, #5975, #6058, #6094, #6173, #6257, #6293, #6309, #6325, #6346, #6374, #6400, #6458, #6484, #6512, #6538, #6584, #6606, #6665, #6712, #6755, #6783, #6983, #7020, #7037, #7074, #7091, #7128, #7145, #7182, #7199, #7236, #7253, #7290, #7307, #7327, #7343, #7359, #7481, #7615, #7679, #7758, #7795, #7812, #7849, #7866, #7882, #8498, #8631, #8648, #8781, #8798, #8931, #8948, #9081, #9098, #9116, #9134, #9152, #9170, #9188, #9206, #9224, #9242, #9356, #9470, #9584, #9698));
#9700 = MANIFOLD_SOLID_BREP ('', #9699);
#9701 = PRESENTATION_LAYER_ASSIGNMENT ('Level 8', 'Level 8', (#9700));
#9702 = COLOUR_RGB ('', 1., 0.333333333333333, 0.498039215686275);
#9703 = FILL_AREA_STYLE_COLOUR ('', #9702);
#9704 = FILL_AREA_STYLE ('', (#9703));
#9705 = SURFACE_STYLE_FILL_AREA (#9704);
#9706 = SURFACE_SIDE_STYLE ('', (#9705));
#9707 = SURFACE_STYLE_USAGE (.POSITIVE., #9706);
#9708 = PRESENTATION_STYLE_ASSIGNMENT ((#9707));
#9709 = STYLED_ITEM ('', (#9708), #9700);
#9710 = (
   LENGTH_UNIT ()
   NAMED_UNIT (*)
   SI_UNIT ($, .METRE.)
);
#9711 = (
   NAMED_UNIT (*)
   SI_UNIT ($, .STERADIAN.)
   SOLID_ANGLE_UNIT ()
);
#9712 = (
   NAMED_UNIT (*)
   PLANE_ANGLE_UNIT ()
   SI_UNIT ($, .RADIAN.)
);
#9713 = UNCERTAINTY_MEASURE_WITH_UNIT (LENGTH_MEASURE(0.001), #9710, 'DISTANCE_ACCURACY_VALUE', '');
#9714 = (
   GEOMETRIC_REPRESENTATION_CONTEXT (3)
   GLOBAL_UNCERTAINTY_ASSIGNED_CONTEXT ((#9713))
   GLOBAL_UNIT_ASSIGNED_CONTEXT ((#9710, #9711, #9712))
   REPRESENTATION_CONTEXT ('', '3D')
);
#9715 = SHAPE_REPRESENTATION ('', (#9843), #9714);
#9716 = APPLICATION_CONTEXT ('configuration controlled 3D designs of mechanical parts and assemblies');
#9717 = APPLICATION_PROTOCOL_DEFINITION ('International Standard', 'config_control_design', 1997, #9716);
#9718 = MECHANICAL_CONTEXT ('', #9716, 'mechanical');
#9719 = PRODUCT ('', '', '', (#9718));
#9720 = PERSON_AND_ORGANIZATION_ROLE ('design_owner');
#9721 = PERSON ('#9721', '', $, $, $, $);
#9722 = ORGANIZATION ($, '', '');
#9723 = PERSON_AND_ORGANIZATION (#9721, #9722);
#9724 = CC_DESIGN_PERSON_AND_ORGANIZATION_ASSIGNMENT (#9723, #9720, (#9719));
#9725 = PRODUCT_RELATED_PRODUCT_CATEGORY ('detail', $, (#9719));
#9726 = PRODUCT_DEFINITION_FORMATION_WITH_SPECIFIED_SOURCE ('', '', #9719, .NOT_KNOWN.);
#9727 = APPROVAL_STATUS ('approved');
#9728 = APPROVAL (#9727, '');
#9729 = CALENDAR_DATE (2026, 9, 7);
#9730 = COORDINATED_UNIVERSAL_TIME_OFFSET (0, $, .AHEAD.);
#9731 = LOCAL_TIME (18, 28, 49., #9730);
#9732 = DATE_AND_TIME (#9729, #9731);
#9733 = APPROVAL_DATE_TIME (#9732, #9728);
#9734 = APPROVAL_ROLE ('');
#9735 = PERSON ('#9735', '', $, $, $, $);
#9736 = ORGANIZATION ($, '', '');
#9737 = PERSON_AND_ORGANIZATION (#9735, #9736);
#9738 = APPROVAL_PERSON_ORGANIZATION (#9737, #9728, #9734);
#9739 = CC_DESIGN_APPROVAL (#9728, (#9726));
#9740 = PERSON_AND_ORGANIZATION_ROLE ('creator');
#9741 = PERSON ('#9741', '', $, $, $, $);
#9742 = ORGANIZATION ($, '', '');
#9743 = PERSON_AND_ORGANIZATION (#9741, #9742);
#9744 = CC_DESIGN_PERSON_AND_ORGANIZATION_ASSIGNMENT (#9743, #9740, (#9726));
#9745 = PERSON_AND_ORGANIZATION_ROLE ('part_supplier');
#9746 = PERSON ('#9746', '', $, $, $, $);
#9747 = ORGANIZATION ($, '', '');
#9748 = PERSON_AND_ORGANIZATION (#9746, #9747);
#9749 = CC_DESIGN_PERSON_AND_ORGANIZATION_ASSIGNMENT (#9748, #9745, (#9726));
#9750 = SECURITY_CLASSIFICATION_LEVEL ('unclassified');
#9751 = SECURITY_CLASSIFICATION ('', '', #9750);
#9752 = APPROVAL_STATUS ('approved');
#9753 = APPROVAL (#9752, '');
#9754 = CALENDAR_DATE (2026, 9, 7);
#9755 = COORDINATED_UNIVERSAL_TIME_OFFSET (0, $, .AHEAD.);
#9756 = LOCAL_TIME (18, 28, 49., #9755);
#9757 = DATE_AND_TIME (#9754, #9756);
#9758 = APPROVAL_DATE_TIME (#9757, #9753);
#9759 = APPROVAL_ROLE ('');
#9760 = PERSON ('#9760', '', $, $, $, $);
#9761 = ORGANIZATION ($, '', '');
#9762 = PERSON_AND_ORGANIZATION (#9760, #9761);
#9763 = APPROVAL_PERSON_ORGANIZATION (#9762, #9753, #9759);
#9764 = CC_DESIGN_APPROVAL (#9753, (#9751));
#9765 = DATE_TIME_ROLE ('classification_date');
#9766 = CALENDAR_DATE (2026, 9, 7);
#9767 = COORDINATED_UNIVERSAL_TIME_OFFSET (0, $, .AHEAD.);
#9768 = LOCAL_TIME (18, 28, 49., #9767);
#9769 = DATE_AND_TIME (#9766, #9768);
#9770 = CC_DESIGN_DATE_AND_TIME_ASSIGNMENT (#9769, #9765, (#9751));
#9771 = PERSON_AND_ORGANIZATION_ROLE ('classification_officer');
#9772 = PERSON ('#9772', '', $, $, $, $);
#9773 = ORGANIZATION ($, '', '');
#9774 = PERSON_AND_ORGANIZATION (#9772, #9773);
#9775 = CC_DESIGN_PERSON_AND_ORGANIZATION_ASSIGNMENT (#9774, #9771, (#9751));
#9776 = CC_DESIGN_SECURITY_CLASSIFICATION (#9751, (#9726));
#9777 = DESIGN_CONTEXT ('', #9716, 'design');
#9778 = APPROVAL_STATUS ('approved');
#9779 = APPROVAL (#9778, '');
#9780 = CALENDAR_DATE (2026, 9, 7);
#9781 = COORDINATED_UNIVERSAL_TIME_OFFSET (0, $, .AHEAD.);
#9782 = LOCAL_TIME (18, 28, 49., #9781);
#9783 = DATE_AND_TIME (#9780, #9782);
#9784 = APPROVAL_DATE_TIME (#9783, #9779);
#9785 = APPROVAL_ROLE ('');
#9786 = PERSON ('#9786', '', $, $, $, $);
#9787 = ORGANIZATION ($, '', '');
#9788 = PERSON_AND_ORGANIZATION (#9786, #9787);
#9789 = APPROVAL_PERSON_ORGANIZATION (#9788, #9779, #9785);
#9790 = CC_DESIGN_APPROVAL (#9779, (*));
#9791 = DATE_TIME_ROLE ('creation_date');
#9792 = CALENDAR_DATE (2026, 9, 7);
#9793 = COORDINATED_UNIVERSAL_TIME_OFFSET (0, $, .AHEAD.);
#9794 = LOCAL_TIME (18, 28, 49., #9793);
#9795 = DATE_AND_TIME (#9792, #9794);
#9796 = CC_DESIGN_DATE_AND_TIME_ASSIGNMENT (#9795, #9791, (*));
#9797 = PERSON_AND_ORGANIZATION_ROLE ('creator');
#9798 = PERSON ('#9798', '', $, $, $, $);
#9799 = ORGANIZATION ($, '', '');
#9800 = PERSON_AND_ORGANIZATION (#9798, #9799);
#9801 = CC_DESIGN_PERSON_AND_ORGANIZATION_ASSIGNMENT (#9800, #9797, (*));
#9802 = PRODUCT_DEFINITION ('', '', #9726, #9777);
#9803 = PRODUCT_DEFINITION_SHAPE ('', '', #9802);
#9804 = SHAPE_DEFINITION_REPRESENTATION (#9803, #9715);
#9805 = SHAPE_REPRESENTATION_RELATIONSHIP ('', '', #9715, #9806);
#9806 = ADVANCED_BREP_SHAPE_REPRESENTATION ('', (#9700), #9714);
#9807 = NEXT_ASSEMBLY_USAGE_OCCURRENCE ('#9807', '', '', #93, #9802, $);
#9808 = SECURITY_CLASSIFICATION_LEVEL ('unclassified');
#9809 = SECURITY_CLASSIFICATION ('', '', #9808);
#9810 = APPROVAL_STATUS ('approved');
#9811 = APPROVAL (#9810, '');
#9812 = CALENDAR_DATE (2026, 9, 7);
#9813 = COORDINATED_UNIVERSAL_TIME_OFFSET (0, $, .AHEAD.);
#9814 = LOCAL_TIME (18, 28, 49., #9813);
#9815 = DATE_AND_TIME (#9812, #9814);
#9816 = APPROVAL_DATE_TIME (#9815, #9811);
#9817 = APPROVAL_ROLE ('');
#9818 = PERSON ('#9818', '', $, $, $, $);
#9819 = ORGANIZATION ($, '', '');
#9820 = PERSON_AND_ORGANIZATION (#9818, #9819);
#9821 = APPROVAL_PERSON_ORGANIZATION (#9820, #9811, #9817);
#9822 = CC_DESIGN_APPROVAL (#9811, (#9809));
#9823 = DATE_TIME_ROLE ('classification_date');
#9824 = CALENDAR_DATE (2026, 9, 7);
#9825 = COORDINATED_UNIVERSAL_TIME_OFFSET (0, $, .AHEAD.);
#9826 = LOCAL_TIME (18, 28, 49., #9825);
#9827 = DATE_AND_TIME (#9824, #9826);
#9828 = CC_DESIGN_DATE_AND_TIME_ASSIGNMENT (#9827, #9823, (#9809));
#9829 = PERSON_AND_ORGANIZATION_ROLE ('classification_officer');
#9830 = PERSON ('#9830', '', $, $, $, $);
#9831 = ORGANIZATION ($, '', '');
#9832 = PERSON_AND_ORGANIZATION (#9830, #9831);
#9833 = CC_DESIGN_PERSON_AND_ORGANIZATION_ASSIGNMENT (#9832, #9829, (#9809));
#9834 = CC_DESIGN_SECURITY_CLASSIFICATION (#9809, (#9807));
#9835 = PRODUCT_DEFINITION_SHAPE ('', '', #9807);
#9836 = CARTESIAN_POINT ('', (0., 0., 0.));
#9837 = DIRECTION ('', (0., 0., 1.));
#9838 = DIRECTION ('', (1., 0., 0.));
#9839 = AXIS2_PLACEMENT_3D ('', #9836, #9837, #9838);
#9840 = CARTESIAN_POINT ('', (0., 0., 0.));
#9841 = DIRECTION ('', (0., 0., 1.));
#9842 = DIRECTION ('', (1., 0., 0.));
#9843 = AXIS2_PLACEMENT_3D ('', #9840, #9841, #9842);
#9844 = ITEM_DEFINED_TRANSFORMATION ('', '', #9839, #9843);
#9845 = (
   REPRESENTATION_RELATIONSHIP ('', '', #6, #9715)
   REPRESENTATION_RELATIONSHIP_WITH_TRANSFORMATION (#9844)
   SHAPE_REPRESENTATION_RELATIONSHIP ()
);
#9846 = CONTEXT_DEPENDENT_SHAPE_REPRESENTATION (#9845, #9835);
ENDSEC;
END-ISO-10303-21;
